loading_id,depot,product,customer,truck_id,volume_loaded_litres,meter_start,meter_end,loading_ts,meter_delta_litres,dispatch_id,volume_dispatched_litres,dispatch_ts,status,invoice_count,volume_invoiced_litres,invoiced_amount_kes,paid_amount_kes,collections_gap_kes,unit_price_kes,invoice_date,payment_lag_days,expected_revenue_kes,invoice_lag_days,dispatch_capture_gap_kes,shrinkage_litres,shrinkage_kes,billing_gap_kes,underbilling_litres,underbilling_kes,total_leakage_kes,collected_revenue_kes,late_invoice_flag,late_payment_flag,is_exception,leakage_category
LD000001,Mombasa,AGO,Aberdare Oil Traders,TRK-242,32700.0,1733739.2,1766441.6,2026-06-01 05:47:00,32702.40000000014,DS000001,32633.0,2026-06-01 08:36:00,Dispatched,1.0,32633.0,5026533.24,5026533.24,0.0,154.03,2026-06-01 08:36:00,14.0,5075040.0,0.0,0.0,0.0,0.0,0.0,0.0,0.0,0.0,5026533.24,False,False,False,none
LD000002,Mombasa,AGO,Lakeview Energy,TRK-617,27100.0,1399899.7,1427006.5,2026-06-01 06:01:00,27106.800000000047,DS000002,27107.0,2026-06-01 06:57:00,Cancelled,,,,,0.0,,,,4205920.0,,0.0,0.0,0.0,0.0,0.0,0.0,0.0,0.0,False,False,False,none
LD000003,Mombasa,AGO,Nyanza Petroleum Co,TRK-384,27300.0,2334834.4,2362136.4,2026-06-01 22:26:00,27302.0,DS000003,27328.0,2026-06-01 23:06:00,Dispatched,1.0,27328.0,4176933.52,4176933.52,0.0,152.84,2026-06-02 05:06:00,30.0,4236960.0,0.0,0.0,0.0,0.0,0.0,0.0,0.0,0.0,4176933.52,False,False,False,none
LD000004,Mombasa,AGO,Baraka Downstream,TRK-881,20900.0,3887995.1,3908890.5,2026-06-01 15:17:00,20895.399999999907,DS000004,20888.0,2026-06-01 17:48:00,Dispatched,1.0,20888.0,3271109.84,3271109.84,0.0,156.6,2026-06-01 18:48:00,7.0,3243679.9999999995,0.0,0.0,0.0,0.0,0.0,0.0,0.0,0.0,3271109.84,False,False,False,none
LD000005,Mombasa,PMS,Zenith Petroleum,TRK-926,35000.0,1003115.1,1038115.2,2026-06-01 08:22:00,35000.09999999998,DS000005,35142.0,2026-06-01 10:38:00,Dispatched,1.0,35142.0,5823850.74,5823850.74,0.0,165.72,2026-06-02 14:38:00,60.0,5792500.0,1.0,0.0,0.0,0.0,0.0,0.0,0.0,0.0,5823850.74,False,True,False,none
LD000006,Mombasa,AGO,Highland Energy Co,TRK-743,26400.0,1186662.7,1213060.6,2026-06-01 17:05:00,26397.90000000014,DS000006,26303.0,2026-06-01 19:29:00,Dispatched,1.0,26303.0,4160039.86,4160039.86,0.0,158.16,2026-06-03 00:29:00,3.0,4097279.9999999995,1.0,0.0,0.0,0.0,0.0,0.0,0.0,0.0,4160039.86,False,False,False,none
LD000007,Mombasa,AGO,Nyanza Petroleum Co,TRK-181,35600.0,1931085.4,1966686.5,2026-06-01 06:42:00,35601.10000000009,,,,,,,,,0.0,,,,5525120.0,,5525120.0,0.0,0.0,0.0,0.0,0.0,5525120.0,0.0,False,False,True,dispatch_capture_gap
LD000008,Mombasa,PMS,Zenith Petroleum,TRK-463,26100.0,4932923.5,4959019.7,2026-06-01 19:40:00,26096.200000000186,DS000007,26236.0,2026-06-01 21:38:00,Dispatched,1.0,26236.0,4286588.59,4286588.59,0.0,163.39,2026-06-01 22:38:00,3.0,4319550.0,0.0,0.0,0.0,0.0,0.0,0.0,0.0,0.0,4286588.59,False,False,False,none
LD000009,Mombasa,AGO,Tsavo Energy Group,TRK-350,27500.0,4439761.6,4467259.0,2026-06-01 07:38:00,27497.400000000373,DS000008,27555.0,2026-06-01 09:39:00,Dispatched,1.0,27555.0,4214332.19,4214332.19,0.0,152.94,2026-06-02 10:39:00,45.0,4268000.0,1.0,0.0,0.0,0.0,0.0,0.0,0.0,0.0,4214332.19,False,True,False,none
LD000010,Mombasa,PMS,Mara Fuels,TRK-894,20200.0,4768807.0,4789016.6,2026-06-01 22:14:00,20209.599999999627,DS000009,20185.0,2026-06-01 23:08:00,Dispatched,1.0,20185.0,3349672.07,0.0,3349672.07,165.95,2026-06-03 05:08:00,,3343100.0,1.0,0.0,0.0,0.0,0.0,0.0,0.0,3349672.07,0.0,False,False,True,collections_gap
LD000011,Mombasa,AGO,Aberdare Oil Traders,TRK-680,29000.0,2541666.0,2570669.9,2026-06-01 15:25:00,29003.899999999907,DS000010,28980.0,2026-06-01 18:13:00,Dispatched,1.0,28980.0,4566670.23,4566670.23,0.0,157.58,2026-06-08 18:13:00,60.0,4500800.0,7.0,0.0,0.0,0.0,0.0,0.0,0.0,0.0,4566670.23,True,True,False,none
LD000012,Mombasa,AGO,Kilele Fuels,TRK-242,29800.0,4332779.6,4362574.1,2026-06-01 17:56:00,29794.5,DS000011,29602.0,2026-06-01 20:51:00,Dispatched,1.0,29602.0,4523222.41,4523222.41,0.0,152.8,2026-06-09 02:51:00,3.0,4624960.0,7.0,0.0,0.0,0.0,0.0,0.0,0.0,0.0,4523222.41,True,False,False,none
LD000013,Nairobi,AGO,Pioneer Fuels Kenya,TRK-324,34500.0,2035119.9,2069613.6,2026-06-01 18:57:00,34493.700000000186,DS000012,34412.0,2026-06-01 21:42:00,Dispatched,1.0,34412.0,5261505.15,5261505.15,0.0,152.9,2026-06-05 00:42:00,1.0,5354400.0,3.0,0.0,0.0,0.0,0.0,0.0,0.0,0.0,5261505.15,False,False,False,none
LD000014,Nairobi,PMS,Horizon Oil Marketers,TRK-263,28300.0,3186841.1,3215146.6,2026-06-01 06:55:00,28305.5,DS000013,28270.0,2026-06-01 08:17:00,Dispatched,1.0,28270.0,4719872.06,4719872.06,0.0,166.96,2026-06-02 09:17:00,21.0,4683650.0,1.0,0.0,0.0,0.0,0.0,0.0,0.0,0.0,4719872.06,False,False,False,none
LD000015,Nairobi,PMS,Aberdare Oil Traders,TRK-981,23000.0,4878338.5,4901339.6,2026-06-01 19:33:00,23001.099999999627,DS000014,23012.0,2026-06-01 21:12:00,Dispatched,1.0,23012.0,3828695.26,3828695.26,0.0,166.38,2026-06-02 04:12:00,45.0,3806500.0,0.0,0.0,0.0,0.0,0.0,0.0,0.0,0.0,3828695.26,False,True,False,none
LD000016,Nairobi,AGO,Aberdare Oil Traders,TRK-448,34700.0,1353970.0,1388674.4,2026-06-01 22:48:00,34704.39999999991,DS000015,34831.0,2026-06-01 23:29:00,Dispatched,1.0,34831.0,5361068.95,5361068.95,0.0,153.92,2026-06-02 01:29:00,14.0,5385440.0,0.0,0.0,0.0,0.0,0.0,0.0,0.0,0.0,5361068.95,False,False,False,none
LD000017,Nairobi,PMS,Aberdare Oil Traders,TRK-880,23100.0,1180909.2,1204004.2,2026-06-01 19:00:00,23095.0,DS000016,23241.0,2026-06-01 21:53:00,Dispatched,1.0,23241.0,3795879.56,3795879.56,0.0,163.33,2026-06-05 00:53:00,14.0,3823050.0,3.0,0.0,0.0,0.0,0.0,0.0,0.0,0.0,3795879.56,False,False,False,none
LD000018,Nairobi,AGO,Amani Petroleum,TRK-256,24300.0,4314950.0,4339242.1,2026-06-01 14:53:00,24292.099999999627,DS000017,24320.0,2026-06-01 15:32:00,Dispatched,1.0,24320.0,3765960.62,3765960.62,0.0,154.85,2026-06-01 15:32:00,21.0,3771359.9999999995,0.0,0.0,0.0,0.0,0.0,0.0,0.0,0.0,3765960.62,False,False,False,none
LD000019,Nairobi,AGO,Rift Valley Fuels Ltd,TRK-600,25700.0,2123738.0,2149432.3,2026-06-01 21:58:00,25694.299999999814,DS000018,25716.0,2026-06-01 23:56:00,Dispatched,1.0,25716.0,3923541.09,3923541.09,0.0,152.57,2026-06-05 04:56:00,3.0,3988639.9999999995,3.0,0.0,0.0,0.0,0.0,0.0,0.0,0.0,3923541.09,False,False,False,none
LD000020,Nairobi,IK,Savannah Petroleum,TRK-680,32800.0,1298202.6,1331003.3,2026-06-01 14:15:00,32800.69999999995,DS000019,32752.0,2026-06-01 16:33:00,Dispatched,1.0,32752.0,4658603.18,4658603.18,0.0,142.24,2026-06-02 00:33:00,60.0,4592000.0,0.0,0.0,0.0,0.0,0.0,0.0,0.0,0.0,4658603.18,False,True,False,none
LD000021,Kisumu,AGO,Highland Energy Co,TRK-231,26800.0,2579526.1,2606329.3,2026-06-01 07:48:00,26803.19999999972,DS000020,26662.0,2026-06-01 08:20:00,Dispatched,1.0,26662.0,4106604.69,4106604.69,0.0,154.02,2026-06-01 09:20:00,7.0,4159359.9999999995,0.0,0.0,0.0,0.0,0.0,0.0,0.0,0.0,4106604.69,False,False,False,none
LD000022,Kisumu,IK,Amani Petroleum,TRK-533,32600.0,3423839.9,3456435.4,2026-06-01 10:16:00,32595.5,DS000021,32541.0,2026-06-01 10:53:00,Dispatched,1.0,32541.0,4563614.32,4563614.32,0.0,140.24,2026-06-03 10:53:00,14.0,4564000.0,2.0,0.0,0.0,0.0,0.0,0.0,0.0,0.0,4563614.32,False,False,False,none
LD000023,Kisumu,AGO,Zenith Petroleum,TRK-629,34800.0,3604308.1,3639103.6,2026-06-01 17:42:00,34795.5,DS000022,34779.0,2026-06-01 19:25:00,Dispatched,1.0,34779.0,5313841.13,5313841.13,0.0,152.79,2026-06-04 03:25:00,7.0,5400960.0,2.0,0.0,0.0,0.0,0.0,0.0,0.0,0.0,5313841.13,False,False,False,none
LD000024,Kisumu,PMS,Rift Valley Fuels Ltd,TRK-335,25900.0,3675365.0,3701264.4,2026-06-01 07:21:00,25899.399999999907,DS000023,25976.0,2026-06-01 09:14:00,Dispatched,1.0,25976.0,4373815.92,4373815.92,0.0,168.38,2026-06-04 16:14:00,7.0,4286450.0,3.0,0.0,0.0,0.0,0.0,0.0,0.0,0.0,4373815.92,False,False,False,none
LD000025,Kisumu,PMS,Lakeview Energy,TRK-980,30700.0,3365191.2,3395893.5,2026-06-01 06:14:00,30702.299999999814,DS000024,29311.0,2026-06-01 08:04:00,Dispatched,1.0,29311.0,4760524.25,4760524.25,0.0,162.41,2026-06-01 12:04:00,21.0,5080850.0,0.0,0.0,1389.0,229879.5,0.0,0.0,0.0,229879.5,4760524.25,False,False,True,shrinkage
LD000026,Kisumu,AGO,Delta Oil Marketers,TRK-235,26100.0,4886848.4,4912940.0,2026-06-01 13:42:00,26091.599999999627,DS000025,26141.0,2026-06-01 15:41:00,Dispatched,1.0,26141.0,4054202.93,4054202.93,0.0,155.09,2026-06-11 21:41:00,60.0,4050719.9999999995,10.0,0.0,0.0,0.0,0.0,0.0,0.0,0.0,4054202.93,True,True,False,none
LD000027,Kisumu,PMS,Uhuru Energy Partners,TRK-199,33600.0,3886918.1,3920514.2,2026-06-01 20:51:00,33596.10000000009,,,,,,,,,0.0,,,,5560800.0,,5560800.0,0.0,0.0,0.0,0.0,0.0,5560800.0,0.0,False,False,True,dispatch_capture_gap
LD000028,Kisumu,PMS,Savannah Petroleum,TRK-761,20600.0,3842651.6,3863247.4,2026-06-01 18:29:00,20595.799999999814,DS000026,20561.0,2026-06-01 19:31:00,Dispatched,,,,,0.0,,,,3409300.0,,0.0,0.0,0.0,3402845.5,0.0,0.0,3402845.5,0.0,False,False,True,billing_gap
LD000029,Kisumu,PMS,Horizon Oil Marketers,TRK-294,21800.0,2757346.0,2779146.8,2026-06-01 15:51:00,21800.799999999814,DS000027,21929.0,2026-06-01 18:21:00,Dispatched,,,,,0.0,,,,3607900.0,,0.0,0.0,0.0,3629249.5,0.0,0.0,3629249.5,0.0,False,False,True,billing_gap
LD000030,Kisumu,PMS,Kilele Fuels,TRK-177,27600.0,3253102.3,3280701.7,2026-06-01 10:17:00,27599.400000000373,DS000028,27455.0,2026-06-01 12:45:00,Dispatched,1.0,27455.0,4564868.43,4564868.43,0.0,166.27,2026-06-02 15:45:00,14.0,4567800.0,1.0,0.0,0.0,0.0,0.0,0.0,0.0,0.0,4564868.43,False,False,False,none
LD000031,Kisumu,PMS,Rift Valley Fuels Ltd,TRK-871,31100.0,1557325.8,1588430.2,2026-06-01 22:53:00,31104.399999999907,DS000029,30894.0,2026-06-02 01:42:00,Dispatched,1.0,30894.0,5176764.24,5176764.24,0.0,167.57,2026-06-04 08:42:00,21.0,5147050.0,2.0,0.0,0.0,0.0,0.0,0.0,0.0,0.0,5176764.24,False,False,False,none
LD000032,Kisumu,PMS,Summit Downstream Ltd,TRK-268,23200.0,4771414.3,4794625.7,2026-06-01 20:13:00,23211.400000000373,DS000030,23261.0,2026-06-01 22:05:00,Dispatched,1.0,23261.0,3809140.77,3809140.77,0.0,163.76,2026-06-02 03:05:00,1.0,3839600.0,0.0,0.0,0.0,0.0,0.0,0.0,0.0,0.0,3809140.77,False,False,False,none
LD000033,Eldoret,IK,Kilele Fuels,TRK-813,24600.0,1644885.1,1669489.7,2026-06-01 13:59:00,24604.59999999986,DS000031,24527.0,2026-06-01 15:57:00,Dispatched,1.0,24527.0,3477666.13,3477666.13,0.0,141.79,2026-06-04 16:57:00,30.0,3444000.0,3.0,0.0,0.0,0.0,0.0,0.0,0.0,0.0,3477666.13,False,False,False,none
LD000034,Eldoret,PMS,Savannah Petroleum,TRK-655,32900.0,1746280.2,1779181.8,2026-06-01 14:13:00,32901.60000000009,DS000032,32805.0,2026-06-01 16:51:00,Dispatched,1.0,32805.0,5536660.87,5536660.87,0.0,168.77,2026-06-02 23:51:00,3.0,5444950.0,1.0,0.0,0.0,0.0,0.0,0.0,0.0,0.0,5536660.87,False,False,False,none
LD000035,Eldoret,PMS,Amani Petroleum,TRK-620,34300.0,3157369.0,3191665.5,2026-06-01 20:32:00,34296.5,DS000033,34401.0,2026-06-01 21:16:00,Dispatched,1.0,34401.0,5628651.69,5628651.69,0.0,163.62,2026-06-04 04:16:00,1.0,5676650.0,2.0,0.0,0.0,0.0,0.0,0.0,0.0,0.0,5628651.69,False,False,False,none
LD000036,Eldoret,PMS,Nyanza Petroleum Co,TRK-683,23600.0,2708431.2,2732029.6,2026-06-01 07:43:00,23598.399999999907,DS000034,23565.0,2026-06-01 08:36:00,Dispatched,1.0,23565.0,3886705.77,3886705.77,0.0,164.94,2026-06-03 15:36:00,1.0,3905800.0,2.0,0.0,0.0,0.0,0.0,0.0,0.0,0.0,3886705.77,False,False,False,none
LD000037,Eldoret,AGO,Pioneer Fuels Kenya,TRK-423,33100.0,4442922.3,4476022.3,2026-06-01 18:42:00,33100.0,DS000035,33190.0,2026-06-01 20:45:00,Dispatched,1.0,33190.0,5114293.01,5114293.01,0.0,154.09,2026-06-01 21:45:00,14.0,5137120.0,0.0,0.0,0.0,0.0,0.0,0.0,0.0,0.0,5114293.01,False,False,False,none
LD000038,Eldoret,AGO,Aberdare Oil Traders,TRK-787,26700.0,1888431.2,1915130.0,2026-06-01 15:15:00,26698.800000000047,DS000036,26651.0,2026-06-01 18:00:00,Dispatched,1.0,26651.0,4212376.04,4212376.04,0.0,158.06,2026-06-03 19:00:00,60.0,4143839.9999999995,2.0,0.0,0.0,0.0,0.0,0.0,0.0,0.0,4212376.04,False,True,False,none
LD000039,Eldoret,AGO,Kilele Fuels,TRK-676,21900.0,2350460.7,2372359.9,2026-06-01 07:00:00,21899.19999999972,DS000037,21924.0,2026-06-01 09:28:00,Dispatched,1.0,21924.0,3368104.61,3368104.61,0.0,153.63,2026-06-01 09:28:00,14.0,3398879.9999999995,0.0,0.0,0.0,0.0,0.0,0.0,0.0,0.0,3368104.61,False,False,False,none
LD000040,Eldoret,AGO,Baraka Downstream,TRK-170,28300.0,3812075.8,3840377.8,2026-06-01 21:16:00,28302.0,DS000038,28257.0,2026-06-01 23:00:00,Dispatched,1.0,28257.0,4440161.82,4440161.82,0.0,157.13,2026-06-03 00:00:00,3.0,4392160.0,1.0,0.0,0.0,0.0,0.0,0.0,0.0,0.0,4440161.82,False,False,False,none
LD000041,Eldoret,PMS,Highland Energy Co,TRK-726,25800.0,4887128.3,4912918.7,2026-06-01 19:53:00,25790.400000000373,DS000039,25729.0,2026-06-01 22:28:00,Dispatched,1.0,25729.0,4268362.06,4268362.06,0.0,165.9,2026-06-03 23:28:00,3.0,4269900.0,2.0,0.0,0.0,0.0,0.0,0.0,0.0,0.0,4268362.06,False,False,False,none
LD000042,Eldoret,AGO,Horizon Oil Marketers,TRK-237,24600.0,1147547.8,1172147.7,2026-06-01 22:19:00,24599.899999999907,DS000040,24728.0,2026-06-01 23:44:00,Dispatched,1.0,24728.0,3798194.84,3798194.84,0.0,153.6,2026-06-03 03:44:00,7.0,3817919.9999999995,1.0,0.0,0.0,0.0,0.0,0.0,0.0,0.0,3798194.84,False,False,False,none
LD000043,Eldoret,AGO,Aberdare Oil Traders,TRK-315,29800.0,3010716.1,3040515.1,2026-06-01 22:09:00,29799.0,DS000041,29900.0,2026-06-01 23:40:00,Dispatched,1.0,29900.0,4595071.16,4595071.16,0.0,153.68,2026-06-02 04:40:00,1.0,4624960.0,0.0,0.0,0.0,0.0,0.0,0.0,0.0,0.0,4595071.16,False,False,False,none
LD000044,Eldoret,PMS,Delta Oil Marketers,TRK-966,22300.0,2957811.0,2980112.5,2026-06-01 13:32:00,22301.5,DS000042,22251.0,2026-06-01 14:11:00,Dispatched,1.0,22251.0,3625469.15,3625469.15,0.0,162.94,2026-06-04 14:11:00,7.0,3690650.0,3.0,0.0,0.0,0.0,0.0,0.0,0.0,0.0,3625469.15,False,False,False,none
LD000045,Nakuru,AGO,Rift Valley Fuels Ltd,TRK-233,23900.0,3688542.2,3712438.3,2026-06-01 13:02:00,23896.099999999627,DS000043,23887.0,2026-06-01 15:54:00,Dispatched,1.0,23887.0,3671714.68,3671714.68,0.0,153.71,2026-06-02 23:54:00,14.0,3709279.9999999995,1.0,0.0,0.0,0.0,0.0,0.0,0.0,0.0,3671714.68,False,False,False,none
LD000046,Nakuru,PMS,Uhuru Energy Partners,TRK-214,31700.0,2471132.5,2502836.4,2026-06-01 19:35:00,31703.899999999907,DS000044,30157.0,2026-06-01 20:55:00,Dispatched,1.0,30157.0,4950938.4,4950938.4,0.0,164.17,2026-06-03 01:55:00,60.0,5246350.0,1.0,0.0,1543.0,255366.5,0.0,0.0,0.0,255366.5,4950938.4,False,True,True,shrinkage
LD000047,Nakuru,AGO,Highland Energy Co,TRK-230,30100.0,3534118.8,3564214.4,2026-06-01 16:37:00,30095.600000000093,DS000045,30200.0,2026-06-01 17:23:00,Dispatched,1.0,30200.0,4642118.1,4642118.1,0.0,153.71,2026-06-02 01:23:00,7.0,4671520.0,0.0,0.0,0.0,0.0,0.0,0.0,0.0,0.0,4642118.1,False,False,False,none
LD000048,Nakuru,PMS,Zenith Petroleum,TRK-355,33400.0,2283120.3,2316520.7,2026-06-01 06:57:00,33400.40000000037,DS000046,33522.0,2026-06-01 08:21:00,Dispatched,1.0,33522.0,5518091.25,5518091.25,0.0,164.61,2026-06-03 10:21:00,3.0,5527700.0,2.0,0.0,0.0,0.0,0.0,0.0,0.0,0.0,5518091.25,False,False,False,none
LD000049,Nakuru,PMS,Uhuru Energy Partners,TRK-867,23000.0,1163100.6,1186109.1,2026-06-01 22:56:00,23008.5,DS000047,22970.0,2026-06-02 01:37:00,Dispatched,1.0,22970.0,3794854.93,3794854.93,0.0,165.209182847192,2026-06-04 03:37:00,30.0,3806500.0,2.0,0.0,0.0,0.0,0.0,0.0,0.0,0.0,3794854.93,False,False,False,none
LD000050,Nakuru,AGO,Uhuru Energy Partners,TRK-854,20300.0,3048372.2,3068676.6,2026-06-01 10:56:00,20304.399999999907,DS000048,20317.0,2026-06-01 13:28:00,Dispatched,1.0,20317.0,3158658.16,3158658.16,0.0,155.47,2026-06-02 14:28:00,21.0,3150560.0,1.0,0.0,0.0,0.0,0.0,0.0,0.0,0.0,3158658.16,False,False,False,none
LD000051,Nakuru,AGO,Tsavo Energy Group,TRK-210,23600.0,3580691.2,3604293.9,2026-06-01 12:17:00,23602.69999999972,DS000049,23610.0,2026-06-01 14:49:00,Dispatched,1.0,23610.0,3644787.23,3644787.23,0.0,154.37,2026-06-08 14:49:00,30.0,3662719.9999999995,7.0,0.0,0.0,0.0,0.0,0.0,0.0,0.0,3644787.23,True,False,False,none
LD000052,Nakuru,AGO,Kilele Fuels,TRK-940,26200.0,4746920.0,4773115.4,2026-06-01 12:12:00,26195.400000000373,DS000050,25978.0,2026-06-01 14:23:00,Dispatched,1.0,25978.0,4098195.87,4098195.87,0.0,157.76,2026-06-01 22:23:00,3.0,4066239.9999999995,0.0,0.0,0.0,0.0,0.0,0.0,0.0,0.0,4098195.87,False,False,False,none
LD000053,Nakuru,PMS,Mara Fuels,TRK-171,22200.0,2364265.4,2386463.6,2026-06-01 11:25:00,22198.200000000186,DS000051,22107.0,2026-06-01 13:36:00,Dispatched,1.0,22107.0,3707650.73,3707650.73,0.0,167.71,2026-06-01 19:36:00,7.0,3674100.0,0.0,0.0,0.0,0.0,0.0,0.0,0.0,0.0,3707650.73,False,False,False,none
LD000054,Nakuru,AGO,Highland Energy Co,TRK-128,30600.0,4268888.8,4299491.6,2026-06-01 17:43:00,30602.799999999814,DS000052,30686.0,2026-06-01 20:03:00,Dispatched,1.0,30686.0,4792703.98,4792703.98,0.0,156.19,2026-06-02 04:03:00,60.0,4749120.0,0.0,0.0,0.0,0.0,0.0,0.0,0.0,0.0,4792703.98,False,True,False,none
LD000055,Nakuru,PMS,Horizon Oil Marketers,TRK-453,28900.0,3118602.3,3147500.7,2026-06-01 13:02:00,28898.400000000373,DS000053,28828.0,2026-06-01 15:59:00,Dispatched,1.0,28828.0,4851776.27,4851776.27,0.0,168.3,2026-06-01 15:59:00,3.0,4782950.0,0.0,0.0,0.0,0.0,0.0,0.0,0.0,0.0,4851776.27,False,False,False,none
LD000056,Kisii,PMS,Summit Downstream Ltd,TRK-294,34400.0,3532405.8,3566804.8,2026-06-01 21:07:00,34399.0,DS000054,34455.0,2026-06-01 23:53:00,Dispatched,1.0,34455.0,5663361.21,5663361.21,0.0,164.37,2026-06-03 02:53:00,14.0,5693200.0,1.0,0.0,0.0,0.0,0.0,0.0,0.0,0.0,5663361.21,False,False,False,none
LD000057,Kisii,AGO,Highland Energy Co,TRK-859,25400.0,2396838.3,2422240.9,2026-06-01 05:33:00,25402.600000000093,DS000055,25420.0,2026-06-01 08:19:00,Dispatched,1.0,25420.0,3924857.19,3924857.19,0.0,154.4,2026-06-01 16:19:00,3.0,3942079.9999999995,0.0,0.0,0.0,0.0,0.0,0.0,0.0,0.0,3924857.19,False,False,False,none
LD000058,Kisii,PMS,Mara Fuels,TRK-779,34200.0,4119502.2,4153703.7,2026-06-01 07:42:00,34201.5,DS000056,34325.0,2026-06-01 08:33:00,Dispatched,1.0,34325.0,5654644.72,5654644.72,0.0,164.74,2026-06-03 08:33:00,7.0,5660100.0,2.0,0.0,0.0,0.0,0.0,0.0,0.0,0.0,5654644.72,False,False,False,none
LD000059,Kisii,AGO,Summit Downstream Ltd,TRK-667,30300.0,1336559.9,1366861.4,2026-06-01 18:20:00,30301.5,DS000057,30176.0,2026-06-01 19:33:00,Dispatched,1.0,30176.0,4697816.51,4697816.51,0.0,155.68,2026-06-02 02:33:00,30.0,4702560.0,0.0,0.0,0.0,0.0,0.0,0.0,0.0,0.0,4697816.51,False,False,False,none
LD000060,Kisii,PMS,Tsavo Energy Group,TRK-408,20100.0,1643232.2,1663328.6,2026-06-01 17:43:00,20096.40000000014,DS000058,20124.0,2026-06-01 20:10:00,Dispatched,1.0,20124.0,3286000.41,3286000.41,0.0,163.29,2026-06-01 22:10:00,7.0,3326550.0,0.0,0.0,0.0,0.0,0.0,0.0,0.0,0.0,3286000.41,False,False,False,none
LD000061,Kisii,PMS,Pioneer Fuels Kenya,TRK-429,28800.0,3767580.8,3796374.8,2026-06-01 11:27:00,28794.0,DS000059,28794.0,2026-06-01 14:02:00,Dispatched,1.0,28794.0,4804952.63,4804952.63,0.0,166.87,2026-06-01 17:02:00,30.0,4766400.0,0.0,0.0,0.0,0.0,0.0,0.0,0.0,0.0,4804952.63,False,False,False,none
LD000062,Kisii,PMS,Delta Oil Marketers,TRK-915,31400.0,1948996.3,1980399.6,2026-06-01 11:32:00,31403.300000000047,DS000060,31326.0,2026-06-01 12:34:00,Dispatched,1.0,31326.0,5129102.55,5129102.55,0.0,163.73,2026-06-08 16:34:00,7.0,5196700.0,7.0,0.0,0.0,0.0,0.0,0.0,0.0,0.0,5129102.55,True,False,False,none
LD000063,Kisii,AGO,Crescent Oil Ltd,TRK-938,25200.0,3985965.6,4011170.4,2026-06-01 14:32:00,25204.799999999814,DS000061,25140.0,2026-06-01 15:20:00,Dispatched,1.0,25140.0,3837366.14,3837366.14,0.0,152.64,2026-06-03 22:20:00,60.0,3911039.9999999995,2.0,0.0,0.0,0.0,0.0,0.0,0.0,0.0,3837366.14,False,True,False,none
LD000064,Kisii,PMS,Rift Valley Fuels Ltd,TRK-586,30500.0,3273234.4,3303736.5,2026-06-01 11:09:00,30502.100000000093,DS000062,30521.0,2026-06-01 12:55:00,Dispatched,1.0,30521.0,5052576.83,5052576.83,0.0,165.54,2026-06-01 19:55:00,7.0,5047750.0,0.0,0.0,0.0,0.0,0.0,0.0,0.0,0.0,5052576.83,False,False,False,none
LD000065,Kisii,AGO,Summit Downstream Ltd,TRK-349,21500.0,2470863.2,2492358.8,2026-06-01 11:45:00,21495.599999999627,DS000063,21541.0,2026-06-01 14:13:00,Dispatched,1.0,21541.0,3347118.62,3347118.62,0.0,155.38,2026-06-01 14:13:00,1.0,3336799.9999999995,0.0,0.0,0.0,0.0,0.0,0.0,0.0,0.0,3347118.62,False,False,False,none
LD000066,Mombasa,AGO,Uhuru Energy Partners,TRK-923,35700.0,2946968.6,2982664.5,2026-06-02 08:49:00,35695.89999999991,DS000064,35707.0,2026-06-02 10:26:00,Dispatched,1.0,35707.0,5640244.54,5640244.54,0.0,157.96,2026-06-05 11:26:00,7.0,5540640.0,3.0,0.0,0.0,0.0,0.0,0.0,0.0,0.0,5640244.54,False,False,False,none
LD000067,Mombasa,AGO,Baraka Downstream,TRK-783,34500.0,2737577.5,2772084.0,2026-06-02 08:29:00,34506.5,DS000065,34510.0,2026-06-02 09:51:00,Dispatched,1.0,34510.0,5307072.71,5307072.71,0.0,153.78,2026-06-02 10:51:00,21.0,5354400.0,0.0,0.0,0.0,0.0,0.0,0.0,0.0,0.0,5307072.71,False,False,False,none
LD000068,Mombasa,AGO,Highland Energy Co,TRK-262,30700.0,4456670.3,4487363.6,2026-06-02 21:27:00,30693.299999999814,DS000066,30654.0,2026-06-02 23:37:00,Dispatched,,,,,0.0,,,,4764640.0,,0.0,0.0,0.0,4757500.8,0.0,0.0,4757500.8,0.0,False,False,True,billing_gap
LD000069,Mombasa,PMS,Aberdare Oil Traders,TRK-633,23700.0,2996773.5,3020480.9,2026-06-02 12:53:00,23707.399999999907,DS000067,23669.0,2026-06-02 13:30:00,Dispatched,1.0,23669.0,3881246.64,3881246.64,0.0,163.98,2026-06-09 19:30:00,30.0,3922350.0,7.0,0.0,0.0,0.0,0.0,0.0,0.0,0.0,3881246.64,True,False,False,none
LD000070,Mombasa,PMS,Coastline Energy Ltd,TRK-443,20700.0,4978202.0,4998904.0,2026-06-02 07:45:00,20702.0,DS000068,20651.0,2026-06-02 08:44:00,Dispatched,1.0,20651.0,3384035.25,3384035.25,0.0,163.87,2026-06-03 12:44:00,7.0,3425850.0,1.0,0.0,0.0,0.0,0.0,0.0,0.0,0.0,3384035.25,False,False,False,none
LD000071,Mombasa,PMS,Baraka Downstream,TRK-165,27500.0,2118241.4,2145743.0,2026-06-02 12:24:00,27501.600000000093,DS000069,27457.0,2026-06-02 13:14:00,Dispatched,1.0,27457.0,4488018.72,4488018.72,0.0,163.46,2026-06-02 18:14:00,14.0,4551250.0,0.0,0.0,0.0,0.0,0.0,0.0,0.0,0.0,4488018.72,False,False,False,none
LD000072,Mombasa,PMS,Savannah Petroleum,TRK-530,35200.0,2323001.2,2358203.7,2026-06-02 19:26:00,35202.5,DS000070,35263.0,2026-06-02 20:01:00,Dispatched,1.0,35263.0,5925352.43,5925352.43,0.0,168.03,2026-06-06 02:01:00,30.0,5825600.0,3.0,0.0,0.0,0.0,0.0,0.0,0.0,0.0,5925352.43,False,False,False,none
LD000073,Mombasa,AGO,Rift Valley Fuels Ltd,TRK-405,28800.0,3289169.9,3317965.2,2026-06-02 17:30:00,28795.30000000028,DS000071,28861.0,2026-06-02 19:53:00,Dispatched,1.0,28861.0,4537204.49,4537204.49,0.0,157.21,2026-06-02 20:53:00,30.0,4469760.0,0.0,0.0,0.0,0.0,0.0,0.0,0.0,0.0,4537204.49,False,False,False,none
LD000074,Mombasa,AGO,Crescent Oil Ltd,TRK-599,24300.0,2941119.5,2965416.5,2026-06-02 22:51:00,24297.0,DS000072,24207.0,2026-06-03 01:09:00,Dispatched,1.0,24207.0,3696668.22,3696668.22,0.0,152.71,2026-06-03 06:09:00,14.0,3771359.9999999995,0.0,0.0,0.0,0.0,0.0,0.0,0.0,0.0,3696668.22,False,False,False,none
LD000075,Mombasa,PMS,Mara Fuels,TRK-917,26000.0,2578765.9,2604760.2,2026-06-02 05:24:00,25994.30000000028,DS000073,25930.0,2026-06-02 07:29:00,Dispatched,1.0,25930.0,4307970.64,4307970.64,0.0,166.14,2026-06-04 11:29:00,30.0,4303000.0,2.0,0.0,0.0,0.0,0.0,0.0,0.0,0.0,4307970.64,False,False,False,none
LD000076,Mombasa,AGO,Highland Energy Co,TRK-503,24100.0,2181162.4,2205269.3,2026-06-02 09:39:00,24106.899999999907,DS000074,24049.0,2026-06-02 12:26:00,Dispatched,1.0,24049.0,3695528.6,3695528.6,0.0,153.67,2026-06-02 15:26:00,14.0,3740319.9999999995,0.0,0.0,0.0,0.0,0.0,0.0,0.0,0.0,3695528.6,False,False,False,none
LD000077,Nairobi,AGO,Kilele Fuels,TRK-366,31900.0,3788063.0,3819958.2,2026-06-02 09:55:00,31895.200000000186,DS000075,31894.0,2026-06-02 10:28:00,Dispatched,1.0,31894.0,5021723.26,5021723.26,0.0,157.45,2026-06-09 18:28:00,1.0,4950880.0,7.0,0.0,0.0,0.0,0.0,0.0,0.0,0.0,5021723.26,True,False,False,none
LD000078,Nairobi,PMS,Summit Downstream Ltd,TRK-951,24700.0,4237444.6,4262151.5,2026-06-02 15:21:00,24706.900000000373,DS000076,24575.0,2026-06-02 17:32:00,Dispatched,1.0,24575.0,4006646.0,4006646.0,0.0,163.04,2026-06-05 01:32:00,1.0,4087850.0,2.0,0.0,0.0,0.0,0.0,0.0,0.0,0.0,4006646.0,False,False,False,none
LD000079,Nairobi,AGO,Highland Energy Co,TRK-458,33000.0,4468289.3,4501289.4,2026-06-02 20:01:00,33000.10000000056,DS000077,32913.0,2026-06-02 23:00:00,Dispatched,1.0,32913.0,5049771.34,5049771.34,0.0,153.43,2026-06-05 03:00:00,60.0,5121600.0,2.0,0.0,0.0,0.0,0.0,0.0,0.0,0.0,5049771.34,False,True,False,none
LD000080,Nairobi,AGO,Rift Valley Fuels Ltd,TRK-304,28000.0,4193180.7,4221185.1,2026-06-02 06:48:00,28004.39999999944,DS000078,27884.0,2026-06-02 09:19:00,Dispatched,1.0,27884.0,4250061.7,4250061.7,0.0,152.42,2026-06-09 13:19:00,1.0,4345600.0,7.0,0.0,0.0,0.0,0.0,0.0,0.0,0.0,4250061.7,True,False,False,none
LD000081,Nairobi,PMS,Horizon Oil Marketers,TRK-323,30400.0,3807867.5,3838268.7,2026-06-02 20:42:00,30401.200000000186,DS000079,30437.0,2026-06-02 22:14:00,Dispatched,1.0,30437.0,5022946.54,5022946.54,0.0,165.02764858560306,2026-06-02 22:14:00,7.0,5031200.0,0.0,0.0,0.0,0.0,0.0,0.0,0.0,0.0,5022946.54,False,False,False,none
LD000082,Nairobi,AGO,Crescent Oil Ltd,TRK-835,25400.0,2502331.8,2527732.7,2026-06-02 10:38:00,25400.900000000373,DS000080,25398.0,2026-06-02 12:31:00,Dispatched,1.0,25398.0,3983745.16,3983745.16,0.0,156.85,2026-06-04 14:31:00,45.0,3942079.9999999995,2.0,0.0,0.0,0.0,0.0,0.0,0.0,0.0,3983745.16,False,True,False,none
LD000083,Nairobi,IK,Rift Valley Fuels Ltd,TRK-689,21500.0,3313120.6,3334620.4,2026-06-02 08:37:00,21499.799999999814,DS000081,21470.0,2026-06-02 10:30:00,Dispatched,1.0,21470.0,3013682.45,3013682.45,0.0,140.37,2026-06-02 13:30:00,3.0,3010000.0,0.0,0.0,0.0,0.0,0.0,0.0,0.0,0.0,3013682.45,False,False,False,none
LD000084,Nairobi,IK,Pioneer Fuels Kenya,TRK-742,28700.0,2146165.0,2174862.3,2026-06-02 11:04:00,28697.299999999814,DS000082,28608.0,2026-06-02 12:26:00,Dispatched,1.0,28608.0,3927933.26,3927933.26,0.0,137.3,2026-06-04 13:26:00,30.0,4018000.0,2.0,0.0,0.0,0.0,0.0,0.0,0.0,0.0,3927933.26,False,False,False,none
LD000085,Nairobi,AGO,Crescent Oil Ltd,TRK-915,29500.0,1122001.0,1151496.5,2026-06-02 14:54:00,29495.5,DS000083,29460.0,2026-06-02 17:06:00,Dispatched,1.0,29460.0,4653923.78,4653923.78,0.0,157.97,2026-06-04 21:06:00,30.0,4578400.0,2.0,0.0,0.0,0.0,0.0,0.0,0.0,0.0,4653923.78,False,False,False,none
LD000086,Nairobi,AGO,Amani Petroleum,TRK-112,28400.0,4079974.2,4108372.5,2026-06-02 16:04:00,28398.299999999814,DS000084,28352.0,2026-06-02 18:44:00,Dispatched,1.0,28352.0,4320248.47,4320248.47,0.0,152.38,2026-06-02 18:44:00,60.0,4407680.0,0.0,0.0,0.0,0.0,0.0,0.0,0.0,0.0,4320248.47,False,True,False,none
LD000087,Nairobi,PMS,Kilele Fuels,TRK-545,23500.0,3491561.9,3515073.8,2026-06-02 16:40:00,23511.899999999907,DS000085,23615.0,2026-06-02 18:11:00,Dispatched,1.0,23615.0,3843837.98,3843837.98,0.0,162.77,2026-06-02 22:11:00,3.0,3889250.0,0.0,0.0,0.0,0.0,0.0,0.0,0.0,0.0,3843837.98,False,False,False,none
LD000088,Nairobi,AGO,Delta Oil Marketers,TRK-945,30200.0,3904365.3,3934574.5,2026-06-02 22:49:00,30209.200000000186,DS000086,30290.0,2026-06-03 01:38:00,Dispatched,1.0,30290.0,4744014.83,4744014.83,0.0,156.62,2026-06-04 02:38:00,3.0,4687040.0,1.0,0.0,0.0,0.0,0.0,0.0,0.0,0.0,4744014.83,False,False,False,none
LD000089,Nairobi,AGO,Kilele Fuels,TRK-575,35600.0,3065201.4,3100806.6,2026-06-02 07:17:00,35605.200000000186,DS000087,35526.0,2026-06-02 09:01:00,Dispatched,1.0,35526.0,5446684.65,5446684.65,0.0,153.32,2026-06-03 14:01:00,45.0,5525120.0,1.0,0.0,0.0,0.0,0.0,0.0,0.0,0.0,5446684.65,False,True,False,none
LD000090,Nairobi,PMS,Delta Oil Marketers,TRK-916,24300.0,2755885.7,2780182.6,2026-06-02 15:11:00,24296.899999999907,DS000088,24312.0,2026-06-02 17:17:00,Dispatched,1.0,24312.0,4053387.49,4053387.49,0.0,166.72,2026-06-04 01:17:00,3.0,4021650.0,1.0,0.0,0.0,0.0,0.0,0.0,0.0,0.0,4053387.49,False,False,False,none
LD000091,Nairobi,PMS,Rift Valley Fuels Ltd,TRK-295,21300.0,1101403.0,1122699.1,2026-06-02 13:35:00,21296.100000000093,DS000089,21360.0,2026-06-02 14:34:00,Dispatched,1.0,21360.0,3485135.95,3485135.95,0.0,163.16,2026-06-09 16:34:00,7.0,3525150.0,7.0,0.0,0.0,0.0,0.0,0.0,0.0,0.0,3485135.95,True,False,False,none
LD000092,Kisumu,AGO,Nyanza Petroleum Co,TRK-761,34600.0,2769408.9,2804017.2,2026-06-02 20:35:00,34608.30000000028,DS000090,34528.0,2026-06-02 21:15:00,Dispatched,1.0,34528.0,5446934.95,5446934.95,0.0,157.75,2026-06-04 03:15:00,21.0,5369920.0,1.0,0.0,0.0,0.0,0.0,0.0,0.0,0.0,5446934.95,False,False,False,none
LD000093,Kisumu,PMS,Coastline Energy Ltd,TRK-808,23800.0,1375493.2,1399294.6,2026-06-02 05:05:00,23801.40000000014,DS000091,23699.0,2026-06-02 06:21:00,Dispatched,1.0,23699.0,3900502.61,3900502.61,0.0,164.59,2026-06-03 13:21:00,3.0,3938900.0,1.0,0.0,0.0,0.0,0.0,0.0,0.0,0.0,3900502.61,False,False,False,none
LD000094,Kisumu,AGO,Highland Energy Co,TRK-535,30500.0,2742691.6,2773202.8,2026-06-02 16:30:00,30511.19999999972,DS000092,30336.0,2026-06-02 18:36:00,Dispatched,1.0,30336.0,4777222.67,4777222.67,0.0,157.48,2026-06-02 22:36:00,45.0,4733600.0,0.0,0.0,0.0,0.0,0.0,0.0,0.0,0.0,4777222.67,False,True,False,none
LD000095,Kisumu,PMS,Coastline Energy Ltd,TRK-223,31700.0,1190864.5,1222558.6,2026-06-02 19:17:00,31694.100000000093,DS000093,31821.0,2026-06-02 22:00:00,Dispatched,1.0,31821.0,5355879.12,5355879.12,0.0,168.31,2026-06-03 00:00:00,14.0,5246350.0,0.0,0.0,0.0,0.0,0.0,0.0,0.0,0.0,5355879.12,False,False,False,none
LD000096,Kisumu,PMS,Tsavo Energy Group,TRK-856,21900.0,2367518.7,2389419.8,2026-06-02 22:48:00,21901.099999999627,DS000094,21887.0,2026-06-03 01:03:00,Dispatched,1.0,21887.0,3604424.61,3604424.61,0.0,164.68,2026-06-05 04:03:00,1.0,3624450.0,2.0,0.0,0.0,0.0,0.0,0.0,0.0,0.0,3604424.61,False,False,False,none
LD000097,Kisumu,AGO,Coastline Energy Ltd,TRK-952,21500.0,1376628.0,1398131.5,2026-06-02 21:38:00,21503.5,DS000095,21519.0,2026-06-02 23:30:00,Dispatched,1.0,21519.0,3276584.0,3276584.0,0.0,152.26,2026-06-04 03:30:00,1.0,3336799.9999999995,1.0,0.0,0.0,0.0,0.0,0.0,0.0,0.0,3276584.0,False,False,False,none
LD000098,Kisumu,PMS,Rift Valley Fuels Ltd,TRK-229,25500.0,2858695.3,2884198.3,2026-06-02 10:19:00,25503.0,DS000096,25456.0,2026-06-02 11:56:00,Dispatched,1.0,25456.0,4248402.91,4248402.91,0.0,166.89,2026-06-02 16:56:00,3.0,4220250.0,0.0,0.0,0.0,0.0,0.0,0.0,0.0,0.0,4248402.91,False,False,False,none
LD000099,Kisumu,IK,Baraka Downstream,TRK-870,30400.0,1192235.7,1222635.7,2026-06-02 22:18:00,30400.0,DS000097,30284.0,2026-06-03 01:11:00,Dispatched,1.0,30284.0,4214892.87,4214892.87,0.0,139.18,2026-06-04 02:11:00,3.0,4256000.0,1.0,0.0,0.0,0.0,0.0,0.0,0.0,0.0,4214892.87,False,False,False,none
LD000100,Kisumu,AGO,Delta Oil Marketers,TRK-288,28600.0,3735855.1,3764458.9,2026-06-02 14:30:00,28603.799999999814,,,,,,,,,0.0,,,,4438720.0,,4438720.0,0.0,0.0,0.0,0.0,0.0,4438720.0,0.0,False,False,True,dispatch_capture_gap
LD000101,Kisumu,IK,Lakeview Energy,TRK-175,29900.0,4775566.4,4805472.3,2026-06-02 20:07:00,29905.89999999944,DS000098,29803.0,2026-06-02 22:24:00,Dispatched,1.0,29803.0,4128331.88,4128331.88,0.0,138.52,2026-06-04 22:24:00,21.0,4186000.0,2.0,0.0,0.0,0.0,0.0,0.0,0.0,0.0,4128331.88,False,False,False,none
LD000102,Kisumu,PMS,Nyanza Petroleum Co,TRK-882,30800.0,3293468.2,3324270.9,2026-06-02 14:05:00,30802.69999999972,DS000099,30676.0,2026-06-02 15:41:00,Dispatched,1.0,30676.0,5071299.66,5071299.66,0.0,165.32,2026-06-03 23:41:00,1.0,5097400.0,1.0,0.0,0.0,0.0,0.0,0.0,0.0,0.0,5071299.66,False,False,False,none
LD000103,Kisumu,AGO,Kilele Fuels,TRK-702,22100.0,4244816.7,4266918.9,2026-06-02 17:28:00,22102.200000000186,DS000100,22156.0,2026-06-02 18:52:00,Dispatched,1.0,22156.0,3501148.0,3501148.0,0.0,158.02,2026-06-02 20:52:00,7.0,3429919.9999999995,0.0,0.0,0.0,0.0,0.0,0.0,0.0,0.0,3501148.0,False,False,False,none
LD000104,Kisumu,AGO,Horizon Oil Marketers,TRK-312,33100.0,3605939.1,3639044.8,2026-06-02 06:39:00,33105.69999999972,DS000101,33248.0,2026-06-02 08:51:00,Dispatched,1.0,33248.0,5168180.48,5168180.48,0.0,155.44,2026-06-03 15:51:00,45.0,5137120.0,1.0,0.0,0.0,0.0,0.0,0.0,0.0,0.0,5168180.48,False,True,False,none
LD000105,Kisumu,PMS,Nyanza Petroleum Co,TRK-176,23300.0,2095844.5,2119141.8,2026-06-02 07:10:00,23297.299999999814,DS000102,23303.0,2026-06-02 08:24:00,Dispatched,1.0,23303.0,3804087.52,3804087.52,0.0,163.24,2026-06-03 10:24:00,14.0,3856150.0,1.0,0.0,0.0,0.0,0.0,0.0,0.0,0.0,3804087.52,False,False,False,none
LD000106,Kisumu,PMS,Savannah Petroleum,TRK-823,20600.0,3473015.5,3493609.2,2026-06-02 20:18:00,20593.700000000186,DS000103,20506.0,2026-06-02 22:58:00,Dispatched,,,,,0.0,,,,3409300.0,,0.0,0.0,0.0,3393743.0,0.0,0.0,3393743.0,0.0,False,False,True,billing_gap
LD000107,Eldoret,PMS,Aberdare Oil Traders,TRK-740,21100.0,2275902.5,2296999.6,2026-06-02 12:59:00,21097.100000000093,DS000104,21131.0,2026-06-02 14:58:00,Dispatched,1.0,21131.0,3521349.28,3521349.28,0.0,166.64,2026-06-02 16:58:00,3.0,3492050.0,0.0,0.0,0.0,0.0,0.0,0.0,0.0,0.0,3521349.28,False,False,False,none
LD000108,Eldoret,PMS,Baraka Downstream,TRK-946,21900.0,3786948.7,3808852.9,2026-06-02 22:14:00,21904.19999999972,DS000105,21983.0,2026-06-03 00:40:00,Dispatched,1.0,21983.0,3684240.71,3684240.71,0.0,167.59,2026-06-06 06:40:00,45.0,3624450.0,3.0,0.0,0.0,0.0,0.0,0.0,0.0,0.0,3684240.71,False,True,False,none
LD000109,Eldoret,PMS,Pioneer Fuels Kenya,TRK-549,30100.0,4509888.1,4539992.2,2026-06-02 14:38:00,30104.10000000056,DS000106,30188.0,2026-06-02 15:58:00,Dispatched,1.0,30188.0,4982915.59,4982915.59,0.0,165.06,2026-06-02 20:58:00,3.0,4981550.0,0.0,0.0,0.0,0.0,0.0,0.0,0.0,0.0,4982915.59,False,False,False,none
LD000110,Eldoret,AGO,Amani Petroleum,TRK-548,24500.0,1709758.2,1734261.3,2026-06-02 17:17:00,24503.100000000093,DS000107,24498.0,2026-06-02 19:25:00,Dispatched,,,,,0.0,,,,3802399.9999999995,,0.0,0.0,0.0,3802089.5999999996,0.0,0.0,3802089.5999999996,0.0,False,False,True,billing_gap
LD000111,Eldoret,AGO,Aberdare Oil Traders,TRK-334,32000.0,4227339.0,4259338.9,2026-06-02 15:38:00,31999.900000000373,DS000108,31977.0,2026-06-02 17:01:00,Dispatched,1.0,31977.0,4883856.35,3896364.0,987492.3499999996,152.73,2026-06-02 20:01:00,21.0,4966400.0,0.0,0.0,0.0,0.0,0.0,0.0,0.0,987492.3499999996,3896364.0,False,False,True,collections_gap
LD000112,Eldoret,IK,Savannah Petroleum,TRK-279,26000.0,4105651.8,4131652.4,2026-06-02 13:36:00,26000.600000000093,DS000109,25997.0,2026-06-02 14:58:00,Dispatched,1.0,25997.0,3643979.44,3643979.44,0.0,140.17,2026-06-03 17:58:00,21.0,3640000.0,1.0,0.0,0.0,0.0,0.0,0.0,0.0,0.0,3643979.44,False,False,False,none
LD000113,Eldoret,IK,Uhuru Energy Partners,TRK-603,25500.0,4723029.3,4748528.2,2026-06-02 10:37:00,25498.900000000373,DS000110,25594.0,2026-06-02 12:03:00,Dispatched,1.0,25594.0,3603624.53,3603624.53,0.0,140.8,2026-06-02 15:03:00,21.0,3570000.0,0.0,0.0,0.0,0.0,0.0,0.0,0.0,0.0,3603624.53,False,False,False,none
LD000114,Eldoret,PMS,Horizon Oil Marketers,TRK-437,32000.0,4018171.5,4050177.0,2026-06-02 15:20:00,32005.5,DS000111,32073.0,2026-06-02 17:45:00,Dispatched,1.0,32073.0,5265429.18,5265429.18,0.0,164.17,2026-06-04 19:45:00,7.0,5296000.0,2.0,0.0,0.0,0.0,0.0,0.0,0.0,0.0,5265429.18,False,False,False,none
LD000115,Eldoret,PMS,Highland Energy Co,TRK-190,21600.0,4610211.6,4631818.1,2026-06-02 17:52:00,21606.5,DS000112,21575.0,2026-06-02 18:25:00,Dispatched,1.0,21575.0,3528615.08,3528615.08,0.0,163.55,2026-06-04 18:25:00,30.0,3574800.0,2.0,0.0,0.0,0.0,0.0,0.0,0.0,0.0,3528615.08,False,False,False,none
LD000116,Eldoret,PMS,Amani Petroleum,TRK-101,25100.0,4582092.9,4607193.0,2026-06-02 17:55:00,25100.099999999627,DS000113,25069.0,2026-06-02 20:12:00,Dispatched,1.0,25069.0,4199417.01,4199417.01,0.0,167.51,2026-06-03 22:12:00,30.0,4154050.0,1.0,0.0,0.0,0.0,0.0,0.0,0.0,0.0,4199417.01,False,False,False,none
LD000117,Eldoret,PMS,Zenith Petroleum,TRK-610,26200.0,1043350.6,1069552.2,2026-06-02 11:33:00,26201.599999999977,DS000114,26162.0,2026-06-02 13:32:00,Dispatched,1.0,26162.0,4400467.06,4400467.06,0.0,168.2,2026-06-03 17:32:00,7.0,4336100.0,1.0,0.0,0.0,0.0,0.0,0.0,0.0,0.0,4400467.06,False,False,False,none
LD000118,Eldoret,AGO,Highland Energy Co,TRK-394,35200.0,3293751.6,3328950.9,2026-06-02 11:17:00,35199.299999999814,DS000115,35088.0,2026-06-02 12:04:00,Dispatched,1.0,35088.0,5464894.68,0.0,5464894.68,155.75,2026-06-02 14:04:00,,5463040.0,0.0,0.0,0.0,0.0,0.0,0.0,0.0,5464894.68,0.0,False,False,True,collections_gap
LD000119,Nakuru,PMS,Tsavo Energy Group,TRK-114,21500.0,3409763.7,3431256.5,2026-06-02 12:45:00,21492.799999999814,DS000116,21587.0,2026-06-02 13:23:00,Dispatched,1.0,21587.0,3595563.94,3595563.94,0.0,166.56,2026-06-03 18:23:00,7.0,3558250.0,1.0,0.0,0.0,0.0,0.0,0.0,0.0,0.0,3595563.94,False,False,False,none
LD000120,Nakuru,PMS,Horizon Oil Marketers,TRK-257,35100.0,4125184.2,4160285.5,2026-06-02 08:29:00,35101.299999999814,DS000117,35017.0,2026-06-02 10:07:00,Dispatched,1.0,35017.0,5847669.08,5847669.08,0.0,167.0,2026-06-04 18:07:00,30.0,5809050.0,2.0,0.0,0.0,0.0,0.0,0.0,0.0,0.0,5847669.08,False,False,False,none
LD000121,Nakuru,AGO,Delta Oil Marketers,TRK-349,21800.0,4723716.4,4745525.5,2026-06-02 13:26:00,21809.099999999627,DS000118,21832.0,2026-06-02 16:02:00,Dispatched,1.0,21832.0,3359704.09,3359704.09,0.0,153.89,2026-06-04 16:02:00,7.0,3383359.9999999995,2.0,0.0,0.0,0.0,0.0,0.0,0.0,0.0,3359704.09,False,False,False,none
LD000122,Nakuru,PMS,Baraka Downstream,TRK-382,35500.0,3752120.0,3787622.0,2026-06-02 21:47:00,35502.0,DS000119,35430.0,2026-06-02 23:12:00,Dispatched,1.0,35430.0,5893400.11,5893400.11,0.0,166.34,2026-06-03 07:12:00,30.0,5875250.0,0.0,0.0,0.0,0.0,0.0,0.0,0.0,0.0,5893400.11,False,False,False,none
LD000123,Nakuru,IK,Rift Valley Fuels Ltd,TRK-405,33400.0,4467474.8,4500873.5,2026-06-02 21:17:00,33398.700000000186,DS000120,33352.0,2026-06-02 22:06:00,Dispatched,1.0,33352.0,4755400.92,0.0,4755400.92,142.58218157831615,2026-06-04 03:06:00,,4676000.0,1.0,0.0,0.0,0.0,0.0,0.0,0.0,4755400.92,0.0,False,False,True,collections_gap
LD000124,Nakuru,AGO,Delta Oil Marketers,TRK-665,23600.0,2586606.4,2610212.3,2026-06-02 19:34:00,23605.899999999907,DS000121,23592.0,2026-06-02 20:40:00,Dispatched,1.0,23592.0,3639696.76,3639696.76,0.0,154.28,2026-06-03 03:40:00,14.0,3662719.9999999995,0.0,0.0,0.0,0.0,0.0,0.0,0.0,0.0,3639696.76,False,False,False,none
LD000125,Nakuru,AGO,Equator Fuels,TRK-344,34300.0,1586419.3,1620711.4,2026-06-02 15:55:00,34292.09999999986,DS000122,34356.0,2026-06-02 18:47:00,Dispatched,1.0,34356.0,5410531.27,5410531.27,0.0,157.48,2026-06-03 20:47:00,14.0,5323360.0,1.0,0.0,0.0,0.0,0.0,0.0,0.0,0.0,5410531.27,False,False,False,none
LD000126,Nakuru,PMS,Mara Fuels,TRK-822,29300.0,4452554.1,4481854.5,2026-06-02 18:02:00,29300.400000000373,DS000123,29277.0,2026-06-02 20:59:00,Dispatched,1.0,29277.0,4813565.09,4813565.09,0.0,164.41,2026-06-05 20:59:00,1.0,4849150.0,3.0,0.0,0.0,0.0,0.0,0.0,0.0,0.0,4813565.09,False,False,False,none
LD000127,Nakuru,IK,Savannah Petroleum,TRK-704,34100.0,1946740.8,1980841.7,2026-06-02 09:31:00,34100.89999999991,DS000124,33983.0,2026-06-02 12:07:00,Dispatched,1.0,33983.0,4742703.85,4742703.85,0.0,139.56,2026-06-02 12:07:00,3.0,4774000.0,0.0,0.0,0.0,0.0,0.0,0.0,0.0,0.0,4742703.85,False,False,False,none
LD000128,Nakuru,AGO,Amani Petroleum,TRK-115,25600.0,3832724.8,3858328.9,2026-06-02 19:06:00,25604.100000000093,DS000125,25601.0,2026-06-02 20:43:00,Dispatched,1.0,25601.0,4050593.08,2333675.1,1716917.98,158.22,2026-06-03 00:43:00,14.0,3973119.9999999995,0.0,0.0,0.0,0.0,0.0,0.0,0.0,1716917.98,2333675.1,False,False,True,collections_gap
LD000129,Kisii,PMS,Delta Oil Marketers,TRK-371,32400.0,3233617.0,3266021.3,2026-06-02 09:04:00,32404.299999999814,DS000126,32325.0,2026-06-02 09:59:00,Dispatched,1.0,32325.0,5308213.87,5308213.87,0.0,164.21,2026-06-02 10:59:00,14.0,5362200.0,0.0,0.0,0.0,0.0,0.0,0.0,0.0,0.0,5308213.87,False,False,False,none
LD000130,Kisii,AGO,Highland Energy Co,TRK-424,21800.0,2970500.4,2992299.6,2026-06-02 15:54:00,21799.200000000186,DS000127,21901.0,2026-06-02 17:42:00,Dispatched,1.0,21901.0,3385021.15,3385021.15,0.0,154.56,2026-06-03 00:42:00,21.0,3383359.9999999995,0.0,0.0,0.0,0.0,0.0,0.0,0.0,0.0,3385021.15,False,False,False,none
LD000131,Kisii,AGO,Lakeview Energy,TRK-800,20200.0,2874642.6,2894844.2,2026-06-02 06:39:00,20201.600000000093,DS000128,18928.0,2026-06-02 09:10:00,Dispatched,1.0,18928.0,2888392.74,2888392.74,0.0,152.6,2026-06-04 14:10:00,14.0,3135040.0,2.0,0.0,1272.0,197414.4,0.0,0.0,0.0,197414.4,2888392.74,False,False,True,shrinkage
LD000132,Kisii,AGO,Horizon Oil Marketers,TRK-810,31900.0,3333475.1,3365371.0,2026-06-02 18:06:00,31895.899999999907,DS000129,31875.0,2026-06-02 19:19:00,Dispatched,1.0,31875.0,5039275.1,5039275.1,0.0,158.09,2026-06-03 01:19:00,30.0,4950880.0,0.0,0.0,0.0,0.0,0.0,0.0,0.0,0.0,5039275.1,False,False,False,none
LD000133,Kisii,PMS,Zenith Petroleum,TRK-249,35400.0,2499482.3,2534885.8,2026-06-02 06:18:00,35403.5,DS000130,35242.0,2026-06-02 08:13:00,Dispatched,1.0,35242.0,5889150.38,5889150.38,0.0,167.11,2026-06-02 15:13:00,3.0,5858700.0,0.0,0.0,0.0,0.0,0.0,0.0,0.0,0.0,5889150.38,False,False,False,none
LD000134,Kisii,AGO,Tsavo Energy Group,TRK-991,23600.0,4852890.2,4876488.2,2026-06-02 10:10:00,23598.0,DS000131,23579.0,2026-06-02 10:57:00,Dispatched,1.0,23579.0,3671432.44,3671432.44,0.0,155.71,2026-06-02 14:57:00,14.0,3662719.9999999995,0.0,0.0,0.0,0.0,0.0,0.0,0.0,0.0,3671432.44,False,False,False,none
LD000135,Kisii,AGO,Kilele Fuels,TRK-570,20200.0,4879515.3,4899716.4,2026-06-02 09:14:00,20201.10000000056,,,,,,,,,0.0,,,,3135040.0,,3135040.0,0.0,0.0,0.0,0.0,0.0,3135040.0,0.0,False,False,True,dispatch_capture_gap
LD000136,Kisii,AGO,Coastline Energy Ltd,TRK-261,21200.0,3215417.1,3236617.2,2026-06-02 19:57:00,21200.100000000093,DS000132,21260.0,2026-06-02 21:47:00,Dispatched,1.0,21260.0,3274001.81,1074323.53,2199678.2800000003,154.0,2026-06-03 05:47:00,7.0,3290239.9999999995,0.0,0.0,0.0,0.0,0.0,0.0,0.0,2199678.2800000003,1074323.53,False,False,True,collections_gap
LD000137,Mombasa,IK,Uhuru Energy Partners,TRK-567,21200.0,1664861.7,1686058.2,2026-06-03 14:40:00,21196.5,DS000133,21265.0,2026-06-03 17:34:00,Dispatched,1.0,21265.0,2945149.84,2945149.84,0.0,138.49752363037854,2026-06-04 17:34:00,3.0,2968000.0,1.0,0.0,0.0,0.0,0.0,0.0,0.0,0.0,2945149.84,False,False,False,none
LD000138,Mombasa,IK,Nyanza Petroleum Co,TRK-467,35900.0,3787700.2,3823595.4,2026-06-03 20:06:00,35895.19999999972,DS000134,36059.0,2026-06-03 22:34:00,Dispatched,1.0,36059.0,4991670.89,4991670.89,0.0,138.43,2026-06-05 06:34:00,7.0,5026000.0,1.0,0.0,0.0,0.0,0.0,0.0,0.0,0.0,4991670.89,False,False,False,none
LD000139,Mombasa,PMS,Rift Valley Fuels Ltd,TRK-802,26100.0,3948402.8,3974502.1,2026-06-03 17:17:00,26099.30000000028,DS000135,26108.0,2026-06-03 18:30:00,Dispatched,1.0,26108.0,4390760.57,4390760.57,0.0,168.18,2026-06-04 20:30:00,7.0,4319550.0,1.0,0.0,0.0,0.0,0.0,0.0,0.0,0.0,4390760.57,False,False,False,none
LD000140,Mombasa,AGO,Nyanza Petroleum Co,TRK-460,21700.0,2342640.3,2364337.3,2026-06-03 14:49:00,21697.0,DS000136,21696.0,2026-06-03 17:29:00,Dispatched,1.0,21696.0,3329050.56,3329050.56,0.0,153.44,2026-06-03 19:29:00,1.0,3367839.9999999995,0.0,0.0,0.0,0.0,0.0,0.0,0.0,0.0,3329050.56,False,False,False,none
LD000141,Mombasa,AGO,Horizon Oil Marketers,TRK-761,22700.0,3587393.4,3610086.6,2026-06-03 09:40:00,22693.200000000186,DS000137,22594.0,2026-06-03 10:57:00,Dispatched,2.0,45188.0,7050081.92,7050081.92,0.0,156.02,2026-06-05 17:57:00,60.0,3523039.9999999995,2.0,0.0,0.0,0.0,0.0,0.0,0.0,0.0,7050081.92,False,True,False,none
LD000142,Mombasa,AGO,Zenith Petroleum,TRK-192,24300.0,2441380.4,2465677.6,2026-06-03 06:37:00,24297.200000000186,DS000138,24378.0,2026-06-03 08:18:00,Dispatched,1.0,24378.0,3781399.85,3781399.85,0.0,155.12,2026-06-03 16:18:00,3.0,3771359.9999999995,0.0,0.0,0.0,0.0,0.0,0.0,0.0,0.0,3781399.85,False,False,False,none
LD000143,Mombasa,AGO,Baraka Downstream,TRK-997,24200.0,2812963.4,2837172.0,2026-06-03 10:12:00,24208.600000000093,DS000139,24167.0,2026-06-03 11:24:00,Dispatched,1.0,24167.0,3705574.21,3705574.21,0.0,153.33,2026-06-03 13:24:00,21.0,3755839.9999999995,0.0,0.0,0.0,0.0,0.0,0.0,0.0,0.0,3705574.21,False,False,False,none
LD000144,Mombasa,AGO,Delta Oil Marketers,TRK-402,24300.0,1532740.5,1557033.0,2026-06-03 13:58:00,24292.5,DS000140,24302.0,2026-06-03 14:29:00,Dispatched,1.0,24302.0,3811128.34,3811128.34,0.0,156.82,2026-06-10 21:29:00,7.0,3771359.9999999995,7.0,0.0,0.0,0.0,0.0,0.0,0.0,0.0,3811128.34,True,False,False,none
LD000145,Mombasa,AGO,Nyanza Petroleum Co,TRK-841,21200.0,4762127.3,4783335.7,2026-06-03 07:09:00,21208.400000000373,DS000141,21198.0,2026-06-03 08:16:00,Dispatched,1.0,21198.0,3255573.37,3255573.37,0.0,153.58,2026-06-04 11:16:00,3.0,3290239.9999999995,1.0,0.0,0.0,0.0,0.0,0.0,0.0,0.0,3255573.37,False,False,False,none
LD000146,Nairobi,PMS,Aberdare Oil Traders,TRK-565,26700.0,4730913.9,4757605.2,2026-06-03 17:00:00,26691.299999999814,DS000142,26508.0,2026-06-03 18:03:00,Dispatched,1.0,26508.0,4452148.81,4452148.81,0.0,167.95,2026-06-03 21:03:00,1.0,4418850.0,0.0,0.0,0.0,0.0,0.0,0.0,0.0,0.0,4452148.81,False,False,False,none
LD000147,Nairobi,AGO,Nyanza Petroleum Co,TRK-734,33900.0,1180874.7,1214774.3,2026-06-03 16:06:00,33899.60000000009,DS000143,33817.0,2026-06-03 18:03:00,Dispatched,1.0,33817.0,5224905.82,5224905.82,0.0,154.51,2026-06-04 01:03:00,3.0,5261280.0,0.0,0.0,0.0,0.0,0.0,0.0,0.0,0.0,5224905.82,False,False,False,none
LD000148,Nairobi,AGO,Coastline Energy Ltd,TRK-219,33000.0,4949104.5,4982103.1,2026-06-03 19:58:00,32998.59999999963,DS000144,33045.0,2026-06-03 21:04:00,Dispatched,1.0,33045.0,5143021.21,5143021.21,0.0,155.64,2026-06-04 03:04:00,21.0,5121600.0,0.0,0.0,0.0,0.0,0.0,0.0,0.0,0.0,5143021.21,False,False,False,none
LD000149,Nairobi,IK,Horizon Oil Marketers,TRK-650,22400.0,3376522.9,3398924.6,2026-06-03 14:31:00,22401.700000000186,DS000145,22397.0,2026-06-03 16:19:00,Dispatched,1.0,22397.0,3111900.77,3111900.77,0.0,138.94,2026-06-03 19:19:00,3.0,3136000.0,0.0,0.0,0.0,0.0,0.0,0.0,0.0,0.0,3111900.77,False,False,False,none
LD000150,Nairobi,AGO,Pioneer Fuels Kenya,TRK-258,33500.0,4353314.8,4386814.4,2026-06-03 22:26:00,33499.60000000056,DS000146,33546.0,2026-06-04 00:32:00,Dispatched,1.0,33546.0,5227828.64,5227828.64,0.0,155.84,2026-06-07 07:32:00,1.0,5199200.0,3.0,0.0,0.0,0.0,0.0,0.0,0.0,0.0,5227828.64,False,False,False,none
LD000151,Nairobi,AGO,Savannah Petroleum,TRK-322,27500.0,2659278.0,2686777.5,2026-06-03 18:17:00,27499.5,DS000147,27565.0,2026-06-03 20:17:00,Dispatched,1.0,27565.0,4316842.61,4316842.61,0.0,156.61,2026-06-04 02:17:00,3.0,4268000.0,0.0,0.0,0.0,0.0,0.0,0.0,0.0,0.0,4316842.61,False,False,False,none
LD000152,Nairobi,IK,Zenith Petroleum,TRK-760,33800.0,4251604.0,4285403.7,2026-06-03 16:06:00,33799.700000000186,DS000148,33717.0,2026-06-03 16:56:00,Dispatched,1.0,33717.0,4707730.31,4707730.31,0.0,139.62,2026-06-03 23:56:00,14.0,4732000.0,0.0,0.0,0.0,0.0,0.0,0.0,0.0,0.0,4707730.31,False,False,False,none
LD000153,Nairobi,PMS,Kilele Fuels,TRK-317,36000.0,4986547.3,5022554.9,2026-06-03 11:07:00,36007.60000000056,DS000149,35944.0,2026-06-03 11:43:00,Dispatched,1.0,35944.0,5894462.8,5894462.8,0.0,163.99,2026-06-04 19:43:00,21.0,5958000.0,1.0,0.0,0.0,0.0,0.0,0.0,0.0,0.0,5894462.8,False,False,False,none
LD000154,Nairobi,AGO,Pioneer Fuels Kenya,TRK-949,35100.0,4398589.6,4433691.2,2026-06-03 12:08:00,35101.60000000056,DS000150,35085.0,2026-06-03 14:09:00,Dispatched,1.0,35085.0,5496191.58,5496191.58,0.0,156.65,2026-06-03 21:09:00,7.0,5447520.0,0.0,0.0,0.0,0.0,0.0,0.0,0.0,0.0,5496191.58,False,False,False,none
LD000155,Nairobi,AGO,Baraka Downstream,TRK-710,24000.0,2802176.5,2826169.7,2026-06-03 12:21:00,23993.200000000186,DS000151,24056.0,2026-06-03 13:18:00,Dispatched,1.0,24056.0,3737858.65,3737858.65,0.0,155.38,2026-06-10 21:18:00,7.0,3724799.9999999995,7.0,0.0,0.0,0.0,0.0,0.0,0.0,0.0,3737858.65,True,False,False,none
LD000156,Nairobi,AGO,Highland Energy Co,TRK-278,30700.0,3472513.0,3503215.7,2026-06-03 09:08:00,30702.700000000186,DS000152,30678.0,2026-06-03 11:55:00,Dispatched,1.0,30678.0,4730461.18,4730461.18,0.0,154.2,2026-06-03 13:55:00,7.0,4764640.0,0.0,0.0,0.0,0.0,0.0,0.0,0.0,0.0,4730461.18,False,False,False,none
LD000157,Nairobi,PMS,Nyanza Petroleum Co,TRK-116,25700.0,1454230.4,1479931.6,2026-06-03 16:50:00,25701.200000000186,DS000153,25563.0,2026-06-03 19:38:00,Dispatched,1.0,23744.0,3919614.4,3919614.4,0.0,165.08,2026-06-03 19:38:00,1.0,4253350.0,0.0,0.0,0.0,0.0,0.0,1819.0,300280.52,300280.52,3919614.4,False,False,True,underbilling
LD000158,Nairobi,PMS,Horizon Oil Marketers,TRK-587,32400.0,3080654.0,3113064.2,2026-06-03 18:33:00,32410.200000000186,DS000154,32381.0,2026-06-03 21:20:00,Dispatched,,,,,0.0,,,,5362200.0,,0.0,0.0,0.0,5359055.5,0.0,0.0,5359055.5,0.0,False,False,True,billing_gap
LD000159,Nairobi,AGO,Amani Petroleum,TRK-729,33600.0,3207627.4,3241232.5,2026-06-03 08:28:00,33605.10000000009,DS000155,33674.0,2026-06-03 11:09:00,Dispatched,1.0,33674.0,5147002.3,5147002.3,0.0,152.85,2026-06-04 19:09:00,7.0,5214720.0,1.0,0.0,0.0,0.0,0.0,0.0,0.0,0.0,5147002.3,False,False,False,none
LD000160,Kisumu,AGO,Delta Oil Marketers,TRK-536,29400.0,2920183.9,2949584.7,2026-06-03 05:03:00,29400.80000000028,DS000156,29520.0,2026-06-03 05:48:00,Dispatched,1.0,29520.0,4582905.59,4582905.59,0.0,155.25,2026-06-03 09:48:00,14.0,4562880.0,0.0,0.0,0.0,0.0,0.0,0.0,0.0,0.0,4582905.59,False,False,False,none
LD000161,Kisumu,AGO,Lakeview Energy,TRK-251,26700.0,4138673.1,4165378.8,2026-06-03 19:04:00,26705.69999999972,DS000157,26722.0,2026-06-03 20:40:00,Dispatched,1.0,26722.0,4228720.63,4228720.63,0.0,158.25,2026-06-04 02:40:00,14.0,4143839.9999999995,0.0,0.0,0.0,0.0,0.0,0.0,0.0,0.0,4228720.63,False,False,False,none
LD000162,Kisumu,PMS,Mara Fuels,TRK-711,34500.0,3469054.8,3503557.4,2026-06-03 22:45:00,34502.60000000009,DS000158,34346.0,2026-06-04 01:37:00,Dispatched,1.0,34346.0,5768344.43,5768344.43,0.0,167.95,2026-06-04 05:37:00,21.0,5709750.0,0.0,0.0,0.0,0.0,0.0,0.0,0.0,0.0,5768344.43,False,False,False,none
LD000163,Kisumu,AGO,Horizon Oil Marketers,TRK-766,35700.0,3432351.4,3468055.5,2026-06-03 18:06:00,35704.10000000009,DS000159,35656.0,2026-06-03 20:41:00,Dispatched,1.0,35656.0,5608187.17,5608187.17,0.0,157.29,2026-06-07 01:41:00,14.0,5540640.0,3.0,0.0,0.0,0.0,0.0,0.0,0.0,0.0,5608187.17,False,False,False,none
LD000164,Kisumu,PMS,Mara Fuels,TRK-508,21500.0,3905588.1,3927098.4,2026-06-03 12:26:00,21510.299999999814,DS000160,21531.0,2026-06-03 14:12:00,Dispatched,1.0,21531.0,3627200.18,3627200.18,0.0,168.4640834146115,2026-06-03 22:12:00,3.0,3558250.0,0.0,0.0,0.0,0.0,0.0,0.0,0.0,0.0,3627200.18,False,False,False,none
LD000165,Kisumu,PMS,Aberdare Oil Traders,TRK-256,28800.0,2803641.8,2832440.5,2026-06-03 15:42:00,28798.700000000186,DS000161,28875.0,2026-06-03 16:44:00,Dispatched,1.0,28875.0,4689812.59,4689812.59,0.0,162.42,2026-06-03 22:44:00,3.0,4766400.0,0.0,0.0,0.0,0.0,0.0,0.0,0.0,0.0,4689812.59,False,False,False,none
LD000166,Kisumu,PMS,Uhuru Energy Partners,TRK-856,28400.0,3790567.5,3818970.2,2026-06-03 07:05:00,28402.700000000186,DS000162,28443.0,2026-06-03 08:43:00,Dispatched,1.0,28443.0,4649818.33,4649818.33,0.0,163.48,2026-06-03 16:43:00,7.0,4700200.0,0.0,0.0,0.0,0.0,0.0,0.0,0.0,0.0,4649818.33,False,False,False,none
LD000167,Kisumu,AGO,Mara Fuels,TRK-520,32700.0,2837387.2,2870089.5,2026-06-03 22:35:00,32702.299999999814,DS000163,32675.0,2026-06-03 23:35:00,Dispatched,1.0,32675.0,5028119.97,5028119.97,0.0,153.88,2026-06-04 03:35:00,21.0,5075040.0,0.0,0.0,0.0,0.0,0.0,0.0,0.0,0.0,5028119.97,False,False,False,none
LD000168,Kisumu,AGO,Crescent Oil Ltd,TRK-206,21100.0,1183445.1,1204548.0,2026-06-03 06:18:00,21102.899999999907,DS000164,21154.0,2026-06-03 08:38:00,Dispatched,1.0,21154.0,3307368.88,3307368.88,0.0,156.35,2026-06-03 08:38:00,1.0,3274719.9999999995,0.0,0.0,0.0,0.0,0.0,0.0,0.0,0.0,3307368.88,False,False,False,none
LD000169,Kisumu,PMS,Horizon Oil Marketers,TRK-669,29900.0,2389653.6,2419555.5,2026-06-03 20:14:00,29901.899999999907,DS000165,29843.0,2026-06-03 21:26:00,Dispatched,1.0,29843.0,4947534.98,4947534.98,0.0,165.79,2026-06-04 05:26:00,45.0,4948450.0,0.0,0.0,0.0,0.0,0.0,0.0,0.0,0.0,4947534.98,False,True,False,none
LD000170,Kisumu,AGO,Uhuru Energy Partners,TRK-885,25500.0,3149053.7,3174546.8,2026-06-03 12:51:00,25493.099999999627,DS000166,25514.0,2026-06-03 14:52:00,Cancelled,,,,,0.0,,,,3957599.9999999995,,0.0,0.0,0.0,0.0,0.0,0.0,0.0,0.0,False,False,False,none
LD000171,Kisumu,AGO,Tsavo Energy Group,TRK-880,27400.0,3339064.4,3366472.5,2026-06-03 13:01:00,27408.100000000093,DS000167,27462.0,2026-06-03 13:31:00,Dispatched,1.0,27462.0,4250574.68,4250574.68,0.0,154.78,2026-06-13 19:31:00,7.0,4252480.0,10.0,0.0,0.0,0.0,0.0,0.0,0.0,0.0,4250574.68,True,False,False,none
LD000172,Kisumu,PMS,Baraka Downstream,TRK-510,22900.0,3786005.9,3808901.8,2026-06-03 10:55:00,22895.899999999907,DS000168,22940.0,2026-06-03 12:39:00,Dispatched,1.0,22940.0,3867850.1,3867850.1,0.0,168.61,2026-06-04 16:39:00,3.0,3789950.0,1.0,0.0,0.0,0.0,0.0,0.0,0.0,0.0,3867850.1,False,False,False,none
LD000173,Kisumu,AGO,Amani Petroleum,TRK-529,26600.0,4497270.4,4523872.7,2026-06-03 05:05:00,26602.299999999814,DS000169,26648.0,2026-06-03 06:03:00,Cancelled,,,,,0.0,,,,4128319.9999999995,,0.0,0.0,0.0,0.0,0.0,0.0,0.0,0.0,False,False,False,none
LD000174,Eldoret,PMS,Mara Fuels,TRK-681,23600.0,4287162.5,4310762.6,2026-06-03 14:46:00,23600.099999999627,DS000170,23641.0,2026-06-03 15:46:00,Cancelled,,,,,0.0,,,,3905800.0,,0.0,0.0,0.0,0.0,0.0,0.0,0.0,0.0,False,False,False,none
LD000175,Eldoret,AGO,Crescent Oil Ltd,TRK-183,25500.0,2390476.9,2415977.2,2026-06-03 09:10:00,25500.30000000028,DS000171,25420.0,2026-06-03 10:18:00,Dispatched,1.0,25420.0,3932339.59,3932339.59,0.0,154.69471243115657,2026-06-03 13:18:00,14.0,3957599.9999999995,0.0,0.0,0.0,0.0,0.0,0.0,0.0,0.0,3932339.59,False,False,False,none
LD000176,Eldoret,AGO,Kilele Fuels,TRK-320,28600.0,2423965.9,2452563.5,2026-06-03 20:38:00,28597.600000000093,DS000172,28602.0,2026-06-03 23:04:00,Dispatched,1.0,28602.0,4515791.12,4515791.12,0.0,157.88,2026-06-06 23:04:00,1.0,4438720.0,3.0,0.0,0.0,0.0,0.0,0.0,0.0,0.0,4515791.12,False,False,False,none
LD000177,Eldoret,PMS,Pioneer Fuels Kenya,TRK-783,34300.0,1514993.6,1549287.5,2026-06-03 08:18:00,34293.89999999991,DS000173,34206.0,2026-06-03 08:59:00,Dispatched,1.0,34206.0,5580347.83,5580347.83,0.0,163.14,2026-06-04 10:59:00,7.0,5676650.0,1.0,0.0,0.0,0.0,0.0,0.0,0.0,0.0,5580347.83,False,False,False,none
LD000178,Eldoret,PMS,Equator Fuels,TRK-316,21500.0,2924581.6,2946075.8,2026-06-03 06:00:00,21494.19999999972,DS000174,21481.0,2026-06-03 06:51:00,Dispatched,1.0,21481.0,3508810.43,3508810.43,0.0,163.34,2026-06-06 12:51:00,7.0,3558250.0,3.0,0.0,0.0,0.0,0.0,0.0,0.0,0.0,3508810.43,False,False,False,none
LD000179,Eldoret,PMS,Delta Oil Marketers,TRK-279,31000.0,3046628.1,3077626.2,2026-06-03 08:00:00,30998.100000000093,DS000175,30891.0,2026-06-03 09:36:00,Dispatched,1.0,30891.0,5087002.08,5087002.08,0.0,164.68,2026-06-03 17:36:00,3.0,5130500.0,0.0,0.0,0.0,0.0,0.0,0.0,0.0,0.0,5087002.08,False,False,False,none
LD000180,Eldoret,AGO,Highland Energy Co,TRK-925,20000.0,4473204.4,4493199.1,2026-06-03 12:32:00,19994.699999999255,DS000176,20021.0,2026-06-03 15:32:00,Dispatched,1.0,20021.0,3143324.02,2390696.89,752627.1299999999,157.0,2026-06-03 21:32:00,21.0,3104000.0,0.0,0.0,0.0,0.0,0.0,0.0,0.0,752627.1299999999,2390696.89,False,False,True,collections_gap
LD000181,Eldoret,PMS,Rift Valley Fuels Ltd,TRK-179,21400.0,3389112.3,3410512.4,2026-06-03 06:27:00,21400.100000000093,DS000177,21274.0,2026-06-03 07:21:00,Dispatched,1.0,21274.0,3551781.88,3551781.88,0.0,166.95,2026-06-05 15:21:00,3.0,3541700.0,2.0,0.0,0.0,0.0,0.0,0.0,0.0,0.0,3551781.88,False,False,False,none
LD000182,Eldoret,AGO,Horizon Oil Marketers,TRK-432,34800.0,1944466.1,1979267.7,2026-06-03 18:18:00,34801.59999999986,DS000178,34864.0,2026-06-03 19:12:00,Dispatched,1.0,34864.0,5424927.6,5424927.6,0.0,155.6,2026-06-04 03:12:00,7.0,5400960.0,0.0,0.0,0.0,0.0,0.0,0.0,0.0,0.0,5424927.6,False,False,False,none
LD000183,Eldoret,AGO,Uhuru Energy Partners,TRK-349,32200.0,3125063.0,3157261.7,2026-06-03 16:05:00,32198.700000000186,DS000179,32201.0,2026-06-03 18:57:00,Dispatched,1.0,32201.0,4986525.57,4986525.57,0.0,154.86,2026-06-05 19:57:00,1.0,4997440.0,2.0,0.0,0.0,0.0,0.0,0.0,0.0,0.0,4986525.57,False,False,False,none
LD000184,Eldoret,AGO,Coastline Energy Ltd,TRK-326,22400.0,1532467.7,1554868.3,2026-06-03 17:55:00,22400.600000000093,DS000180,22528.0,2026-06-03 20:51:00,Dispatched,1.0,22528.0,3541631.74,3541631.74,0.0,157.21,2026-06-11 00:51:00,30.0,3476479.9999999995,7.0,0.0,0.0,0.0,0.0,0.0,0.0,0.0,3541631.74,True,False,False,none
LD000185,Eldoret,PMS,Amani Petroleum,TRK-894,31000.0,4377762.7,4408760.9,2026-06-03 08:33:00,30998.200000000186,DS000181,30981.0,2026-06-03 10:09:00,Dispatched,1.0,30981.0,5037611.43,5037611.43,0.0,162.6,2026-06-04 18:09:00,3.0,5130500.0,1.0,0.0,0.0,0.0,0.0,0.0,0.0,0.0,5037611.43,False,False,False,none
LD000186,Eldoret,AGO,Horizon Oil Marketers,TRK-302,26400.0,1419476.7,1445881.2,2026-06-03 09:15:00,26404.5,DS000182,26384.0,2026-06-03 11:07:00,Dispatched,1.0,26384.0,4162210.19,4162210.19,0.0,157.76,2026-06-04 14:07:00,7.0,4097279.9999999995,1.0,0.0,0.0,0.0,0.0,0.0,0.0,0.0,4162210.19,False,False,False,none
LD000187,Eldoret,AGO,Delta Oil Marketers,TRK-677,31800.0,1729135.5,1760941.4,2026-06-03 07:11:00,31805.899999999907,DS000183,31865.0,2026-06-03 09:03:00,Dispatched,1.0,31865.0,5012336.67,5012336.67,0.0,157.3,2026-06-03 11:03:00,3.0,4935360.0,0.0,0.0,0.0,0.0,0.0,0.0,0.0,0.0,5012336.67,False,False,False,none
LD000188,Eldoret,AGO,Mara Fuels,TRK-169,21400.0,3141342.3,3162743.4,2026-06-03 15:55:00,21401.100000000093,DS000184,21391.0,2026-06-03 17:34:00,Dispatched,1.0,21391.0,3329192.59,3329192.59,0.0,155.64,2026-06-03 22:34:00,3.0,3321279.9999999995,0.0,0.0,0.0,0.0,0.0,0.0,0.0,0.0,3329192.59,False,False,False,none
LD000189,Nakuru,AGO,Savannah Petroleum,TRK-175,34200.0,3374369.8,3408575.1,2026-06-03 13:37:00,34205.30000000028,DS000185,34228.0,2026-06-03 14:31:00,Dispatched,1.0,34228.0,5350007.31,5350007.31,0.0,156.3,2026-06-04 21:31:00,21.0,5307840.0,1.0,0.0,0.0,0.0,0.0,0.0,0.0,0.0,5350007.31,False,False,False,none
LD000190,Nakuru,AGO,Coastline Energy Ltd,TRK-984,28000.0,1347681.2,1375684.5,2026-06-03 06:23:00,28003.300000000047,DS000186,28084.0,2026-06-03 09:11:00,Dispatched,1.0,28084.0,4312369.39,4312369.39,0.0,153.55,2026-06-06 13:11:00,21.0,4345600.0,3.0,0.0,0.0,0.0,0.0,0.0,0.0,0.0,4312369.39,False,False,False,none
LD000191,Nakuru,AGO,Savannah Petroleum,TRK-929,28600.0,3347364.5,3375962.3,2026-06-03 22:50:00,28597.799999999814,DS000187,28577.0,2026-06-04 00:16:00,Dispatched,1.0,28577.0,4471348.5,4471348.5,0.0,156.47,2026-06-04 06:16:00,7.0,4438720.0,0.0,0.0,0.0,0.0,0.0,0.0,0.0,0.0,4471348.5,False,False,False,none
LD000192,Nakuru,PMS,Baraka Downstream,TRK-561,22000.0,2135103.6,2157111.5,2026-06-03 20:32:00,22007.899999999907,DS000188,22079.0,2026-06-03 21:40:00,Dispatched,1.0,22079.0,3648852.16,3648852.16,0.0,165.26,2026-06-04 00:40:00,14.0,3641000.0,0.0,0.0,0.0,0.0,0.0,0.0,0.0,0.0,3648852.16,False,False,False,none
LD000193,Nakuru,IK,Tsavo Energy Group,TRK-824,25800.0,3583669.0,3609459.4,2026-06-03 07:32:00,25790.399999999907,DS000189,25670.0,2026-06-03 10:10:00,Dispatched,1.0,25670.0,3542190.06,3542190.06,0.0,137.99,2026-06-03 16:10:00,7.0,3612000.0,0.0,0.0,0.0,0.0,0.0,0.0,0.0,0.0,3542190.06,False,False,False,none
LD000194,Nakuru,AGO,Zenith Petroleum,TRK-496,35800.0,3423099.3,3458904.0,2026-06-03 10:23:00,35804.700000000186,DS000190,35972.0,2026-06-03 12:52:00,Dispatched,1.0,35972.0,5638116.08,5638116.08,0.0,156.74,2026-06-04 19:52:00,1.0,5556160.0,1.0,0.0,0.0,0.0,0.0,0.0,0.0,0.0,5638116.08,False,False,False,none
LD000195,Nakuru,AGO,Mara Fuels,TRK-196,23800.0,1407129.9,1430927.6,2026-06-03 06:50:00,23797.700000000186,DS000191,23672.0,2026-06-03 08:00:00,Dispatched,1.0,23672.0,3633879.75,3633879.75,0.0,153.51,2026-06-03 10:00:00,1.0,3693759.9999999995,0.0,0.0,0.0,0.0,0.0,0.0,0.0,0.0,3633879.75,False,False,False,none
LD000196,Nakuru,PMS,Lakeview Energy,TRK-244,22600.0,1746268.1,1768865.0,2026-06-03 09:21:00,22596.899999999907,DS000192,22692.0,2026-06-03 11:06:00,Dispatched,1.0,22692.0,3745523.21,3745523.21,0.0,165.05919310770315,2026-06-03 18:06:00,7.0,3740300.0,0.0,0.0,0.0,0.0,0.0,0.0,0.0,0.0,3745523.21,False,False,False,none
LD000197,Nakuru,IK,Crescent Oil Ltd,TRK-186,24600.0,1693494.4,1718081.9,2026-06-03 17:08:00,24587.5,DS000193,24462.0,2026-06-03 19:02:00,Dispatched,1.0,24462.0,3416090.36,3416090.36,0.0,139.65,2026-06-03 21:02:00,21.0,3444000.0,0.0,0.0,0.0,0.0,0.0,0.0,0.0,0.0,3416090.36,False,False,False,none
LD000198,Nakuru,AGO,Baraka Downstream,TRK-948,35700.0,1448155.6,1483859.0,2026-06-03 15:52:00,35703.39999999991,DS000194,35912.0,2026-06-03 17:07:00,Dispatched,1.0,35912.0,5614427.37,5614427.37,0.0,156.34,2026-06-05 17:07:00,45.0,5540640.0,2.0,0.0,0.0,0.0,0.0,0.0,0.0,0.0,5614427.37,False,True,False,none
LD000199,Nakuru,AGO,Zenith Petroleum,TRK-416,26400.0,4877881.7,4904282.9,2026-06-03 18:32:00,26401.200000000186,DS000195,26413.0,2026-06-03 20:15:00,Dispatched,1.0,26413.0,4127789.78,1305783.24,2822006.54,156.28,2026-06-04 04:15:00,7.0,4097279.9999999995,0.0,0.0,0.0,0.0,0.0,0.0,0.0,2822006.54,1305783.24,False,False,True,collections_gap
LD000200,Nakuru,PMS,Nyanza Petroleum Co,TRK-258,24100.0,1683550.3,1707651.7,2026-06-03 20:12:00,24101.399999999907,DS000196,24032.0,2026-06-03 20:57:00,Dispatched,1.0,24032.0,3953038.37,3953038.37,0.0,164.49,2026-06-07 03:57:00,3.0,3988550.0,3.0,0.0,0.0,0.0,0.0,0.0,0.0,0.0,3953038.37,False,False,False,none
LD000201,Nakuru,AGO,Highland Energy Co,TRK-639,30700.0,4717504.0,4748214.2,2026-06-03 08:32:00,30710.200000000186,DS000197,30872.0,2026-06-03 10:46:00,Dispatched,1.0,30872.0,4805025.86,4805025.86,0.0,155.64,2026-06-03 11:46:00,30.0,4764640.0,0.0,0.0,0.0,0.0,0.0,0.0,0.0,0.0,4805025.86,False,False,False,none
LD000202,Nakuru,AGO,Summit Downstream Ltd,TRK-285,24500.0,4077971.7,4102479.8,2026-06-03 09:38:00,24508.099999999627,DS000198,24420.0,2026-06-03 12:05:00,Dispatched,1.0,24420.0,3812963.27,3812963.27,0.0,156.14,2026-06-03 13:05:00,30.0,3802399.9999999995,0.0,0.0,0.0,0.0,0.0,0.0,0.0,0.0,3812963.27,False,False,False,none
LD000203,Kisii,AGO,Zenith Petroleum,TRK-343,35500.0,3843809.9,3879313.1,2026-06-03 06:26:00,35503.200000000186,DS000199,35476.0,2026-06-03 07:28:00,Dispatched,1.0,35476.0,5496915.71,5496915.71,0.0,154.95,2026-06-05 10:28:00,3.0,5509600.0,2.0,0.0,0.0,0.0,0.0,0.0,0.0,0.0,5496915.71,False,False,False,none
LD000204,Kisii,AGO,Highland Energy Co,TRK-928,28500.0,3828920.4,3857416.3,2026-06-03 19:14:00,28495.899999999907,DS000200,28723.0,2026-06-03 20:06:00,Dispatched,1.0,28723.0,4484892.65,4484892.65,0.0,156.14,2026-06-04 20:06:00,21.0,4423200.0,1.0,0.0,0.0,0.0,0.0,0.0,0.0,0.0,4484892.65,False,False,False,none
LD000205,Kisii,PMS,Coastline Energy Ltd,TRK-614,32300.0,1349160.7,1381464.5,2026-06-03 19:29:00,32303.800000000047,DS000201,30561.0,2026-06-03 21:34:00,Dispatched,1.0,30561.0,4993796.24,4993796.24,0.0,163.4,2026-06-04 00:34:00,21.0,5345650.0,0.0,0.0,1739.0,287804.5,0.0,0.0,0.0,287804.5,4993796.24,False,False,True,shrinkage
LD000206,Kisii,IK,Crescent Oil Ltd,TRK-356,25100.0,3375532.4,3400632.5,2026-06-03 11:51:00,25100.100000000093,DS000202,25130.0,2026-06-03 13:18:00,Dispatched,1.0,25130.0,3579964.41,3579964.41,0.0,142.46,2026-06-06 18:18:00,3.0,3514000.0,3.0,0.0,0.0,0.0,0.0,0.0,0.0,0.0,3579964.41,False,False,False,none
LD000207,Kisii,AGO,Horizon Oil Marketers,TRK-628,25900.0,2817071.9,2842981.9,2026-06-03 22:59:00,25910.0,DS000203,25992.0,2026-06-03 23:40:00,Dispatched,1.0,25992.0,4101930.3,4101930.3,0.0,157.82,2026-06-06 00:40:00,7.0,4019679.9999999995,2.0,0.0,0.0,0.0,0.0,0.0,0.0,0.0,4101930.3,False,False,False,none
LD000208,Kisii,PMS,Kilele Fuels,TRK-250,23200.0,3738286.2,3761496.1,2026-06-03 10:17:00,23209.899999999907,DS000204,23135.0,2026-06-03 12:39:00,Dispatched,1.0,23135.0,3790203.5,3790203.5,0.0,163.83,2026-06-03 13:39:00,14.0,3839600.0,0.0,0.0,0.0,0.0,0.0,0.0,0.0,0.0,3790203.5,False,False,False,none
LD000209,Kisii,IK,Kilele Fuels,TRK-127,21400.0,1555299.1,1576711.0,2026-06-03 12:52:00,21411.899999999907,DS000205,21248.0,2026-06-03 13:28:00,Dispatched,1.0,21248.0,2921810.68,2921810.68,0.0,137.51,2026-06-03 14:28:00,1.0,2996000.0,0.0,0.0,0.0,0.0,0.0,0.0,0.0,0.0,2921810.68,False,False,False,none
LD000210,Kisii,PMS,Summit Downstream Ltd,TRK-483,32700.0,1426797.0,1459494.0,2026-06-03 16:15:00,32697.0,,,,,,,,,0.0,,,,5411850.0,,5411850.0,0.0,0.0,0.0,0.0,0.0,5411850.0,0.0,False,False,True,dispatch_capture_gap
LD000211,Kisii,PMS,Mara Fuels,TRK-240,33600.0,3983898.1,4017501.5,2026-06-03 08:53:00,33603.39999999991,DS000206,33497.0,2026-06-03 10:15:00,Dispatched,1.0,33497.0,5651119.48,5651119.48,0.0,168.71,2026-06-05 12:15:00,7.0,5560800.0,2.0,0.0,0.0,0.0,0.0,0.0,0.0,0.0,5651119.48,False,False,False,none
LD000212,Kisii,IK,Baraka Downstream,TRK-580,35900.0,1820007.2,1855906.5,2026-06-03 20:44:00,35899.30000000005,DS000207,35840.0,2026-06-03 22:43:00,Dispatched,1.0,35840.0,5028633.77,5028633.77,0.0,140.31,2026-06-06 02:43:00,3.0,5026000.0,2.0,0.0,0.0,0.0,0.0,0.0,0.0,0.0,5028633.77,False,False,False,none
LD000213,Kisii,IK,Equator Fuels,TRK-661,26100.0,4705797.7,4731900.6,2026-06-03 05:16:00,26102.89999999944,DS000208,26075.0,2026-06-03 08:02:00,Dispatched,1.0,26075.0,3606357.85,3606357.85,0.0,138.31,2026-06-03 11:02:00,7.0,3654000.0,0.0,0.0,0.0,0.0,0.0,0.0,0.0,0.0,3606357.85,False,False,False,none
LD000214,Mombasa,PMS,Coastline Energy Ltd,TRK-344,23200.0,1654623.8,1677826.3,2026-06-04 14:15:00,23202.5,DS000209,23111.0,2026-06-04 15:17:00,Dispatched,1.0,23111.0,3850415.97,3850415.97,0.0,166.61,2026-06-04 17:17:00,30.0,3839600.0,0.0,0.0,0.0,0.0,0.0,0.0,0.0,0.0,3850415.97,False,False,False,none
LD000215,Mombasa,PMS,Highland Energy Co,TRK-627,22600.0,4258298.9,4280900.3,2026-06-04 20:38:00,22601.39999999944,DS000210,22677.0,2026-06-04 21:08:00,Dispatched,1.0,22677.0,3818205.32,3818205.32,0.0,168.37,2026-06-05 04:08:00,7.0,3740300.0,0.0,0.0,0.0,0.0,0.0,0.0,0.0,0.0,3818205.32,False,False,False,none
LD000216,Mombasa,PMS,Zenith Petroleum,TRK-526,25700.0,4508802.2,4534512.6,2026-06-04 05:39:00,25710.39999999944,DS000211,25645.0,2026-06-04 07:51:00,Dispatched,1.0,25645.0,4176747.09,4176747.09,0.0,162.87,2026-06-07 15:51:00,1.0,4253350.0,3.0,0.0,0.0,0.0,0.0,0.0,0.0,0.0,4176747.09,False,False,False,none
LD000217,Mombasa,AGO,Amani Petroleum,TRK-905,26300.0,4266397.8,4292687.6,2026-06-04 16:04:00,26289.799999999814,DS000212,26351.0,2026-06-04 18:27:00,Dispatched,1.0,26351.0,4118505.64,4118505.64,0.0,156.29,2026-06-04 21:27:00,1.0,4081759.9999999995,0.0,0.0,0.0,0.0,0.0,0.0,0.0,0.0,4118505.64,False,False,False,none
LD000218,Mombasa,AGO,Summit Downstream Ltd,TRK-359,27400.0,2205511.5,2232906.5,2026-06-04 06:40:00,27395.0,DS000213,27404.0,2026-06-04 08:19:00,Dispatched,1.0,27404.0,4302611.98,4302611.98,0.0,157.01,2026-06-04 08:19:00,14.0,4252480.0,0.0,0.0,0.0,0.0,0.0,0.0,0.0,0.0,4302611.98,False,False,False,none
LD000219,Mombasa,AGO,Horizon Oil Marketers,TRK-852,32000.0,3010881.6,3042883.2,2026-06-04 16:15:00,32001.600000000093,DS000214,32090.0,2026-06-04 17:25:00,Dispatched,1.0,32090.0,4926546.26,4926546.26,0.0,153.52,2026-06-06 00:25:00,3.0,4966400.0,1.0,0.0,0.0,0.0,0.0,0.0,0.0,0.0,4926546.26,False,False,False,none
LD000220,Mombasa,PMS,Tsavo Energy Group,TRK-801,26100.0,3174211.4,3200310.3,2026-06-04 22:21:00,26098.899999999907,DS000215,26081.0,2026-06-05 00:36:00,Dispatched,1.0,26081.0,4300188.99,4300188.99,0.0,164.88,2026-06-06 02:36:00,14.0,4319550.0,1.0,0.0,0.0,0.0,0.0,0.0,0.0,0.0,4300188.99,False,False,False,none
LD000221,Mombasa,AGO,Kilele Fuels,TRK-306,34500.0,3496952.0,3531444.6,2026-06-04 09:04:00,34492.60000000009,DS000216,34404.0,2026-06-04 11:37:00,Dispatched,1.0,34404.0,5239580.05,5239580.05,0.0,152.3,2026-06-07 17:37:00,3.0,5354400.0,3.0,0.0,0.0,0.0,0.0,0.0,0.0,0.0,5239580.05,False,False,False,none
LD000222,Mombasa,AGO,Coastline Energy Ltd,TRK-934,22200.0,4176100.8,4198306.5,2026-06-04 15:59:00,22205.700000000186,DS000217,22160.0,2026-06-04 17:38:00,Dispatched,1.0,22160.0,3460153.91,3460153.91,0.0,156.14,2026-06-07 23:38:00,21.0,3445439.9999999995,3.0,0.0,0.0,0.0,0.0,0.0,0.0,0.0,3460153.91,False,False,False,none
LD000223,Mombasa,PMS,Zenith Petroleum,TRK-148,29900.0,3133844.4,3163745.3,2026-06-04 11:18:00,29900.899999999907,DS000218,29848.0,2026-06-04 13:24:00,Dispatched,1.0,29848.0,4841562.34,4841562.34,0.0,162.21,2026-06-06 16:24:00,30.0,4948450.0,2.0,0.0,0.0,0.0,0.0,0.0,0.0,0.0,4841562.34,False,False,False,none
LD000224,Nairobi,PMS,Summit Downstream Ltd,TRK-495,32000.0,3827921.8,3859923.0,2026-06-04 16:27:00,32001.200000000186,DS000219,32198.0,2026-06-04 18:47:00,Dispatched,1.0,32198.0,5347629.89,5347629.89,0.0,166.09,2026-06-06 02:47:00,30.0,5296000.0,1.0,0.0,0.0,0.0,0.0,0.0,0.0,0.0,5347629.89,False,False,False,none
LD000225,Nairobi,AGO,Amani Petroleum,TRK-184,32500.0,1572511.9,1605015.2,2026-06-04 20:23:00,32503.300000000047,DS000220,32507.0,2026-06-04 21:58:00,Dispatched,1.0,32507.0,5102775.32,5102775.32,0.0,156.97,2026-06-06 02:58:00,3.0,5044000.0,1.0,0.0,0.0,0.0,0.0,0.0,0.0,0.0,5102775.32,False,False,False,none
LD000226,Nairobi,PMS,Coastline Energy Ltd,TRK-181,27900.0,4018541.2,4046436.7,2026-06-04 10:34:00,27895.5,DS000221,27900.0,2026-06-04 12:14:00,Dispatched,1.0,27900.0,4683405.14,4683405.14,0.0,167.86,2026-06-05 12:14:00,14.0,4617450.0,1.0,0.0,0.0,0.0,0.0,0.0,0.0,0.0,4683405.14,False,False,False,none
LD000227,Nairobi,PMS,Kilele Fuels,TRK-143,21600.0,3145925.4,3167521.5,2026-06-04 18:10:00,21596.100000000093,DS000222,21657.0,2026-06-04 19:05:00,Dispatched,1.0,21657.0,3628102.02,3628102.02,0.0,167.53,2026-06-05 00:05:00,3.0,3574800.0,0.0,0.0,0.0,0.0,0.0,0.0,0.0,0.0,3628102.02,False,False,False,none
LD000228,Nairobi,PMS,Summit Downstream Ltd,TRK-920,29700.0,3009153.4,3038842.4,2026-06-04 06:04:00,29689.0,DS000223,29700.0,2026-06-04 06:54:00,Dispatched,1.0,28783.0,4847513.94,0.0,4847513.94,168.42,2026-06-04 07:54:00,,4915350.0,0.0,0.0,0.0,0.0,0.0,917.0,154441.13999999998,5001955.08,0.0,False,False,True,collections_gap
LD000229,Nairobi,PMS,Baraka Downstream,TRK-897,28600.0,2945429.9,2974037.0,2026-06-04 19:02:00,28607.100000000093,DS000224,28696.0,2026-06-04 21:21:00,Dispatched,1.0,28696.0,4754865.43,4754865.43,0.0,165.7,2026-06-05 02:21:00,21.0,4733300.0,0.0,0.0,0.0,0.0,0.0,0.0,0.0,0.0,4754865.43,False,False,False,none
LD000230,Nairobi,PMS,Baraka Downstream,TRK-479,20200.0,3393770.8,3413968.4,2026-06-04 06:38:00,20197.600000000093,DS000225,20177.0,2026-06-04 09:16:00,Dispatched,1.0,20177.0,3283122.8,3283122.8,0.0,162.72,2026-06-05 16:16:00,1.0,3343100.0,1.0,0.0,0.0,0.0,0.0,0.0,0.0,0.0,3283122.8,False,False,False,none
LD000231,Nairobi,AGO,Zenith Petroleum,TRK-765,29000.0,3864716.3,3893722.2,2026-06-04 09:33:00,29005.900000000373,DS000226,28959.0,2026-06-04 11:50:00,Dispatched,1.0,28959.0,4469373.12,4469373.12,0.0,154.33,2026-06-05 11:50:00,21.0,4500800.0,1.0,0.0,0.0,0.0,0.0,0.0,0.0,0.0,4469373.12,False,False,False,none
LD000232,Nairobi,IK,Tsavo Energy Group,TRK-496,35300.0,2370097.0,2405398.8,2026-06-04 05:47:00,35301.799999999814,DS000227,35196.0,2026-06-04 06:21:00,Dispatched,1.0,35196.0,5001682.63,5001682.63,0.0,142.11,2026-06-07 08:21:00,7.0,4942000.0,3.0,0.0,0.0,0.0,0.0,0.0,0.0,0.0,5001682.63,False,False,False,none
LD000233,Nairobi,AGO,Crescent Oil Ltd,TRK-602,23600.0,2694387.4,2717991.5,2026-06-04 19:13:00,23604.100000000093,DS000228,23731.0,2026-06-04 20:29:00,Dispatched,1.0,23731.0,3705992.85,3705992.85,0.0,156.17,2026-06-07 00:29:00,30.0,3662719.9999999995,2.0,0.0,0.0,0.0,0.0,0.0,0.0,0.0,3705992.85,False,False,False,none
LD000234,Nairobi,PMS,Tsavo Energy Group,TRK-555,34600.0,1556464.8,1591057.3,2026-06-04 07:28:00,34592.5,DS000229,34593.0,2026-06-04 09:09:00,Dispatched,1.0,34593.0,5694451.74,5694451.74,0.0,164.61,2026-06-06 10:09:00,21.0,5726300.0,2.0,0.0,0.0,0.0,0.0,0.0,0.0,0.0,5694451.74,False,False,False,none
LD000235,Kisumu,AGO,Highland Energy Co,TRK-407,29800.0,1072440.7,1102249.6,2026-06-04 07:35:00,29808.90000000014,DS000230,29695.0,2026-06-04 08:35:00,Dispatched,1.0,29695.0,4618564.28,4618564.28,0.0,155.53,2026-06-04 16:35:00,7.0,4624960.0,0.0,0.0,0.0,0.0,0.0,0.0,0.0,0.0,4618564.28,False,False,False,none
LD000236,Kisumu,AGO,Horizon Oil Marketers,TRK-911,34800.0,3828954.5,3863757.5,2026-06-04 21:14:00,34803.0,,,,,,,,,0.0,,,,5400960.0,,5400960.0,0.0,0.0,0.0,0.0,0.0,5400960.0,0.0,False,False,True,dispatch_capture_gap
LD000237,Kisumu,AGO,Highland Energy Co,TRK-578,22400.0,3305153.4,3327546.7,2026-06-04 05:23:00,22393.30000000028,DS000231,22413.0,2026-06-04 08:00:00,Dispatched,1.0,22413.0,3509664.92,2797015.36,712649.56,156.59,2026-06-11 16:00:00,3.0,3476479.9999999995,7.0,0.0,0.0,0.0,0.0,0.0,0.0,712649.56,2797015.36,True,False,True,collections_gap
LD000238,Kisumu,AGO,Coastline Energy Ltd,TRK-834,31800.0,4737468.1,4769277.5,2026-06-04 07:04:00,31809.400000000373,DS000232,31738.0,2026-06-04 07:48:00,Dispatched,1.0,31738.0,4979016.94,0.0,4979016.94,156.88,2026-06-05 07:48:00,,4935360.0,1.0,0.0,0.0,0.0,0.0,0.0,0.0,4979016.94,0.0,False,False,True,collections_gap
LD000239,Kisumu,AGO,Pioneer Fuels Kenya,TRK-424,34800.0,2803357.5,2838170.2,2026-06-04 18:52:00,34812.700000000186,DS000233,34759.0,2026-06-04 21:16:00,Dispatched,1.0,34759.0,5444327.8,5444327.8,0.0,156.63,2026-06-05 03:16:00,60.0,5400960.0,0.0,0.0,0.0,0.0,0.0,0.0,0.0,0.0,5444327.8,False,True,False,none
LD000240,Kisumu,PMS,Baraka Downstream,TRK-898,26400.0,1219046.6,1245449.2,2026-06-04 21:22:00,26402.59999999986,DS000234,26425.0,2026-06-04 23:02:00,Dispatched,1.0,26425.0,4334792.9,4334792.9,0.0,164.04,2026-06-05 03:02:00,21.0,4369200.0,0.0,0.0,0.0,0.0,0.0,0.0,0.0,0.0,4334792.9,False,False,False,none
LD000241,Kisumu,AGO,Amani Petroleum,TRK-156,25400.0,4211413.8,4236818.1,2026-06-04 09:27:00,25404.299999999814,DS000235,25516.0,2026-06-04 11:58:00,Dispatched,1.0,25516.0,3989685.23,3989685.23,0.0,156.36,2026-06-05 16:58:00,60.0,3942079.9999999995,1.0,0.0,0.0,0.0,0.0,0.0,0.0,0.0,3989685.23,False,True,False,none
LD000242,Eldoret,PMS,Nyanza Petroleum Co,TRK-631,25500.0,2387812.8,2413301.2,2026-06-04 10:20:00,25488.400000000373,DS000236,25508.0,2026-06-04 13:20:00,Dispatched,1.0,25508.0,4232634.65,4232634.65,0.0,165.93,2026-06-05 15:20:00,1.0,4220250.0,1.0,0.0,0.0,0.0,0.0,0.0,0.0,0.0,4232634.65,False,False,False,none
LD000243,Eldoret,PMS,Baraka Downstream,TRK-729,31800.0,2808871.8,2840670.5,2026-06-04 22:17:00,31798.700000000186,DS000237,31732.0,2026-06-04 23:13:00,Dispatched,1.0,31732.0,5307882.74,5307882.74,0.0,167.27,2026-06-06 04:13:00,3.0,5262900.0,1.0,0.0,0.0,0.0,0.0,0.0,0.0,0.0,5307882.74,False,False,False,none
LD000244,Eldoret,AGO,Pioneer Fuels Kenya,TRK-774,22300.0,1705547.9,1727840.4,2026-06-04 10:37:00,22292.5,DS000238,22266.0,2026-06-04 12:37:00,Dispatched,1.0,22266.0,3435577.23,3435577.23,0.0,154.3,2026-06-07 20:37:00,21.0,3460959.9999999995,3.0,0.0,0.0,0.0,0.0,0.0,0.0,0.0,3435577.23,False,False,False,none
LD000245,Eldoret,AGO,Rift Valley Fuels Ltd,TRK-756,28000.0,2675701.8,2703700.6,2026-06-04 06:52:00,27998.80000000028,DS000239,28055.0,2026-06-04 08:28:00,Dispatched,1.0,28055.0,4378045.4,4378045.4,0.0,156.05,2026-06-11 10:28:00,45.0,4345600.0,7.0,0.0,0.0,0.0,0.0,0.0,0.0,0.0,4378045.4,True,True,False,none
LD000246,Eldoret,AGO,Rift Valley Fuels Ltd,TRK-742,29300.0,3529057.2,3558360.7,2026-06-04 18:39:00,29303.5,DS000240,29128.0,2026-06-04 20:33:00,Dispatched,1.0,29128.0,4556789.16,4556789.16,0.0,156.44,2026-06-07 02:33:00,1.0,4547360.0,2.0,0.0,0.0,0.0,0.0,0.0,0.0,0.0,4556789.16,False,False,False,none
LD000247,Eldoret,AGO,Nyanza Petroleum Co,TRK-801,20200.0,3654149.5,3674348.2,2026-06-04 14:30:00,20198.700000000186,DS000241,20137.0,2026-06-04 16:52:00,Dispatched,1.0,20137.0,3071687.7,3071687.7,0.0,152.54,2026-06-04 17:52:00,1.0,3135040.0,0.0,0.0,0.0,0.0,0.0,0.0,0.0,0.0,3071687.7,False,False,False,none
LD000248,Eldoret,AGO,Kilele Fuels,TRK-575,21400.0,4987497.0,5008891.5,2026-06-04 06:10:00,21394.5,DS000242,21414.0,2026-06-04 06:45:00,Dispatched,1.0,21414.0,3324922.12,3324922.12,0.0,155.27,2026-06-06 12:45:00,3.0,3321279.9999999995,2.0,0.0,0.0,0.0,0.0,0.0,0.0,0.0,3324922.12,False,False,False,none
LD000249,Eldoret,AGO,Mara Fuels,TRK-981,28000.0,3381540.1,3409540.2,2026-06-04 15:55:00,28000.100000000093,DS000243,27857.0,2026-06-04 16:25:00,Dispatched,1.0,27857.0,4319401.68,4319401.68,0.0,155.06,2026-06-06 18:25:00,30.0,4345600.0,2.0,0.0,0.0,0.0,0.0,0.0,0.0,0.0,4319401.68,False,False,False,none
LD000250,Eldoret,PMS,Highland Energy Co,TRK-347,23400.0,4592217.2,4615617.1,2026-06-04 16:32:00,23399.89999999944,DS000244,23378.0,2026-06-04 19:01:00,Dispatched,1.0,23378.0,3835787.86,3835787.86,0.0,164.08,2026-06-05 00:01:00,21.0,3872700.0,0.0,0.0,0.0,0.0,0.0,0.0,0.0,0.0,3835787.86,False,False,False,none
LD000251,Eldoret,PMS,Horizon Oil Marketers,TRK-493,23300.0,1762750.9,1786050.7,2026-06-04 12:09:00,23299.800000000047,DS000245,23267.0,2026-06-04 14:50:00,Dispatched,1.0,23267.0,3816306.49,3816306.49,0.0,164.02,2026-06-06 18:50:00,3.0,3856150.0,2.0,0.0,0.0,0.0,0.0,0.0,0.0,0.0,3816306.49,False,False,False,none
LD000252,Eldoret,PMS,Mara Fuels,TRK-838,29000.0,1262834.6,1291831.9,2026-06-04 10:52:00,28997.299999999814,DS000246,29076.0,2026-06-04 12:13:00,Dispatched,1.0,29076.0,4789742.28,4789742.28,0.0,164.73,2026-06-06 13:13:00,1.0,4799500.0,2.0,0.0,0.0,0.0,0.0,0.0,0.0,0.0,4789742.28,False,False,False,none
LD000253,Nakuru,AGO,Kilele Fuels,TRK-415,27300.0,3097561.1,3124850.7,2026-06-04 20:32:00,27289.600000000093,DS000247,27280.0,2026-06-04 23:07:00,Dispatched,1.0,27280.0,4173364.35,4173364.35,0.0,152.98,2026-06-07 00:07:00,14.0,4236960.0,2.0,0.0,0.0,0.0,0.0,0.0,0.0,0.0,4173364.35,False,False,False,none
LD000254,Nakuru,PMS,Kilele Fuels,TRK-320,29000.0,1620961.0,1649954.8,2026-06-04 17:32:00,28993.800000000047,DS000248,29103.0,2026-06-04 19:00:00,Dispatched,1.0,29103.0,4852364.58,4852364.58,0.0,166.73,2026-06-04 22:00:00,3.0,4799500.0,0.0,0.0,0.0,0.0,0.0,0.0,0.0,0.0,4852364.58,False,False,False,none
LD000255,Nakuru,PMS,Crescent Oil Ltd,TRK-769,22900.0,4447142.5,4470041.8,2026-06-04 14:31:00,22899.299999999814,DS000249,22905.0,2026-06-04 15:02:00,Dispatched,1.0,22905.0,3745876.25,3745876.25,0.0,163.54,2026-06-05 17:02:00,21.0,3789950.0,1.0,0.0,0.0,0.0,0.0,0.0,0.0,0.0,3745876.25,False,False,False,none
LD000256,Nakuru,PMS,Horizon Oil Marketers,TRK-370,24300.0,3575998.2,3600300.8,2026-06-04 05:54:00,24302.599999999627,DS000250,24430.0,2026-06-04 08:44:00,Dispatched,1.0,22560.0,3721892.23,3721892.23,0.0,164.98,2026-06-07 08:44:00,7.0,4021650.0,3.0,0.0,0.0,0.0,0.0,1870.0,308512.6,308512.6,3721892.23,False,False,True,underbilling
LD000257,Nakuru,AGO,Summit Downstream Ltd,TRK-675,26500.0,1101545.4,1128047.8,2026-06-04 16:02:00,26502.40000000014,DS000251,26390.0,2026-06-04 17:37:00,Dispatched,1.0,26390.0,4077383.66,4077383.66,0.0,154.5,2026-06-04 20:37:00,14.0,4112799.9999999995,0.0,0.0,0.0,0.0,0.0,0.0,0.0,0.0,4077383.66,False,False,False,none
LD000258,Nakuru,AGO,Amani Petroleum,TRK-663,30500.0,1108384.0,1138880.1,2026-06-04 07:24:00,30496.100000000093,DS000252,30648.0,2026-06-04 09:35:00,Dispatched,1.0,30648.0,4717612.73,4717612.73,0.0,153.93,2026-06-05 09:35:00,30.0,4733600.0,1.0,0.0,0.0,0.0,0.0,0.0,0.0,0.0,4717612.73,False,False,False,none
LD000259,Nakuru,PMS,Zenith Petroleum,TRK-447,23600.0,1924299.2,1947899.7,2026-06-04 08:25:00,23600.5,DS000253,23571.0,2026-06-04 09:04:00,Dispatched,1.0,23571.0,3884449.8,3884449.8,0.0,164.8,2026-06-06 15:04:00,7.0,3905800.0,2.0,0.0,0.0,0.0,0.0,0.0,0.0,0.0,3884449.8,False,False,False,none
LD000260,Nakuru,AGO,Amani Petroleum,TRK-141,22900.0,3610984.4,3633883.7,2026-06-04 11:38:00,22899.30000000028,DS000254,23001.0,2026-06-04 14:04:00,Dispatched,1.0,23001.0,3527927.97,3527927.97,0.0,153.38,2026-06-06 17:04:00,3.0,3554079.9999999995,2.0,0.0,0.0,0.0,0.0,0.0,0.0,0.0,3527927.97,False,False,False,none
LD000261,Kisii,PMS,Delta Oil Marketers,TRK-252,21600.0,1972688.8,1994292.4,2026-06-04 15:51:00,21603.59999999986,DS000255,21677.0,2026-06-04 18:14:00,Dispatched,1.0,19524.0,3264650.62,3264650.62,0.0,167.21218090555215,2026-06-04 18:14:00,21.0,3574800.0,0.0,0.0,0.0,0.0,0.0,2153.0,360007.82548965374,360007.82548965374,3264650.62,False,False,True,underbilling
LD000262,Kisii,PMS,Summit Downstream Ltd,TRK-857,33300.0,2588734.1,2622036.3,2026-06-04 15:10:00,33302.19999999972,DS000256,33015.0,2026-06-04 16:10:00,Dispatched,1.0,33015.0,5533445.74,5533445.74,0.0,167.6,2026-06-05 21:10:00,3.0,5511150.0,1.0,0.0,0.0,0.0,0.0,0.0,0.0,0.0,5533445.74,False,False,False,none
LD000263,Kisii,AGO,Delta Oil Marketers,TRK-406,30700.0,1819937.2,1850640.2,2026-06-04 21:34:00,30703.0,DS000257,30744.0,2026-06-04 22:40:00,Dispatched,1.0,30744.0,4828676.93,4828676.93,0.0,157.06,2026-06-06 06:40:00,30.0,4764640.0,1.0,0.0,0.0,0.0,0.0,0.0,0.0,0.0,4828676.93,False,False,False,none
LD000264,Kisii,PMS,Pioneer Fuels Kenya,TRK-842,20200.0,1342034.1,1362232.6,2026-06-04 08:26:00,20198.5,DS000258,20260.0,2026-06-04 10:12:00,Dispatched,1.0,20260.0,3286453.97,3286453.97,0.0,162.21,2026-06-05 15:12:00,1.0,3343100.0,1.0,0.0,0.0,0.0,0.0,0.0,0.0,0.0,3286453.97,False,False,False,none
LD000265,Kisii,AGO,Pioneer Fuels Kenya,TRK-838,23300.0,1106128.8,1129430.4,2026-06-04 13:41:00,23301.59999999986,DS000259,23393.0,2026-06-04 14:13:00,Dispatched,1.0,23393.0,3629706.48,3629706.48,0.0,155.16,2026-06-04 14:13:00,30.0,3616159.9999999995,0.0,0.0,0.0,0.0,0.0,0.0,0.0,0.0,3629706.48,False,False,False,none
LD000266,Kisii,PMS,Nyanza Petroleum Co,TRK-817,26700.0,4570686.8,4597380.5,2026-06-04 17:09:00,26693.700000000186,DS000260,26606.0,2026-06-04 18:19:00,Dispatched,1.0,26606.0,4326779.77,4326779.77,0.0,162.62,2026-06-05 20:19:00,1.0,4418850.0,1.0,0.0,0.0,0.0,0.0,0.0,0.0,0.0,4326779.77,False,False,False,none
LD000267,Kisii,PMS,Baraka Downstream,TRK-308,33100.0,2367269.4,2400365.9,2026-06-04 15:26:00,33096.5,DS000261,33159.0,2026-06-04 16:52:00,Dispatched,1.0,31375.0,5197916.93,5197916.93,0.0,165.67,2026-06-07 00:52:00,1.0,5478050.0,2.0,0.0,0.0,0.0,0.0,1784.0,295555.27999999997,295555.27999999997,5197916.93,False,False,True,underbilling
LD000268,Kisii,AGO,Baraka Downstream,TRK-674,29400.0,2072254.6,2101647.6,2026-06-04 06:45:00,29393.0,DS000262,29417.0,2026-06-04 08:11:00,Dispatched,1.0,29417.0,4582835.06,4582835.06,0.0,155.79,2026-06-04 09:11:00,7.0,4562880.0,0.0,0.0,0.0,0.0,0.0,0.0,0.0,0.0,4582835.06,False,False,False,none
LD000269,Kisii,AGO,Kilele Fuels,TRK-450,30000.0,2637646.6,2667636.2,2026-06-04 15:11:00,29989.600000000093,DS000263,30039.0,2026-06-04 16:00:00,Dispatched,1.0,30039.0,4580877.2,4580877.2,0.0,152.5,2026-06-04 19:00:00,45.0,4656000.0,0.0,0.0,0.0,0.0,0.0,0.0,0.0,0.0,4580877.2,False,True,False,none
LD000270,Kisii,AGO,Delta Oil Marketers,TRK-352,24700.0,4793813.2,4818521.7,2026-06-04 13:39:00,24708.5,DS000264,24774.0,2026-06-04 14:34:00,Dispatched,1.0,24774.0,3817532.22,3210229.0,607303.2200000002,154.09,2026-06-06 16:34:00,3.0,3833439.9999999995,2.0,0.0,0.0,0.0,0.0,0.0,0.0,607303.2200000002,3210229.0,False,False,True,collections_gap
LD000271,Kisii,PMS,Coastline Energy Ltd,TRK-806,32200.0,1560452.7,1592652.5,2026-06-04 14:49:00,32199.800000000047,DS000265,32312.0,2026-06-04 17:39:00,Dispatched,1.0,32312.0,5285258.01,5285258.01,0.0,163.57,2026-06-04 18:39:00,1.0,5329100.0,0.0,0.0,0.0,0.0,0.0,0.0,0.0,0.0,5285258.01,False,False,False,none
LD000272,Kisii,PMS,Aberdare Oil Traders,TRK-687,34300.0,4199421.0,4233726.5,2026-06-04 16:35:00,34305.5,DS000266,34233.0,2026-06-04 18:07:00,Dispatched,1.0,34233.0,5564033.15,2749324.17,2814708.9800000004,162.53,2026-06-04 21:07:00,3.0,5676650.0,0.0,0.0,0.0,0.0,0.0,0.0,0.0,2814708.9800000004,2749324.17,False,False,True,collections_gap
LD000273,Kisii,AGO,Zenith Petroleum,TRK-923,26800.0,1089877.2,1116678.7,2026-06-04 17:52:00,26801.5,DS000267,26821.0,2026-06-04 20:42:00,Cancelled,,,,,0.0,,,,4159359.9999999995,,0.0,0.0,0.0,0.0,0.0,0.0,0.0,0.0,False,False,False,none
LD000274,Mombasa,PMS,Kilele Fuels,TRK-865,24100.0,1557424.3,1581515.7,2026-06-05 07:22:00,24091.399999999907,DS000268,24103.0,2026-06-05 09:02:00,Dispatched,1.0,24103.0,3993374.44,3993374.44,0.0,165.68,2026-06-05 16:02:00,21.0,3988550.0,0.0,0.0,0.0,0.0,0.0,0.0,0.0,0.0,3993374.44,False,False,False,none
LD000275,Mombasa,PMS,Highland Energy Co,TRK-240,33400.0,4937608.7,4971002.3,2026-06-05 22:17:00,33393.59999999963,DS000269,33376.0,2026-06-06 01:16:00,Dispatched,1.0,33376.0,5634129.57,5634129.57,0.0,168.81,2026-06-07 07:16:00,7.0,5527700.0,1.0,0.0,0.0,0.0,0.0,0.0,0.0,0.0,5634129.57,False,False,False,none
LD000276,Mombasa,PMS,Nyanza Petroleum Co,TRK-523,24400.0,1073562.7,1097963.2,2026-06-05 21:14:00,24400.5,DS000270,24389.0,2026-06-05 22:47:00,Dispatched,1.0,24389.0,4018134.91,4018134.91,0.0,164.75,2026-06-06 04:47:00,21.0,4038200.0,0.0,0.0,0.0,0.0,0.0,0.0,0.0,0.0,4018134.91,False,False,False,none
LD000277,Mombasa,PMS,Highland Energy Co,TRK-261,34600.0,1471004.3,1505596.2,2026-06-05 09:00:00,34591.89999999991,DS000271,34620.0,2026-06-05 09:49:00,Dispatched,1.0,34620.0,5658632.3,5658632.3,0.0,163.45,2026-06-06 09:49:00,21.0,5726300.0,1.0,0.0,0.0,0.0,0.0,0.0,0.0,0.0,5658632.3,False,False,False,none
LD000278,Mombasa,AGO,Coastline Energy Ltd,TRK-761,28900.0,3605681.6,3634584.4,2026-06-05 11:48:00,28902.799999999814,DS000272,28848.0,2026-06-05 12:52:00,Dispatched,1.0,28848.0,4490151.92,4490151.92,0.0,155.64863838047697,2026-06-08 16:52:00,14.0,4485280.0,3.0,0.0,0.0,0.0,0.0,0.0,0.0,0.0,4490151.92,False,False,False,none
LD000279,Mombasa,AGO,Savannah Petroleum,TRK-279,33300.0,1825685.1,1858993.2,2026-06-05 12:34:00,33308.09999999986,DS000273,33388.0,2026-06-05 14:31:00,Dispatched,2.0,66776.0,10485280.06,10485280.06,0.0,157.02,2026-06-05 15:31:00,30.0,5168160.0,0.0,0.0,0.0,0.0,0.0,0.0,0.0,0.0,10485280.06,False,False,False,none
LD000280,Mombasa,IK,Summit Downstream Ltd,TRK-290,30600.0,1701485.1,1732093.0,2026-06-05 06:53:00,30607.899999999907,DS000274,30717.0,2026-06-05 09:21:00,Dispatched,1.0,30717.0,4383388.38,4383388.38,0.0,142.7,2026-06-05 13:21:00,3.0,4284000.0,0.0,0.0,0.0,0.0,0.0,0.0,0.0,0.0,4383388.38,False,False,False,none
LD000281,Mombasa,PMS,Mara Fuels,TRK-756,34600.0,2675082.1,2709684.0,2026-06-05 08:59:00,34601.89999999991,DS000275,34515.0,2026-06-05 10:43:00,Dispatched,1.0,34515.0,5730429.26,5730429.26,0.0,166.02721309575546,2026-06-08 17:43:00,21.0,5726300.0,3.0,0.0,0.0,0.0,0.0,0.0,0.0,0.0,5730429.26,False,False,False,none
LD000282,Mombasa,AGO,Equator Fuels,TRK-438,20800.0,1665133.5,1685921.7,2026-06-05 19:17:00,20788.199999999953,DS000276,20882.0,2026-06-05 21:35:00,Dispatched,1.0,20882.0,3203975.66,3203975.66,0.0,153.43,2026-06-06 03:35:00,3.0,3228159.9999999995,0.0,0.0,0.0,0.0,0.0,0.0,0.0,0.0,3203975.66,False,False,False,none
LD000283,Mombasa,AGO,Mara Fuels,TRK-681,31800.0,1331194.7,1362987.5,2026-06-05 10:00:00,31792.800000000047,DS000277,31722.0,2026-06-05 12:23:00,Dispatched,1.0,31722.0,4872255.73,4872255.73,0.0,153.59,2026-06-05 12:23:00,1.0,4935360.0,0.0,0.0,0.0,0.0,0.0,0.0,0.0,0.0,4872255.73,False,False,False,none
LD000284,Mombasa,AGO,Uhuru Energy Partners,TRK-188,26200.0,2154774.9,2180977.8,2026-06-05 17:52:00,26202.899999999907,DS000278,26271.0,2026-06-05 20:20:00,Dispatched,1.0,26271.0,4149762.71,4149762.71,0.0,157.96,2026-06-06 23:20:00,45.0,4066239.9999999995,1.0,0.0,0.0,0.0,0.0,0.0,0.0,0.0,4149762.71,False,True,False,none
LD000285,Mombasa,PMS,Mara Fuels,TRK-106,25700.0,3876183.6,3901886.5,2026-06-05 09:30:00,25702.899999999907,DS000279,25802.0,2026-06-05 12:03:00,Dispatched,1.0,25802.0,4297827.72,4297827.72,0.0,166.57,2026-06-05 15:03:00,14.0,4253350.0,0.0,0.0,0.0,0.0,0.0,0.0,0.0,0.0,4297827.72,False,False,False,none
LD000286,Mombasa,PMS,Coastline Energy Ltd,TRK-686,27600.0,3654684.7,3682275.9,2026-06-05 13:21:00,27591.19999999972,DS000280,27592.0,2026-06-05 14:06:00,Dispatched,1.0,27592.0,4634348.58,4634348.58,0.0,167.96,2026-06-06 14:06:00,7.0,4567800.0,1.0,0.0,0.0,0.0,0.0,0.0,0.0,0.0,4634348.58,False,False,False,none
LD000287,Mombasa,AGO,Horizon Oil Marketers,TRK-263,35000.0,3930288.4,3965291.4,2026-06-05 12:03:00,35003.0,DS000281,34915.0,2026-06-05 14:48:00,Dispatched,1.0,34915.0,5398071.32,5398071.32,0.0,154.61,2026-06-05 14:48:00,21.0,5432000.0,0.0,0.0,0.0,0.0,0.0,0.0,0.0,0.0,5398071.32,False,False,False,none
LD000288,Nairobi,AGO,Crescent Oil Ltd,TRK-236,27900.0,3387371.4,3415263.8,2026-06-05 14:23:00,27892.399999999907,DS000282,27851.0,2026-06-05 15:11:00,Dispatched,1.0,27851.0,4376915.39,4376915.39,0.0,157.15,2026-06-07 19:11:00,3.0,4330080.0,2.0,0.0,0.0,0.0,0.0,0.0,0.0,0.0,4376915.39,False,False,False,none
LD000289,Nairobi,AGO,Highland Energy Co,TRK-875,25300.0,4083648.8,4108948.6,2026-06-05 16:26:00,25299.80000000028,DS000283,25327.0,2026-06-05 17:42:00,Dispatched,1.0,25327.0,3962635.76,3962635.76,0.0,156.46,2026-06-08 21:42:00,45.0,3926559.9999999995,3.0,0.0,0.0,0.0,0.0,0.0,0.0,0.0,3962635.76,False,True,False,none
LD000290,Nairobi,AGO,Kilele Fuels,TRK-470,31000.0,2739309.4,2770318.3,2026-06-05 07:33:00,31008.899999999907,DS000284,31183.0,2026-06-05 09:43:00,Dispatched,1.0,31183.0,4840698.4,4840698.4,0.0,155.24,2026-06-05 12:43:00,1.0,4811200.0,0.0,0.0,0.0,0.0,0.0,0.0,0.0,0.0,4840698.4,False,False,False,none
LD000291,Nairobi,PMS,Amani Petroleum,TRK-649,23900.0,4276409.3,4300312.5,2026-06-05 22:57:00,23903.200000000186,DS000285,23779.0,2026-06-06 00:14:00,Dispatched,1.0,23779.0,3958553.52,3958553.52,0.0,166.47,2026-06-06 00:14:00,14.0,3955450.0,0.0,0.0,0.0,0.0,0.0,0.0,0.0,0.0,3958553.52,False,False,False,none
LD000292,Nairobi,PMS,Horizon Oil Marketers,TRK-834,24400.0,3360922.7,3385327.6,2026-06-05 21:28:00,24404.899999999907,DS000286,24407.0,2026-06-05 23:47:00,Dispatched,1.0,24407.0,4066314.96,4066314.96,0.0,166.6,2026-06-07 00:47:00,21.0,4038200.0,1.0,0.0,0.0,0.0,0.0,0.0,0.0,0.0,4066314.96,False,False,False,none
LD000293,Nairobi,AGO,Savannah Petroleum,TRK-625,25800.0,1366328.3,1392127.9,2026-06-05 19:51:00,25799.59999999986,DS000287,25793.0,2026-06-05 20:57:00,Dispatched,1.0,25793.0,4033060.88,4033060.88,0.0,156.36,2026-06-13 02:57:00,7.0,4004159.9999999995,7.0,0.0,0.0,0.0,0.0,0.0,0.0,0.0,4033060.88,True,False,False,none
LD000294,Kisumu,AGO,Coastline Energy Ltd,TRK-505,32100.0,3555797.5,3587900.6,2026-06-05 22:29:00,32103.100000000093,DS000288,32056.0,2026-06-05 23:52:00,Dispatched,1.0,32056.0,4915138.7,4915138.7,0.0,153.33,2026-06-06 04:52:00,21.0,4981920.0,0.0,0.0,0.0,0.0,0.0,0.0,0.0,0.0,4915138.7,False,False,False,none
LD000295,Kisumu,AGO,Uhuru Energy Partners,TRK-165,32100.0,3896413.3,3928513.5,2026-06-05 07:02:00,32100.200000000186,DS000289,32092.0,2026-06-05 08:07:00,Dispatched,1.0,32092.0,4919781.07,4919781.07,0.0,153.3,2026-06-08 09:07:00,45.0,4981920.0,3.0,0.0,0.0,0.0,0.0,0.0,0.0,0.0,4919781.07,False,True,False,none
LD000296,Kisumu,IK,Delta Oil Marketers,TRK-518,34500.0,3586659.7,3621159.8,2026-06-05 07:59:00,34500.09999999963,DS000290,34444.0,2026-06-05 10:30:00,Dispatched,1.0,34444.0,4765569.46,4765569.46,0.0,138.36,2026-06-05 10:30:00,21.0,4830000.0,0.0,0.0,0.0,0.0,0.0,0.0,0.0,0.0,4765569.46,False,False,False,none
LD000297,Kisumu,AGO,Summit Downstream Ltd,TRK-486,31100.0,1206383.2,1237481.6,2026-06-05 18:23:00,31098.40000000014,DS000291,31216.0,2026-06-05 21:05:00,Dispatched,1.0,31216.0,4771894.89,4771894.89,0.0,152.87,2026-06-07 00:05:00,3.0,4826720.0,1.0,0.0,0.0,0.0,0.0,0.0,0.0,0.0,4771894.89,False,False,False,none
LD000298,Kisumu,AGO,Zenith Petroleum,TRK-650,29400.0,4997414.0,5026814.6,2026-06-05 22:08:00,29400.599999999627,DS000292,29518.0,2026-06-05 23:37:00,Dispatched,1.0,29518.0,4666633.54,4666633.54,0.0,158.09,2026-06-13 02:37:00,14.0,4562880.0,7.0,0.0,0.0,0.0,0.0,0.0,0.0,0.0,4666633.54,True,False,False,none
LD000299,Kisumu,AGO,Rift Valley Fuels Ltd,TRK-405,28900.0,2892840.5,2921736.8,2026-06-05 12:53:00,28896.299999999814,DS000293,27985.0,2026-06-05 14:29:00,Dispatched,1.0,27985.0,4263203.75,4263203.75,0.0,152.34,2026-06-12 22:29:00,45.0,4485280.0,7.0,0.0,915.0,142008.0,0.0,0.0,0.0,142008.0,4263203.75,True,True,True,shrinkage
LD000300,Kisumu,AGO,Kilele Fuels,TRK-382,31700.0,1770396.1,1802094.3,2026-06-05 12:15:00,31698.199999999953,DS000294,31745.0,2026-06-05 15:12:00,Dispatched,1.0,31745.0,5024851.03,5024851.03,0.0,158.29,2026-06-12 17:12:00,7.0,4919840.0,7.0,0.0,0.0,0.0,0.0,0.0,0.0,0.0,5024851.03,True,False,False,none
LD000301,Kisumu,PMS,Rift Valley Fuels Ltd,TRK-168,21800.0,2687050.6,2708853.9,2026-06-05 18:39:00,21803.299999999814,DS000295,21896.0,2026-06-05 21:04:00,Dispatched,1.0,21896.0,3648565.85,3648565.85,0.0,166.63,2026-06-12 21:04:00,14.0,3607900.0,7.0,0.0,0.0,0.0,0.0,0.0,0.0,0.0,3648565.85,True,False,False,none
LD000302,Kisumu,PMS,Savannah Petroleum,TRK-339,20900.0,2820574.7,2841478.7,2026-06-05 06:15:00,20904.0,DS000296,20899.0,2026-06-05 08:07:00,Dispatched,1.0,20899.0,3406522.67,3406522.67,0.0,163.0,2026-06-07 14:07:00,7.0,3458950.0,2.0,0.0,0.0,0.0,0.0,0.0,0.0,0.0,3406522.67,False,False,False,none
LD000303,Kisumu,AGO,Amani Petroleum,TRK-339,28400.0,3578186.6,3606580.2,2026-06-05 06:08:00,28393.600000000093,DS000297,28352.0,2026-06-05 08:36:00,Dispatched,1.0,28352.0,4322722.91,4322722.91,0.0,152.47,2026-06-08 10:36:00,1.0,4407680.0,3.0,0.0,0.0,0.0,0.0,0.0,0.0,0.0,4322722.91,False,False,False,none
LD000304,Kisumu,AGO,Coastline Energy Ltd,TRK-776,29000.0,2924247.5,2953254.6,2026-06-05 15:15:00,29007.100000000093,DS000298,29061.0,2026-06-05 16:04:00,Dispatched,1.0,29061.0,4598876.21,4598876.21,0.0,158.25,2026-06-05 21:04:00,1.0,4500800.0,0.0,0.0,0.0,0.0,0.0,0.0,0.0,0.0,4598876.21,False,False,False,none
LD000305,Kisumu,PMS,Highland Energy Co,TRK-852,34200.0,3121060.5,3155250.1,2026-06-05 13:03:00,34189.60000000009,DS000299,34241.0,2026-06-05 15:47:00,Dispatched,1.0,34241.0,5583277.68,5583277.68,0.0,163.06,2026-06-05 17:47:00,45.0,5660100.0,0.0,0.0,0.0,0.0,0.0,0.0,0.0,0.0,5583277.68,False,True,False,none
LD000306,Kisumu,AGO,Summit Downstream Ltd,TRK-426,29200.0,4215907.9,4245101.5,2026-06-05 06:22:00,29193.599999999627,DS000300,29183.0,2026-06-05 08:35:00,Dispatched,1.0,29183.0,4616912.24,4616912.24,0.0,158.21,2026-06-12 08:35:00,14.0,4531840.0,7.0,0.0,0.0,0.0,0.0,0.0,0.0,0.0,4616912.24,True,False,False,none
LD000307,Eldoret,PMS,Tsavo Energy Group,TRK-584,32700.0,2275010.0,2307714.3,2026-06-05 14:24:00,32704.299999999814,DS000301,32748.0,2026-06-05 15:39:00,Dispatched,1.0,32748.0,5498880.46,5498880.46,0.0,167.92,2026-06-05 19:39:00,1.0,5411850.0,0.0,0.0,0.0,0.0,0.0,0.0,0.0,0.0,5498880.46,False,False,False,none
LD000308,Eldoret,PMS,Kilele Fuels,TRK-675,29900.0,1931837.9,1961739.3,2026-06-05 09:51:00,29901.40000000014,DS000302,29866.0,2026-06-05 10:40:00,Dispatched,1.0,29866.0,4919368.01,4919368.01,0.0,164.71,2026-06-05 13:40:00,30.0,4948450.0,0.0,0.0,0.0,0.0,0.0,0.0,0.0,0.0,4919368.01,False,False,False,none
LD000309,Eldoret,AGO,Nyanza Petroleum Co,TRK-438,20400.0,4480395.5,4500799.1,2026-06-05 09:24:00,20403.599999999627,DS000303,20368.0,2026-06-05 10:24:00,Dispatched,1.0,20368.0,3103544.7,3103544.7,0.0,152.37,2026-06-05 18:24:00,7.0,3166080.0,0.0,0.0,0.0,0.0,0.0,0.0,0.0,0.0,3103544.7,False,False,False,none
LD000310,Eldoret,IK,Highland Energy Co,TRK-295,32800.0,4991736.4,5024536.6,2026-06-05 16:05:00,32800.199999999255,DS000304,32613.0,2026-06-05 17:50:00,Dispatched,1.0,32613.0,4484325.03,4484325.03,0.0,137.5,2026-06-05 21:50:00,21.0,4592000.0,0.0,0.0,0.0,0.0,0.0,0.0,0.0,0.0,4484325.03,False,False,False,none
LD000311,Eldoret,PMS,Lakeview Energy,TRK-879,25600.0,4068753.2,4094350.7,2026-06-05 06:55:00,25597.5,DS000305,25575.0,2026-06-05 08:33:00,Dispatched,1.0,25575.0,4260042.86,4260042.86,0.0,166.57,2026-06-08 10:33:00,1.0,4236800.0,3.0,0.0,0.0,0.0,0.0,0.0,0.0,0.0,4260042.86,False,False,False,none
LD000312,Eldoret,AGO,Rift Valley Fuels Ltd,TRK-294,30000.0,4494708.5,4524696.1,2026-06-05 15:19:00,29987.599999999627,DS000306,29841.0,2026-06-05 16:33:00,Dispatched,1.0,29841.0,4671576.93,4671576.93,0.0,156.55,2026-06-08 23:33:00,45.0,4656000.0,3.0,0.0,0.0,0.0,0.0,0.0,0.0,0.0,4671576.93,False,True,False,none
LD000313,Eldoret,AGO,Nyanza Petroleum Co,TRK-820,35700.0,4073093.7,4108785.3,2026-06-05 20:58:00,35691.59999999963,DS000307,35632.0,2026-06-05 22:13:00,Dispatched,1.0,35632.0,5627544.56,5627544.56,0.0,157.94,2026-06-06 02:13:00,14.0,5540640.0,0.0,0.0,0.0,0.0,0.0,0.0,0.0,0.0,5627544.56,False,False,False,none
LD000314,Eldoret,IK,Coastline Energy Ltd,TRK-646,31800.0,1955108.6,1986899.8,2026-06-05 22:20:00,31791.199999999953,DS000308,31855.0,2026-06-06 01:15:00,Dispatched,1.0,31855.0,4432598.6,4432598.6,0.0,139.15,2026-06-09 07:15:00,21.0,4452000.0,3.0,0.0,0.0,0.0,0.0,0.0,0.0,0.0,4432598.6,False,False,False,none
LD000315,Eldoret,PMS,Delta Oil Marketers,TRK-922,21800.0,2418488.6,2440283.6,2026-06-05 16:32:00,21795.0,DS000309,21702.0,2026-06-05 18:43:00,Dispatched,1.0,21702.0,3621011.35,3621011.35,0.0,166.85,2026-06-06 02:43:00,1.0,3607900.0,0.0,0.0,0.0,0.0,0.0,0.0,0.0,0.0,3621011.35,False,False,False,none
LD000316,Nakuru,AGO,Equator Fuels,TRK-523,20700.0,1071495.7,1092190.4,2026-06-05 15:58:00,20694.699999999953,DS000310,20688.0,2026-06-05 16:34:00,Dispatched,1.0,20688.0,3261742.79,3261742.79,0.0,157.66,2026-06-08 00:34:00,3.0,3212639.9999999995,2.0,0.0,0.0,0.0,0.0,0.0,0.0,0.0,3261742.79,False,False,False,none
LD000317,Nakuru,AGO,Highland Energy Co,TRK-693,35800.0,2711092.5,2746900.3,2026-06-05 05:16:00,35807.799999999814,DS000311,35807.0,2026-06-05 06:06:00,Dispatched,1.0,35807.0,5477600.8,5477600.8,0.0,152.98,2026-06-05 06:06:00,3.0,5556160.0,0.0,0.0,0.0,0.0,0.0,0.0,0.0,0.0,5477600.8,False,False,False,none
LD000318,Nakuru,PMS,Nyanza Petroleum Co,TRK-953,23500.0,4799844.7,4823339.7,2026-06-05 11:21:00,23495.0,DS000312,23483.0,2026-06-05 11:53:00,Dispatched,1.0,23483.0,3904956.39,3904956.39,0.0,166.29,2026-06-06 15:53:00,45.0,3889250.0,1.0,0.0,0.0,0.0,0.0,0.0,0.0,0.0,3904956.39,False,True,False,none
LD000319,Nakuru,AGO,Delta Oil Marketers,TRK-757,32600.0,1357644.0,1390248.9,2026-06-05 15:16:00,32604.899999999907,DS000313,32553.0,2026-06-05 17:31:00,Dispatched,1.0,32553.0,5031396.7,5031396.7,0.0,154.56,2026-06-06 01:31:00,3.0,5059520.0,0.0,0.0,0.0,0.0,0.0,0.0,0.0,0.0,5031396.7,False,False,False,none
LD000320,Nakuru,AGO,Baraka Downstream,TRK-600,35100.0,2869606.0,2904704.9,2026-06-05 16:10:00,35098.89999999991,DS000314,35134.0,2026-06-05 17:37:00,Dispatched,1.0,35134.0,5504688.09,5504688.09,0.0,156.68,2026-06-06 19:37:00,21.0,5447520.0,1.0,0.0,0.0,0.0,0.0,0.0,0.0,0.0,5504688.09,False,False,False,none
LD000321,Nakuru,AGO,Savannah Petroleum,TRK-522,29800.0,1668135.8,1697936.6,2026-06-05 07:52:00,29800.800000000047,DS000315,29841.0,2026-06-05 09:33:00,Dispatched,1.0,29841.0,4628341.27,4628341.27,0.0,155.1,2026-06-05 15:33:00,1.0,4624960.0,0.0,0.0,0.0,0.0,0.0,0.0,0.0,0.0,4628341.27,False,False,False,none
LD000322,Nakuru,PMS,Equator Fuels,TRK-482,29700.0,3050754.0,3080456.5,2026-06-05 09:00:00,29702.5,DS000316,29700.0,2026-06-05 09:31:00,Dispatched,1.0,29700.0,5004592.12,5004592.12,0.0,168.5,2026-06-07 09:31:00,3.0,4915350.0,2.0,0.0,0.0,0.0,0.0,0.0,0.0,0.0,5004592.12,False,False,False,none
LD000323,Nakuru,AGO,Highland Energy Co,TRK-112,23700.0,1706112.1,1729809.0,2026-06-05 05:00:00,23696.899999999907,DS000317,23670.0,2026-06-05 06:53:00,Dispatched,1.0,23670.0,3637295.19,3637295.19,0.0,153.67,2026-06-05 12:53:00,3.0,3678239.9999999995,0.0,0.0,0.0,0.0,0.0,0.0,0.0,0.0,3637295.19,False,False,False,none
LD000324,Nakuru,AGO,Amani Petroleum,TRK-790,32500.0,2400501.0,2432998.2,2026-06-05 14:01:00,32497.200000000186,DS000318,32584.0,2026-06-05 16:51:00,Dispatched,1.0,32584.0,5035981.55,3711408.7,1324572.8499999996,154.55,2026-06-12 17:51:00,21.0,5044000.0,7.0,0.0,0.0,0.0,0.0,0.0,0.0,1324572.8499999996,3711408.7,True,False,True,collections_gap
LD000325,Nakuru,PMS,Baraka Downstream,TRK-734,20900.0,4876410.5,4897317.6,2026-06-05 08:33:00,20907.099999999627,DS000319,20818.0,2026-06-05 10:00:00,Dispatched,,,,,0.0,,,,3458950.0,,0.0,0.0,0.0,3445379.0,0.0,0.0,3445379.0,0.0,False,False,True,billing_gap
LD000326,Kisii,AGO,Summit Downstream Ltd,TRK-515,22500.0,4263332.5,4285829.6,2026-06-05 13:50:00,22497.099999999627,DS000320,22546.0,2026-06-05 14:42:00,Dispatched,1.0,22546.0,3514852.47,3514852.47,0.0,155.9,2026-06-07 18:42:00,45.0,3491999.9999999995,2.0,0.0,0.0,0.0,0.0,0.0,0.0,0.0,3514852.47,False,True,False,none
LD000327,Kisii,IK,Lakeview Energy,TRK-978,23600.0,1895270.5,1918882.3,2026-06-05 12:19:00,23611.800000000047,DS000321,23630.0,2026-06-05 13:01:00,Dispatched,1.0,23630.0,3328520.58,3328520.58,0.0,140.86,2026-06-05 15:01:00,45.0,3304000.0,0.0,0.0,0.0,0.0,0.0,0.0,0.0,0.0,3328520.58,False,True,False,none
LD000328,Kisii,PMS,Highland Energy Co,TRK-752,29300.0,1365947.3,1395252.0,2026-06-05 17:24:00,29304.699999999953,DS000322,29317.0,2026-06-05 19:44:00,Dispatched,1.0,29317.0,4869904.74,1679303.99,3190600.75,166.11,2026-06-06 21:44:00,30.0,4849150.0,1.0,0.0,0.0,0.0,0.0,0.0,0.0,3190600.75,1679303.99,False,False,True,collections_gap
LD000329,Kisii,PMS,Mara Fuels,TRK-978,34000.0,2062400.2,2096402.9,2026-06-05 18:41:00,34002.69999999995,DS000323,33999.0,2026-06-05 21:07:00,Dispatched,1.0,33999.0,5738284.5,5738284.5,0.0,168.78,2026-06-06 05:07:00,7.0,5627000.0,0.0,0.0,0.0,0.0,0.0,0.0,0.0,0.0,5738284.5,False,False,False,none
LD000330,Kisii,PMS,Savannah Petroleum,TRK-800,28800.0,1347947.0,1376752.4,2026-06-05 20:17:00,28805.399999999907,DS000324,28637.0,2026-06-05 21:39:00,Dispatched,1.0,28637.0,4765632.7,4765632.7,0.0,166.42,2026-06-05 22:39:00,30.0,4766400.0,0.0,0.0,0.0,0.0,0.0,0.0,0.0,0.0,4765632.7,False,False,False,none
LD000331,Kisii,PMS,Equator Fuels,TRK-870,26500.0,2490754.1,2517258.5,2026-06-05 15:01:00,26504.399999999907,DS000325,26610.0,2026-06-05 15:31:00,Dispatched,1.0,26610.0,4390441.64,4390441.64,0.0,164.99,2026-06-08 21:31:00,1.0,4385750.0,3.0,0.0,0.0,0.0,0.0,0.0,0.0,0.0,4390441.64,False,False,False,none
LD000332,Mombasa,IK,Pioneer Fuels Kenya,TRK-954,28500.0,4848487.9,4876983.1,2026-06-06 14:10:00,28495.199999999255,DS000326,28572.0,2026-06-06 16:27:00,Dispatched,1.0,28572.0,4075573.42,4075573.42,0.0,142.64,2026-06-08 16:27:00,30.0,3990000.0,2.0,0.0,0.0,0.0,0.0,0.0,0.0,0.0,4075573.42,False,False,False,none
LD000333,Mombasa,PMS,Lakeview Energy,TRK-454,21800.0,4577919.7,4599719.9,2026-06-06 09:50:00,21800.200000000186,DS000327,21737.0,2026-06-06 10:25:00,Dispatched,1.0,20312.0,3416171.96,3416171.96,0.0,168.18,2026-06-06 16:25:00,3.0,3607900.0,0.0,0.0,0.0,0.0,0.0,1425.0,239656.5,239656.5,3416171.96,False,False,True,underbilling
LD000334,Mombasa,PMS,Crescent Oil Ltd,TRK-709,34500.0,3285275.8,3319781.0,2026-06-06 07:21:00,34505.200000000186,DS000328,34579.0,2026-06-06 08:34:00,Dispatched,1.0,34579.0,5614913.74,5614913.74,0.0,162.38,2026-06-06 14:34:00,3.0,5709750.0,0.0,0.0,0.0,0.0,0.0,0.0,0.0,0.0,5614913.74,False,False,False,none
LD000335,Mombasa,PMS,Kilele Fuels,TRK-464,30600.0,3175115.6,3205717.6,2026-06-06 13:50:00,30602.0,DS000329,30617.0,2026-06-06 15:36:00,Dispatched,1.0,30617.0,5132295.14,5132295.14,0.0,167.63,2026-06-09 20:36:00,1.0,5064300.0,3.0,0.0,0.0,0.0,0.0,0.0,0.0,0.0,5132295.14,False,False,False,none
LD000336,Mombasa,PMS,Crescent Oil Ltd,TRK-352,28300.0,4472643.2,4500946.4,2026-06-06 17:05:00,28303.200000000186,DS000330,28251.0,2026-06-06 19:53:00,Dispatched,1.0,28251.0,4592921.41,4592921.41,0.0,162.58,2026-06-14 01:53:00,1.0,4683650.0,7.0,0.0,0.0,0.0,0.0,0.0,0.0,0.0,4592921.41,True,False,False,none
LD000337,Mombasa,PMS,Baraka Downstream,TRK-424,23900.0,1629362.6,1653260.3,2026-06-06 17:45:00,23897.699999999953,DS000331,23985.0,2026-06-06 18:55:00,Dispatched,1.0,23985.0,3906848.75,3906848.75,0.0,162.89,2026-06-06 23:55:00,7.0,3955450.0,0.0,0.0,0.0,0.0,0.0,0.0,0.0,0.0,3906848.75,False,False,False,none
LD000338,Mombasa,PMS,Zenith Petroleum,TRK-204,23800.0,4720361.4,4744156.6,2026-06-06 14:28:00,23795.199999999255,DS000332,23769.0,2026-06-06 15:40:00,Dispatched,1.0,23769.0,3950450.27,3950450.27,0.0,166.2,2026-06-07 22:40:00,30.0,3938900.0,1.0,0.0,0.0,0.0,0.0,0.0,0.0,0.0,3950450.27,False,False,False,none
LD000339,Mombasa,PMS,Highland Energy Co,TRK-205,21700.0,3795963.0,3817664.0,2026-06-06 19:35:00,21701.0,DS000333,21788.0,2026-06-06 21:29:00,Dispatched,1.0,21788.0,3542078.29,3542078.29,0.0,162.57014365705894,2026-06-07 05:29:00,21.0,3591350.0,0.0,0.0,0.0,0.0,0.0,0.0,0.0,0.0,3542078.29,False,False,False,none
LD000340,Mombasa,PMS,Crescent Oil Ltd,TRK-984,35400.0,2861880.0,2897279.2,2026-06-06 07:38:00,35399.200000000186,DS000334,35457.0,2026-06-06 09:05:00,Dispatched,1.0,35457.0,5884592.55,5884592.55,0.0,165.96,2026-06-07 14:05:00,3.0,5858700.0,1.0,0.0,0.0,0.0,0.0,0.0,0.0,0.0,5884592.55,False,False,False,none
LD000341,Mombasa,PMS,Lakeview Energy,TRK-672,34100.0,1020580.7,1054678.0,2026-06-06 17:49:00,34097.30000000005,DS000335,34198.0,2026-06-06 20:02:00,Dispatched,1.0,34198.0,5752342.38,5752342.38,0.0,168.21,2026-06-07 02:02:00,3.0,5643550.0,0.0,0.0,0.0,0.0,0.0,0.0,0.0,0.0,5752342.38,False,False,False,none
LD000342,Mombasa,AGO,Aberdare Oil Traders,TRK-604,34500.0,1004480.4,1038983.6,2026-06-06 10:08:00,34503.19999999995,DS000336,34560.0,2026-06-06 11:31:00,Dispatched,1.0,34560.0,5415956.52,5415956.52,0.0,156.71,2026-06-06 16:31:00,7.0,5354400.0,0.0,0.0,0.0,0.0,0.0,0.0,0.0,0.0,5415956.52,False,False,False,none
LD000343,Mombasa,PMS,Coastline Energy Ltd,TRK-178,28900.0,4026543.2,4055439.3,2026-06-06 13:26:00,28896.099999999627,DS000337,28946.0,2026-06-06 14:37:00,Dispatched,1.0,28946.0,4805792.2,4805792.2,0.0,166.03,2026-06-09 15:37:00,30.0,4782950.0,3.0,0.0,0.0,0.0,0.0,0.0,0.0,0.0,4805792.2,False,False,False,none
LD000344,Mombasa,IK,Crescent Oil Ltd,TRK-209,21300.0,2305734.3,2327031.2,2026-06-06 20:38:00,21296.900000000373,DS000338,20571.0,2026-06-06 21:41:00,Dispatched,1.0,20571.0,2857965.89,2857965.89,0.0,138.93,2026-06-06 23:41:00,1.0,2982000.0,0.0,0.0,729.0,102060.0,0.0,0.0,0.0,102060.0,2857965.89,False,False,True,shrinkage
LD000345,Mombasa,PMS,Crescent Oil Ltd,TRK-982,29000.0,1463375.4,1492374.3,2026-06-06 17:21:00,28998.90000000014,DS000339,29149.0,2026-06-06 20:08:00,Dispatched,1.0,29149.0,4785229.91,4785229.91,0.0,164.16,2026-06-09 22:08:00,7.0,4799500.0,3.0,0.0,0.0,0.0,0.0,0.0,0.0,0.0,4785229.91,False,False,False,none
LD000346,Mombasa,PMS,Mara Fuels,TRK-811,24500.0,1073710.9,1098211.8,2026-06-06 09:19:00,24500.90000000014,DS000340,24515.0,2026-06-06 10:57:00,Dispatched,1.0,24515.0,4136781.07,4136781.07,0.0,168.74,2026-06-08 13:57:00,1.0,4054750.0,2.0,0.0,0.0,0.0,0.0,0.0,0.0,0.0,4136781.07,False,False,False,none
LD000347,Nairobi,PMS,Coastline Energy Ltd,TRK-748,35400.0,2367488.7,2402891.7,2026-06-06 17:20:00,35403.0,DS000341,35395.0,2026-06-06 19:15:00,Dispatched,1.0,35395.0,5865717.3,5865717.3,0.0,165.72,2026-06-17 02:15:00,7.0,5858700.0,10.0,0.0,0.0,0.0,0.0,0.0,0.0,0.0,5865717.3,True,False,False,none
LD000348,Nairobi,PMS,Summit Downstream Ltd,TRK-677,21600.0,4748913.9,4770514.8,2026-06-06 13:52:00,21600.89999999944,DS000342,21671.0,2026-06-06 14:52:00,Dispatched,1.0,21671.0,3656882.74,3656882.74,0.0,168.75,2026-06-08 19:52:00,1.0,3574800.0,2.0,0.0,0.0,0.0,0.0,0.0,0.0,0.0,3656882.74,False,False,False,none
LD000349,Nairobi,AGO,Kilele Fuels,TRK-314,31000.0,1271348.2,1302353.6,2026-06-06 22:01:00,31005.40000000014,DS000343,30913.0,2026-06-07 00:34:00,Dispatched,1.0,30913.0,4750183.04,4750183.04,0.0,153.66,2026-06-07 05:34:00,1.0,4811200.0,0.0,0.0,0.0,0.0,0.0,0.0,0.0,0.0,4750183.04,False,False,False,none
LD000350,Nairobi,AGO,Uhuru Energy Partners,TRK-242,21100.0,3328681.8,3349776.7,2026-06-06 07:52:00,21094.900000000373,DS000344,21072.0,2026-06-06 08:25:00,Dispatched,1.0,21072.0,3223398.69,3223398.69,0.0,152.97,2026-06-06 16:25:00,3.0,3274719.9999999995,0.0,0.0,0.0,0.0,0.0,0.0,0.0,0.0,3223398.69,False,False,False,none
LD000351,Nairobi,PMS,Uhuru Energy Partners,TRK-175,25500.0,3483662.1,3509159.3,2026-06-06 09:45:00,25497.19999999972,DS000345,25371.0,2026-06-06 12:39:00,Dispatched,1.0,25371.0,4213802.08,4213802.08,0.0,166.09,2026-06-09 17:39:00,3.0,4220250.0,3.0,0.0,0.0,0.0,0.0,0.0,0.0,0.0,4213802.08,False,False,False,none
LD000352,Nairobi,AGO,Uhuru Energy Partners,TRK-909,32100.0,1098347.7,1130449.6,2026-06-06 22:32:00,32101.90000000014,DS000346,31979.0,2026-06-06 23:48:00,Dispatched,1.0,31979.0,5020605.05,5020605.05,0.0,157.0,2026-06-10 05:48:00,3.0,4981920.0,3.0,0.0,0.0,0.0,0.0,0.0,0.0,0.0,5020605.05,False,False,False,none
LD000353,Nairobi,PMS,Zenith Petroleum,TRK-727,20400.0,2294440.9,2314848.7,2026-06-06 12:42:00,20407.80000000028,DS000347,20518.0,2026-06-06 14:47:00,Dispatched,1.0,20518.0,3410576.78,3410576.78,0.0,166.22,2026-06-07 14:47:00,14.0,3376200.0,1.0,0.0,0.0,0.0,0.0,0.0,0.0,0.0,3410576.78,False,False,False,none
LD000354,Nairobi,IK,Uhuru Energy Partners,TRK-200,30900.0,2783610.8,2814510.5,2026-06-06 15:50:00,30899.700000000186,DS000348,30964.0,2026-06-06 17:30:00,Dispatched,1.0,30964.0,4399511.92,4399511.92,0.0,142.08,2026-06-06 17:30:00,1.0,4326000.0,0.0,0.0,0.0,0.0,0.0,0.0,0.0,0.0,4399511.92,False,False,False,none
LD000355,Nairobi,AGO,Pioneer Fuels Kenya,TRK-326,24400.0,4988498.0,5012890.8,2026-06-06 21:35:00,24392.799999999814,DS000349,24300.0,2026-06-06 22:31:00,Dispatched,1.0,24300.0,3780379.11,3780379.11,0.0,155.57,2026-06-07 04:31:00,1.0,3786879.9999999995,0.0,0.0,0.0,0.0,0.0,0.0,0.0,0.0,3780379.11,False,False,False,none
LD000356,Nairobi,PMS,Zenith Petroleum,TRK-594,22600.0,4179238.2,4201827.2,2026-06-06 21:09:00,22589.0,DS000350,22681.0,2026-06-06 23:27:00,Dispatched,1.0,22681.0,3819181.16,3819181.16,0.0,168.39,2026-06-07 00:27:00,3.0,3740300.0,0.0,0.0,0.0,0.0,0.0,0.0,0.0,0.0,3819181.16,False,False,False,none
LD000357,Nairobi,PMS,Baraka Downstream,TRK-451,31100.0,1883078.5,1914179.7,2026-06-06 07:07:00,31101.199999999953,DS000351,31034.0,2026-06-06 10:03:00,Dispatched,1.0,31034.0,5145018.26,4011234.71,1133783.5499999998,165.79,2026-06-09 12:03:00,14.0,5147050.0,3.0,0.0,0.0,0.0,0.0,0.0,0.0,1133783.5499999998,4011234.71,False,False,True,collections_gap
LD000358,Nairobi,AGO,Horizon Oil Marketers,TRK-813,30500.0,2093038.1,2123535.3,2026-06-06 16:30:00,30497.19999999972,DS000352,30559.0,2026-06-06 17:35:00,Dispatched,1.0,30559.0,4781650.67,4781650.67,0.0,156.47,2026-06-07 17:35:00,21.0,4733600.0,1.0,0.0,0.0,0.0,0.0,0.0,0.0,0.0,4781650.67,False,False,False,none
LD000359,Nairobi,PMS,Horizon Oil Marketers,TRK-451,35200.0,1604231.6,1639434.9,2026-06-06 06:51:00,35203.299999999814,DS000353,35266.0,2026-06-06 08:19:00,Dispatched,1.0,35266.0,5771601.17,5771601.17,0.0,163.66,2026-06-06 09:19:00,7.0,5825600.0,0.0,0.0,0.0,0.0,0.0,0.0,0.0,0.0,5771601.17,False,False,False,none
LD000360,Nairobi,IK,Tsavo Energy Group,TRK-438,26700.0,3554103.8,3580803.3,2026-06-06 12:33:00,26699.5,DS000354,26833.0,2026-06-06 13:56:00,Dispatched,1.0,26833.0,3697178.62,3697178.62,0.0,137.78,2026-06-07 19:56:00,3.0,3738000.0,1.0,0.0,0.0,0.0,0.0,0.0,0.0,0.0,3697178.62,False,False,False,none
LD000361,Kisumu,PMS,Tsavo Energy Group,TRK-773,32200.0,2769195.0,2801389.4,2026-06-06 17:40:00,32194.399999999907,DS000355,32148.0,2026-06-06 18:22:00,Dispatched,1.0,32148.0,5318953.28,5318953.28,0.0,165.45,2026-06-07 18:22:00,1.0,5329100.0,1.0,0.0,0.0,0.0,0.0,0.0,0.0,0.0,5318953.28,False,False,False,none
LD000362,Kisumu,PMS,Pioneer Fuels Kenya,TRK-104,31600.0,3983348.0,4014942.1,2026-06-06 11:28:00,31594.100000000093,DS000356,31530.0,2026-06-06 13:04:00,Dispatched,1.0,31530.0,5152521.47,5152521.47,0.0,163.42,2026-06-06 19:04:00,7.0,5229800.0,0.0,0.0,0.0,0.0,0.0,0.0,0.0,0.0,5152521.47,False,False,False,none
LD000363,Kisumu,PMS,Horizon Oil Marketers,TRK-649,23200.0,4472491.3,4495693.8,2026-06-06 07:36:00,23202.5,DS000357,23013.0,2026-06-06 09:10:00,Dispatched,1.0,23013.0,3783903.99,3783903.99,0.0,164.42,2026-06-06 13:10:00,14.0,3839600.0,0.0,0.0,0.0,0.0,0.0,0.0,0.0,0.0,3783903.99,False,False,False,none
LD000364,Kisumu,PMS,Aberdare Oil Traders,TRK-601,27500.0,3172931.2,3200439.8,2026-06-06 19:07:00,27508.599999999627,DS000358,27490.0,2026-06-06 20:37:00,Dispatched,1.0,27490.0,4581384.08,4581384.08,0.0,166.66,2026-06-07 20:37:00,30.0,4551250.0,1.0,0.0,0.0,0.0,0.0,0.0,0.0,0.0,4581384.08,False,False,False,none
LD000365,Kisumu,AGO,Horizon Oil Marketers,TRK-965,22500.0,1814805.0,1837313.1,2026-06-06 17:37:00,22508.100000000093,DS000359,22549.0,2026-06-06 20:25:00,Dispatched,1.0,22549.0,3449793.28,3449793.28,0.0,152.99,2026-06-14 04:25:00,30.0,3491999.9999999995,7.0,0.0,0.0,0.0,0.0,0.0,0.0,0.0,3449793.28,True,False,False,none
LD000366,Kisumu,AGO,Crescent Oil Ltd,TRK-788,20300.0,4187191.3,4207478.9,2026-06-06 14:58:00,20287.60000000056,DS000360,20352.0,2026-06-06 17:46:00,Dispatched,1.0,20352.0,3131362.32,3131362.32,0.0,153.86,2026-06-09 23:46:00,7.0,3150560.0,3.0,0.0,0.0,0.0,0.0,0.0,0.0,0.0,3131362.32,False,False,False,none
LD000367,Kisumu,PMS,Tsavo Energy Group,TRK-244,24700.0,4647344.1,4672052.3,2026-06-06 14:07:00,24708.200000000186,DS000361,24793.0,2026-06-06 17:04:00,Dispatched,1.0,24793.0,4110912.42,4110912.42,0.0,165.81,2026-06-08 00:04:00,7.0,4087850.0,1.0,0.0,0.0,0.0,0.0,0.0,0.0,0.0,4110912.42,False,False,False,none
LD000368,Kisumu,PMS,Summit Downstream Ltd,TRK-598,24000.0,3233650.7,3257658.2,2026-06-06 09:36:00,24007.5,DS000362,24021.0,2026-06-06 12:36:00,Dispatched,1.0,24021.0,4010993.77,4010993.77,0.0,166.98,2026-06-07 16:36:00,3.0,3972000.0,1.0,0.0,0.0,0.0,0.0,0.0,0.0,0.0,4010993.77,False,False,False,none
LD000369,Kisumu,AGO,Baraka Downstream,TRK-962,23600.0,1643301.9,1666895.3,2026-06-06 20:18:00,23593.40000000014,DS000363,23636.0,2026-06-06 21:02:00,Dispatched,1.0,23636.0,3641763.32,3641763.32,0.0,154.08,2026-06-07 01:02:00,3.0,3662719.9999999995,0.0,0.0,0.0,0.0,0.0,0.0,0.0,0.0,3641763.32,False,False,False,none
LD000370,Kisumu,AGO,Baraka Downstream,TRK-493,29400.0,2732987.0,2762392.8,2026-06-06 05:31:00,29405.799999999814,DS000364,29406.0,2026-06-06 07:11:00,Dispatched,1.0,29406.0,4512713.86,4512713.86,0.0,153.46,2026-06-09 10:11:00,45.0,4562880.0,3.0,0.0,0.0,0.0,0.0,0.0,0.0,0.0,4512713.86,False,True,False,none
LD000371,Kisumu,PMS,Kilele Fuels,TRK-184,35700.0,1598322.6,1634032.4,2026-06-06 20:26:00,35709.799999999814,DS000365,35776.0,2026-06-06 23:11:00,Dispatched,1.0,35776.0,5806205.86,5806205.86,0.0,162.29,2026-06-07 01:11:00,1.0,5908350.0,0.0,0.0,0.0,0.0,0.0,0.0,0.0,0.0,5806205.86,False,False,False,none
LD000372,Eldoret,AGO,Savannah Petroleum,TRK-650,27700.0,3400082.2,3427780.3,2026-06-06 12:18:00,27698.099999999627,DS000366,27622.0,2026-06-06 14:10:00,Dispatched,1.0,27622.0,4290112.12,4290112.12,0.0,155.32,2026-06-06 15:10:00,60.0,4299040.0,0.0,0.0,0.0,0.0,0.0,0.0,0.0,0.0,4290112.12,False,True,False,none
LD000373,Eldoret,AGO,Amani Petroleum,TRK-216,24700.0,3779927.5,3804629.4,2026-06-06 20:35:00,24701.899999999907,DS000367,24596.0,2026-06-06 21:49:00,Dispatched,1.0,22668.0,3457882.76,3457882.76,0.0,152.54,2026-06-08 01:49:00,7.0,3833439.9999999995,1.0,0.0,0.0,0.0,0.0,1928.0,294097.12,294097.12,3457882.76,False,False,True,underbilling
LD000374,Eldoret,AGO,Kilele Fuels,TRK-535,20600.0,2922027.8,2942630.2,2026-06-06 06:48:00,20602.400000000373,DS000368,20549.0,2026-06-06 09:47:00,Dispatched,1.0,20549.0,3222114.25,3222114.25,0.0,156.8,2026-06-08 10:47:00,7.0,3197119.9999999995,2.0,0.0,0.0,0.0,0.0,0.0,0.0,0.0,3222114.25,False,False,False,none
LD000375,Eldoret,PMS,Aberdare Oil Traders,TRK-936,21700.0,1968180.1,1989892.1,2026-06-06 06:28:00,21712.0,DS000369,21714.0,2026-06-06 08:19:00,Dispatched,1.0,21714.0,3651169.92,3651169.92,0.0,168.15,2026-06-16 14:19:00,3.0,3591350.0,10.0,0.0,0.0,0.0,0.0,0.0,0.0,0.0,3651169.92,True,False,False,none
LD000376,Eldoret,AGO,Nyanza Petroleum Co,TRK-855,31200.0,3238594.7,3269794.6,2026-06-06 08:49:00,31199.899999999907,DS000370,31078.0,2026-06-06 09:59:00,Dispatched,1.0,31078.0,4880838.73,4880838.73,0.0,157.05,2026-06-09 12:59:00,14.0,4842240.0,3.0,0.0,0.0,0.0,0.0,0.0,0.0,0.0,4880838.73,False,False,False,none
LD000377,Eldoret,AGO,Crescent Oil Ltd,TRK-311,20200.0,2305845.2,2326040.8,2026-06-06 18:10:00,20195.599999999627,DS000371,20162.0,2026-06-06 20:56:00,Dispatched,1.0,20162.0,3082649.1,3082649.1,0.0,152.89,2026-06-08 00:56:00,7.0,3135040.0,1.0,0.0,0.0,0.0,0.0,0.0,0.0,0.0,3082649.1,False,False,False,none
LD000378,Eldoret,AGO,Crescent Oil Ltd,TRK-431,25600.0,1132812.4,1158412.6,2026-06-06 22:17:00,25600.200000000186,DS000372,25554.0,2026-06-07 00:03:00,Dispatched,1.0,25554.0,3895537.98,3895537.98,0.0,152.44,2026-06-08 02:03:00,7.0,3973119.9999999995,1.0,0.0,0.0,0.0,0.0,0.0,0.0,0.0,3895537.98,False,False,False,none
LD000379,Nakuru,PMS,Amani Petroleum,TRK-795,25700.0,2288378.8,2314083.4,2026-06-06 13:54:00,25704.600000000093,DS000373,25760.0,2026-06-06 15:28:00,Dispatched,1.0,25760.0,4260179.97,4260179.97,0.0,165.38,2026-06-09 17:28:00,3.0,4253350.0,3.0,0.0,0.0,0.0,0.0,0.0,0.0,0.0,4260179.97,False,False,False,none
LD000380,Nakuru,IK,Savannah Petroleum,TRK-987,20700.0,3681541.8,3702244.6,2026-06-06 18:58:00,20702.80000000028,DS000374,20741.0,2026-06-06 20:11:00,Dispatched,1.0,20741.0,2851733.28,2851733.28,0.0,137.49,2026-06-08 00:11:00,1.0,2898000.0,1.0,0.0,0.0,0.0,0.0,0.0,0.0,0.0,2851733.28,False,False,False,none
LD000381,Nakuru,AGO,Baraka Downstream,TRK-948,35200.0,1496879.9,1532081.0,2026-06-06 09:15:00,35201.10000000009,DS000375,35207.0,2026-06-06 12:10:00,Dispatched,1.0,35207.0,5420689.52,5420689.52,0.0,153.97,2026-06-07 16:10:00,7.0,5463040.0,1.0,0.0,0.0,0.0,0.0,0.0,0.0,0.0,5420689.52,False,False,False,none
LD000382,Nakuru,AGO,Uhuru Energy Partners,TRK-177,29900.0,3451776.7,3481681.1,2026-06-06 13:40:00,29904.399999999907,DS000376,29940.0,2026-06-06 15:56:00,Dispatched,1.0,29940.0,4626178.62,4626178.62,0.0,154.51,2026-06-06 20:56:00,3.0,4640480.0,0.0,0.0,0.0,0.0,0.0,0.0,0.0,0.0,4626178.62,False,False,False,none
LD000383,Nakuru,PMS,Zenith Petroleum,TRK-599,24800.0,4740807.3,4765608.0,2026-06-06 13:44:00,24800.700000000186,DS000377,24835.0,2026-06-06 15:58:00,Dispatched,1.0,24835.0,4104711.29,4104711.29,0.0,165.28,2026-06-06 19:58:00,21.0,4104400.0,0.0,0.0,0.0,0.0,0.0,0.0,0.0,0.0,4104711.29,False,False,False,none
LD000384,Nakuru,AGO,Kilele Fuels,TRK-814,32500.0,3449031.9,3481534.5,2026-06-06 07:46:00,32502.600000000093,DS000378,32465.0,2026-06-06 08:29:00,Dispatched,1.0,32465.0,5111754.39,5111754.39,0.0,157.45431664869858,2026-06-07 12:29:00,21.0,5044000.0,1.0,0.0,0.0,0.0,0.0,0.0,0.0,0.0,5111754.39,False,False,False,none
LD000385,Nakuru,AGO,Uhuru Energy Partners,TRK-606,27800.0,3643280.5,3671091.3,2026-06-06 17:13:00,27810.799999999814,DS000379,27755.0,2026-06-06 19:45:00,Dispatched,1.0,27755.0,4284066.33,2067742.56,2216323.77,154.35,2026-06-07 00:45:00,14.0,4314560.0,0.0,0.0,0.0,0.0,0.0,0.0,0.0,2216323.77,2067742.56,False,False,True,collections_gap
LD000386,Nakuru,AGO,Pioneer Fuels Kenya,TRK-972,32500.0,2923615.3,2956121.2,2026-06-06 15:35:00,32505.900000000373,DS000380,32650.0,2026-06-06 16:24:00,Dispatched,1.0,32650.0,5081714.31,5081714.31,0.0,155.64,2026-06-16 19:24:00,3.0,5044000.0,10.0,0.0,0.0,0.0,0.0,0.0,0.0,0.0,5081714.31,True,False,False,none
LD000387,Nakuru,AGO,Horizon Oil Marketers,TRK-956,20700.0,1655997.9,1676706.3,2026-06-06 06:02:00,20708.40000000014,DS000381,20545.0,2026-06-06 07:23:00,Dispatched,1.0,20545.0,3188065.64,3188065.64,0.0,155.17,2026-06-07 15:23:00,21.0,3212639.9999999995,1.0,0.0,0.0,0.0,0.0,0.0,0.0,0.0,3188065.64,False,False,False,none
LD000388,Kisii,PMS,UNKNOWN CUSTOMER,TRK-538,30400.0,2917115.7,2947513.4,2026-06-06 10:28:00,30397.69999999972,DS000382,30332.0,2026-06-06 12:56:00,Dispatched,1.0,30332.0,4987954.16,4987954.16,0.0,164.45,2026-06-08 12:56:00,1.0,5031200.0,2.0,0.0,0.0,0.0,0.0,0.0,0.0,0.0,4987954.16,False,False,False,none
LD000389,Kisii,AGO,Aberdare Oil Traders,TRK-469,29900.0,2316069.8,2345978.2,2026-06-06 14:10:00,29908.400000000373,DS000383,29882.0,2026-06-06 14:41:00,Dispatched,1.0,29882.0,4685152.82,4685152.82,0.0,156.79,2026-06-06 20:41:00,3.0,4640480.0,0.0,0.0,0.0,0.0,0.0,0.0,0.0,0.0,4685152.82,False,False,False,none
LD000390,Kisii,PMS,Summit Downstream Ltd,TRK-843,33900.0,2734621.3,2768520.3,2026-06-06 10:03:00,33899.0,DS000384,33957.0,2026-06-06 11:09:00,Dispatched,1.0,33957.0,5701971.83,5701971.83,0.0,167.92,2026-06-06 12:09:00,3.0,5610450.0,0.0,0.0,0.0,0.0,0.0,0.0,0.0,0.0,5701971.83,False,False,False,none
LD000391,Kisii,PMS,UNKNOWN CUSTOMER,TRK-588,20700.0,1646690.2,1667392.7,2026-06-06 07:45:00,20702.5,DS000385,20771.0,2026-06-06 09:57:00,Dispatched,1.0,20771.0,3448778.61,3448778.61,0.0,166.04,2026-06-06 11:57:00,21.0,3425850.0,0.0,0.0,0.0,0.0,0.0,0.0,0.0,0.0,3448778.61,False,False,False,none
LD000392,Kisii,AGO,UNKNOWN CUSTOMER,TRK-812,27900.0,1326106.0,1353996.0,2026-06-06 21:43:00,27890.0,DS000386,28055.0,2026-06-06 22:27:00,Dispatched,1.0,28055.0,4313390.33,4313390.33,0.0,153.75,2026-06-09 04:27:00,1.0,4330080.0,2.0,0.0,0.0,0.0,0.0,0.0,0.0,0.0,4313390.33,False,False,False,none
LD000393,Kisii,IK,Baraka Downstream,TRK-334,26500.0,1882244.5,1908737.8,2026-06-06 18:44:00,26493.300000000047,DS000387,26493.0,2026-06-06 20:09:00,Dispatched,1.0,26493.0,3780118.2,3780118.2,0.0,142.68,2026-06-10 02:09:00,3.0,3710000.0,3.0,0.0,0.0,0.0,0.0,0.0,0.0,0.0,3780118.2,False,False,False,none
LD000394,Kisii,AGO,Mara Fuels,TRK-406,33400.0,1696773.3,1730171.4,2026-06-06 08:06:00,33398.09999999986,DS000388,33398.0,2026-06-06 11:02:00,Dispatched,1.0,33398.0,5273961.91,5273961.91,0.0,157.91,2026-06-07 12:02:00,7.0,5183680.0,1.0,0.0,0.0,0.0,0.0,0.0,0.0,0.0,5273961.91,False,False,False,none
LD000395,Kisii,AGO,Baraka Downstream,TRK-676,35400.0,2663629.5,2699031.4,2026-06-06 09:41:00,35401.89999999991,DS000389,35439.0,2026-06-06 10:34:00,Dispatched,1.0,35439.0,5586867.22,5586867.22,0.0,157.65,2026-06-06 18:34:00,1.0,5494080.0,0.0,0.0,0.0,0.0,0.0,0.0,0.0,0.0,5586867.22,False,False,False,none
LD000396,Kisii,PMS,Baraka Downstream,TRK-730,31800.0,4070895.6,4102700.8,2026-06-06 11:40:00,31805.19999999972,DS000390,31749.0,2026-06-06 12:38:00,Dispatched,1.0,31749.0,5214839.91,5214839.91,0.0,164.25,2026-06-06 18:38:00,21.0,5262900.0,0.0,0.0,0.0,0.0,0.0,0.0,0.0,0.0,5214839.91,False,False,False,none
LD000397,Kisii,AGO,Horizon Oil Marketers,TRK-226,28100.0,3173202.1,3201315.1,2026-06-06 07:57:00,28113.0,DS000391,28000.0,2026-06-06 08:56:00,Dispatched,1.0,28000.0,4313792.62,4313792.62,0.0,154.06,2026-06-06 09:56:00,14.0,4361120.0,0.0,0.0,0.0,0.0,0.0,0.0,0.0,0.0,4313792.62,False,False,False,none
LD000398,Kisii,PMS,Baraka Downstream,TRK-760,20500.0,2582060.7,2602562.8,2026-06-06 18:20:00,20502.099999999627,DS000392,20494.0,2026-06-06 19:13:00,Dispatched,1.0,20494.0,3446821.38,3446821.38,0.0,168.19,2026-06-06 21:13:00,45.0,3392750.0,0.0,0.0,0.0,0.0,0.0,0.0,0.0,0.0,3446821.38,False,True,False,none
LD000399,Kisii,AGO,Rift Valley Fuels Ltd,TRK-774,29700.0,3390894.3,3420597.3,2026-06-06 14:49:00,29703.0,DS000393,29766.0,2026-06-06 16:58:00,Dispatched,1.0,29766.0,4546176.89,4546176.89,0.0,152.73,2026-06-09 17:58:00,1.0,4609440.0,3.0,0.0,0.0,0.0,0.0,0.0,0.0,0.0,4546176.89,False,False,False,none
LD000400,Mombasa,AGO,Summit Downstream Ltd,TRK-155,29500.0,4649453.4,4678959.1,2026-06-07 21:12:00,29505.699999999255,DS000394,29479.0,2026-06-07 22:32:00,Dispatched,1.0,29479.0,4641392.25,4641392.25,0.0,157.45,2026-06-08 02:32:00,3.0,4578400.0,0.0,0.0,0.0,0.0,0.0,0.0,0.0,0.0,4641392.25,False,False,False,none
LD000401,Mombasa,PMS,Crescent Oil Ltd,TRK-112,23400.0,3491866.3,3515273.2,2026-06-07 12:31:00,23406.900000000373,DS000395,23429.0,2026-06-07 15:03:00,Dispatched,1.0,23429.0,3826203.54,3826203.54,0.0,163.31,2026-06-07 23:03:00,21.0,3872700.0,0.0,0.0,0.0,0.0,0.0,0.0,0.0,0.0,3826203.54,False,False,False,none
LD000402,Mombasa,PMS,Highland Energy Co,TRK-881,22100.0,3863299.9,3885403.8,2026-06-07 18:23:00,22103.899999999907,DS000396,21976.0,2026-06-07 19:46:00,Dispatched,1.0,21976.0,3624904.77,3624904.77,0.0,164.95,2026-06-08 19:46:00,14.0,3657550.0,1.0,0.0,0.0,0.0,0.0,0.0,0.0,0.0,3624904.77,False,False,False,none
LD000403,Mombasa,PMS,Aberdare Oil Traders,TRK-161,34500.0,1718732.4,1753234.0,2026-06-07 07:00:00,34501.60000000009,DS000397,34502.0,2026-06-07 07:41:00,Dispatched,1.0,34502.0,5760501.52,5760501.52,0.0,166.96,2026-06-07 09:41:00,3.0,5709750.0,0.0,0.0,0.0,0.0,0.0,0.0,0.0,0.0,5760501.52,False,False,False,none
LD000404,Mombasa,AGO,Uhuru Energy Partners,TRK-511,27900.0,1988924.3,2016822.8,2026-06-07 21:49:00,27898.5,DS000398,27866.0,2026-06-07 23:46:00,Dispatched,1.0,27866.0,4255547.81,4255547.81,0.0,152.71,2026-06-08 23:46:00,14.0,4330080.0,1.0,0.0,0.0,0.0,0.0,0.0,0.0,0.0,4255547.81,False,False,False,none
LD000405,Mombasa,PMS,Amani Petroleum,TRK-927,33900.0,2781221.0,2815109.8,2026-06-07 14:05:00,33888.799999999814,DS000399,33770.0,2026-06-07 16:41:00,Dispatched,1.0,33770.0,5602006.39,5602006.39,0.0,165.89,2026-06-10 17:41:00,21.0,5610450.0,3.0,0.0,0.0,0.0,0.0,0.0,0.0,0.0,5602006.39,False,False,False,none
LD000406,Mombasa,PMS,Uhuru Energy Partners,TRK-966,29500.0,1654095.5,1683596.7,2026-06-07 07:19:00,29501.199999999953,DS000400,29558.0,2026-06-07 08:35:00,Dispatched,2.0,59116.0,9668755.92,9668755.92,0.0,163.56,2026-06-07 08:35:00,21.0,4882250.0,0.0,0.0,0.0,0.0,0.0,0.0,0.0,0.0,9668755.92,False,False,False,none
LD000407,Mombasa,PMS,Kilele Fuels,TRK-156,26300.0,4877649.3,4903953.3,2026-06-07 18:07:00,26304.0,DS000401,26446.0,2026-06-07 19:45:00,Dispatched,1.0,26446.0,4363619.08,4363619.08,0.0,165.0,2026-06-08 01:45:00,3.0,4352650.0,0.0,0.0,0.0,0.0,0.0,0.0,0.0,0.0,4363619.08,False,False,False,none
LD000408,Nairobi,PMS,Rift Valley Fuels Ltd,TRK-455,32400.0,1523494.6,1555888.4,2026-06-07 09:44:00,32393.799999999814,DS000402,32496.0,2026-06-07 11:22:00,Dispatched,2.0,64992.0,10719956.26,10719956.26,0.0,164.94,2026-06-07 15:22:00,45.0,5362200.0,0.0,0.0,0.0,0.0,0.0,0.0,0.0,0.0,10719956.26,False,True,False,none
LD000409,Nairobi,PMS,Horizon Oil Marketers,TRK-130,35500.0,2815158.2,2850658.6,2026-06-07 13:46:00,35500.39999999991,DS000403,35612.0,2026-06-07 15:55:00,Dispatched,1.0,35612.0,5930753.6,5930753.6,0.0,166.54,2026-06-07 15:55:00,1.0,5875250.0,0.0,0.0,0.0,0.0,0.0,0.0,0.0,0.0,5930753.6,False,False,False,none
LD000410,Nairobi,PMS,Pioneer Fuels Kenya,TRK-608,25400.0,4315533.5,4340927.1,2026-06-07 07:16:00,25393.599999999627,DS000404,25454.0,2026-06-07 09:01:00,Dispatched,1.0,25454.0,4220981.85,4220981.85,0.0,165.83,2026-06-09 17:01:00,7.0,4203700.0,2.0,0.0,0.0,0.0,0.0,0.0,0.0,0.0,4220981.85,False,False,False,none
LD000411,Nairobi,PMS,Tsavo Energy Group,TRK-205,26900.0,1994857.1,2021764.6,2026-06-07 10:23:00,26907.5,DS000405,26952.0,2026-06-07 11:28:00,Dispatched,1.0,26952.0,4538772.52,4538772.52,0.0,168.4,2026-06-08 13:28:00,60.0,4451950.0,1.0,0.0,0.0,0.0,0.0,0.0,0.0,0.0,4538772.52,False,True,False,none
LD000412,Nairobi,AGO,Rift Valley Fuels Ltd,TRK-583,22700.0,1670476.9,1693181.2,2026-06-07 05:02:00,22704.300000000047,DS000406,22577.0,2026-06-07 06:16:00,Dispatched,1.0,21018.0,3255401.78,3255401.78,0.0,154.89,2026-06-08 08:16:00,21.0,3523039.9999999995,1.0,0.0,0.0,0.0,0.0,1559.0,241473.50999999998,241473.50999999998,3255401.78,False,False,True,underbilling
LD000413,Nairobi,IK,Savannah Petroleum,TRK-831,20600.0,3945608.1,3966206.5,2026-06-07 10:59:00,20598.399999999907,DS000407,20592.0,2026-06-07 11:32:00,Cancelled,,,,,0.0,,,,2884000.0,,0.0,0.0,0.0,0.0,0.0,0.0,0.0,0.0,False,False,False,none
LD000414,Kisumu,PMS,Mara Fuels,TRK-179,31300.0,2785474.6,2816785.0,2026-06-07 18:58:00,31310.399999999907,DS000408,31348.0,2026-06-07 20:54:00,Dispatched,1.0,31348.0,5111459.69,5111459.69,0.0,163.06,2026-06-11 01:54:00,3.0,5180150.0,3.0,0.0,0.0,0.0,0.0,0.0,0.0,0.0,5111459.69,False,False,False,none
LD000415,Kisumu,PMS,Nyanza Petroleum Co,TRK-147,33800.0,3232561.0,3266358.4,2026-06-07 06:11:00,33797.39999999991,DS000409,33854.0,2026-06-07 08:21:00,Dispatched,1.0,33854.0,5620156.51,0.0,5620156.51,166.01,2026-06-07 09:21:00,,5593900.0,0.0,0.0,0.0,0.0,0.0,0.0,0.0,5620156.51,0.0,False,False,True,collections_gap
LD000416,Kisumu,AGO,Coastline Energy Ltd,TRK-666,35800.0,1491883.2,1527683.4,2026-06-07 14:49:00,35800.19999999995,DS000410,35937.0,2026-06-07 15:27:00,Dispatched,1.0,35937.0,5636208.23,5636208.23,0.0,156.84,2026-06-08 15:27:00,14.0,5556160.0,1.0,0.0,0.0,0.0,0.0,0.0,0.0,0.0,5636208.23,False,False,False,none
LD000417,Kisumu,PMS,Coastline Energy Ltd,TRK-348,23700.0,1206787.3,1230481.1,2026-06-07 14:36:00,23693.800000000047,DS000411,23627.0,2026-06-07 16:55:00,Dispatched,1.0,23627.0,3854877.07,3854877.07,0.0,163.16,2026-06-07 20:55:00,14.0,3922350.0,0.0,0.0,0.0,0.0,0.0,0.0,0.0,0.0,3854877.07,False,False,False,none
LD000418,Kisumu,AGO,Equator Fuels,TRK-659,22900.0,1354222.3,1377125.4,2026-06-07 20:49:00,22903.09999999986,DS000412,22942.0,2026-06-07 22:34:00,Dispatched,1.0,22942.0,3500266.51,3500266.51,0.0,152.57024278615637,2026-06-15 06:34:00,1.0,3554079.9999999995,7.0,0.0,0.0,0.0,0.0,0.0,0.0,0.0,3500266.51,True,False,False,none
LD000419,Kisumu,PMS,Nyanza Petroleum Co,TRK-751,21700.0,3338682.8,3360378.4,2026-06-07 18:01:00,21695.600000000093,DS000413,21631.0,2026-06-07 20:28:00,Dispatched,1.0,21631.0,3579206.29,3579206.29,0.0,165.47,2026-06-08 00:28:00,3.0,3591350.0,0.0,0.0,0.0,0.0,0.0,0.0,0.0,0.0,3579206.29,False,False,False,none
LD000420,Eldoret,IK,Summit Downstream Ltd,TRK-844,35400.0,1019759.9,1055168.0,2026-06-07 05:48:00,35408.09999999998,DS000414,35378.0,2026-06-07 08:13:00,Dispatched,1.0,35378.0,5007303.88,5007303.88,0.0,141.54,2026-06-09 11:13:00,14.0,4956000.0,2.0,0.0,0.0,0.0,0.0,0.0,0.0,0.0,5007303.88,False,False,False,none
LD000421,Eldoret,PMS,Delta Oil Marketers,TRK-245,35200.0,3556479.8,3591679.1,2026-06-07 12:26:00,35199.30000000028,DS000415,35193.0,2026-06-07 14:01:00,Dispatched,1.0,35193.0,5740942.91,5740942.91,0.0,163.13,2026-06-14 21:01:00,7.0,5825600.0,7.0,0.0,0.0,0.0,0.0,0.0,0.0,0.0,5740942.91,True,False,False,none
LD000422,Eldoret,PMS,Amani Petroleum,TRK-481,28200.0,2955386.3,2983591.7,2026-06-07 12:57:00,28205.400000000373,DS000416,28273.0,2026-06-07 15:06:00,Dispatched,1.0,28273.0,4638405.64,4638405.64,0.0,164.06,2026-06-07 18:06:00,3.0,4667100.0,0.0,0.0,0.0,0.0,0.0,0.0,0.0,0.0,4638405.64,False,False,False,none
LD000423,Eldoret,AGO,Summit Downstream Ltd,TRK-681,30700.0,1558605.0,1589300.3,2026-06-07 21:08:00,30695.300000000047,DS000417,30769.0,2026-06-07 22:54:00,Dispatched,1.0,30769.0,4773124.37,4773124.37,0.0,155.13,2026-06-11 04:54:00,21.0,4764640.0,3.0,0.0,0.0,0.0,0.0,0.0,0.0,0.0,4773124.37,False,False,False,none
LD000424,Eldoret,AGO,Coastline Energy Ltd,TRK-422,30800.0,4879648.2,4910451.4,2026-06-07 09:15:00,30803.200000000186,DS000418,30811.0,2026-06-07 12:11:00,Dispatched,1.0,30811.0,4821645.53,4821645.53,0.0,156.49,2026-06-07 20:11:00,7.0,4780160.0,0.0,0.0,0.0,0.0,0.0,0.0,0.0,0.0,4821645.53,False,False,False,none
LD000425,Eldoret,PMS,Lakeview Energy,TRK-239,21500.0,3690408.5,3711913.9,2026-06-07 13:14:00,21505.399999999907,DS000419,21361.0,2026-06-07 14:26:00,Dispatched,1.0,21361.0,3539649.96,3539649.96,0.0,165.71,2026-06-07 14:26:00,3.0,3558250.0,0.0,0.0,0.0,0.0,0.0,0.0,0.0,0.0,3539649.96,False,False,False,none
LD000426,Eldoret,PMS,Kilele Fuels,TRK-223,22800.0,3770503.8,3793303.0,2026-06-07 10:28:00,22799.200000000186,DS000420,22830.0,2026-06-07 12:54:00,Dispatched,1.0,22830.0,3741599.66,3741599.66,0.0,163.89,2026-06-10 13:54:00,3.0,3773400.0,3.0,0.0,0.0,0.0,0.0,0.0,0.0,0.0,3741599.66,False,False,False,none
LD000427,Nakuru,IK,Coastline Energy Ltd,TRK-972,35700.0,2497187.1,2532888.0,2026-06-07 11:28:00,35700.89999999991,DS000421,35671.0,2026-06-07 12:58:00,Dispatched,1.0,35671.0,4946635.9,4946635.9,0.0,138.67,2026-06-07 14:58:00,14.0,4998000.0,0.0,0.0,0.0,0.0,0.0,0.0,0.0,0.0,4946635.9,False,False,False,none
LD000428,Nakuru,PMS,Crescent Oil Ltd,TRK-955,32300.0,1452439.3,1484740.1,2026-06-07 14:52:00,32300.800000000047,DS000422,32435.0,2026-06-07 15:31:00,Dispatched,1.0,32435.0,5283683.66,5283683.66,0.0,162.9,2026-06-07 20:31:00,14.0,5345650.0,0.0,0.0,0.0,0.0,0.0,0.0,0.0,0.0,5283683.66,False,False,False,none
LD000429,Nakuru,PMS,Summit Downstream Ltd,TRK-793,32700.0,4674711.2,4707414.3,2026-06-07 12:22:00,32703.099999999627,DS000423,32813.0,2026-06-07 15:02:00,Dispatched,1.0,32813.0,5366992.05,5366992.05,0.0,163.56,2026-06-08 19:02:00,14.0,5411850.0,1.0,0.0,0.0,0.0,0.0,0.0,0.0,0.0,5366992.05,False,False,False,none
LD000430,Nakuru,AGO,Summit Downstream Ltd,TRK-669,33200.0,3667886.1,3701086.8,2026-06-07 10:01:00,33200.69999999972,DS000424,33107.0,2026-06-07 11:25:00,Dispatched,1.0,33107.0,5079771.9,5079771.9,0.0,153.43,2026-06-10 15:25:00,3.0,5152640.0,3.0,0.0,0.0,0.0,0.0,0.0,0.0,0.0,5079771.9,False,False,False,none
LD000431,Nakuru,PMS,Baraka Downstream,TRK-163,29200.0,2394294.7,2423496.4,2026-06-07 08:51:00,29201.69999999972,DS000425,29251.0,2026-06-07 09:55:00,Dispatched,1.0,29251.0,4801735.17,4801735.17,0.0,164.16,2026-06-07 12:55:00,14.0,4832600.0,0.0,0.0,0.0,0.0,0.0,0.0,0.0,0.0,4801735.17,False,False,False,none
LD000432,Nakuru,PMS,Lakeview Energy,TRK-365,25100.0,4465754.7,4490849.1,2026-06-07 17:23:00,25094.39999999944,DS000426,25145.0,2026-06-07 19:54:00,Dispatched,1.0,25145.0,4149446.88,4149446.88,0.0,165.02,2026-06-09 19:54:00,45.0,4154050.0,2.0,0.0,0.0,0.0,0.0,0.0,0.0,0.0,4149446.88,False,True,False,none
LD000433,Nakuru,IK,Kilele Fuels,TRK-194,35900.0,4009711.1,4045609.8,2026-06-07 11:57:00,35898.69999999972,DS000427,35957.0,2026-06-07 14:38:00,Dispatched,1.0,35957.0,5091337.92,5091337.92,0.0,141.6,2026-06-09 21:38:00,7.0,5026000.0,2.0,0.0,0.0,0.0,0.0,0.0,0.0,0.0,5091337.92,False,False,False,none
LD000434,Nakuru,PMS,Tsavo Energy Group,TRK-543,21700.0,3602046.6,3623744.1,2026-06-07 19:03:00,21697.5,DS000428,21726.0,2026-06-07 21:41:00,Dispatched,1.0,21726.0,3632559.38,3632559.38,0.0,167.19871950658197,2026-06-11 00:41:00,3.0,3591350.0,3.0,0.0,0.0,0.0,0.0,0.0,0.0,0.0,3632559.38,False,False,False,none
LD000435,Nakuru,AGO,Uhuru Energy Partners,TRK-319,32200.0,4702699.3,4734903.8,2026-06-07 17:43:00,32204.5,DS000429,32261.0,2026-06-07 19:05:00,Dispatched,1.0,32261.0,5074456.64,5074456.64,0.0,157.29,2026-06-07 19:05:00,21.0,4997440.0,0.0,0.0,0.0,0.0,0.0,0.0,0.0,0.0,5074456.64,False,False,False,none
LD000436,Nakuru,PMS,Crescent Oil Ltd,TRK-351,34000.0,2268782.9,2302782.2,2026-06-07 09:02:00,33999.30000000028,DS000430,34153.0,2026-06-07 11:40:00,Dispatched,1.0,34153.0,5763941.1,5763941.1,0.0,168.77,2026-06-14 18:40:00,3.0,5627000.0,7.0,0.0,0.0,0.0,0.0,0.0,0.0,0.0,5763941.1,True,False,False,none
LD000437,Nakuru,AGO,Savannah Petroleum,TRK-492,33900.0,2502689.0,2536593.9,2026-06-07 22:30:00,33904.89999999991,DS000431,33844.0,2026-06-08 00:20:00,Dispatched,1.0,33844.0,5276387.92,5276387.92,0.0,155.9,2026-06-08 03:20:00,3.0,5261280.0,0.0,0.0,0.0,0.0,0.0,0.0,0.0,0.0,5276387.92,False,False,False,none
LD000438,Nakuru,PMS,Highland Energy Co,TRK-491,25300.0,3520835.0,3546128.3,2026-06-07 21:15:00,25293.299999999814,DS000432,25231.0,2026-06-07 23:02:00,Dispatched,1.0,25231.0,4136062.67,4136062.67,0.0,163.93,2026-06-08 05:02:00,1.0,4187150.0,0.0,0.0,0.0,0.0,0.0,0.0,0.0,0.0,4136062.67,False,False,False,none
LD000439,Kisii,AGO,Pioneer Fuels Kenya,TRK-497,26300.0,3781868.8,3808163.8,2026-06-07 20:22:00,26295.0,DS000433,26362.0,2026-06-07 21:07:00,Dispatched,1.0,26362.0,4169555.25,4169555.25,0.0,158.17,2026-06-10 04:07:00,3.0,4081759.9999999995,2.0,0.0,0.0,0.0,0.0,0.0,0.0,0.0,4169555.25,False,False,False,none
LD000440,Kisii,PMS,Aberdare Oil Traders,TRK-583,23800.0,2493007.2,2516796.4,2026-06-07 12:01:00,23789.19999999972,DS000434,23666.0,2026-06-07 12:50:00,Dispatched,1.0,23666.0,3971648.69,3971648.69,0.0,167.82,2026-06-08 19:50:00,7.0,3938900.0,1.0,0.0,0.0,0.0,0.0,0.0,0.0,0.0,3971648.69,False,False,False,none
LD000441,Kisii,AGO,Horizon Oil Marketers,TRK-346,23600.0,1292783.7,1316391.9,2026-06-07 12:10:00,23608.199999999953,DS000435,23646.0,2026-06-07 14:20:00,Dispatched,1.0,23646.0,3601839.33,0.0,3601839.33,152.32,2026-06-07 21:20:00,,3662719.9999999995,0.0,0.0,0.0,0.0,0.0,0.0,0.0,3601839.33,0.0,False,False,True,collections_gap
LD000442,Kisii,AGO,Summit Downstream Ltd,TRK-959,29900.0,2853976.2,2883881.2,2026-06-07 12:36:00,29905.0,DS000436,29943.0,2026-06-07 13:47:00,Dispatched,1.0,29943.0,4626517.1,4626517.1,0.0,154.51,2026-06-08 17:47:00,1.0,4640480.0,1.0,0.0,0.0,0.0,0.0,0.0,0.0,0.0,4626517.1,False,False,False,none
LD000443,Kisii,PMS,Zenith Petroleum,TRK-128,26100.0,4453334.6,4479422.1,2026-06-07 15:51:00,26087.5,DS000437,25916.0,2026-06-07 18:49:00,Dispatched,1.0,25916.0,4255125.24,4255125.24,0.0,164.19,2026-06-10 18:49:00,30.0,4319550.0,3.0,0.0,0.0,0.0,0.0,0.0,0.0,0.0,4255125.24,False,False,False,none
LD000444,Kisii,IK,Equator Fuels,TRK-929,20400.0,2364991.3,2385402.8,2026-06-07 09:36:00,20411.5,DS000438,20361.0,2026-06-07 12:31:00,Dispatched,1.0,20361.0,2853722.25,2853722.25,0.0,140.16,2026-06-07 19:31:00,7.0,2856000.0,0.0,0.0,0.0,0.0,0.0,0.0,0.0,0.0,2853722.25,False,False,False,none
LD000445,Kisii,PMS,Savannah Petroleum,TRK-324,26100.0,2595291.1,2621396.2,2026-06-07 06:05:00,26105.100000000093,DS000439,26223.0,2026-06-07 07:14:00,Dispatched,1.0,26223.0,4410819.68,4410819.68,0.0,168.2,2026-06-07 15:14:00,14.0,4319550.0,0.0,0.0,0.0,0.0,0.0,0.0,0.0,0.0,4410819.68,False,False,False,none
LD000446,Kisii,PMS,Baraka Downstream,TRK-281,29700.0,4059533.0,4089245.2,2026-06-07 11:51:00,29712.200000000186,DS000440,29570.0,2026-06-07 13:20:00,Dispatched,1.0,29570.0,4878988.2,4878988.2,0.0,165.0,2026-06-08 15:20:00,7.0,4915350.0,1.0,0.0,0.0,0.0,0.0,0.0,0.0,0.0,4878988.2,False,False,False,none
LD000447,Kisii,PMS,Horizon Oil Marketers,TRK-981,33000.0,3872492.3,3905496.1,2026-06-07 09:49:00,33003.80000000028,DS000441,33021.0,2026-06-07 11:37:00,Dispatched,1.0,33021.0,5423874.16,5423874.16,0.0,164.26,2026-06-09 11:37:00,14.0,5461500.0,2.0,0.0,0.0,0.0,0.0,0.0,0.0,0.0,5423874.16,False,False,False,none
LD000448,Kisii,PMS,Horizon Oil Marketers,TRK-430,23900.0,4708138.2,4732039.6,2026-06-07 17:37:00,23901.39999999944,DS000442,23828.0,2026-06-07 18:59:00,Dispatched,1.0,23828.0,3883950.81,3883950.81,0.0,163.0,2026-06-09 22:59:00,7.0,3955450.0,2.0,0.0,0.0,0.0,0.0,0.0,0.0,0.0,3883950.81,False,False,False,none
LD000449,Kisii,AGO,Delta Oil Marketers,TRK-278,21000.0,4737744.1,4758740.3,2026-06-07 18:50:00,20996.200000000186,DS000443,20955.0,2026-06-07 19:42:00,Dispatched,,,,,0.0,,,,3259199.9999999995,,0.0,0.0,0.0,3252215.9999999995,0.0,0.0,3252215.9999999995,0.0,False,False,True,billing_gap
LD000450,Kisii,PMS,Coastline Energy Ltd,TRK-401,27800.0,2027106.3,2054904.9,2026-06-07 10:24:00,27798.59999999986,DS000444,27960.0,2026-06-07 10:58:00,Dispatched,1.0,27960.0,4710828.63,4710828.63,0.0,168.48,2026-06-07 10:58:00,21.0,4600900.0,0.0,0.0,0.0,0.0,0.0,0.0,0.0,0.0,4710828.63,False,False,False,none
LD000451,Kisii,AGO,Pioneer Fuels Kenya,TRK-716,24600.0,2229159.9,2253760.8,2026-06-07 17:54:00,24600.899999999907,DS000445,24609.0,2026-06-07 20:01:00,Dispatched,1.0,24609.0,3802190.82,3802190.82,0.0,154.5,2026-06-09 23:01:00,30.0,3817919.9999999995,2.0,0.0,0.0,0.0,0.0,0.0,0.0,0.0,3802190.82,False,False,False,none
LD000452,Kisii,AGO,Delta Oil Marketers,TRK-863,25000.0,3441335.1,3466342.1,2026-06-07 08:59:00,25007.0,DS000446,25039.0,2026-06-07 11:21:00,Dispatched,1.0,25039.0,3954909.02,3954909.02,0.0,157.95,2026-06-08 11:21:00,14.0,3879999.9999999995,1.0,0.0,0.0,0.0,0.0,0.0,0.0,0.0,3954909.02,False,False,False,none
LD000453,Kisii,PMS,Lakeview Energy,TRK-786,31500.0,2090496.0,2121991.1,2026-06-07 15:10:00,31495.100000000093,DS000447,31489.0,2026-06-07 16:49:00,Dispatched,1.0,31489.0,5119502.07,5119502.07,0.0,162.58,2026-06-07 17:49:00,7.0,5213250.0,0.0,0.0,0.0,0.0,0.0,0.0,0.0,0.0,5119502.07,False,False,False,none
LD000454,Mombasa,PMS,Nyanza Petroleum Co,TRK-458,30900.0,1725753.4,1756652.3,2026-06-08 13:13:00,30898.90000000014,DS000448,30760.0,2026-06-08 14:45:00,Dispatched,1.0,30760.0,5018001.57,5018001.57,0.0,163.13,2026-06-09 22:45:00,21.0,5113950.0,1.0,0.0,0.0,0.0,0.0,0.0,0.0,0.0,5018001.57,False,False,False,none
LD000455,Mombasa,AGO,Kilele Fuels,TRK-270,28400.0,3836185.0,3864585.8,2026-06-08 06:24:00,28400.799999999814,DS000449,28299.0,2026-06-08 09:11:00,Dispatched,1.0,28299.0,4460790.48,4460790.48,0.0,157.63,2026-06-08 09:11:00,7.0,4407680.0,0.0,0.0,0.0,0.0,0.0,0.0,0.0,0.0,4460790.48,False,False,False,none
LD000456,Mombasa,AGO,Summit Downstream Ltd,TRK-590,24100.0,4851707.5,4875802.8,2026-06-08 16:34:00,24095.299999999814,DS000450,24185.0,2026-06-08 18:40:00,Dispatched,1.0,24185.0,3801079.51,3801079.51,0.0,157.17,2026-06-08 22:40:00,1.0,3740319.9999999995,0.0,0.0,0.0,0.0,0.0,0.0,0.0,0.0,3801079.51,False,False,False,none
LD000457,Mombasa,AGO,Rift Valley Fuels Ltd,TRK-207,27700.0,4223970.2,4251667.3,2026-06-08 06:18:00,27697.099999999627,DS000451,27713.0,2026-06-08 08:15:00,Dispatched,1.0,27713.0,4311258.74,4311258.74,0.0,155.57,2026-06-09 10:15:00,1.0,4299040.0,1.0,0.0,0.0,0.0,0.0,0.0,0.0,0.0,4311258.74,False,False,False,none
LD000458,Mombasa,PMS,Lakeview Energy,TRK-195,30100.0,4805613.4,4835713.7,2026-06-08 17:10:00,30100.299999999814,DS000452,30030.0,2026-06-08 18:44:00,Dispatched,1.0,30030.0,4956336.36,4956336.36,0.0,165.05,2026-06-10 00:44:00,45.0,4981550.0,1.0,0.0,0.0,0.0,0.0,0.0,0.0,0.0,4956336.36,False,True,False,none
LD000459,Mombasa,AGO,Tsavo Energy Group,TRK-544,29600.0,4276755.4,4306354.0,2026-06-08 18:41:00,29598.599999999627,DS000453,29598.0,2026-06-08 21:21:00,Cancelled,,,,,0.0,,,,4593920.0,,0.0,0.0,0.0,0.0,0.0,0.0,0.0,0.0,False,False,False,none
LD000460,Mombasa,PMS,Uhuru Energy Partners,TRK-839,23400.0,3443924.0,3467326.0,2026-06-08 11:12:00,23402.0,DS000454,23446.0,2026-06-08 12:11:00,Dispatched,1.0,23446.0,3818665.73,3818665.73,0.0,162.87,2026-06-08 15:11:00,3.0,3872700.0,0.0,0.0,0.0,0.0,0.0,0.0,0.0,0.0,3818665.73,False,False,False,none
LD000461,Mombasa,PMS,Summit Downstream Ltd,TRK-960,26600.0,4359445.2,4386043.8,2026-06-08 08:03:00,26598.599999999627,DS000455,26636.0,2026-06-08 09:49:00,Dispatched,1.0,26636.0,4359068.04,4359068.04,0.0,163.65,2026-06-10 16:49:00,30.0,4402300.0,2.0,0.0,0.0,0.0,0.0,0.0,0.0,0.0,4359068.04,False,False,False,none
LD000462,Mombasa,PMS,Lakeview Energy,TRK-777,23800.0,4122102.1,4145905.9,2026-06-08 05:27:00,23803.799999999814,DS000456,23745.0,2026-06-08 08:15:00,Dispatched,1.0,23745.0,4005188.92,4005188.92,0.0,168.68,2026-06-08 11:15:00,3.0,3938900.0,0.0,0.0,0.0,0.0,0.0,0.0,0.0,0.0,4005188.92,False,False,False,none
LD000463,Mombasa,PMS,Coastline Energy Ltd,TRK-584,24400.0,4290457.3,4314866.4,2026-06-08 11:10:00,24409.10000000056,DS000457,24285.0,2026-06-08 13:22:00,Dispatched,1.0,24285.0,3999576.68,3999576.68,0.0,164.69,2026-06-18 20:22:00,7.0,4038200.0,10.0,0.0,0.0,0.0,0.0,0.0,0.0,0.0,3999576.68,True,False,False,none
LD000464,Mombasa,AGO,Aberdare Oil Traders,TRK-657,21500.0,3495437.3,3516933.2,2026-06-08 20:31:00,21495.900000000373,DS000458,21474.0,2026-06-08 22:16:00,Dispatched,1.0,21474.0,3363061.59,3363061.59,0.0,156.61,2026-06-09 05:16:00,14.0,3336799.9999999995,0.0,0.0,0.0,0.0,0.0,0.0,0.0,0.0,3363061.59,False,False,False,none
LD000465,Mombasa,PMS,Tsavo Energy Group,TRK-369,27200.0,3346433.9,3373636.5,2026-06-08 17:23:00,27202.600000000093,DS000459,27290.0,2026-06-08 18:00:00,Dispatched,1.0,27290.0,4448750.05,4448750.05,0.0,163.02,2026-06-10 19:00:00,3.0,4501600.0,2.0,0.0,0.0,0.0,0.0,0.0,0.0,0.0,4448750.05,False,False,False,none
LD000466,Nairobi,PMS,Savannah Petroleum,TRK-813,27600.0,3141432.4,3169028.7,2026-06-08 13:36:00,27596.30000000028,DS000460,27671.0,2026-06-08 16:34:00,Dispatched,1.0,27671.0,4638576.14,4638576.14,0.0,167.63,2026-06-08 23:34:00,21.0,4567800.0,0.0,0.0,0.0,0.0,0.0,0.0,0.0,0.0,4638576.14,False,False,False,none
LD000467,Nairobi,AGO,Pioneer Fuels Kenya,TRK-162,22900.0,2249087.1,2271983.6,2026-06-08 22:26:00,22896.5,DS000461,22928.0,2026-06-09 00:55:00,Dispatched,1.0,22928.0,3599810.78,3599810.78,0.0,157.01,2026-06-12 00:55:00,14.0,3554079.9999999995,3.0,0.0,0.0,0.0,0.0,0.0,0.0,0.0,3599810.78,False,False,False,none
LD000468,Nairobi,IK,Nyanza Petroleum Co,TRK-180,30200.0,2027535.4,2057732.2,2026-06-08 20:36:00,30196.800000000047,DS000462,30185.0,2026-06-08 22:54:00,Dispatched,1.0,30185.0,4210943.9,4210943.9,0.0,139.5,2026-06-08 22:54:00,7.0,4228000.0,0.0,0.0,0.0,0.0,0.0,0.0,0.0,0.0,4210943.9,False,False,False,none
LD000469,Nairobi,AGO,Pioneer Fuels Kenya,TRK-735,30100.0,1233818.5,1263916.3,2026-06-08 21:51:00,30097.800000000047,DS000463,30053.0,2026-06-08 23:04:00,Dispatched,,,,,0.0,,,,4671520.0,,0.0,0.0,0.0,4664225.6,0.0,0.0,4664225.6,0.0,False,False,True,billing_gap
LD000470,Nairobi,IK,Tsavo Energy Group,TRK-927,29600.0,3703365.0,3732961.5,2026-06-08 19:11:00,29596.5,DS000464,29586.0,2026-06-08 19:49:00,Dispatched,1.0,29586.0,4085756.88,4085756.88,0.0,138.1,2026-06-10 01:49:00,14.0,4144000.0,1.0,0.0,0.0,0.0,0.0,0.0,0.0,0.0,4085756.88,False,False,False,none
LD000471,Nairobi,PMS,Uhuru Energy Partners,TRK-942,27100.0,2783163.7,2810268.9,2026-06-08 07:43:00,27105.19999999972,DS000465,27164.0,2026-06-08 10:09:00,Dispatched,1.0,27164.0,4456599.34,4456599.34,0.0,164.06,2026-06-08 12:09:00,1.0,4485050.0,0.0,0.0,0.0,0.0,0.0,0.0,0.0,0.0,4456599.34,False,False,False,none
LD000472,Nairobi,PMS,Summit Downstream Ltd,TRK-665,29700.0,2348908.5,2378605.9,2026-06-08 07:05:00,29697.399999999907,DS000466,29790.0,2026-06-08 09:22:00,Dispatched,1.0,29790.0,4932375.83,4932375.83,0.0,165.57,2026-06-09 15:22:00,7.0,4915350.0,1.0,0.0,0.0,0.0,0.0,0.0,0.0,0.0,4932375.83,False,False,False,none
LD000473,Kisumu,AGO,Crescent Oil Ltd,TRK-900,32400.0,2059581.8,2091987.5,2026-06-08 05:50:00,32405.699999999953,DS000467,32375.0,2026-06-08 07:15:00,Dispatched,1.0,32375.0,5075451.0,5075451.0,0.0,156.77,2026-06-10 09:15:00,1.0,5028480.0,2.0,0.0,0.0,0.0,0.0,0.0,0.0,0.0,5075451.0,False,False,False,none
LD000474,Kisumu,PMS,Pioneer Fuels Kenya,TRK-202,26400.0,2467824.3,2494232.9,2026-06-08 09:36:00,26408.600000000093,DS000468,26601.0,2026-06-08 11:31:00,Dispatched,1.0,26601.0,4461089.03,4461089.03,0.0,167.7,2026-06-11 19:31:00,3.0,4369200.0,3.0,0.0,0.0,0.0,0.0,0.0,0.0,0.0,4461089.03,False,False,False,none
LD000475,Kisumu,AGO,Zenith Petroleum,TRK-370,25500.0,3468623.1,3494129.3,2026-06-08 22:56:00,25506.19999999972,DS000469,25507.0,2026-06-08 23:46:00,Dispatched,1.0,25507.0,3931972.67,3931972.67,0.0,154.15,2026-06-08 23:46:00,45.0,3957599.9999999995,0.0,0.0,0.0,0.0,0.0,0.0,0.0,0.0,3931972.67,False,True,False,none
LD000476,Kisumu,AGO,Tsavo Energy Group,TRK-247,30700.0,1279726.4,1310425.3,2026-06-08 20:02:00,30698.90000000014,DS000470,30668.0,2026-06-08 21:08:00,Dispatched,1.0,30668.0,4667197.17,4667197.17,0.0,152.18,2026-06-09 22:08:00,14.0,4764640.0,1.0,0.0,0.0,0.0,0.0,0.0,0.0,0.0,4667197.17,False,False,False,none
LD000477,Kisumu,PMS,Nyanza Petroleum Co,TRK-586,30200.0,2084589.7,2114798.1,2026-06-08 15:44:00,30208.40000000014,DS000471,30334.0,2026-06-08 16:18:00,Dispatched,1.0,30334.0,4928776.27,4928776.27,0.0,162.48,2026-06-11 21:18:00,21.0,4998100.0,3.0,0.0,0.0,0.0,0.0,0.0,0.0,0.0,4928776.27,False,False,False,none
LD000478,Kisumu,PMS,Aberdare Oil Traders,TRK-978,23700.0,2827434.6,2851139.0,2026-06-08 14:19:00,23704.399999999907,DS000472,23555.0,2026-06-08 16:46:00,Cancelled,,,,,0.0,,,,3922350.0,,0.0,0.0,0.0,0.0,0.0,0.0,0.0,0.0,False,False,False,none
LD000479,Kisumu,IK,Coastline Energy Ltd,TRK-553,23000.0,1209355.5,1232348.0,2026-06-08 12:08:00,22992.5,DS000473,23033.0,2026-06-08 14:21:00,Dispatched,1.0,23033.0,3233542.5,3233542.5,0.0,140.39,2026-06-08 20:21:00,14.0,3220000.0,0.0,0.0,0.0,0.0,0.0,0.0,0.0,0.0,3233542.5,False,False,False,none
LD000480,Kisumu,AGO,Kilele Fuels,TRK-943,35900.0,2785409.4,2821302.8,2026-06-08 07:12:00,35893.39999999991,DS000474,35892.0,2026-06-08 09:18:00,Dispatched,1.0,35892.0,5604854.77,5604854.77,0.0,156.16,2026-06-09 10:18:00,3.0,5571680.0,1.0,0.0,0.0,0.0,0.0,0.0,0.0,0.0,5604854.77,False,False,False,none
LD000481,Kisumu,AGO,Savannah Petroleum,TRK-262,25300.0,3321900.0,3347206.6,2026-06-08 16:52:00,25306.600000000093,DS000475,25410.0,2026-06-08 18:37:00,Dispatched,1.0,25410.0,3900883.25,3900883.25,0.0,153.52,2026-06-10 02:37:00,14.0,3926559.9999999995,1.0,0.0,0.0,0.0,0.0,0.0,0.0,0.0,3900883.25,False,False,False,none
LD000482,Kisumu,AGO,Amani Petroleum,TRK-129,22700.0,2637911.4,2660614.9,2026-06-08 17:08:00,22703.5,DS000476,22741.0,2026-06-08 19:08:00,Dispatched,1.0,22741.0,3586896.76,3586896.76,0.0,157.73,2026-06-09 01:08:00,21.0,3523039.9999999995,0.0,0.0,0.0,0.0,0.0,0.0,0.0,0.0,3586896.76,False,False,False,none
LD000483,Kisumu,AGO,Savannah Petroleum,TRK-567,26800.0,4287225.8,4314025.7,2026-06-08 11:53:00,26799.900000000373,DS000477,26811.0,2026-06-08 12:43:00,Dispatched,1.0,26811.0,4124612.46,4124612.46,0.0,153.84,2026-06-08 17:43:00,1.0,4159359.9999999995,0.0,0.0,0.0,0.0,0.0,0.0,0.0,0.0,4124612.46,False,False,False,none
LD000484,Kisumu,AGO,Kilele Fuels,TRK-750,26100.0,1479316.0,1505417.9,2026-06-08 13:23:00,26101.899999999907,DS000478,26152.0,2026-06-08 15:04:00,Dispatched,1.0,26152.0,4000252.63,4000252.63,0.0,152.96,2026-06-08 20:04:00,30.0,4050719.9999999995,0.0,0.0,0.0,0.0,0.0,0.0,0.0,0.0,4000252.63,False,False,False,none
LD000485,Eldoret,PMS,Kilele Fuels,TRK-991,22400.0,4969934.0,4992334.4,2026-06-08 20:38:00,22400.400000000373,DS000479,22329.0,2026-06-08 22:17:00,Dispatched,1.0,22329.0,3719844.16,3719844.16,0.0,166.59,2026-06-09 22:17:00,14.0,3707200.0,1.0,0.0,0.0,0.0,0.0,0.0,0.0,0.0,3719844.16,False,False,False,none
LD000486,Eldoret,PMS,Lakeview Energy,TRK-495,33500.0,3083831.9,3117335.8,2026-06-08 13:47:00,33503.89999999991,DS000480,33597.0,2026-06-08 16:42:00,Dispatched,1.0,33597.0,5607333.49,5607333.49,0.0,166.9,2026-06-10 18:42:00,1.0,5544250.0,2.0,0.0,0.0,0.0,0.0,0.0,0.0,0.0,5607333.49,False,False,False,none
LD000487,Eldoret,AGO,Nyanza Petroleum Co,TRK-793,30000.0,1356497.7,1386495.1,2026-06-08 11:54:00,29997.40000000014,DS000481,29879.0,2026-06-08 14:06:00,Dispatched,1.0,29879.0,4629071.75,4629071.75,0.0,154.93,2026-06-08 22:06:00,7.0,4656000.0,0.0,0.0,0.0,0.0,0.0,0.0,0.0,0.0,4629071.75,False,False,False,none
LD000488,Eldoret,AGO,Rift Valley Fuels Ltd,TRK-235,33200.0,4128112.4,4161314.2,2026-06-08 21:01:00,33201.80000000028,DS000482,33236.0,2026-06-08 21:40:00,Dispatched,1.0,33236.0,5058734.9,5058734.9,0.0,152.21,2026-06-08 23:40:00,7.0,5152640.0,0.0,0.0,0.0,0.0,0.0,0.0,0.0,0.0,5058734.9,False,False,False,none
LD000489,Eldoret,AGO,Aberdare Oil Traders,TRK-412,31300.0,1144641.5,1175936.1,2026-06-08 05:14:00,31294.600000000093,DS000483,31303.0,2026-06-08 06:02:00,Dispatched,1.0,31303.0,4810218.65,4810218.65,0.0,153.67,2026-06-08 10:02:00,3.0,4857760.0,0.0,0.0,0.0,0.0,0.0,0.0,0.0,0.0,4810218.65,False,False,False,none
LD000490,Eldoret,PMS,Zenith Petroleum,TRK-323,25800.0,1350571.0,1376366.6,2026-06-08 17:54:00,25795.600000000093,DS000484,25664.0,2026-06-08 19:08:00,Dispatched,1.0,25664.0,4285489.54,4285489.54,0.0,166.98,2026-06-09 22:08:00,21.0,4269900.0,1.0,0.0,0.0,0.0,0.0,0.0,0.0,0.0,4285489.54,False,False,False,none
LD000491,Eldoret,AGO,UNKNOWN CUSTOMER,TRK-778,35000.0,3215209.0,3250204.8,2026-06-08 17:37:00,34995.799999999814,DS000485,35007.0,2026-06-08 20:21:00,Dispatched,1.0,35007.0,5489738.82,5489738.82,0.0,156.82,2026-06-11 22:21:00,30.0,5432000.0,3.0,0.0,0.0,0.0,0.0,0.0,0.0,0.0,5489738.82,False,False,False,none
LD000492,Eldoret,PMS,Lakeview Energy,TRK-383,27200.0,3402377.3,3429569.3,2026-06-08 08:30:00,27192.0,DS000486,25111.0,2026-06-08 09:32:00,Dispatched,1.0,25111.0,4134529.77,4134529.77,0.0,164.65,2026-06-08 15:32:00,21.0,4501600.0,0.0,0.0,2089.0,345729.5,0.0,0.0,0.0,345729.5,4134529.77,False,False,True,shrinkage
LD000493,Nakuru,AGO,Coastline Energy Ltd,TRK-629,22600.0,4145103.8,4167712.2,2026-06-08 13:41:00,22608.400000000373,DS000487,22619.0,2026-06-08 16:36:00,Dispatched,1.0,22619.0,3494479.66,3494479.66,0.0,154.49,2026-06-08 21:36:00,30.0,3507519.9999999995,0.0,0.0,0.0,0.0,0.0,0.0,0.0,0.0,3494479.66,False,False,False,none
LD000494,Nakuru,AGO,Mara Fuels,TRK-838,26300.0,3004612.0,3030921.5,2026-06-08 17:42:00,26309.5,DS000488,26384.0,2026-06-08 18:51:00,Dispatched,1.0,26384.0,4028904.0,0.0,4028904.0,152.7,2026-06-08 21:51:00,,4081759.9999999995,0.0,0.0,0.0,0.0,0.0,0.0,0.0,4028904.0,0.0,False,False,True,collections_gap
LD000495,Nakuru,IK,Uhuru Energy Partners,TRK-854,26400.0,3158930.5,3185337.9,2026-06-08 13:58:00,26407.399999999907,DS000489,26341.0,2026-06-08 16:49:00,Dispatched,1.0,26341.0,3720248.36,3720248.36,0.0,141.23,2026-06-09 19:49:00,45.0,3696000.0,1.0,0.0,0.0,0.0,0.0,0.0,0.0,0.0,3720248.36,False,True,False,none
LD000496,Nakuru,PMS,Highland Energy Co,TRK-587,28500.0,3885688.3,3914193.7,2026-06-08 12:43:00,28505.400000000373,DS000490,28505.0,2026-06-08 15:11:00,Dispatched,1.0,28505.0,4708320.54,4708320.54,0.0,165.18,2026-06-10 15:11:00,45.0,4716750.0,2.0,0.0,0.0,0.0,0.0,0.0,0.0,0.0,4708320.54,False,True,False,none
LD000497,Nakuru,AGO,Highland Energy Co,TRK-199,22300.0,1847930.0,1870227.3,2026-06-08 10:53:00,22297.300000000047,DS000491,22374.0,2026-06-08 13:14:00,Dispatched,1.0,22374.0,3474712.82,3474712.82,0.0,155.3,2026-06-09 21:14:00,1.0,3460959.9999999995,1.0,0.0,0.0,0.0,0.0,0.0,0.0,0.0,3474712.82,False,False,False,none
LD000498,Nakuru,AGO,Tsavo Energy Group,TRK-443,20400.0,1615164.6,1635569.5,2026-06-08 22:48:00,20404.899999999907,DS000492,20456.0,2026-06-08 23:30:00,Dispatched,1.0,20456.0,3117361.83,3117361.83,0.0,152.39,2026-06-10 04:30:00,7.0,3166080.0,1.0,0.0,0.0,0.0,0.0,0.0,0.0,0.0,3117361.83,False,False,False,none
LD000499,Nakuru,PMS,Coastline Energy Ltd,TRK-439,23600.0,4829291.6,4852895.2,2026-06-08 12:47:00,23603.60000000056,DS000493,23495.0,2026-06-08 14:20:00,Dispatched,1.0,23495.0,3901207.77,3901207.77,0.0,166.04,2026-06-10 18:20:00,1.0,3905800.0,2.0,0.0,0.0,0.0,0.0,0.0,0.0,0.0,3901207.77,False,False,False,none
LD000500,Nakuru,AGO,Horizon Oil Marketers,TRK-987,29200.0,2917417.8,2946618.4,2026-06-08 19:54:00,29200.600000000093,DS000494,29111.0,2026-06-08 20:45:00,Dispatched,1.0,29111.0,4436532.63,4436532.63,0.0,152.4,2026-06-09 04:45:00,7.0,4531840.0,0.0,0.0,0.0,0.0,0.0,0.0,0.0,0.0,4436532.63,False,False,False,none
LD000501,Nakuru,AGO,Horizon Oil Marketers,TRK-490,25000.0,3425483.8,3450481.2,2026-06-08 11:32:00,24997.400000000373,DS000495,24994.0,2026-06-08 12:19:00,Dispatched,1.0,24994.0,3882899.98,3882899.98,0.0,155.35,2026-06-08 16:19:00,45.0,3879999.9999999995,0.0,0.0,0.0,0.0,0.0,0.0,0.0,0.0,3882899.98,False,True,False,none
LD000502,Nakuru,PMS,Equator Fuels,TRK-683,35200.0,4300803.1,4336007.8,2026-06-08 09:08:00,35204.700000000186,DS000496,35175.0,2026-06-08 10:15:00,Dispatched,1.0,32658.0,5378766.08,5378766.08,0.0,164.7,2026-06-10 13:15:00,3.0,5825600.0,2.0,0.0,0.0,0.0,0.0,2517.0,414549.89999999997,414549.89999999997,5378766.08,False,False,True,underbilling
LD000503,Nakuru,PMS,Lakeview Energy,TRK-746,30700.0,1487047.6,1517752.4,2026-06-08 10:49:00,30704.799999999814,DS000497,30694.0,2026-06-08 12:37:00,Dispatched,1.0,30694.0,5021542.9,5021542.9,0.0,163.6001466084577,2026-06-15 14:37:00,14.0,5080850.0,7.0,0.0,0.0,0.0,0.0,0.0,0.0,0.0,5021542.9,True,False,False,none
LD000504,Nakuru,AGO,Aberdare Oil Traders,TRK-892,23700.0,1319861.6,1343544.7,2026-06-08 05:28:00,23683.09999999986,DS000498,23757.0,2026-06-08 08:22:00,Dispatched,1.0,23757.0,3663991.98,3663991.98,0.0,154.23,2026-06-08 12:22:00,14.0,3678239.9999999995,0.0,0.0,0.0,0.0,0.0,0.0,0.0,0.0,3663991.98,False,False,False,none
LD000505,Kisii,AGO,Crescent Oil Ltd,TRK-539,27000.0,1422658.7,1449652.7,2026-06-08 07:08:00,26994.0,DS000499,27023.0,2026-06-08 10:05:00,Dispatched,1.0,27023.0,4215120.17,4215120.17,0.0,155.98,2026-06-10 13:05:00,3.0,4190399.9999999995,2.0,0.0,0.0,0.0,0.0,0.0,0.0,0.0,4215120.17,False,False,False,none
LD000506,Kisii,IK,Savannah Petroleum,TRK-848,29900.0,3600804.4,3630707.4,2026-06-08 17:00:00,29903.0,DS000500,29931.0,2026-06-08 19:48:00,Dispatched,1.0,29931.0,4268238.85,4268238.85,0.0,142.6,2026-06-08 20:48:00,3.0,4186000.0,0.0,0.0,0.0,0.0,0.0,0.0,0.0,0.0,4268238.85,False,False,False,none
LD000507,Kisii,AGO,Rift Valley Fuels Ltd,TRK-741,22400.0,1245398.5,1267797.4,2026-06-08 21:12:00,22398.899999999907,DS000501,22445.0,2026-06-08 22:16:00,Dispatched,1.0,22445.0,3422414.4,3422414.4,0.0,152.48,2026-06-11 06:16:00,7.0,3476479.9999999995,2.0,0.0,0.0,0.0,0.0,0.0,0.0,0.0,3422414.4,False,False,False,none
LD000508,Kisii,PMS,Baraka Downstream,TRK-615,20900.0,4979465.3,5000372.8,2026-06-08 16:19:00,20907.5,DS000502,20967.0,2026-06-08 17:35:00,Dispatched,1.0,20967.0,3403974.32,3403974.32,0.0,162.35,2026-06-10 22:35:00,3.0,3458950.0,2.0,0.0,0.0,0.0,0.0,0.0,0.0,0.0,3403974.32,False,False,False,none
LD000509,Kisii,PMS,Coastline Energy Ltd,TRK-632,20900.0,3780140.9,3801037.8,2026-06-08 06:19:00,20896.899999999907,DS000503,20708.0,2026-06-08 08:53:00,Dispatched,1.0,20708.0,3387484.97,3387484.97,0.0,163.58,2026-06-09 13:53:00,14.0,3458950.0,1.0,0.0,0.0,0.0,0.0,0.0,0.0,0.0,3387484.97,False,False,False,none
LD000510,Kisii,PMS,Delta Oil Marketers,TRK-292,31100.0,1249167.2,1280265.7,2026-06-08 09:21:00,31098.5,DS000504,31064.0,2026-06-08 10:57:00,Dispatched,1.0,31064.0,5101974.37,5101974.37,0.0,164.24,2026-06-09 16:57:00,7.0,5147050.0,1.0,0.0,0.0,0.0,0.0,0.0,0.0,0.0,5101974.37,False,False,False,none
LD000511,Kisii,PMS,Baraka Downstream,TRK-122,28200.0,4986787.4,5014989.6,2026-06-08 12:46:00,28202.199999999255,DS000505,28125.0,2026-06-08 15:41:00,Dispatched,1.0,28125.0,4624322.89,2707813.88,1916509.0099999998,164.42,2026-06-11 15:41:00,1.0,4667100.0,3.0,0.0,0.0,0.0,0.0,0.0,0.0,1916509.0099999998,2707813.88,False,False,True,collections_gap
LD000512,Kisii,PMS,Aberdare Oil Traders,TRK-738,24900.0,3495583.3,3520489.3,2026-06-08 06:24:00,24906.0,DS000506,24936.0,2026-06-08 08:28:00,Dispatched,1.0,24936.0,4091569.71,4091569.71,0.0,164.08,2026-06-09 11:28:00,7.0,4120950.0,1.0,0.0,0.0,0.0,0.0,0.0,0.0,0.0,4091569.71,False,False,False,none
LD000513,Kisii,AGO,Horizon Oil Marketers,TRK-489,28400.0,2704333.5,2732726.7,2026-06-08 05:03:00,28393.200000000186,DS000507,28361.0,2026-06-08 07:06:00,Dispatched,1.0,28361.0,4451100.78,4451100.78,0.0,156.94,2026-06-11 11:06:00,1.0,4407680.0,3.0,0.0,0.0,0.0,0.0,0.0,0.0,0.0,4451100.78,False,False,False,none
LD000514,Mombasa,AGO,Rift Valley Fuels Ltd,TRK-777,28400.0,2926539.4,2954938.3,2026-06-09 09:13:00,28398.899999999907,DS000508,28406.0,2026-06-09 11:27:00,Dispatched,1.0,28406.0,4487754.01,4487754.01,0.0,157.99,2026-06-09 18:27:00,30.0,4407680.0,0.0,0.0,0.0,0.0,0.0,0.0,0.0,0.0,4487754.01,False,False,False,none
LD000515,Mombasa,AGO,Horizon Oil Marketers,TRK-732,22800.0,2548315.0,2571113.8,2026-06-09 09:26:00,22798.799999999814,DS000509,22858.0,2026-06-09 10:35:00,Dispatched,1.0,22858.0,3569111.61,3569111.61,0.0,156.14,2026-06-09 12:35:00,3.0,3538559.9999999995,0.0,0.0,0.0,0.0,0.0,0.0,0.0,0.0,3569111.61,False,False,False,none
LD000516,Mombasa,PMS,Equator Fuels,TRK-896,32600.0,3328592.9,3361187.7,2026-06-09 08:31:00,32594.80000000028,DS000510,32541.0,2026-06-09 09:02:00,Dispatched,1.0,32541.0,5282758.41,5282758.41,0.0,162.34,2026-06-11 09:02:00,30.0,5395300.0,2.0,0.0,0.0,0.0,0.0,0.0,0.0,0.0,5282758.41,False,False,False,none
LD000517,Mombasa,PMS,Tsavo Energy Group,TRK-608,30900.0,1758779.4,1789671.7,2026-06-09 18:18:00,30892.300000000047,DS000511,30934.0,2026-06-09 19:18:00,Dispatched,1.0,30934.0,5087721.21,5087721.21,0.0,164.47,2026-06-17 03:18:00,21.0,5113950.0,7.0,0.0,0.0,0.0,0.0,0.0,0.0,0.0,5087721.21,True,False,False,none
LD000518,Mombasa,PMS,Lakeview Energy,TRK-955,33300.0,3517195.2,3550500.4,2026-06-09 05:00:00,33305.19999999972,DS000512,33455.0,2026-06-09 07:33:00,Dispatched,1.0,33455.0,5614474.49,5614474.49,0.0,167.82,2026-06-09 07:33:00,21.0,5511150.0,0.0,0.0,0.0,0.0,0.0,0.0,0.0,0.0,5614474.49,False,False,False,none
LD000519,Mombasa,IK,Horizon Oil Marketers,TRK-759,23200.0,1258466.7,1281666.1,2026-06-09 21:04:00,23199.40000000014,DS000513,23258.0,2026-06-09 21:47:00,Dispatched,1.0,23258.0,3202295.46,3202295.46,0.0,137.69,2026-06-12 00:47:00,3.0,3248000.0,2.0,0.0,0.0,0.0,0.0,0.0,0.0,0.0,3202295.46,False,False,False,none
LD000520,Mombasa,IK,Kilele Fuels,TRK-932,24300.0,3584360.5,3608658.3,2026-06-09 14:16:00,24297.799999999814,DS000514,24184.0,2026-06-09 16:15:00,Dispatched,1.0,24184.0,3414903.52,3414903.52,0.0,141.21,2026-06-09 20:15:00,3.0,3402000.0,0.0,0.0,0.0,0.0,0.0,0.0,0.0,0.0,3414903.52,False,False,False,none
LD000521,Mombasa,AGO,Mara Fuels,TRK-218,28000.0,2064077.1,2092075.2,2026-06-09 16:51:00,27998.09999999986,DS000515,27975.0,2026-06-09 17:58:00,Dispatched,1.0,27975.0,4414170.36,4414170.36,0.0,157.79,2026-06-09 19:58:00,7.0,4345600.0,0.0,0.0,0.0,0.0,0.0,0.0,0.0,0.0,4414170.36,False,False,False,none
LD000522,Mombasa,PMS,Tsavo Energy Group,TRK-548,30400.0,4242743.7,4273146.5,2026-06-09 09:42:00,30402.799999999814,DS000516,30432.0,2026-06-09 12:24:00,Dispatched,1.0,30432.0,5003354.29,5003354.29,0.0,164.41,2026-06-11 12:24:00,1.0,5031200.0,2.0,0.0,0.0,0.0,0.0,0.0,0.0,0.0,5003354.29,False,False,False,none
LD000523,Mombasa,PMS,Horizon Oil Marketers,TRK-567,29800.0,4438260.9,4468063.4,2026-06-09 15:11:00,29802.5,DS000517,29849.0,2026-06-09 16:28:00,Dispatched,1.0,29849.0,4941293.13,4941293.13,0.0,165.54,2026-06-09 22:28:00,45.0,4931900.0,0.0,0.0,0.0,0.0,0.0,0.0,0.0,0.0,4941293.13,False,True,False,none
LD000524,Mombasa,AGO,Uhuru Energy Partners,TRK-916,22100.0,1408598.1,1430697.5,2026-06-09 20:51:00,22099.399999999907,DS000518,22083.0,2026-06-09 23:15:00,Dispatched,1.0,22083.0,3466142.66,3466142.66,0.0,156.96,2026-06-09 23:15:00,7.0,3429919.9999999995,0.0,0.0,0.0,0.0,0.0,0.0,0.0,0.0,3466142.66,False,False,False,none
LD000525,Mombasa,PMS,Tsavo Energy Group,TRK-704,30500.0,4771324.6,4801826.2,2026-06-09 06:54:00,30501.60000000056,DS000519,30441.0,2026-06-09 07:30:00,Dispatched,1.0,30441.0,5055018.23,5055018.23,0.0,166.06,2026-06-16 08:30:00,60.0,5047750.0,7.0,0.0,0.0,0.0,0.0,0.0,0.0,0.0,5055018.23,True,True,False,none
LD000526,Nairobi,PMS,Zenith Petroleum,TRK-983,27400.0,3548805.9,3576205.1,2026-06-09 17:49:00,27399.200000000186,DS000520,27406.0,2026-06-09 19:16:00,Dispatched,1.0,27406.0,4485396.54,4485396.54,0.0,163.66,2026-06-09 21:16:00,21.0,4534700.0,0.0,0.0,0.0,0.0,0.0,0.0,0.0,0.0,4485396.54,False,False,False,none
LD000527,Nairobi,IK,Uhuru Energy Partners,TRK-164,30500.0,4580471.0,4610977.5,2026-06-09 08:56:00,30506.5,DS000521,30401.0,2026-06-09 11:26:00,Dispatched,1.0,30401.0,4287733.64,4287733.64,0.0,141.04,2026-06-10 14:26:00,1.0,4270000.0,1.0,0.0,0.0,0.0,0.0,0.0,0.0,0.0,4287733.64,False,False,False,none
LD000528,Nairobi,PMS,Pioneer Fuels Kenya,TRK-329,21100.0,3073632.1,3094739.9,2026-06-09 21:49:00,21107.799999999814,DS000522,21170.0,2026-06-09 22:27:00,Dispatched,1.0,21170.0,3437344.13,3437344.13,0.0,162.37,2026-06-11 01:27:00,14.0,3492050.0,1.0,0.0,0.0,0.0,0.0,0.0,0.0,0.0,3437344.13,False,False,False,none
LD000529,Nairobi,PMS,Zenith Petroleum,TRK-756,22400.0,3949735.1,3972145.2,2026-06-09 12:30:00,22410.100000000093,DS000523,22526.0,2026-06-09 14:01:00,Dispatched,1.0,22526.0,3703911.11,3703911.11,0.0,164.42826555979755,2026-06-12 19:01:00,3.0,3707200.0,3.0,0.0,0.0,0.0,0.0,0.0,0.0,0.0,3703911.11,False,False,False,none
LD000530,Nairobi,AGO,Crescent Oil Ltd,TRK-758,20700.0,1339168.1,1359868.8,2026-06-09 22:57:00,20700.699999999953,DS000524,20725.0,2026-06-10 00:57:00,Dispatched,1.0,20725.0,3249946.96,3249946.96,0.0,156.81,2026-06-12 01:57:00,3.0,3212639.9999999995,2.0,0.0,0.0,0.0,0.0,0.0,0.0,0.0,3249946.96,False,False,False,none
LD000531,Nairobi,AGO,Delta Oil Marketers,TRK-438,31500.0,1288337.3,1319830.6,2026-06-09 10:04:00,31493.300000000047,DS000525,31478.0,2026-06-09 10:52:00,Dispatched,1.0,31478.0,4864840.9,4864840.9,0.0,154.55,2026-06-10 15:52:00,3.0,4888800.0,1.0,0.0,0.0,0.0,0.0,0.0,0.0,0.0,4864840.9,False,False,False,none
LD000532,Nairobi,AGO,Summit Downstream Ltd,TRK-340,25600.0,4098614.1,4124209.2,2026-06-09 22:41:00,25595.100000000093,DS000526,25672.0,2026-06-10 01:30:00,Dispatched,1.0,25672.0,3911015.05,3911015.05,0.0,152.35,2026-06-11 08:30:00,45.0,3973119.9999999995,1.0,0.0,0.0,0.0,0.0,0.0,0.0,0.0,3911015.05,False,True,False,none
LD000533,Nairobi,PMS,Delta Oil Marketers,TRK-221,30600.0,1740782.3,1771388.2,2026-06-09 19:05:00,30605.899999999907,DS000527,30671.0,2026-06-09 21:30:00,Dispatched,1.0,30671.0,4994750.17,4994750.17,0.0,162.85,2026-06-12 00:30:00,7.0,5064300.0,2.0,0.0,0.0,0.0,0.0,0.0,0.0,0.0,4994750.17,False,False,False,none
LD000534,Nairobi,PMS,Highland Energy Co,TRK-945,24200.0,1083779.8,1107983.4,2026-06-09 18:02:00,24203.59999999986,DS000528,24180.0,2026-06-09 19:35:00,Dispatched,1.0,24180.0,3938340.63,3938340.63,0.0,162.88,2026-06-10 02:35:00,14.0,4005100.0,0.0,0.0,0.0,0.0,0.0,0.0,0.0,0.0,3938340.63,False,False,False,none
LD000535,Nairobi,AGO,Kilele Fuels,TRK-472,21300.0,4871440.1,4892745.1,2026-06-09 22:13:00,21305.0,DS000529,21297.0,2026-06-10 00:48:00,Cancelled,,,,,0.0,,,,3305759.9999999995,,0.0,0.0,0.0,0.0,0.0,0.0,0.0,0.0,False,False,False,none
LD000536,Nairobi,AGO,Crescent Oil Ltd,TRK-833,30000.0,2527758.6,2557754.8,2026-06-09 15:35:00,29996.19999999972,DS000530,29945.0,2026-06-09 17:07:00,Dispatched,1.0,29945.0,4656815.14,4656815.14,0.0,155.5122771748205,2026-06-11 21:07:00,3.0,4656000.0,2.0,0.0,0.0,0.0,0.0,0.0,0.0,0.0,4656815.14,False,False,False,none
LD000537,Nairobi,PMS,Mara Fuels,TRK-748,23300.0,1485545.7,1508852.3,2026-06-09 12:00:00,23306.600000000093,DS000531,23312.0,2026-06-09 13:49:00,Dispatched,1.0,23312.0,3886313.07,3886313.07,0.0,166.71,2026-06-10 21:49:00,7.0,3856150.0,1.0,0.0,0.0,0.0,0.0,0.0,0.0,0.0,3886313.07,False,False,False,none
LD000538,Nairobi,AGO,Tsavo Energy Group,TRK-941,30300.0,3121208.5,3151511.3,2026-06-09 06:57:00,30302.799999999814,DS000532,30327.0,2026-06-09 08:30:00,Dispatched,1.0,30327.0,4637574.24,4637574.24,0.0,152.92,2026-06-11 11:30:00,7.0,4702560.0,2.0,0.0,0.0,0.0,0.0,0.0,0.0,0.0,4637574.24,False,False,False,none
LD000539,Kisumu,PMS,Horizon Oil Marketers,TRK-502,25200.0,1500934.3,1526129.2,2026-06-09 11:12:00,25194.899999999907,DS000533,25141.0,2026-06-09 14:00:00,Dispatched,,,,,0.0,,,,4170600.0,,0.0,0.0,0.0,4160835.5,0.0,0.0,4160835.5,0.0,False,False,True,billing_gap
LD000540,Kisumu,AGO,Mara Fuels,TRK-524,27800.0,4681188.7,4708988.4,2026-06-09 11:45:00,27799.700000000186,DS000534,27710.0,2026-06-09 12:56:00,Dispatched,1.0,27710.0,4313516.84,4313516.84,0.0,155.67,2026-06-10 18:56:00,3.0,4314560.0,1.0,0.0,0.0,0.0,0.0,0.0,0.0,0.0,4313516.84,False,False,False,none
LD000541,Kisumu,AGO,Pioneer Fuels Kenya,TRK-237,28300.0,3465998.9,3494300.0,2026-06-09 19:29:00,28301.100000000093,DS000535,28187.0,2026-06-09 21:34:00,Dispatched,1.0,28187.0,4322375.92,4322375.92,0.0,153.34643346223436,2026-06-10 05:34:00,3.0,4392160.0,0.0,0.0,0.0,0.0,0.0,0.0,0.0,0.0,4322375.92,False,False,False,none
LD000542,Kisumu,AGO,Uhuru Energy Partners,TRK-594,21500.0,2503971.6,2525467.1,2026-06-09 06:35:00,21495.5,DS000536,21527.0,2026-06-09 08:16:00,Dispatched,2.0,43054.0,6567734.0,6567734.0,0.0,152.55,2026-06-09 10:16:00,14.0,3336799.9999999995,0.0,0.0,0.0,0.0,0.0,0.0,0.0,0.0,6567734.0,False,False,False,none
LD000543,Kisumu,AGO,Baraka Downstream,TRK-773,28800.0,2554611.2,2583408.6,2026-06-09 10:46:00,28797.399999999907,DS000537,28799.0,2026-06-09 13:32:00,Dispatched,1.0,28799.0,4385076.08,4385076.08,0.0,152.26,2026-06-09 14:32:00,3.0,4469760.0,0.0,0.0,0.0,0.0,0.0,0.0,0.0,0.0,4385076.08,False,False,False,none
LD000544,Kisumu,AGO,Crescent Oil Ltd,TRK-880,34900.0,3703929.1,3738825.3,2026-06-09 17:26:00,34896.19999999972,DS000538,34891.0,2026-06-09 19:22:00,Dispatched,1.0,34891.0,5352593.35,5352593.35,0.0,153.41,2026-06-10 21:22:00,60.0,5416480.0,1.0,0.0,0.0,0.0,0.0,0.0,0.0,0.0,5352593.35,False,True,False,none
LD000545,Kisumu,PMS,Kilele Fuels,TRK-241,27900.0,1050859.6,1078763.3,2026-06-09 15:18:00,27903.699999999953,DS000539,27939.0,2026-06-09 16:40:00,Dispatched,1.0,27939.0,4699823.76,4699823.76,0.0,168.22,2026-06-09 22:40:00,1.0,4617450.0,0.0,0.0,0.0,0.0,0.0,0.0,0.0,0.0,4699823.76,False,False,False,none
LD000546,Eldoret,AGO,Mara Fuels,TRK-666,28700.0,3544283.1,3572981.3,2026-06-09 22:55:00,28698.19999999972,DS000540,28622.0,2026-06-09 23:58:00,Dispatched,1.0,28622.0,4401091.55,4401091.55,0.0,153.77,2026-06-11 07:58:00,7.0,4454240.0,1.0,0.0,0.0,0.0,0.0,0.0,0.0,0.0,4401091.55,False,False,False,none
LD000547,Eldoret,PMS,Zenith Petroleum,TRK-235,23500.0,4913589.1,4937091.0,2026-06-09 14:43:00,23501.900000000373,DS000541,23425.0,2026-06-09 15:18:00,Dispatched,1.0,23425.0,3830574.65,3830574.65,0.0,163.53,2026-06-10 23:18:00,1.0,3889250.0,1.0,0.0,0.0,0.0,0.0,0.0,0.0,0.0,3830574.65,False,False,False,none
LD000548,Eldoret,AGO,Horizon Oil Marketers,TRK-675,22900.0,1215432.8,1238340.8,2026-06-09 15:45:00,22908.0,DS000542,22917.0,2026-06-09 18:05:00,Dispatched,1.0,22917.0,3488558.35,3488558.35,0.0,152.23,2026-06-10 00:05:00,1.0,3554079.9999999995,0.0,0.0,0.0,0.0,0.0,0.0,0.0,0.0,3488558.35,False,False,False,none
LD000549,Eldoret,AGO,Uhuru Energy Partners,TRK-635,25100.0,4012749.3,4037850.8,2026-06-09 22:18:00,25101.5,DS000543,24970.0,2026-06-09 22:58:00,Dispatched,1.0,24970.0,3910161.77,3910161.77,0.0,156.59,2026-06-17 05:58:00,45.0,3895519.9999999995,7.0,0.0,0.0,0.0,0.0,0.0,0.0,0.0,3910161.77,True,True,False,none
LD000550,Eldoret,PMS,Savannah Petroleum,TRK-868,31600.0,1431774.9,1463366.3,2026-06-09 06:42:00,31591.40000000014,DS000544,31575.0,2026-06-09 07:35:00,Dispatched,1.0,31575.0,5326187.05,5326187.05,0.0,168.68,2026-06-11 14:35:00,30.0,5229800.0,2.0,0.0,0.0,0.0,0.0,0.0,0.0,0.0,5326187.05,False,False,False,none
LD000551,Eldoret,AGO,Savannah Petroleum,TRK-402,31000.0,1367483.6,1398483.5,2026-06-09 09:53:00,30999.899999999907,DS000545,31229.0,2026-06-09 10:43:00,Dispatched,1.0,31229.0,4892671.07,4892671.07,0.0,156.67,2026-06-16 17:43:00,14.0,4811200.0,7.0,0.0,0.0,0.0,0.0,0.0,0.0,0.0,4892671.07,True,False,False,none
LD000552,Eldoret,PMS,Crescent Oil Ltd,TRK-857,22400.0,2369534.5,2391937.2,2026-06-09 19:06:00,22402.700000000186,DS000546,22309.0,2026-06-09 21:12:00,Dispatched,1.0,22309.0,3668044.6,3668044.6,0.0,164.42,2026-06-11 05:12:00,30.0,3707200.0,1.0,0.0,0.0,0.0,0.0,0.0,0.0,0.0,3668044.6,False,False,False,none
LD000553,Eldoret,AGO,Nyanza Petroleum Co,TRK-915,26600.0,4032740.0,4059343.3,2026-06-09 22:24:00,26603.299999999814,DS000547,26566.0,2026-06-10 01:17:00,Dispatched,1.0,26566.0,4135201.65,4135201.65,0.0,155.66,2026-06-10 08:17:00,30.0,4128319.9999999995,0.0,0.0,0.0,0.0,0.0,0.0,0.0,0.0,4135201.65,False,False,False,none
LD000554,Eldoret,AGO,Summit Downstream Ltd,TRK-907,21700.0,1606277.5,1627984.7,2026-06-09 06:59:00,21707.199999999953,DS000548,21562.0,2026-06-09 07:59:00,Dispatched,1.0,21562.0,3406957.48,3406957.48,0.0,158.01,2026-06-10 11:59:00,14.0,3367839.9999999995,1.0,0.0,0.0,0.0,0.0,0.0,0.0,0.0,3406957.48,False,False,False,none
LD000555,Eldoret,IK,Aberdare Oil Traders,TRK-989,21500.0,3308691.1,3330190.2,2026-06-09 06:00:00,21499.100000000093,DS000549,21485.0,2026-06-09 08:26:00,Dispatched,1.0,21485.0,3030857.21,2321752.64,709104.5699999998,141.07,2026-06-09 09:26:00,7.0,3010000.0,0.0,0.0,0.0,0.0,0.0,0.0,0.0,709104.5699999998,2321752.64,False,False,True,collections_gap
LD000556,Eldoret,IK,Pioneer Fuels Kenya,TRK-717,22600.0,3232169.3,3254774.4,2026-06-09 16:48:00,22605.100000000093,DS000550,22733.0,2026-06-09 18:38:00,Dispatched,1.0,22733.0,3141470.03,3141470.03,0.0,138.19,2026-06-11 01:38:00,14.0,3164000.0,1.0,0.0,0.0,0.0,0.0,0.0,0.0,0.0,3141470.03,False,False,False,none
LD000557,Eldoret,PMS,Lakeview Energy,TRK-277,33000.0,3966848.2,3999846.4,2026-06-09 10:43:00,32998.19999999972,DS000551,33046.0,2026-06-09 12:22:00,Dispatched,1.0,33046.0,5477889.11,5477889.11,0.0,165.77,2026-06-10 14:22:00,21.0,5461500.0,1.0,0.0,0.0,0.0,0.0,0.0,0.0,0.0,5477889.11,False,False,False,none
LD000558,Eldoret,PMS,Highland Energy Co,TRK-264,23100.0,4519265.9,4542369.0,2026-06-09 18:17:00,23103.099999999627,DS000552,23057.0,2026-06-09 19:01:00,Dispatched,1.0,23057.0,3817982.34,3817982.34,0.0,165.59,2026-06-11 01:01:00,1.0,3823050.0,1.0,0.0,0.0,0.0,0.0,0.0,0.0,0.0,3817982.34,False,False,False,none
LD000559,Eldoret,PMS,Baraka Downstream,TRK-430,30500.0,2243715.7,2274219.5,2026-06-09 19:45:00,30503.799999999814,DS000553,30700.0,2026-06-09 21:05:00,Dispatched,1.0,30700.0,5073427.43,5073427.43,0.0,165.26,2026-06-10 03:05:00,30.0,5047750.0,0.0,0.0,0.0,0.0,0.0,0.0,0.0,0.0,5073427.43,False,False,False,none
LD000560,Nakuru,AGO,Pioneer Fuels Kenya,TRK-174,25700.0,4135167.1,4160870.0,2026-06-09 14:31:00,25702.899999999907,DS000554,25566.0,2026-06-09 15:19:00,Dispatched,1.0,25566.0,3966168.64,3966168.64,0.0,155.13,2026-06-10 23:19:00,3.0,3988639.9999999995,1.0,0.0,0.0,0.0,0.0,0.0,0.0,0.0,3966168.64,False,False,False,none
LD000561,Nakuru,AGO,Lakeview Energy,TRK-263,28900.0,1020918.5,1049814.6,2026-06-09 10:33:00,28896.100000000093,DS000555,28939.0,2026-06-09 12:50:00,Dispatched,1.0,28939.0,4415432.46,4415432.46,0.0,152.58,2026-06-10 19:50:00,30.0,4485280.0,1.0,0.0,0.0,0.0,0.0,0.0,0.0,0.0,4415432.46,False,False,False,none
LD000562,Nakuru,PMS,Equator Fuels,TRK-439,35300.0,2471763.0,2507066.2,2026-06-09 12:56:00,35303.200000000186,DS000556,35307.0,2026-06-09 13:59:00,Dispatched,1.0,35307.0,5801464.03,5801464.03,0.0,164.31,2026-06-09 14:59:00,3.0,5842150.0,0.0,0.0,0.0,0.0,0.0,0.0,0.0,0.0,5801464.03,False,False,False,none
LD000563,Nakuru,PMS,Highland Energy Co,TRK-764,25200.0,1595552.2,1620755.8,2026-06-09 21:30:00,25203.600000000093,DS000557,25181.0,2026-06-10 00:27:00,Cancelled,,,,,0.0,,,,4170600.0,,0.0,0.0,0.0,0.0,0.0,0.0,0.0,0.0,False,False,False,none
LD000564,Nakuru,AGO,Crescent Oil Ltd,TRK-349,35900.0,2473238.1,2509136.2,2026-06-09 19:15:00,35898.10000000009,DS000558,35987.0,2026-06-09 20:20:00,Dispatched,1.0,35987.0,5606168.71,5606168.71,0.0,155.78,2026-06-09 21:20:00,3.0,5571680.0,0.0,0.0,0.0,0.0,0.0,0.0,0.0,0.0,5606168.71,False,False,False,none
LD000565,Nakuru,PMS,Aberdare Oil Traders,TRK-389,27200.0,3888283.8,3915484.9,2026-06-09 08:24:00,27201.100000000093,DS000559,27104.0,2026-06-09 10:29:00,Dispatched,1.0,27104.0,4424556.45,4424556.45,0.0,163.24,2026-06-12 18:29:00,1.0,4501600.0,3.0,0.0,0.0,0.0,0.0,0.0,0.0,0.0,4424556.45,False,False,False,none
LD000566,Nakuru,AGO,Delta Oil Marketers,TRK-767,26300.0,2650487.4,2676792.1,2026-06-09 21:28:00,26304.700000000186,,,,,,,,,0.0,,,,4081759.9999999995,,4081759.9999999995,0.0,0.0,0.0,0.0,0.0,4081759.9999999995,0.0,False,False,True,dispatch_capture_gap
LD000567,Kisii,AGO,Highland Energy Co,TRK-741,22900.0,1116285.5,1139183.5,2026-06-09 08:10:00,22898.0,DS000560,22921.0,2026-06-09 10:52:00,Dispatched,1.0,22921.0,3550115.97,3550115.97,0.0,154.88,2026-06-09 13:52:00,30.0,3554079.9999999995,0.0,0.0,0.0,0.0,0.0,0.0,0.0,0.0,3550115.97,False,False,False,none
LD000568,Kisii,AGO,Uhuru Energy Partners,TRK-310,26200.0,2609308.5,2635506.4,2026-06-09 11:55:00,26197.899999999907,DS000561,26215.0,2026-06-09 12:35:00,Dispatched,1.0,26215.0,4077014.55,4077014.55,0.0,155.52,2026-06-09 19:35:00,3.0,4066239.9999999995,0.0,0.0,0.0,0.0,0.0,0.0,0.0,0.0,4077014.55,False,False,False,none
LD000569,Kisii,AGO,Baraka Downstream,TRK-834,34000.0,3040438.8,3074436.1,2026-06-09 07:47:00,33997.30000000028,DS000562,33911.0,2026-06-09 08:50:00,Dispatched,1.0,33911.0,5326639.99,5326639.99,0.0,157.08,2026-06-11 09:50:00,14.0,5276800.0,2.0,0.0,0.0,0.0,0.0,0.0,0.0,0.0,5326639.99,False,False,False,none
LD000570,Kisii,PMS,Aberdare Oil Traders,TRK-688,23600.0,3811773.8,3835375.3,2026-06-09 06:11:00,23601.5,DS000563,23738.0,2026-06-09 08:30:00,Cancelled,,,,,0.0,,,,3905800.0,,0.0,0.0,0.0,0.0,0.0,0.0,0.0,0.0,False,False,False,none
LD000571,Kisii,PMS,Summit Downstream Ltd,TRK-117,20800.0,2946390.6,2967198.6,2026-06-09 19:40:00,20808.0,DS000564,20789.0,2026-06-09 21:05:00,Dispatched,1.0,20789.0,3500307.32,3500307.32,0.0,168.37,2026-06-10 03:05:00,14.0,3442400.0,0.0,0.0,0.0,0.0,0.0,0.0,0.0,0.0,3500307.32,False,False,False,none
LD000572,Kisii,AGO,Pioneer Fuels Kenya,TRK-968,20400.0,2288432.0,2308839.8,2026-06-09 07:48:00,20407.799999999814,DS000565,20392.0,2026-06-09 09:18:00,Dispatched,1.0,20392.0,3181874.16,3181874.16,0.0,156.04,2026-06-09 09:18:00,3.0,3166080.0,0.0,0.0,0.0,0.0,0.0,0.0,0.0,0.0,3181874.16,False,False,False,none
LD000573,Kisii,IK,Coastline Energy Ltd,TRK-388,30200.0,1595998.9,1626204.2,2026-06-09 08:18:00,30205.300000000047,DS000566,30107.0,2026-06-09 09:55:00,Dispatched,1.0,30107.0,4245307.2,4245307.2,0.0,141.01,2026-06-10 17:55:00,60.0,4228000.0,1.0,0.0,0.0,0.0,0.0,0.0,0.0,0.0,4245307.2,False,True,False,none
LD000574,Kisii,PMS,Tsavo Energy Group,TRK-239,35700.0,1839368.0,1875072.2,2026-06-09 05:30:00,35704.19999999995,DS000567,35683.0,2026-06-09 08:25:00,Dispatched,1.0,35683.0,5865460.37,5865460.37,0.0,164.38,2026-06-09 12:25:00,1.0,5908350.0,0.0,0.0,0.0,0.0,0.0,0.0,0.0,0.0,5865460.37,False,False,False,none
LD000575,Kisii,AGO,Baraka Downstream,TRK-914,33200.0,3081186.3,3114381.8,2026-06-09 22:18:00,33195.5,DS000568,33433.0,2026-06-10 01:15:00,Dispatched,1.0,33433.0,5126450.36,5126450.36,0.0,153.34,2026-06-11 08:15:00,14.0,5152640.0,1.0,0.0,0.0,0.0,0.0,0.0,0.0,0.0,5126450.36,False,False,False,none
LD000576,Kisii,IK,Highland Energy Co,TRK-142,31800.0,1943430.4,1975228.9,2026-06-09 05:35:00,31798.5,DS000569,31776.0,2026-06-09 08:21:00,Dispatched,1.0,31776.0,4459698.33,4459698.33,0.0,140.35,2026-06-09 13:21:00,7.0,4452000.0,0.0,0.0,0.0,0.0,0.0,0.0,0.0,0.0,4459698.33,False,False,False,none
LD000577,Kisii,AGO,Equator Fuels,TRK-843,25900.0,1250168.9,1276072.0,2026-06-09 07:19:00,25903.100000000093,DS000570,25940.0,2026-06-09 09:55:00,Dispatched,1.0,25940.0,4051127.29,4051127.29,0.0,156.17,2026-06-10 10:55:00,3.0,4019679.9999999995,1.0,0.0,0.0,0.0,0.0,0.0,0.0,0.0,4051127.29,False,False,False,none
LD000578,Kisii,PMS,Tsavo Energy Group,TRK-731,31700.0,2197774.0,2229477.5,2026-06-09 21:09:00,31703.5,DS000571,31790.0,2026-06-09 22:14:00,Dispatched,1.0,31790.0,5332992.58,5332992.58,0.0,167.76,2026-06-09 22:14:00,3.0,5246350.0,0.0,0.0,0.0,0.0,0.0,0.0,0.0,0.0,5332992.58,False,False,False,none
LD000579,Kisii,PMS,Highland Energy Co,TRK-662,22800.0,3550213.1,3573006.5,2026-06-09 06:54:00,22793.399999999907,DS000572,22788.0,2026-06-09 08:48:00,Dispatched,1.0,22236.0,3672627.4,3672627.4,0.0,165.17,2026-06-09 14:48:00,21.0,3773400.0,0.0,0.0,0.0,0.0,0.0,552.0,91173.84,91173.84,3672627.4,False,False,True,underbilling
LD000580,Mombasa,AGO,Equator Fuels,TRK-598,35900.0,3988878.4,4024778.3,2026-06-10 13:06:00,35899.89999999991,DS000573,35856.0,2026-06-10 14:06:00,Dispatched,1.0,35856.0,5653127.84,5653127.84,0.0,157.66,2026-06-11 16:06:00,45.0,5571680.0,1.0,0.0,0.0,0.0,0.0,0.0,0.0,0.0,5653127.84,False,True,False,none
LD000581,Mombasa,PMS,Coastline Energy Ltd,TRK-298,31800.0,4801251.0,4833052.5,2026-06-10 12:06:00,31801.5,DS000574,31845.0,2026-06-10 14:51:00,Dispatched,1.0,31845.0,5203272.21,5203272.21,0.0,163.39,2026-06-10 20:51:00,1.0,5262900.0,0.0,0.0,0.0,0.0,0.0,0.0,0.0,0.0,5203272.21,False,False,False,none
LD000582,Mombasa,AGO,Pioneer Fuels Kenya,TRK-680,35700.0,1661176.4,1696869.5,2026-06-10 14:44:00,35693.10000000009,DS000575,35674.0,2026-06-10 16:55:00,Dispatched,1.0,35674.0,5479991.29,5479991.29,0.0,153.61,2026-06-10 23:55:00,3.0,5540640.0,0.0,0.0,0.0,0.0,0.0,0.0,0.0,0.0,5479991.29,False,False,False,none
LD000583,Mombasa,IK,Mara Fuels,TRK-326,31200.0,3343240.6,3374449.0,2026-06-10 10:00:00,31208.399999999907,DS000576,31169.0,2026-06-10 12:04:00,Dispatched,1.0,28781.0,4088086.09,4088086.09,0.0,142.04,2026-06-11 17:04:00,60.0,4368000.0,1.0,0.0,0.0,0.0,0.0,2388.0,339191.51999999996,339191.51999999996,4088086.09,False,True,True,underbilling
LD000584,Mombasa,AGO,Mara Fuels,TRK-573,34900.0,4130327.8,4165231.5,2026-06-10 09:43:00,34903.700000000186,DS000577,34998.0,2026-06-10 11:57:00,Dispatched,1.0,34998.0,5323108.1,5323108.1,0.0,152.1,2026-06-11 11:57:00,1.0,5416480.0,1.0,0.0,0.0,0.0,0.0,0.0,0.0,0.0,5323108.1,False,False,False,none
LD000585,Mombasa,AGO,Horizon Oil Marketers,TRK-721,20900.0,4410912.1,4431809.2,2026-06-10 20:35:00,20897.10000000056,DS000578,20896.0,2026-06-10 22:52:00,Dispatched,1.0,20896.0,3221033.94,3221033.94,0.0,154.15,2026-06-13 05:52:00,7.0,3243679.9999999995,2.0,0.0,0.0,0.0,0.0,0.0,0.0,0.0,3221033.94,False,False,False,none
LD000586,Mombasa,AGO,Highland Energy Co,TRK-851,27400.0,2923624.0,2951017.5,2026-06-10 09:57:00,27393.5,DS000579,27500.0,2026-06-10 10:29:00,Dispatched,1.0,27500.0,4248036.48,4248036.48,0.0,154.47,2026-06-10 14:29:00,7.0,4252480.0,0.0,0.0,0.0,0.0,0.0,0.0,0.0,0.0,4248036.48,False,False,False,none
LD000587,Mombasa,AGO,Rift Valley Fuels Ltd,TRK-692,27000.0,4749413.2,4776417.7,2026-06-10 21:40:00,27004.5,DS000580,26993.0,2026-06-10 23:53:00,Dispatched,1.0,26993.0,4179604.57,4179604.57,0.0,154.84,2026-06-12 03:53:00,3.0,4190399.9999999995,1.0,0.0,0.0,0.0,0.0,0.0,0.0,0.0,4179604.57,False,False,False,none
LD000588,Mombasa,IK,Highland Energy Co,TRK-652,20800.0,4615653.3,4636460.4,2026-06-10 22:16:00,20807.10000000056,DS000581,20718.0,2026-06-11 00:19:00,Dispatched,1.0,20718.0,2859539.22,2859539.22,0.0,138.02,2026-06-12 06:19:00,14.0,2912000.0,1.0,0.0,0.0,0.0,0.0,0.0,0.0,0.0,2859539.22,False,False,False,none
LD000589,Mombasa,PMS,Pioneer Fuels Kenya,TRK-397,34600.0,4120852.3,4155450.0,2026-06-10 12:57:00,34597.700000000186,DS000582,34244.0,2026-06-10 13:44:00,Dispatched,1.0,34244.0,5719432.66,5719432.66,0.0,167.02,2026-06-17 13:44:00,45.0,5726300.0,7.0,0.0,0.0,0.0,0.0,0.0,0.0,0.0,5719432.66,True,True,False,none
LD000590,Mombasa,AGO,Zenith Petroleum,TRK-778,26400.0,4690492.2,4716890.5,2026-06-10 07:25:00,26398.299999999814,DS000583,26254.0,2026-06-10 08:19:00,Dispatched,1.0,26254.0,4111157.09,4111157.09,0.0,156.59,2026-06-10 14:19:00,7.0,4097279.9999999995,0.0,0.0,0.0,0.0,0.0,0.0,0.0,0.0,4111157.09,False,False,False,none
LD000591,Nairobi,AGO,Tsavo Energy Group,TRK-679,35300.0,1275832.1,1311131.6,2026-06-10 09:28:00,35299.5,DS000584,35124.0,2026-06-10 11:33:00,Dispatched,1.0,35124.0,5366028.54,5366028.54,0.0,152.77,2026-06-11 13:33:00,21.0,5478560.0,1.0,0.0,0.0,0.0,0.0,0.0,0.0,0.0,5366028.54,False,False,False,none
LD000592,Nairobi,IK,Delta Oil Marketers,TRK-370,24200.0,1987915.2,2012114.2,2026-06-10 06:14:00,24199.0,DS000585,24219.0,2026-06-10 08:07:00,Dispatched,1.0,24219.0,3328449.27,3328449.27,0.0,137.43132540567322,2026-06-10 13:07:00,14.0,3388000.0,0.0,0.0,0.0,0.0,0.0,0.0,0.0,0.0,3328449.27,False,False,False,none
LD000593,Nairobi,PMS,Zenith Petroleum,TRK-565,34500.0,1998184.8,2032689.4,2026-06-10 11:33:00,34504.59999999986,DS000586,34399.0,2026-06-10 13:10:00,Dispatched,1.0,34399.0,5704808.78,5704808.78,0.0,165.84,2026-06-12 14:10:00,7.0,5709750.0,2.0,0.0,0.0,0.0,0.0,0.0,0.0,0.0,5704808.78,False,False,False,none
LD000594,Nairobi,IK,Amani Petroleum,TRK-380,27200.0,4106842.2,4134038.2,2026-06-10 15:06:00,27196.0,DS000587,27039.0,2026-06-10 16:57:00,Dispatched,1.0,27039.0,3728881.74,3728881.74,0.0,137.91,2026-06-11 00:57:00,1.0,3808000.0,0.0,0.0,0.0,0.0,0.0,0.0,0.0,0.0,3728881.74,False,False,False,none
LD000595,Nairobi,PMS,Pioneer Fuels Kenya,TRK-955,21000.0,2950284.8,2971272.7,2026-06-10 17:23:00,20987.900000000373,DS000588,20992.0,2026-06-10 19:14:00,Dispatched,1.0,20992.0,3477686.49,3477686.49,0.0,165.67,2026-06-11 22:14:00,21.0,3475500.0,1.0,0.0,0.0,0.0,0.0,0.0,0.0,0.0,3477686.49,False,False,False,none
LD000596,Nairobi,PMS,Summit Downstream Ltd,TRK-988,25600.0,4599333.4,4624937.8,2026-06-10 12:33:00,25604.39999999944,DS000589,25517.0,2026-06-10 15:17:00,Dispatched,1.0,25517.0,4302446.49,4302446.49,0.0,168.61,2026-06-12 21:17:00,7.0,4236800.0,2.0,0.0,0.0,0.0,0.0,0.0,0.0,0.0,4302446.49,False,False,False,none
LD000597,Nairobi,AGO,Baraka Downstream,TRK-335,20300.0,3655158.7,3675459.0,2026-06-10 05:32:00,20300.299999999814,DS000590,20328.0,2026-06-10 07:18:00,Dispatched,1.0,20328.0,3143047.47,3143047.47,0.0,154.62,2026-06-10 12:18:00,3.0,3150560.0,0.0,0.0,0.0,0.0,0.0,0.0,0.0,0.0,3143047.47,False,False,False,none
LD000598,Nairobi,PMS,Zenith Petroleum,TRK-936,35000.0,1209031.5,1244034.1,2026-06-10 10:10:00,35002.60000000009,DS000591,35046.0,2026-06-10 12:19:00,Dispatched,1.0,35046.0,5875960.82,5875960.82,0.0,167.66423614677853,2026-06-10 17:19:00,45.0,5792500.0,0.0,0.0,0.0,0.0,0.0,0.0,0.0,0.0,5875960.82,False,True,False,none
LD000599,Nairobi,PMS,Horizon Oil Marketers,TRK-590,26700.0,2040631.2,2067335.2,2026-06-10 15:46:00,26704.0,DS000592,26744.0,2026-06-10 18:22:00,Dispatched,1.0,26744.0,4398479.81,4398479.81,0.0,164.47,2026-06-11 02:22:00,21.0,4418850.0,0.0,0.0,0.0,0.0,0.0,0.0,0.0,0.0,4398479.81,False,False,False,none
LD000600,Nairobi,AGO,Nyanza Petroleum Co,TRK-687,23200.0,3261321.0,3284514.7,2026-06-10 18:01:00,23193.700000000186,DS000593,23022.0,2026-06-10 18:32:00,Dispatched,1.0,23022.0,3503797.24,3503797.24,0.0,152.19,2026-06-12 23:32:00,60.0,3600639.9999999995,2.0,0.0,0.0,0.0,0.0,0.0,0.0,0.0,3503797.24,False,True,False,none
LD000601,Nairobi,AGO,Pioneer Fuels Kenya,TRK-270,27400.0,4888021.3,4915413.2,2026-06-10 06:57:00,27391.900000000373,DS000594,27404.0,2026-06-10 09:29:00,Dispatched,1.0,27404.0,4277164.36,1885884.37,2391279.99,156.08,2026-06-10 14:29:00,30.0,4252480.0,0.0,0.0,0.0,0.0,0.0,0.0,0.0,2391279.99,1885884.37,False,False,True,collections_gap
LD000602,Nairobi,AGO,Pioneer Fuels Kenya,TRK-999,21800.0,1604987.3,1626793.1,2026-06-10 17:38:00,21805.800000000047,DS000595,21792.0,2026-06-10 19:10:00,Dispatched,1.0,21792.0,3355428.15,3355428.15,0.0,153.98,2026-06-11 01:10:00,14.0,3383359.9999999995,0.0,0.0,0.0,0.0,0.0,0.0,0.0,0.0,3355428.15,False,False,False,none
LD000603,Nairobi,PMS,Delta Oil Marketers,TRK-950,23600.0,2003866.6,2027467.6,2026-06-10 20:55:00,23601.0,DS000596,23514.0,2026-06-10 22:06:00,Dispatched,1.0,23514.0,3879428.98,3879428.98,0.0,164.98,2026-06-12 05:06:00,60.0,3905800.0,1.0,0.0,0.0,0.0,0.0,0.0,0.0,0.0,3879428.98,False,True,False,none
LD000604,Nairobi,AGO,Amani Petroleum,TRK-841,28400.0,1459075.5,1487481.2,2026-06-10 10:39:00,28405.699999999953,DS000597,28218.0,2026-06-10 11:57:00,Dispatched,1.0,28218.0,4456202.5,4456202.5,0.0,157.92,2026-06-10 16:57:00,45.0,4407680.0,0.0,0.0,0.0,0.0,0.0,0.0,0.0,0.0,4456202.5,False,True,False,none
LD000605,Kisumu,AGO,Summit Downstream Ltd,TRK-211,26500.0,3170183.2,3196684.4,2026-06-10 07:14:00,26501.19999999972,DS000598,26491.0,2026-06-10 08:18:00,Dispatched,1.0,26491.0,4152474.93,4152474.93,0.0,156.75040315578877,2026-06-10 13:18:00,60.0,4112799.9999999995,0.0,0.0,0.0,0.0,0.0,0.0,0.0,0.0,4152474.93,False,True,False,none
LD000606,Kisumu,AGO,Uhuru Energy Partners,TRK-720,29800.0,1904588.2,1934395.3,2026-06-10 21:43:00,29807.100000000093,DS000599,29895.0,2026-06-10 22:23:00,Dispatched,1.0,29895.0,4633634.49,4633634.49,0.0,155.0,2026-06-11 01:23:00,45.0,4624960.0,0.0,0.0,0.0,0.0,0.0,0.0,0.0,0.0,4633634.49,False,True,False,none
LD000607,Kisumu,AGO,Highland Energy Co,TRK-220,33600.0,2714522.2,2748124.2,2026-06-10 06:56:00,33602.0,DS000600,33340.0,2026-06-10 08:07:00,Dispatched,1.0,33340.0,5100084.32,5100084.32,0.0,152.97,2026-06-10 10:07:00,1.0,5214720.0,0.0,0.0,0.0,0.0,0.0,0.0,0.0,0.0,5100084.32,False,False,False,none
LD000608,Kisumu,AGO,Rift Valley Fuels Ltd,TRK-893,23500.0,1390250.0,1413745.6,2026-06-10 22:52:00,23495.600000000093,DS000601,23441.0,2026-06-11 00:09:00,Dispatched,1.0,23441.0,3631172.63,3631172.63,0.0,154.91,2026-06-11 02:09:00,21.0,3647199.9999999995,0.0,0.0,0.0,0.0,0.0,0.0,0.0,0.0,3631172.63,False,False,False,none
LD000609,Kisumu,AGO,Savannah Petroleum,TRK-539,33800.0,2840649.1,2874444.9,2026-06-10 16:55:00,33795.799999999814,DS000602,33813.0,2026-06-10 18:05:00,Dispatched,1.0,33813.0,5170820.93,5170820.93,0.0,152.9240508088605,2026-06-11 19:05:00,3.0,5245760.0,1.0,0.0,0.0,0.0,0.0,0.0,0.0,0.0,5170820.93,False,False,False,none
LD000610,Kisumu,AGO,Pioneer Fuels Kenya,TRK-879,32600.0,1447743.7,1480348.7,2026-06-10 17:22:00,32605.0,DS000603,32710.0,2026-06-10 18:03:00,Dispatched,1.0,32710.0,5027403.05,3457671.37,1569731.6799999997,153.7,2026-06-17 19:03:00,60.0,5059520.0,7.0,0.0,0.0,0.0,0.0,0.0,0.0,1569731.6799999997,3457671.37,True,True,True,collections_gap
LD000611,Kisumu,PMS,Nyanza Petroleum Co,TRK-185,25700.0,4912247.3,4937947.2,2026-06-10 13:30:00,25699.900000000373,DS000604,25676.0,2026-06-10 15:04:00,Cancelled,,,,,0.0,,,,4253350.0,,0.0,0.0,0.0,0.0,0.0,0.0,0.0,0.0,False,False,False,none
LD000612,Eldoret,PMS,Rift Valley Fuels Ltd,TRK-220,34000.0,3179391.0,3213398.3,2026-06-10 05:45:00,34007.299999999814,DS000605,34197.0,2026-06-10 07:13:00,Dispatched,1.0,34197.0,5595371.43,5595371.43,0.0,163.62,2026-06-11 11:13:00,1.0,5627000.0,1.0,0.0,0.0,0.0,0.0,0.0,0.0,0.0,5595371.43,False,False,False,none
LD000613,Eldoret,PMS,Mara Fuels,TRK-209,32100.0,4016430.7,4048525.8,2026-06-10 11:44:00,32095.099999999627,DS000606,31927.0,2026-06-10 13:08:00,Dispatched,1.0,31927.0,5338029.33,5338029.33,0.0,167.19,2026-06-11 21:08:00,14.0,5312550.0,1.0,0.0,0.0,0.0,0.0,0.0,0.0,0.0,5338029.33,False,False,False,none
LD000614,Eldoret,AGO,Highland Energy Co,TRK-474,24100.0,4786551.8,4810654.1,2026-06-10 13:16:00,24102.299999999814,DS000607,23954.0,2026-06-10 16:00:00,Dispatched,1.0,23954.0,3685785.41,3685785.41,0.0,153.87,2026-06-11 16:00:00,21.0,3740319.9999999995,1.0,0.0,0.0,0.0,0.0,0.0,0.0,0.0,3685785.41,False,False,False,none
LD000615,Eldoret,IK,Equator Fuels,TRK-902,29000.0,4002918.0,4031927.1,2026-06-10 17:48:00,29009.100000000093,DS000608,29089.0,2026-06-10 19:40:00,Dispatched,1.0,29089.0,4114640.0,4114640.0,0.0,141.45,2026-06-11 03:40:00,3.0,4060000.0,0.0,0.0,0.0,0.0,0.0,0.0,0.0,0.0,4114640.0,False,False,False,none
LD000616,Eldoret,PMS,Delta Oil Marketers,TRK-414,21500.0,2374652.8,2396162.9,2026-06-10 22:35:00,21510.100000000093,DS000609,21348.0,2026-06-10 23:37:00,Dispatched,1.0,21348.0,3514717.18,3514717.18,0.0,164.64,2026-06-11 04:37:00,3.0,3558250.0,0.0,0.0,0.0,0.0,0.0,0.0,0.0,0.0,3514717.18,False,False,False,none
LD000617,Eldoret,AGO,Baraka Downstream,TRK-775,24500.0,2562913.5,2587410.9,2026-06-10 17:47:00,24497.399999999907,DS000610,24534.0,2026-06-10 20:42:00,Dispatched,1.0,24534.0,3770814.81,3770814.81,0.0,153.7,2026-06-10 23:42:00,1.0,3802399.9999999995,0.0,0.0,0.0,0.0,0.0,0.0,0.0,0.0,3770814.81,False,False,False,none
LD000618,Eldoret,PMS,Equator Fuels,TRK-904,27200.0,2589525.6,2616731.6,2026-06-10 10:06:00,27206.0,DS000611,27176.0,2026-06-10 11:32:00,Cancelled,,,,,0.0,,,,4501600.0,,0.0,0.0,0.0,0.0,0.0,0.0,0.0,0.0,False,False,False,none
LD000619,Eldoret,PMS,Lakeview Energy,TRK-582,21500.0,2764288.6,2785786.0,2026-06-10 05:51:00,21497.399999999907,DS000612,21442.0,2026-06-10 07:23:00,Dispatched,1.0,21442.0,3603551.83,3603551.83,0.0,168.06,2026-06-10 07:23:00,1.0,3558250.0,0.0,0.0,0.0,0.0,0.0,0.0,0.0,0.0,3603551.83,False,False,False,none
LD000620,Eldoret,PMS,Zenith Petroleum,TRK-138,21500.0,2426683.9,2448181.3,2026-06-10 13:14:00,21497.399999999907,DS000613,21472.0,2026-06-10 14:22:00,Dispatched,1.0,21472.0,3562276.48,3562276.48,0.0,165.9,2026-06-12 18:22:00,14.0,3558250.0,2.0,0.0,0.0,0.0,0.0,0.0,0.0,0.0,3562276.48,False,False,False,none
LD000621,Eldoret,IK,Amani Petroleum,TRK-711,32100.0,2105766.8,2137872.0,2026-06-10 17:39:00,32105.200000000186,DS000614,31976.0,2026-06-10 19:01:00,Dispatched,1.0,31976.0,4478471.27,4478471.27,0.0,140.06,2026-06-10 23:01:00,7.0,4494000.0,0.0,0.0,0.0,0.0,0.0,0.0,0.0,0.0,4478471.27,False,False,False,none
LD000622,Eldoret,AGO,Equator Fuels,TRK-923,23100.0,4587831.7,4610924.8,2026-06-10 19:00:00,23093.099999999627,DS000615,23078.0,2026-06-10 21:12:00,Dispatched,1.0,23078.0,3594657.58,3594657.58,0.0,155.76,2026-06-12 02:12:00,1.0,3585119.9999999995,1.0,0.0,0.0,0.0,0.0,0.0,0.0,0.0,3594657.58,False,False,False,none
LD000623,Eldoret,PMS,Nyanza Petroleum Co,TRK-790,28300.0,2790411.8,2818705.7,2026-06-10 21:33:00,28293.900000000373,DS000616,27420.0,2026-06-10 23:56:00,Dispatched,1.0,27420.0,4623851.35,3853119.91,770731.4399999995,168.63,2026-06-11 03:56:00,14.0,4683650.0,0.0,0.0,880.0,145640.0,0.0,0.0,0.0,916371.4399999995,3853119.91,False,False,True,collections_gap
LD000624,Nakuru,PMS,Lakeview Energy,TRK-898,25800.0,4588745.4,4614546.5,2026-06-10 05:10:00,25801.099999999627,DS000617,25955.0,2026-06-10 05:48:00,Dispatched,2.0,51910.0,8737680.18,0.0,8737680.18,168.32,2026-06-11 10:48:00,,4269900.0,1.0,0.0,0.0,0.0,0.0,0.0,0.0,8737680.18,0.0,False,False,True,collections_gap
LD000625,Nakuru,AGO,Equator Fuels,TRK-854,22700.0,3028204.4,3050902.3,2026-06-10 17:37:00,22697.899999999907,DS000618,22715.0,2026-06-10 19:20:00,Dispatched,1.0,22715.0,3489770.02,3489770.02,0.0,153.63,2026-06-11 00:20:00,7.0,3523039.9999999995,0.0,0.0,0.0,0.0,0.0,0.0,0.0,0.0,3489770.02,False,False,False,none
LD000626,Nakuru,IK,Highland Energy Co,TRK-456,25800.0,3930540.9,3956341.3,2026-06-10 22:18:00,25800.399999999907,DS000619,25794.0,2026-06-11 00:04:00,Dispatched,1.0,25794.0,3650105.09,3650105.09,0.0,141.51,2026-06-11 07:04:00,3.0,3612000.0,0.0,0.0,0.0,0.0,0.0,0.0,0.0,0.0,3650105.09,False,False,False,none
LD000627,Nakuru,PMS,Summit Downstream Ltd,TRK-367,33100.0,2252648.0,2285743.7,2026-06-10 11:29:00,33095.700000000186,DS000620,33015.0,2026-06-10 13:50:00,Dispatched,1.0,33015.0,5538400.3,5538400.3,0.0,167.75,2026-06-10 18:50:00,14.0,5478050.0,0.0,0.0,0.0,0.0,0.0,0.0,0.0,0.0,5538400.3,False,False,False,none
LD000628,Nakuru,AGO,Amani Petroleum,TRK-219,35800.0,2941435.9,2977241.6,2026-06-10 22:04:00,35805.700000000186,DS000621,35674.0,2026-06-11 00:21:00,Dispatched,1.0,35674.0,5573765.34,5573765.34,0.0,156.24,2026-06-13 04:21:00,7.0,5556160.0,2.0,0.0,0.0,0.0,0.0,0.0,0.0,0.0,5573765.34,False,False,False,none
LD000629,Nakuru,AGO,Kilele Fuels,TRK-676,22000.0,3900742.2,3922744.1,2026-06-10 13:44:00,22001.899999999907,DS000622,22051.0,2026-06-10 16:04:00,Dispatched,1.0,22051.0,3449715.58,3449715.58,0.0,156.44,2026-06-11 18:04:00,21.0,3414399.9999999995,1.0,0.0,0.0,0.0,0.0,0.0,0.0,0.0,3449715.58,False,False,False,none
LD000630,Nakuru,AGO,Kilele Fuels,TRK-982,21500.0,1117456.6,1138952.7,2026-06-10 19:43:00,21496.09999999986,DS000623,21546.0,2026-06-10 21:56:00,Dispatched,1.0,21546.0,3328812.34,3328812.34,0.0,154.5,2026-06-12 05:56:00,14.0,3336799.9999999995,1.0,0.0,0.0,0.0,0.0,0.0,0.0,0.0,3328812.34,False,False,False,none
LD000631,Nakuru,PMS,Nyanza Petroleum Co,TRK-335,33200.0,1839011.8,1872213.3,2026-06-10 07:24:00,33201.5,DS000624,33357.0,2026-06-10 09:37:00,Dispatched,1.0,33357.0,5608340.23,5608340.23,0.0,168.13,2026-06-11 14:37:00,1.0,5494600.0,1.0,0.0,0.0,0.0,0.0,0.0,0.0,0.0,5608340.23,False,False,False,none
LD000632,Kisii,IK,Rift Valley Fuels Ltd,TRK-369,33100.0,3163175.0,3196274.6,2026-06-10 21:34:00,33099.60000000009,DS000625,33148.0,2026-06-10 23:16:00,Dispatched,1.0,33148.0,4723304.22,4723304.22,0.0,142.49,2026-06-11 07:16:00,45.0,4634000.0,0.0,0.0,0.0,0.0,0.0,0.0,0.0,0.0,4723304.22,False,True,False,none
LD000633,Kisii,PMS,Highland Energy Co,TRK-587,31400.0,2257400.5,2288807.1,2026-06-10 15:04:00,31406.600000000093,DS000626,31363.0,2026-06-10 16:27:00,Dispatched,1.0,31363.0,5159242.55,5159242.55,0.0,164.5,2026-06-10 16:27:00,7.0,5196700.0,0.0,0.0,0.0,0.0,0.0,0.0,0.0,0.0,5159242.55,False,False,False,none
LD000634,Kisii,PMS,Equator Fuels,TRK-304,27300.0,2431193.1,2458492.5,2026-06-10 13:11:00,27299.399999999907,DS000627,27342.0,2026-06-10 15:59:00,Dispatched,1.0,27342.0,4457517.68,4457517.68,0.0,163.03,2026-06-10 22:59:00,7.0,4518150.0,0.0,0.0,0.0,0.0,0.0,0.0,0.0,0.0,4457517.68,False,False,False,none
LD000635,Kisii,AGO,Equator Fuels,TRK-956,27900.0,4312997.0,4340892.0,2026-06-10 11:14:00,27895.0,DS000628,27893.0,2026-06-10 13:53:00,Dispatched,1.0,27893.0,4401438.15,4401438.15,0.0,157.8,2026-06-12 19:53:00,45.0,4330080.0,2.0,0.0,0.0,0.0,0.0,0.0,0.0,0.0,4401438.15,False,True,False,none
LD000636,Kisii,PMS,Lakeview Energy,TRK-779,31400.0,4303912.9,4335310.4,2026-06-10 08:07:00,31397.5,DS000629,31482.0,2026-06-10 08:40:00,Dispatched,1.0,31482.0,5309602.88,5309602.88,0.0,168.66,2026-06-12 14:40:00,7.0,5196700.0,2.0,0.0,0.0,0.0,0.0,0.0,0.0,0.0,5309602.88,False,False,False,none
LD000637,Kisii,AGO,Delta Oil Marketers,TRK-422,21600.0,1959496.5,1981094.5,2026-06-10 22:02:00,21598.0,DS000630,21686.0,2026-06-11 00:18:00,Dispatched,1.0,21686.0,3317309.28,3317309.28,0.0,152.97,2026-06-11 05:18:00,21.0,3352319.9999999995,0.0,0.0,0.0,0.0,0.0,0.0,0.0,0.0,3317309.28,False,False,False,none
LD000638,Kisii,AGO,Summit Downstream Ltd,TRK-690,27200.0,3995305.3,4022500.7,2026-06-10 21:17:00,27195.400000000373,DS000631,27186.0,2026-06-10 22:43:00,Dispatched,1.0,27186.0,4274799.1,4274799.1,0.0,157.24,2026-06-12 05:43:00,14.0,4221440.0,1.0,0.0,0.0,0.0,0.0,0.0,0.0,0.0,4274799.1,False,False,False,none
LD000639,Kisii,AGO,Highland Energy Co,TRK-455,30400.0,3483714.3,3514119.3,2026-06-10 18:30:00,30405.0,DS000632,30560.0,2026-06-10 19:25:00,Dispatched,1.0,30560.0,4836928.97,4836928.97,0.0,158.2764715314136,2026-06-10 21:25:00,3.0,4718080.0,0.0,0.0,0.0,0.0,0.0,0.0,0.0,0.0,4836928.97,False,False,False,none
LD000640,Kisii,AGO,Amani Petroleum,TRK-805,27500.0,4916419.8,4943917.6,2026-06-10 08:44:00,27497.799999999814,DS000633,27598.0,2026-06-10 09:40:00,Dispatched,1.0,27598.0,4365265.93,4365265.93,0.0,158.17,2026-06-11 15:40:00,60.0,4268000.0,1.0,0.0,0.0,0.0,0.0,0.0,0.0,0.0,4365265.93,False,True,False,none
LD000641,Kisii,AGO,Horizon Oil Marketers,TRK-727,30100.0,1505059.0,1535153.1,2026-06-10 17:37:00,30094.100000000093,DS000634,28172.0,2026-06-10 18:11:00,Dispatched,1.0,28172.0,4364953.11,4364953.11,0.0,154.94,2026-06-10 22:11:00,7.0,4671520.0,0.0,0.0,1928.0,299225.6,0.0,0.0,0.0,299225.6,4364953.11,False,False,True,shrinkage
LD000642,Kisii,AGO,Delta Oil Marketers,TRK-451,31000.0,1278564.6,1309570.5,2026-06-10 12:17:00,31005.899999999907,DS000635,31002.0,2026-06-10 13:28:00,Dispatched,1.0,31002.0,4867843.65,4867843.65,0.0,157.02,2026-06-12 17:28:00,7.0,4811200.0,2.0,0.0,0.0,0.0,0.0,0.0,0.0,0.0,4867843.65,False,False,False,none
LD000643,Kisii,AGO,Zenith Petroleum,TRK-510,22800.0,4422949.0,4445751.9,2026-06-10 11:26:00,22802.900000000373,DS000636,22713.0,2026-06-10 13:12:00,Dispatched,1.0,22713.0,3585660.54,3585660.54,0.0,157.87,2026-06-10 14:12:00,45.0,3538559.9999999995,0.0,0.0,0.0,0.0,0.0,0.0,0.0,0.0,3585660.54,False,True,False,none
LD000644,Kisii,PMS,Nyanza Petroleum Co,TRK-838,24500.0,3571527.6,3596025.2,2026-06-10 09:36:00,24497.600000000093,DS000637,24501.0,2026-06-10 12:04:00,Dispatched,1.0,24501.0,3976770.03,3976770.03,0.0,162.31,2026-06-13 12:04:00,7.0,4054750.0,3.0,0.0,0.0,0.0,0.0,0.0,0.0,0.0,3976770.03,False,False,False,none
LD000645,Kisii,AGO,Baraka Downstream,TRK-856,31100.0,3050619.0,3081714.0,2026-06-10 17:12:00,31095.0,DS000638,31003.0,2026-06-10 19:50:00,Dispatched,1.0,31003.0,4810914.42,4810914.42,0.0,155.18,2026-06-10 21:50:00,21.0,4826720.0,0.0,0.0,0.0,0.0,0.0,0.0,0.0,0.0,4810914.42,False,False,False,none
LD000646,Mombasa,AGO,Delta Oil Marketers,TRK-969,32200.0,2633225.4,2665422.0,2026-06-11 10:26:00,32196.600000000093,DS000639,32299.0,2026-06-11 13:10:00,Dispatched,1.0,32299.0,5054589.71,5054589.71,0.0,156.49,2026-06-12 21:10:00,30.0,4997440.0,1.0,0.0,0.0,0.0,0.0,0.0,0.0,0.0,5054589.71,False,False,False,none
LD000647,Mombasa,PMS,Pioneer Fuels Kenya,TRK-201,32100.0,4614431.4,4646534.8,2026-06-11 22:54:00,32103.39999999944,DS000640,32008.0,2026-06-12 01:43:00,Dispatched,1.0,32008.0,5328017.82,5328017.82,0.0,166.46,2026-06-12 09:43:00,3.0,5312550.0,0.0,0.0,0.0,0.0,0.0,0.0,0.0,0.0,5328017.82,False,False,False,none
LD000648,Mombasa,PMS,Horizon Oil Marketers,TRK-442,20900.0,4595389.6,4616286.6,2026-06-11 13:30:00,20897.0,DS000641,20850.0,2026-06-11 15:38:00,Dispatched,1.0,20850.0,3413907.31,3413907.31,0.0,163.74,2026-06-12 19:38:00,3.0,3458950.0,1.0,0.0,0.0,0.0,0.0,0.0,0.0,0.0,3413907.31,False,False,False,none
LD000649,Mombasa,PMS,Aberdare Oil Traders,TRK-521,30400.0,4496906.9,4527299.1,2026-06-11 22:59:00,30392.199999999255,DS000642,30358.0,2026-06-12 00:34:00,Dispatched,1.0,30358.0,4968420.99,4968420.99,0.0,163.66,2026-06-13 07:34:00,1.0,5031200.0,1.0,0.0,0.0,0.0,0.0,0.0,0.0,0.0,4968420.99,False,False,False,none
LD000650,Mombasa,AGO,Pioneer Fuels Kenya,TRK-651,23600.0,2526447.8,2550040.7,2026-06-11 11:36:00,23592.900000000373,DS000643,23759.0,2026-06-11 14:33:00,Dispatched,1.0,23759.0,3698183.9,3698183.9,0.0,155.65,2026-06-11 14:33:00,30.0,3662719.9999999995,0.0,0.0,0.0,0.0,0.0,0.0,0.0,0.0,3698183.9,False,False,False,none
LD000651,Mombasa,PMS,Kilele Fuels,TRK-490,22100.0,2651044.5,2673144.0,2026-06-11 21:31:00,22099.5,DS000644,22167.0,2026-06-11 23:24:00,Dispatched,1.0,22167.0,3630034.64,1489047.11,2140987.5300000003,163.76,2026-06-19 03:24:00,3.0,3657550.0,7.0,0.0,0.0,0.0,0.0,0.0,0.0,2140987.5300000003,1489047.11,True,False,True,collections_gap
LD000652,Mombasa,AGO,Tsavo Energy Group,TRK-445,20300.0,2685776.2,2706083.3,2026-06-11 09:55:00,20307.099999999627,DS000645,20398.0,2026-06-11 12:04:00,Dispatched,1.0,20398.0,3134944.28,3134944.28,0.0,153.69,2026-06-11 18:04:00,3.0,3150560.0,0.0,0.0,0.0,0.0,0.0,0.0,0.0,0.0,3134944.28,False,False,False,none
LD000653,Mombasa,AGO,Tsavo Energy Group,TRK-421,20400.0,4864973.6,4885375.5,2026-06-11 07:05:00,20401.900000000373,DS000646,20289.0,2026-06-11 09:28:00,Dispatched,1.0,20289.0,3136785.41,3136785.41,0.0,154.61,2026-06-11 13:28:00,3.0,3166080.0,0.0,0.0,0.0,0.0,0.0,0.0,0.0,0.0,3136785.41,False,False,False,none
LD000654,Nairobi,AGO,Kilele Fuels,TRK-471,33200.0,3797261.5,3830458.0,2026-06-11 17:17:00,33196.5,DS000647,33074.0,2026-06-11 20:06:00,Dispatched,1.0,33074.0,5038390.58,5038390.58,0.0,152.34,2026-06-14 00:06:00,14.0,5152640.0,2.0,0.0,0.0,0.0,0.0,0.0,0.0,0.0,5038390.58,False,False,False,none
LD000655,Nairobi,PMS,Nyanza Petroleum Co,TRK-861,33400.0,4927194.8,4960599.8,2026-06-11 05:08:00,33405.0,DS000648,33534.0,2026-06-11 07:20:00,Dispatched,1.0,33534.0,5449153.37,5449153.37,0.0,162.5,2026-06-18 12:20:00,45.0,5527700.0,7.0,0.0,0.0,0.0,0.0,0.0,0.0,0.0,5449153.37,True,True,False,none
LD000656,Nairobi,PMS,Lakeview Energy,TRK-584,30100.0,3130703.5,3160813.8,2026-06-11 08:06:00,30110.299999999814,DS000649,29941.0,2026-06-11 09:57:00,Dispatched,1.0,29941.0,5033404.95,5033404.95,0.0,168.11,2026-06-14 15:57:00,3.0,4981550.0,3.0,0.0,0.0,0.0,0.0,0.0,0.0,0.0,5033404.95,False,False,False,none
LD000657,Nairobi,AGO,Lakeview Energy,TRK-732,30200.0,2799368.8,2829566.9,2026-06-11 21:48:00,30198.100000000093,DS000650,30139.0,2026-06-11 23:42:00,Dispatched,1.0,30139.0,4609653.85,4609653.85,0.0,152.95,2026-06-13 06:42:00,7.0,4687040.0,1.0,0.0,0.0,0.0,0.0,0.0,0.0,0.0,4609653.85,False,False,False,none
LD000658,Nairobi,AGO,Nyanza Petroleum Co,TRK-390,21100.0,2053263.1,2074361.7,2026-06-11 17:19:00,21098.59999999986,DS000651,21230.0,2026-06-11 19:20:00,Dispatched,1.0,21230.0,3311849.18,3311849.18,0.0,156.0,2026-06-12 20:20:00,21.0,3274719.9999999995,1.0,0.0,0.0,0.0,0.0,0.0,0.0,0.0,3311849.18,False,False,False,none
LD000659,Nairobi,PMS,Savannah Petroleum,TRK-981,20700.0,3268683.1,3289387.2,2026-06-11 10:01:00,20704.100000000093,DS000652,20640.0,2026-06-11 12:21:00,Cancelled,,,,,0.0,,,,3425850.0,,0.0,0.0,0.0,0.0,0.0,0.0,0.0,0.0,False,False,False,none
LD000660,Nairobi,AGO,Aberdare Oil Traders,TRK-238,21200.0,1905406.0,1926603.2,2026-06-11 22:59:00,21197.199999999953,DS000653,21084.0,2026-06-12 00:55:00,Dispatched,1.0,21084.0,3278898.47,3278898.47,0.0,155.52,2026-06-15 02:55:00,7.0,3290239.9999999995,3.0,0.0,0.0,0.0,0.0,0.0,0.0,0.0,3278898.47,False,False,False,none
LD000661,Nairobi,AGO,Highland Energy Co,TRK-455,31700.0,3395233.2,3426931.4,2026-06-11 18:33:00,31698.19999999972,DS000654,31705.0,2026-06-11 19:17:00,Dispatched,1.0,31705.0,4987200.04,4987200.04,0.0,157.3,2026-06-12 00:17:00,45.0,4919840.0,0.0,0.0,0.0,0.0,0.0,0.0,0.0,0.0,4987200.04,False,True,False,none
LD000662,Kisumu,AGO,Zenith Petroleum,TRK-259,34300.0,1741320.7,1775624.7,2026-06-11 19:19:00,34304.0,DS000655,34117.0,2026-06-11 20:16:00,Dispatched,1.0,34117.0,5325691.02,5325691.02,0.0,156.1,2026-06-22 02:16:00,7.0,5323360.0,10.0,0.0,0.0,0.0,0.0,0.0,0.0,0.0,5325691.02,True,False,False,none
LD000663,Kisumu,PMS,Coastline Energy Ltd,TRK-108,21300.0,1958040.7,1979341.1,2026-06-11 09:22:00,21300.40000000014,DS000656,21379.0,2026-06-11 12:03:00,Dispatched,1.0,21379.0,3552198.38,0.0,3552198.38,166.15,2026-06-14 19:03:00,,3525150.0,3.0,0.0,0.0,0.0,0.0,0.0,0.0,3552198.38,0.0,False,False,True,collections_gap
LD000664,Kisumu,IK,Rift Valley Fuels Ltd,TRK-917,21000.0,4325494.1,4346499.9,2026-06-11 20:19:00,21005.800000000745,,,,,,,,,0.0,,,,2940000.0,,2940000.0,0.0,0.0,0.0,0.0,0.0,2940000.0,0.0,False,False,True,dispatch_capture_gap
LD000665,Kisumu,AGO,Equator Fuels,TRK-674,29600.0,1459732.0,1489336.9,2026-06-11 22:23:00,29604.899999999907,DS000657,29521.0,2026-06-11 23:44:00,Dispatched,1.0,29521.0,4616143.9,4616143.9,0.0,156.37,2026-06-12 23:44:00,3.0,4593920.0,1.0,0.0,0.0,0.0,0.0,0.0,0.0,0.0,4616143.9,False,False,False,none
LD000666,Kisumu,PMS,Summit Downstream Ltd,TRK-181,34100.0,3287089.4,3321191.9,2026-06-11 17:53:00,34102.5,DS000658,33988.0,2026-06-11 19:22:00,Dispatched,1.0,33988.0,5584741.92,4659712.44,925029.4799999995,164.32,2026-06-14 03:22:00,7.0,5643550.0,2.0,0.0,0.0,0.0,0.0,0.0,0.0,925029.4799999995,4659712.44,False,False,True,collections_gap
LD000667,Kisumu,AGO,Highland Energy Co,TRK-522,28300.0,2721709.6,2750006.3,2026-06-11 13:18:00,28296.69999999972,DS000659,28302.0,2026-06-11 15:43:00,Dispatched,1.0,28302.0,4409009.91,4409009.91,0.0,155.78,2026-06-12 22:43:00,3.0,4392160.0,1.0,0.0,0.0,0.0,0.0,0.0,0.0,0.0,4409009.91,False,False,False,none
LD000668,Kisumu,PMS,Kilele Fuels,TRK-378,32400.0,3407693.7,3440084.5,2026-06-11 14:07:00,32390.799999999814,DS000660,32361.0,2026-06-11 15:53:00,Dispatched,1.0,32361.0,5323579.4,2117376.24,3206203.16,164.51,2026-06-11 16:53:00,60.0,5362200.0,0.0,0.0,0.0,0.0,0.0,0.0,0.0,3206203.16,2117376.24,False,True,True,collections_gap
LD000669,Kisumu,PMS,Savannah Petroleum,TRK-122,34300.0,2773520.1,2807828.2,2026-06-11 05:09:00,34308.10000000009,DS000661,34326.0,2026-06-11 07:24:00,Dispatched,,,,,0.0,,,,5676650.0,,0.0,0.0,0.0,5680953.0,0.0,0.0,5680953.0,0.0,False,False,True,billing_gap
LD000670,Kisumu,PMS,Kilele Fuels,TRK-338,29500.0,3810535.1,3840041.7,2026-06-11 09:45:00,29506.600000000093,DS000662,29546.0,2026-06-11 12:33:00,Dispatched,1.0,29546.0,4906043.33,4906043.33,0.0,166.05,2026-06-13 17:33:00,21.0,4882250.0,2.0,0.0,0.0,0.0,0.0,0.0,0.0,0.0,4906043.33,False,False,False,none
LD000671,Kisumu,PMS,Uhuru Energy Partners,TRK-918,23800.0,3049455.1,3073253.9,2026-06-11 11:21:00,23798.799999999814,DS000663,23784.0,2026-06-11 13:02:00,Dispatched,1.0,23784.0,3989412.97,3989412.97,0.0,167.74,2026-06-11 17:02:00,7.0,3938900.0,0.0,0.0,0.0,0.0,0.0,0.0,0.0,0.0,3989412.97,False,False,False,none
LD000672,Kisumu,AGO,Lakeview Energy,TRK-249,27800.0,3608897.0,3636692.8,2026-06-11 06:21:00,27795.799999999814,DS000664,27703.0,2026-06-11 08:41:00,Dispatched,1.0,27703.0,4293682.55,4293682.55,0.0,154.99,2026-06-14 10:41:00,30.0,4314560.0,3.0,0.0,0.0,0.0,0.0,0.0,0.0,0.0,4293682.55,False,False,False,none
LD000673,Eldoret,AGO,Delta Oil Marketers,TRK-961,24300.0,2891588.5,2915893.0,2026-06-11 07:34:00,24304.5,DS000665,24353.0,2026-06-11 10:31:00,Dispatched,1.0,24353.0,3847256.28,3847256.28,0.0,157.98,2026-06-11 17:31:00,7.0,3771359.9999999995,0.0,0.0,0.0,0.0,0.0,0.0,0.0,0.0,3847256.28,False,False,False,none
LD000674,Eldoret,AGO,Nyanza Petroleum Co,TRK-553,20000.0,1159063.9,1179062.8,2026-06-11 08:49:00,19998.90000000014,DS000666,19958.0,2026-06-11 09:58:00,Dispatched,1.0,19958.0,3065810.69,3065810.69,0.0,153.61,2026-06-14 13:58:00,3.0,3104000.0,3.0,0.0,0.0,0.0,0.0,0.0,0.0,0.0,3065810.69,False,False,False,none
LD000675,Eldoret,PMS,Equator Fuels,TRK-797,29700.0,4629520.7,4659219.8,2026-06-11 08:33:00,29699.099999999627,DS000667,29623.0,2026-06-11 10:12:00,Dispatched,1.0,29623.0,4890968.42,4890968.42,0.0,165.11,2026-06-11 17:12:00,21.0,4915350.0,0.0,0.0,0.0,0.0,0.0,0.0,0.0,0.0,4890968.42,False,False,False,none
LD000676,Eldoret,PMS,Highland Energy Co,TRK-359,27200.0,2891885.4,2919077.4,2026-06-11 06:47:00,27192.0,DS000668,27212.0,2026-06-11 08:47:00,Dispatched,2.0,54424.0,8890218.76,8890218.76,0.0,163.35,2026-06-12 13:47:00,21.0,4501600.0,1.0,0.0,0.0,0.0,0.0,0.0,0.0,0.0,8890218.76,False,False,False,none
LD000677,Eldoret,PMS,Equator Fuels,TRK-341,30000.0,2878975.1,2908968.7,2026-06-11 06:55:00,29993.600000000093,DS000669,29826.0,2026-06-11 09:35:00,Dispatched,1.0,27922.0,4693281.9,4693281.9,0.0,168.09,2026-06-12 13:35:00,1.0,4965000.0,1.0,0.0,0.0,0.0,0.0,1904.0,320043.36,320043.36,4693281.9,False,False,True,underbilling
LD000678,Eldoret,PMS,Aberdare Oil Traders,TRK-505,29500.0,3148030.0,3177516.8,2026-06-11 10:50:00,29486.799999999814,DS000670,29535.0,2026-06-11 12:17:00,Dispatched,1.0,29535.0,4894646.52,4894646.52,0.0,165.72,2026-06-11 18:17:00,1.0,4882250.0,0.0,0.0,0.0,0.0,0.0,0.0,0.0,0.0,4894646.52,False,False,False,none
LD000679,Eldoret,IK,Crescent Oil Ltd,TRK-889,33700.0,1197987.4,1231688.9,2026-06-11 20:44:00,33701.5,DS000671,33720.0,2026-06-11 23:34:00,Dispatched,1.0,33720.0,4682975.4,4682975.4,0.0,138.88,2026-06-19 05:34:00,21.0,4718000.0,7.0,0.0,0.0,0.0,0.0,0.0,0.0,0.0,4682975.4,True,False,False,none
LD000680,Nakuru,PMS,Crescent Oil Ltd,TRK-877,25400.0,4210342.7,4235744.1,2026-06-11 07:43:00,25401.39999999944,,,,,,,,,0.0,,,,4203700.0,,4203700.0,0.0,0.0,0.0,0.0,0.0,4203700.0,0.0,False,False,True,dispatch_capture_gap
LD000681,Nakuru,PMS,Highland Energy Co,TRK-228,29200.0,3050670.9,3079872.8,2026-06-11 09:44:00,29201.899999999907,DS000672,29298.0,2026-06-11 11:18:00,Dispatched,1.0,29298.0,4906926.29,4906926.29,0.0,167.48,2026-06-11 13:18:00,30.0,4832600.0,0.0,0.0,0.0,0.0,0.0,0.0,0.0,0.0,4906926.29,False,False,False,none
LD000682,Nakuru,PMS,Zenith Petroleum,TRK-549,26400.0,1348371.1,1374770.2,2026-06-11 22:50:00,26399.09999999986,DS000673,26360.0,2026-06-11 23:43:00,Dispatched,1.0,26360.0,4420491.66,4420491.66,0.0,167.7,2026-06-12 03:43:00,14.0,4369200.0,0.0,0.0,0.0,0.0,0.0,0.0,0.0,0.0,4420491.66,False,False,False,none
LD000683,Nakuru,PMS,Baraka Downstream,TRK-140,29900.0,1455353.6,1485254.1,2026-06-11 17:22:00,29900.5,DS000674,30019.0,2026-06-11 19:03:00,Dispatched,1.0,30019.0,4890892.09,4890892.09,0.0,162.93,2026-06-11 22:03:00,30.0,4948450.0,0.0,0.0,0.0,0.0,0.0,0.0,0.0,0.0,4890892.09,False,False,False,none
LD000684,Nakuru,AGO,Delta Oil Marketers,TRK-291,34000.0,2974186.3,3008175.5,2026-06-11 22:44:00,33989.200000000186,DS000675,34054.0,2026-06-12 00:33:00,Dispatched,1.0,34054.0,5293808.81,5293808.81,0.0,155.45,2026-06-15 05:33:00,21.0,5276800.0,3.0,0.0,0.0,0.0,0.0,0.0,0.0,0.0,5293808.81,False,False,False,none
LD000685,Nakuru,PMS,Crescent Oil Ltd,TRK-667,31200.0,4971267.4,5002465.4,2026-06-11 19:17:00,31198.0,DS000676,31197.0,2026-06-11 21:47:00,Dispatched,1.0,31197.0,5106369.02,5106369.02,0.0,163.68,2026-06-14 04:47:00,30.0,5163600.0,2.0,0.0,0.0,0.0,0.0,0.0,0.0,0.0,5106369.02,False,False,False,none
LD000686,Kisii,AGO,Aberdare Oil Traders,TRK-564,26200.0,3919441.2,3945637.9,2026-06-11 19:18:00,26196.69999999972,DS000677,26343.0,2026-06-11 20:17:00,Dispatched,1.0,26343.0,4143211.13,4143211.13,0.0,157.28,2026-06-12 00:17:00,3.0,4066239.9999999995,0.0,0.0,0.0,0.0,0.0,0.0,0.0,0.0,4143211.13,False,False,False,none
LD000687,Kisii,AGO,Zenith Petroleum,TRK-344,34100.0,3683772.0,3717876.2,2026-06-11 05:39:00,34104.200000000186,DS000678,34110.0,2026-06-11 08:22:00,Dispatched,1.0,34110.0,5284349.94,5284349.94,0.0,154.92,2026-06-11 09:22:00,7.0,5292320.0,0.0,0.0,0.0,0.0,0.0,0.0,0.0,0.0,5284349.94,False,False,False,none
LD000688,Kisii,AGO,Summit Downstream Ltd,TRK-799,24700.0,3873716.9,3898411.1,2026-06-11 22:52:00,24694.200000000186,DS000679,24662.0,2026-06-12 00:43:00,Dispatched,1.0,24662.0,3810070.55,3810070.55,0.0,154.49,2026-06-12 03:43:00,7.0,3833439.9999999995,0.0,0.0,0.0,0.0,0.0,0.0,0.0,0.0,3810070.55,False,False,False,none
LD000689,Kisii,AGO,Mara Fuels,TRK-635,35300.0,3885573.8,3920877.9,2026-06-11 15:26:00,35304.10000000009,DS000680,35313.0,2026-06-11 17:06:00,Dispatched,1.0,35313.0,5551008.54,5551008.54,0.0,157.19,2026-06-13 21:06:00,3.0,5478560.0,2.0,0.0,0.0,0.0,0.0,0.0,0.0,0.0,5551008.54,False,False,False,none
LD000690,Kisii,PMS,Savannah Petroleum,TRK-597,20600.0,4486390.9,4506993.6,2026-06-11 09:11:00,20602.699999999255,DS000681,20567.0,2026-06-11 10:37:00,Dispatched,1.0,20567.0,3430004.45,3430004.45,0.0,166.77,2026-06-12 15:37:00,21.0,3409300.0,1.0,0.0,0.0,0.0,0.0,0.0,0.0,0.0,3430004.45,False,False,False,none
LD000691,Kisii,PMS,Delta Oil Marketers,TRK-818,24100.0,3661168.4,3685271.3,2026-06-11 17:42:00,24102.899999999907,DS000682,24127.0,2026-06-11 19:44:00,Dispatched,1.0,24127.0,3999140.49,3999140.49,0.0,165.75,2026-06-13 01:44:00,45.0,3988550.0,1.0,0.0,0.0,0.0,0.0,0.0,0.0,0.0,3999140.49,False,True,False,none
LD000692,Mombasa,PMS,Lakeview Energy,TRK-313,21900.0,2675791.2,2697696.6,2026-06-12 12:38:00,21905.399999999907,DS000683,21987.0,2026-06-12 14:55:00,Dispatched,1.0,21987.0,3602067.28,3602067.28,0.0,163.83,2026-06-14 18:55:00,7.0,3624450.0,2.0,0.0,0.0,0.0,0.0,0.0,0.0,0.0,3602067.28,False,False,False,none
LD000693,Mombasa,AGO,Highland Energy Co,TRK-525,32000.0,1284030.7,1316029.6,2026-06-12 06:23:00,31998.90000000014,DS000684,31999.0,2026-06-12 08:46:00,Cancelled,,,,,0.0,,,,4966400.0,,0.0,0.0,0.0,0.0,0.0,0.0,0.0,0.0,False,False,False,none
LD000694,Mombasa,AGO,Savannah Petroleum,TRK-954,35100.0,3674290.6,3709387.3,2026-06-12 13:33:00,35096.69999999972,DS000685,35109.0,2026-06-12 14:57:00,Dispatched,1.0,35109.0,5546980.92,5546980.92,0.0,157.99,2026-06-12 22:57:00,45.0,5447520.0,0.0,0.0,0.0,0.0,0.0,0.0,0.0,0.0,5546980.92,False,True,False,none
LD000695,Mombasa,IK,Horizon Oil Marketers,TRK-644,30900.0,2447680.0,2478579.5,2026-06-12 21:06:00,30899.5,DS000686,30974.0,2026-06-12 23:51:00,Dispatched,1.0,30974.0,4273823.7,4273823.7,0.0,137.98,2026-06-13 06:51:00,7.0,4326000.0,0.0,0.0,0.0,0.0,0.0,0.0,0.0,0.0,4273823.7,False,False,False,none
LD000696,Mombasa,PMS,Tsavo Energy Group,TRK-671,30200.0,4653147.8,4683347.9,2026-06-12 12:36:00,30200.10000000056,DS000687,30308.0,2026-06-12 15:14:00,Dispatched,1.0,30308.0,5063692.93,5063692.93,0.0,167.07,2026-06-13 17:14:00,7.0,4998100.0,1.0,0.0,0.0,0.0,0.0,0.0,0.0,0.0,5063692.93,False,False,False,none
LD000697,Mombasa,AGO,Kilele Fuels,TRK-537,29800.0,4494794.4,4524591.3,2026-06-12 16:43:00,29796.89999999944,DS000688,29760.0,2026-06-12 18:40:00,Dispatched,1.0,29760.0,4591975.06,4591975.06,0.0,154.3,2026-06-13 18:40:00,14.0,4624960.0,1.0,0.0,0.0,0.0,0.0,0.0,0.0,0.0,4591975.06,False,False,False,none
LD000698,Mombasa,AGO,Amani Petroleum,TRK-261,34400.0,1265775.4,1300177.2,2026-06-12 22:25:00,34401.80000000005,DS000689,34418.0,2026-06-12 23:34:00,Dispatched,1.0,34418.0,5385230.18,5385230.18,0.0,156.47,2026-06-20 05:34:00,3.0,5338880.0,7.0,0.0,0.0,0.0,0.0,0.0,0.0,0.0,5385230.18,True,False,False,none
LD000699,Mombasa,IK,Zenith Petroleum,TRK-748,28500.0,1568548.5,1597048.3,2026-06-12 22:20:00,28499.800000000047,DS000690,28569.0,2026-06-13 00:51:00,Dispatched,1.0,25810.0,3575230.95,3575230.95,0.0,138.52,2026-06-15 07:51:00,7.0,3990000.0,2.0,0.0,0.0,0.0,0.0,2759.0,382176.68000000005,382176.68000000005,3575230.95,False,False,True,underbilling
LD000700,Mombasa,AGO,Summit Downstream Ltd,TRK-862,24700.0,2944002.0,2968701.0,2026-06-12 22:13:00,24699.0,DS000691,24724.0,2026-06-12 23:26:00,Dispatched,1.0,24724.0,3788448.37,3788448.37,0.0,153.23,2026-06-13 02:26:00,14.0,3833439.9999999995,0.0,0.0,0.0,0.0,0.0,0.0,0.0,0.0,3788448.37,False,False,False,none
LD000701,Mombasa,IK,Rift Valley Fuels Ltd,TRK-391,29200.0,1174956.3,1204157.1,2026-06-12 19:25:00,29200.800000000047,DS000692,29037.0,2026-06-12 21:44:00,Dispatched,1.0,29037.0,4020477.93,4020477.93,0.0,138.46,2026-06-12 23:44:00,45.0,4088000.0,0.0,0.0,0.0,0.0,0.0,0.0,0.0,0.0,4020477.93,False,True,False,none
LD000702,Nairobi,IK,Coastline Energy Ltd,TRK-319,31700.0,3609166.6,3640861.5,2026-06-12 14:00:00,31694.899999999907,DS000693,31793.0,2026-06-12 16:51:00,Dispatched,1.0,31793.0,4485870.64,4485870.64,0.0,141.1,2026-06-13 17:51:00,14.0,4438000.0,1.0,0.0,0.0,0.0,0.0,0.0,0.0,0.0,4485870.64,False,False,False,none
LD000703,Nairobi,AGO,Highland Energy Co,TRK-684,33500.0,3769971.3,3803480.5,2026-06-12 13:58:00,33509.200000000186,DS000694,33553.0,2026-06-12 15:34:00,Dispatched,1.0,33553.0,5112220.56,5112220.56,0.0,152.36,2026-06-14 20:34:00,3.0,5199200.0,2.0,0.0,0.0,0.0,0.0,0.0,0.0,0.0,5112220.56,False,False,False,none
LD000704,Nairobi,PMS,Baraka Downstream,TRK-696,24400.0,2225254.0,2249650.3,2026-06-12 16:09:00,24396.299999999814,DS000695,24443.0,2026-06-12 17:59:00,Dispatched,1.0,24443.0,3984185.55,3984185.55,0.0,163.0,2026-06-12 22:59:00,1.0,4038200.0,0.0,0.0,0.0,0.0,0.0,0.0,0.0,0.0,3984185.55,False,False,False,none
LD000705,Nairobi,PMS,Pioneer Fuels Kenya,TRK-322,32600.0,2785678.1,2818280.7,2026-06-12 14:05:00,32602.600000000093,DS000696,32483.0,2026-06-12 15:28:00,Dispatched,1.0,32483.0,5361738.83,5361738.83,0.0,165.06,2026-06-12 23:28:00,60.0,5395300.0,0.0,0.0,0.0,0.0,0.0,0.0,0.0,0.0,5361738.83,False,True,False,none
LD000706,Nairobi,AGO,Pioneer Fuels Kenya,TRK-197,33700.0,4666540.9,4700243.3,2026-06-12 10:31:00,33702.39999999944,DS000697,33715.0,2026-06-12 11:15:00,Dispatched,1.0,33715.0,5314788.52,5314788.52,0.0,157.64,2026-06-13 13:15:00,7.0,5230240.0,1.0,0.0,0.0,0.0,0.0,0.0,0.0,0.0,5314788.52,False,False,False,none
LD000707,Nairobi,AGO,Savannah Petroleum,TRK-442,26900.0,2275467.3,2302358.1,2026-06-12 17:05:00,26890.80000000028,DS000698,26968.0,2026-06-12 19:55:00,Dispatched,1.0,26968.0,4208323.04,4208323.04,0.0,156.05,2026-06-14 22:55:00,45.0,4174879.9999999995,2.0,0.0,0.0,0.0,0.0,0.0,0.0,0.0,4208323.04,False,True,False,none
LD000708,Nairobi,PMS,Nyanza Petroleum Co,TRK-969,29600.0,3822343.5,3851949.4,2026-06-12 08:55:00,29605.899999999907,DS000699,29522.0,2026-06-12 11:39:00,Dispatched,1.0,29522.0,4920770.13,4920770.13,0.0,166.68,2026-06-15 14:39:00,7.0,4898800.0,3.0,0.0,0.0,0.0,0.0,0.0,0.0,0.0,4920770.13,False,False,False,none
LD000709,Nairobi,PMS,Mara Fuels,TRK-253,31000.0,2498211.5,2529210.2,2026-06-12 21:02:00,30998.700000000186,DS000700,30942.0,2026-06-12 23:14:00,Dispatched,1.0,30942.0,5133965.09,5133965.09,0.0,165.92,2026-06-15 07:14:00,14.0,5130500.0,2.0,0.0,0.0,0.0,0.0,0.0,0.0,0.0,5133965.09,False,False,False,none
LD000710,Nairobi,PMS,Crescent Oil Ltd,TRK-192,22300.0,4560388.1,4582682.0,2026-06-12 17:28:00,22293.900000000373,DS000701,22358.0,2026-06-12 18:44:00,Dispatched,1.0,22358.0,3733417.62,3733417.62,0.0,166.98,2026-06-13 18:44:00,21.0,3690650.0,1.0,0.0,0.0,0.0,0.0,0.0,0.0,0.0,3733417.62,False,False,False,none
LD000711,Nairobi,PMS,Baraka Downstream,TRK-587,25500.0,1617839.0,1643339.2,2026-06-12 17:09:00,25500.199999999953,DS000702,25449.0,2026-06-12 19:04:00,Dispatched,1.0,25449.0,4243882.86,4243882.86,0.0,166.76,2026-06-12 20:04:00,3.0,4220250.0,0.0,0.0,0.0,0.0,0.0,0.0,0.0,0.0,4243882.86,False,False,False,none
LD000712,Nairobi,PMS,Uhuru Energy Partners,TRK-233,30200.0,2362416.7,2392615.9,2026-06-12 17:32:00,30199.19999999972,DS000703,30181.0,2026-06-12 20:27:00,Dispatched,1.0,30181.0,5037700.75,5037700.75,0.0,166.92,2026-06-20 04:27:00,14.0,4998100.0,7.0,0.0,0.0,0.0,0.0,0.0,0.0,0.0,5037700.75,True,False,False,none
LD000713,Nairobi,AGO,Pioneer Fuels Kenya,TRK-730,21100.0,2638515.6,2659621.2,2026-06-12 20:25:00,21105.600000000093,DS000704,21035.0,2026-06-12 21:20:00,Dispatched,1.0,21035.0,3248685.66,3248685.66,0.0,154.44,2026-06-13 02:20:00,7.0,3274719.9999999995,0.0,0.0,0.0,0.0,0.0,0.0,0.0,0.0,3248685.66,False,False,False,none
LD000714,Nairobi,PMS,Pioneer Fuels Kenya,TRK-787,29700.0,2458374.9,2488069.0,2026-06-12 18:20:00,29694.100000000093,DS000705,28367.0,2026-06-12 20:55:00,Dispatched,1.0,28367.0,4780860.39,4780860.39,0.0,168.54,2026-06-15 04:55:00,14.0,4915350.0,2.0,0.0,1333.0,220611.5,0.0,0.0,0.0,220611.5,4780860.39,False,False,True,shrinkage
LD000715,Nairobi,PMS,Zenith Petroleum,TRK-124,23500.0,4952143.9,4975653.4,2026-06-12 11:20:00,23509.5,DS000706,23628.0,2026-06-12 12:02:00,Dispatched,1.0,23628.0,3963802.67,3963802.67,0.0,167.76,2026-06-12 19:02:00,30.0,3889250.0,0.0,0.0,0.0,0.0,0.0,0.0,0.0,0.0,3963802.67,False,False,False,none
LD000716,Kisumu,IK,Baraka Downstream,TRK-937,27800.0,1110146.9,1137944.6,2026-06-12 19:39:00,27797.700000000186,DS000707,27850.0,2026-06-12 22:39:00,Dispatched,1.0,27850.0,3840247.75,3840247.75,0.0,137.89,2026-06-16 02:39:00,3.0,3892000.0,3.0,0.0,0.0,0.0,0.0,0.0,0.0,0.0,3840247.75,False,False,False,none
LD000717,Kisumu,AGO,Lakeview Energy,TRK-155,28100.0,4856069.6,4884167.4,2026-06-12 09:48:00,28097.800000000745,DS000708,28087.0,2026-06-12 12:28:00,Dispatched,1.0,28087.0,4328457.89,4328457.89,0.0,154.11,2026-06-14 16:28:00,14.0,4361120.0,2.0,0.0,0.0,0.0,0.0,0.0,0.0,0.0,4328457.89,False,False,False,none
LD000718,Kisumu,AGO,Mara Fuels,TRK-213,20500.0,2551947.0,2572446.5,2026-06-12 14:00:00,20499.5,DS000709,20596.0,2026-06-12 16:26:00,Dispatched,1.0,20596.0,3201480.9,3201480.9,0.0,155.44,2026-06-13 18:26:00,1.0,3181599.9999999995,1.0,0.0,0.0,0.0,0.0,0.0,0.0,0.0,3201480.9,False,False,False,none
LD000719,Kisumu,AGO,Highland Energy Co,TRK-659,22600.0,1093408.4,1116007.1,2026-06-12 15:13:00,22598.700000000186,DS000710,22458.0,2026-06-12 17:48:00,Dispatched,1.0,22458.0,3519007.0,3519007.0,0.0,156.69,2026-06-13 18:48:00,1.0,3507519.9999999995,1.0,0.0,0.0,0.0,0.0,0.0,0.0,0.0,3519007.0,False,False,False,none
LD000720,Kisumu,AGO,Rift Valley Fuels Ltd,TRK-779,24600.0,4600332.7,4624940.7,2026-06-12 09:44:00,24608.0,DS000711,24699.0,2026-06-12 11:11:00,Dispatched,1.0,24699.0,3892825.04,3892825.04,0.0,157.61,2026-06-12 14:11:00,14.0,3817919.9999999995,0.0,0.0,0.0,0.0,0.0,0.0,0.0,0.0,3892825.04,False,False,False,none
LD000721,Kisumu,PMS,Equator Fuels,TRK-732,21900.0,4823675.3,4845578.8,2026-06-12 06:18:00,21903.5,DS000712,21877.0,2026-06-12 06:51:00,Dispatched,1.0,21877.0,3661979.82,3661979.82,0.0,167.38948758970608,2026-06-14 11:51:00,1.0,3624450.0,2.0,0.0,0.0,0.0,0.0,0.0,0.0,0.0,3661979.82,False,False,False,none
LD000722,Kisumu,AGO,Summit Downstream Ltd,TRK-778,29600.0,4306829.4,4336427.7,2026-06-12 05:04:00,29598.299999999814,DS000713,29557.0,2026-06-12 06:29:00,Dispatched,1.0,29557.0,4502395.72,4502395.72,0.0,152.33,2026-06-13 12:29:00,14.0,4593920.0,1.0,0.0,0.0,0.0,0.0,0.0,0.0,0.0,4502395.72,False,False,False,none
LD000723,Eldoret,AGO,Summit Downstream Ltd,TRK-489,21400.0,3427509.4,3448909.3,2026-06-12 05:18:00,21399.899999999907,DS000714,21300.0,2026-06-12 07:09:00,Dispatched,1.0,21300.0,3358446.61,3358446.61,0.0,157.67,2026-06-13 13:09:00,3.0,3321279.9999999995,1.0,0.0,0.0,0.0,0.0,0.0,0.0,0.0,3358446.61,False,False,False,none
LD000724,Eldoret,IK,Crescent Oil Ltd,TRK-290,28500.0,1673347.8,1701849.8,2026-06-12 20:55:00,28502.0,DS000715,28540.0,2026-06-12 21:48:00,Dispatched,1.0,28540.0,4072729.86,4072729.86,0.0,142.7,2026-06-12 22:48:00,3.0,3990000.0,0.0,0.0,0.0,0.0,0.0,0.0,0.0,0.0,4072729.86,False,False,False,none
LD000725,Eldoret,AGO,Nyanza Petroleum Co,TRK-412,24000.0,4354196.9,4378202.2,2026-06-12 05:02:00,24005.299999999814,DS000716,23868.0,2026-06-12 06:43:00,Dispatched,1.0,23868.0,3735404.61,3735404.61,0.0,156.5,2026-06-14 13:43:00,1.0,3724799.9999999995,2.0,0.0,0.0,0.0,0.0,0.0,0.0,0.0,3735404.61,False,False,False,none
LD000726,Eldoret,PMS,Zenith Petroleum,TRK-463,31300.0,1708683.7,1739981.4,2026-06-12 10:01:00,31297.699999999953,DS000717,31377.0,2026-06-12 10:50:00,Dispatched,1.0,31377.0,5210970.15,5210970.15,0.0,166.08,2026-06-13 15:50:00,3.0,5180150.0,1.0,0.0,0.0,0.0,0.0,0.0,0.0,0.0,5210970.15,False,False,False,none
LD000727,Eldoret,PMS,Savannah Petroleum,TRK-999,28100.0,3709549.3,3737652.5,2026-06-12 21:17:00,28103.200000000186,DS000718,27972.0,2026-06-12 22:13:00,Dispatched,1.0,27972.0,4614904.89,4614904.89,0.0,164.98,2026-06-15 06:13:00,30.0,4650550.0,2.0,0.0,0.0,0.0,0.0,0.0,0.0,0.0,4614904.89,False,False,False,none
LD000728,Eldoret,IK,Baraka Downstream,TRK-502,28700.0,1660968.2,1689665.7,2026-06-12 13:14:00,28697.5,DS000719,28583.0,2026-06-12 14:34:00,Dispatched,1.0,28583.0,4033048.08,4033048.08,0.0,141.1,2026-06-14 19:34:00,14.0,4018000.0,2.0,0.0,0.0,0.0,0.0,0.0,0.0,0.0,4033048.08,False,False,False,none
LD000729,Nakuru,PMS,Crescent Oil Ltd,TRK-802,36000.0,1602086.0,1638083.4,2026-06-12 17:33:00,35997.39999999991,DS000720,35871.0,2026-06-12 19:43:00,Dispatched,1.0,35871.0,6006106.32,6006106.32,0.0,167.44,2026-06-14 21:43:00,45.0,5958000.0,2.0,0.0,0.0,0.0,0.0,0.0,0.0,0.0,6006106.32,False,True,False,none
LD000730,Nakuru,PMS,Coastline Energy Ltd,TRK-437,32500.0,3938311.7,3970814.5,2026-06-12 09:27:00,32502.799999999814,DS000721,32430.0,2026-06-12 12:26:00,Dispatched,1.0,32430.0,5271767.03,5271767.03,0.0,162.56,2026-06-12 13:26:00,1.0,5378750.0,0.0,0.0,0.0,0.0,0.0,0.0,0.0,0.0,5271767.03,False,False,False,none
LD000731,Nakuru,PMS,Highland Energy Co,TRK-307,24800.0,2303292.5,2328091.6,2026-06-12 09:37:00,24799.100000000093,DS000722,24870.0,2026-06-12 12:24:00,Dispatched,1.0,24870.0,4076370.13,4076370.13,0.0,163.91,2026-06-14 20:24:00,21.0,4104400.0,2.0,0.0,0.0,0.0,0.0,0.0,0.0,0.0,4076370.13,False,False,False,none
LD000732,Nakuru,AGO,Baraka Downstream,TRK-888,31700.0,1591936.6,1623643.8,2026-06-12 21:58:00,31707.199999999953,DS000723,31843.0,2026-06-12 23:45:00,Dispatched,1.0,31843.0,4930906.29,4930906.29,0.0,154.85055710831267,2026-06-13 23:45:00,14.0,4919840.0,1.0,0.0,0.0,0.0,0.0,0.0,0.0,0.0,4930906.29,False,False,False,none
LD000733,Nakuru,PMS,Horizon Oil Marketers,TRK-959,33600.0,3843538.9,3877147.2,2026-06-12 22:34:00,33608.30000000028,DS000724,33538.0,2026-06-13 00:18:00,Dispatched,1.0,33538.0,5448471.53,5448471.53,0.0,162.46,2026-06-13 08:18:00,3.0,5560800.0,0.0,0.0,0.0,0.0,0.0,0.0,0.0,0.0,5448471.53,False,False,False,none
LD000734,Nakuru,AGO,Coastline Energy Ltd,TRK-941,25700.0,2833865.7,2859573.5,2026-06-12 18:26:00,25707.799999999814,DS000725,25696.0,2026-06-12 19:55:00,Dispatched,1.0,25696.0,4005196.01,4005196.01,0.0,155.87,2026-06-14 21:55:00,21.0,3988639.9999999995,2.0,0.0,0.0,0.0,0.0,0.0,0.0,0.0,4005196.01,False,False,False,none
LD000735,Nakuru,PMS,Baraka Downstream,TRK-880,20600.0,3983440.2,4004036.8,2026-06-12 11:06:00,20596.599999999627,DS000726,20630.0,2026-06-12 11:41:00,Dispatched,1.0,20630.0,3474950.43,3474950.43,0.0,168.44,2026-06-13 14:41:00,21.0,3409300.0,1.0,0.0,0.0,0.0,0.0,0.0,0.0,0.0,3474950.43,False,False,False,none
LD000736,Nakuru,AGO,Nyanza Petroleum Co,TRK-126,30900.0,2867128.3,2898028.7,2026-06-12 12:38:00,30900.400000000373,DS000727,30869.0,2026-06-12 15:10:00,Dispatched,1.0,30869.0,4744487.6,4744487.6,0.0,153.7,2026-06-12 18:10:00,7.0,4795680.0,0.0,0.0,0.0,0.0,0.0,0.0,0.0,0.0,4744487.6,False,False,False,none
LD000737,Nakuru,AGO,Amani Petroleum,TRK-580,20600.0,4878430.9,4899031.0,2026-06-12 20:08:00,20600.099999999627,DS000728,20628.0,2026-06-12 22:08:00,Dispatched,1.0,20628.0,3236711.84,3236711.84,0.0,156.91,2026-06-15 06:08:00,14.0,3197119.9999999995,2.0,0.0,0.0,0.0,0.0,0.0,0.0,0.0,3236711.84,False,False,False,none
LD000738,Nakuru,PMS,Delta Oil Marketers,TRK-297,21500.0,4018484.9,4039988.2,2026-06-12 17:31:00,21503.30000000028,DS000729,21500.0,2026-06-12 18:42:00,Dispatched,1.0,21500.0,3622437.76,3622437.76,0.0,168.49,2026-06-13 00:42:00,7.0,3558250.0,0.0,0.0,0.0,0.0,0.0,0.0,0.0,0.0,3622437.76,False,False,False,none
LD000739,Nakuru,PMS,Aberdare Oil Traders,TRK-327,27900.0,2209789.9,2237706.2,2026-06-12 05:59:00,27916.30000000028,DS000730,27879.0,2026-06-12 07:28:00,Dispatched,1.0,27879.0,4523985.33,2192097.44,2331887.89,162.27,2026-06-19 15:28:00,7.0,4617450.0,7.0,0.0,0.0,0.0,0.0,0.0,0.0,2331887.89,2192097.44,True,False,True,collections_gap
LD000740,Nakuru,AGO,Kilele Fuels,TRK-601,29000.0,2764894.9,2793888.7,2026-06-12 07:11:00,28993.80000000028,DS000731,28876.0,2026-06-12 08:15:00,Dispatched,1.0,28876.0,4538958.44,4538958.44,0.0,157.19,2026-06-12 11:15:00,30.0,4500800.0,0.0,0.0,0.0,0.0,0.0,0.0,0.0,0.0,4538958.44,False,False,False,none
LD000741,Nakuru,AGO,Summit Downstream Ltd,TRK-722,29700.0,4674938.8,4704645.6,2026-06-12 12:27:00,29706.799999999814,DS000732,29713.0,2026-06-12 14:14:00,Dispatched,1.0,29713.0,4536837.33,4536837.33,0.0,152.69,2026-06-12 20:14:00,7.0,4609440.0,0.0,0.0,0.0,0.0,0.0,0.0,0.0,0.0,4536837.33,False,False,False,none
LD000742,Kisii,AGO,Pioneer Fuels Kenya,TRK-637,35700.0,2630336.8,2666032.6,2026-06-12 17:39:00,35695.80000000028,DS000733,35803.0,2026-06-12 19:25:00,Dispatched,1.0,35803.0,5546531.1,5546531.1,0.0,154.92,2026-06-15 00:25:00,7.0,5540640.0,2.0,0.0,0.0,0.0,0.0,0.0,0.0,0.0,5546531.1,False,False,False,none
LD000743,Kisii,AGO,Savannah Petroleum,TRK-351,33200.0,4058111.2,4091314.0,2026-06-12 19:29:00,33202.799999999814,DS000734,33122.0,2026-06-12 21:27:00,Dispatched,1.0,33122.0,5076045.24,5076045.24,0.0,153.25,2026-06-13 21:27:00,14.0,5152640.0,1.0,0.0,0.0,0.0,0.0,0.0,0.0,0.0,5076045.24,False,False,False,none
LD000744,Kisii,IK,Summit Downstream Ltd,TRK-745,23200.0,1437056.8,1460257.2,2026-06-12 06:35:00,23200.399999999907,DS000735,23063.0,2026-06-12 08:44:00,Dispatched,1.0,23063.0,3235437.96,3235437.96,0.0,140.29,2026-06-13 15:44:00,21.0,3248000.0,1.0,0.0,0.0,0.0,0.0,0.0,0.0,0.0,3235437.96,False,False,False,none
LD000745,Kisii,PMS,Coastline Energy Ltd,TRK-392,33700.0,2756599.3,2790302.3,2026-06-12 17:56:00,33703.0,DS000736,33668.0,2026-06-12 20:04:00,Dispatched,1.0,33668.0,5536466.74,5536466.74,0.0,164.44,2026-06-13 04:04:00,21.0,5577350.0,0.0,0.0,0.0,0.0,0.0,0.0,0.0,0.0,5536466.74,False,False,False,none
LD000746,Kisii,PMS,Amani Petroleum,TRK-574,30000.0,4705530.4,4735515.7,2026-06-12 06:44:00,29985.299999999814,DS000737,30136.0,2026-06-12 07:45:00,Dispatched,1.0,30136.0,5072270.15,5072270.15,0.0,168.31,2026-06-13 12:45:00,1.0,4965000.0,1.0,0.0,0.0,0.0,0.0,0.0,0.0,0.0,5072270.15,False,False,False,none
LD000747,Kisii,PMS,Tsavo Energy Group,TRK-812,20300.0,2907373.9,2927679.5,2026-06-12 21:07:00,20305.600000000093,DS000738,20374.0,2026-06-12 21:58:00,Dispatched,1.0,20374.0,3343290.62,3343290.62,0.0,164.1,2026-06-16 04:58:00,14.0,3359650.0,3.0,0.0,0.0,0.0,0.0,0.0,0.0,0.0,3343290.62,False,False,False,none
LD000748,Kisii,PMS,Rift Valley Fuels Ltd,TRK-704,31100.0,1537740.5,1568845.2,2026-06-12 15:28:00,31104.699999999953,DS000739,28971.0,2026-06-12 17:51:00,Dispatched,2.0,57942.0,9695083.52,9695083.52,0.0,167.32,2026-06-15 01:51:00,7.0,5147050.0,2.0,0.0,2129.0,352349.5,0.0,0.0,0.0,352349.5,9695083.52,False,False,True,shrinkage
LD000749,Kisii,AGO,Mara Fuels,TRK-828,24800.0,2434862.1,2459659.0,2026-06-12 07:16:00,24796.899999999907,DS000740,24836.0,2026-06-12 08:05:00,Dispatched,1.0,24836.0,3865457.46,3865457.46,0.0,155.64,2026-06-14 16:05:00,14.0,3848959.9999999995,2.0,0.0,0.0,0.0,0.0,0.0,0.0,0.0,3865457.46,False,False,False,none
LD000750,Kisii,PMS,Zenith Petroleum,TRK-824,23400.0,4829792.1,4853196.4,2026-06-12 19:40:00,23404.300000000745,DS000741,23352.0,2026-06-12 21:23:00,Dispatched,1.0,23352.0,3905208.6,3905208.6,0.0,167.23,2026-06-13 03:23:00,21.0,3872700.0,0.0,0.0,0.0,0.0,0.0,0.0,0.0,0.0,3905208.6,False,False,False,none
LD000751,Kisii,PMS,Tsavo Energy Group,TRK-679,20100.0,4991283.4,5011388.2,2026-06-12 17:02:00,20104.799999999814,DS000742,20063.0,2026-06-12 19:34:00,Dispatched,1.0,20063.0,3269540.48,3269540.48,0.0,162.96,2026-06-12 19:34:00,30.0,3326550.0,0.0,0.0,0.0,0.0,0.0,0.0,0.0,0.0,3269540.48,False,False,False,none
LD000752,Mombasa,PMS,Savannah Petroleum,TRK-416,20000.0,1176647.7,1196650.3,2026-06-13 09:11:00,20002.600000000093,DS000743,20008.0,2026-06-13 10:33:00,Dispatched,1.0,20008.0,3375367.72,3375367.72,0.0,168.7,2026-06-14 11:33:00,14.0,3310000.0,1.0,0.0,0.0,0.0,0.0,0.0,0.0,0.0,3375367.72,False,False,False,none
LD000753,Mombasa,AGO,Baraka Downstream,TRK-103,25500.0,3531625.3,3557126.2,2026-06-13 08:57:00,25500.900000000373,DS000744,25458.0,2026-06-13 09:59:00,Dispatched,1.0,25458.0,3974126.03,3974126.03,0.0,156.11,2026-06-13 11:59:00,14.0,3957599.9999999995,0.0,0.0,0.0,0.0,0.0,0.0,0.0,0.0,3974126.03,False,False,False,none
LD000754,Mombasa,AGO,Rift Valley Fuels Ltd,TRK-605,31200.0,1417616.5,1448817.2,2026-06-13 20:34:00,31200.699999999953,DS000745,31323.0,2026-06-13 22:17:00,Dispatched,1.0,31323.0,4938863.16,4938863.16,0.0,157.68,2026-06-14 06:17:00,7.0,4842240.0,0.0,0.0,0.0,0.0,0.0,0.0,0.0,0.0,4938863.16,False,False,False,none
LD000755,Mombasa,AGO,Uhuru Energy Partners,TRK-715,26400.0,3892597.9,3919002.7,2026-06-13 20:29:00,26404.80000000028,DS000746,26353.0,2026-06-13 21:06:00,Dispatched,1.0,26353.0,4042129.06,4042129.06,0.0,153.3840192767427,2026-06-14 22:06:00,1.0,4097279.9999999995,1.0,0.0,0.0,0.0,0.0,0.0,0.0,0.0,4042129.06,False,False,False,none
LD000756,Mombasa,AGO,Highland Energy Co,TRK-312,20400.0,2224549.4,2244943.8,2026-06-13 13:39:00,20394.399999999907,DS000747,20281.0,2026-06-13 14:16:00,Dispatched,1.0,20281.0,3139110.22,3139110.22,0.0,154.78,2026-06-13 22:16:00,45.0,3166080.0,0.0,0.0,0.0,0.0,0.0,0.0,0.0,0.0,3139110.22,False,True,False,none
LD000757,Mombasa,PMS,Baraka Downstream,TRK-783,28800.0,3528359.3,3557167.9,2026-06-13 16:02:00,28808.600000000093,DS000748,28688.0,2026-06-13 17:19:00,Dispatched,1.0,28688.0,4667859.33,4667859.33,0.0,162.71,2026-06-13 23:19:00,7.0,4766400.0,0.0,0.0,0.0,0.0,0.0,0.0,0.0,0.0,4667859.33,False,False,False,none
LD000758,Mombasa,IK,Uhuru Energy Partners,TRK-265,20100.0,1403764.8,1423868.2,2026-06-13 06:06:00,20103.399999999907,DS000749,20025.0,2026-06-13 08:33:00,Dispatched,1.0,20025.0,2793089.49,2793089.49,0.0,139.48,2026-06-14 14:33:00,14.0,2814000.0,1.0,0.0,0.0,0.0,0.0,0.0,0.0,0.0,2793089.49,False,False,False,none
LD000759,Mombasa,IK,Savannah Petroleum,TRK-406,33900.0,3726994.6,3760893.9,2026-06-13 16:59:00,33899.299999999814,DS000750,31513.0,2026-06-13 17:48:00,Dispatched,1.0,31513.0,4343005.88,4343005.88,0.0,137.82,2026-06-15 22:48:00,21.0,4746000.0,2.0,0.0,2387.0,334180.0,0.0,0.0,0.0,334180.0,4343005.88,False,False,True,shrinkage
LD000760,Mombasa,AGO,Uhuru Energy Partners,TRK-166,22300.0,3840440.2,3862732.1,2026-06-13 07:48:00,22291.899999999907,DS000751,22212.0,2026-06-13 09:29:00,Dispatched,1.0,22212.0,3439484.85,3439484.85,0.0,154.85,2026-06-14 14:29:00,1.0,3460959.9999999995,1.0,0.0,0.0,0.0,0.0,0.0,0.0,0.0,3439484.85,False,False,False,none
LD000761,Mombasa,PMS,Amani Petroleum,TRK-314,30700.0,1844449.9,1875148.5,2026-06-13 13:21:00,30698.600000000093,DS000752,30721.0,2026-06-13 14:23:00,Dispatched,1.0,30721.0,5093437.01,5093437.01,0.0,165.8,2026-06-13 19:23:00,30.0,5080850.0,0.0,0.0,0.0,0.0,0.0,0.0,0.0,0.0,5093437.01,False,False,False,none
LD000762,Mombasa,PMS,Delta Oil Marketers,TRK-719,24700.0,1609318.4,1634023.5,2026-06-13 21:05:00,24705.100000000093,DS000753,24719.0,2026-06-14 00:05:00,Dispatched,1.0,24719.0,4144622.49,4144622.49,0.0,167.67,2026-06-14 05:05:00,21.0,4087850.0,0.0,0.0,0.0,0.0,0.0,0.0,0.0,0.0,4144622.49,False,False,False,none
LD000763,Mombasa,AGO,Amani Petroleum,TRK-738,24300.0,1088107.7,1112413.5,2026-06-13 15:16:00,24305.800000000047,DS000754,24226.0,2026-06-13 17:34:00,Dispatched,1.0,24226.0,3768442.83,3768442.83,0.0,155.55,2026-06-14 22:34:00,21.0,3771359.9999999995,1.0,0.0,0.0,0.0,0.0,0.0,0.0,0.0,3768442.83,False,False,False,none
LD000764,Nairobi,AGO,Delta Oil Marketers,TRK-284,30200.0,4915924.5,4946125.9,2026-06-13 20:33:00,30201.400000000373,DS000755,30154.0,2026-06-13 21:07:00,Dispatched,1.0,30154.0,4640113.62,4640113.62,0.0,153.88,2026-06-13 21:07:00,1.0,4687040.0,0.0,0.0,0.0,0.0,0.0,0.0,0.0,0.0,4640113.62,False,False,False,none
LD000765,Nairobi,IK,Rift Valley Fuels Ltd,TRK-915,29700.0,2431256.3,2460952.0,2026-06-13 05:07:00,29695.700000000186,DS000756,29713.0,2026-06-13 06:54:00,Dispatched,1.0,29713.0,4181997.42,4181997.42,0.0,140.75,2026-06-14 10:54:00,7.0,4158000.0,1.0,0.0,0.0,0.0,0.0,0.0,0.0,0.0,4181997.42,False,False,False,none
LD000766,Nairobi,AGO,Savannah Petroleum,TRK-673,34200.0,3012335.8,3046537.5,2026-06-13 18:26:00,34201.700000000186,DS000757,34277.0,2026-06-13 19:38:00,Dispatched,1.0,34277.0,5215281.26,5215281.26,0.0,152.15,2026-06-13 20:38:00,1.0,5307840.0,0.0,0.0,0.0,0.0,0.0,0.0,0.0,0.0,5215281.26,False,False,False,none
LD000767,Nairobi,AGO,Lakeview Energy,TRK-618,27200.0,3343459.2,3370656.0,2026-06-13 14:16:00,27196.799999999814,DS000758,27147.0,2026-06-13 16:03:00,Dispatched,1.0,27147.0,4210327.75,4210327.75,0.0,155.09,2026-06-13 16:03:00,14.0,4221440.0,0.0,0.0,0.0,0.0,0.0,0.0,0.0,0.0,4210327.75,False,False,False,none
LD000768,Nairobi,PMS,Summit Downstream Ltd,TRK-730,30900.0,1967726.7,1998627.6,2026-06-13 15:21:00,30900.90000000014,DS000759,30826.0,2026-06-13 16:26:00,Dispatched,1.0,30826.0,5100104.23,5100104.23,0.0,165.45,2026-06-13 20:26:00,21.0,5113950.0,0.0,0.0,0.0,0.0,0.0,0.0,0.0,0.0,5100104.23,False,False,False,none
LD000769,Nairobi,PMS,Delta Oil Marketers,TRK-916,31400.0,4290139.2,4321540.4,2026-06-13 15:59:00,31401.200000000186,DS000760,31580.0,2026-06-13 18:07:00,Dispatched,1.0,31580.0,5217101.06,5217101.06,0.0,165.2,2026-06-14 00:07:00,1.0,5196700.0,0.0,0.0,0.0,0.0,0.0,0.0,0.0,0.0,5217101.06,False,False,False,none
LD000770,Kisumu,AGO,Highland Energy Co,TRK-573,22300.0,4101384.6,4123691.4,2026-06-13 19:57:00,22306.799999999814,DS000761,22282.0,2026-06-13 22:52:00,Dispatched,1.0,22282.0,3475936.93,3475936.93,0.0,156.0,2026-06-14 01:52:00,14.0,3460959.9999999995,0.0,0.0,0.0,0.0,0.0,0.0,0.0,0.0,3475936.93,False,False,False,none
LD000771,Kisumu,AGO,Mara Fuels,TRK-119,24300.0,2986781.7,3011078.2,2026-06-13 14:36:00,24296.5,DS000762,24318.0,2026-06-13 16:31:00,Dispatched,1.0,24318.0,3724471.44,3724471.44,0.0,153.16,2026-06-13 22:31:00,7.0,3771359.9999999995,0.0,0.0,0.0,0.0,0.0,0.0,0.0,0.0,3724471.44,False,False,False,none
LD000772,Kisumu,AGO,Baraka Downstream,TRK-131,30100.0,1217328.1,1247426.1,2026-06-13 16:04:00,30098.0,DS000763,30159.0,2026-06-13 18:26:00,Dispatched,1.0,30159.0,4653771.65,4653771.65,0.0,154.31,2026-06-13 23:26:00,30.0,4671520.0,0.0,0.0,0.0,0.0,0.0,0.0,0.0,0.0,4653771.65,False,False,False,none
LD000773,Kisumu,AGO,Crescent Oil Ltd,TRK-709,32000.0,2270347.2,2302347.2,2026-06-13 10:36:00,32000.0,DS000764,31828.0,2026-06-13 11:17:00,Dispatched,1.0,31828.0,4999725.14,4999725.14,0.0,157.09,2026-06-13 16:17:00,7.0,4966400.0,0.0,0.0,0.0,0.0,0.0,0.0,0.0,0.0,4999725.14,False,False,False,none
LD000774,Kisumu,AGO,Savannah Petroleum,TRK-188,20700.0,2104678.2,2125378.2,2026-06-13 15:45:00,20700.0,,,,,,,,,0.0,,,,3212639.9999999995,,3212639.9999999995,0.0,0.0,0.0,0.0,0.0,3212639.9999999995,0.0,False,False,True,dispatch_capture_gap
LD000775,Kisumu,PMS,Amani Petroleum,TRK-214,31300.0,1250758.5,1282062.6,2026-06-13 14:13:00,31304.100000000093,DS000765,31298.0,2026-06-13 16:08:00,Dispatched,1.0,31298.0,5127744.99,5127744.99,0.0,163.84,2026-06-16 22:08:00,3.0,5180150.0,3.0,0.0,0.0,0.0,0.0,0.0,0.0,0.0,5127744.99,False,False,False,none
LD000776,Kisumu,AGO,Amani Petroleum,TRK-594,25100.0,1407569.6,1432665.3,2026-06-13 07:28:00,25095.699999999953,DS000766,24976.0,2026-06-13 09:07:00,Dispatched,1.0,24976.0,3869885.53,3869885.53,0.0,154.94,2026-06-15 12:07:00,3.0,3895519.9999999995,2.0,0.0,0.0,0.0,0.0,0.0,0.0,0.0,3869885.53,False,False,False,none
LD000777,Kisumu,PMS,Amani Petroleum,TRK-435,25800.0,2081573.1,2107370.7,2026-06-13 20:46:00,25797.600000000093,DS000767,25790.0,2026-06-13 22:58:00,Dispatched,1.0,25790.0,4351126.82,4351126.82,0.0,168.71,2026-06-14 06:58:00,30.0,4269900.0,0.0,0.0,0.0,0.0,0.0,0.0,0.0,0.0,4351126.82,False,False,False,none
LD000778,Kisumu,AGO,Baraka Downstream,TRK-137,32600.0,4567488.6,4600093.0,2026-06-13 21:43:00,32604.400000000373,DS000768,32734.0,2026-06-13 23:29:00,Dispatched,1.0,32734.0,5180755.34,5180755.34,0.0,158.27,2026-06-16 00:29:00,7.0,5059520.0,2.0,0.0,0.0,0.0,0.0,0.0,0.0,0.0,5180755.34,False,False,False,none
LD000779,Eldoret,AGO,Rift Valley Fuels Ltd,TRK-145,34600.0,2509272.2,2543871.9,2026-06-13 21:07:00,34599.69999999972,DS000769,34496.0,2026-06-13 23:09:00,Dispatched,1.0,34496.0,5277507.69,5277507.69,0.0,152.99,2026-06-14 06:09:00,7.0,5369920.0,0.0,0.0,0.0,0.0,0.0,0.0,0.0,0.0,5277507.69,False,False,False,none
LD000780,Eldoret,PMS,Amani Petroleum,TRK-863,26200.0,3530847.5,3557057.4,2026-06-13 06:06:00,26209.899999999907,DS000770,26069.0,2026-06-13 08:39:00,Dispatched,1.0,26069.0,4338346.19,4338346.19,0.0,166.42,2026-06-14 16:39:00,1.0,4336100.0,1.0,0.0,0.0,0.0,0.0,0.0,0.0,0.0,4338346.19,False,False,False,none
LD000781,Eldoret,AGO,Equator Fuels,TRK-297,31300.0,1017453.1,1048755.7,2026-06-13 14:40:00,31302.599999999977,DS000771,31477.0,2026-06-13 15:39:00,Dispatched,1.0,31477.0,4955661.87,4955661.87,0.0,157.44,2026-06-13 21:39:00,7.0,4857760.0,0.0,0.0,0.0,0.0,0.0,0.0,0.0,0.0,4955661.87,False,False,False,none
LD000782,Eldoret,AGO,Horizon Oil Marketers,TRK-261,30700.0,4864190.0,4894885.9,2026-06-13 19:42:00,30695.900000000373,DS000772,30594.0,2026-06-13 22:11:00,Dispatched,1.0,30594.0,4731274.2,4731274.2,0.0,154.65,2026-06-15 03:11:00,30.0,4764640.0,1.0,0.0,0.0,0.0,0.0,0.0,0.0,0.0,4731274.2,False,False,False,none
LD000783,Eldoret,PMS,Horizon Oil Marketers,TRK-458,32200.0,4803090.8,4835285.5,2026-06-13 22:32:00,32194.700000000186,DS000773,32055.0,2026-06-13 23:04:00,Dispatched,1.0,32055.0,5333740.23,5333740.23,0.0,166.39,2026-06-15 04:04:00,21.0,5329100.0,1.0,0.0,0.0,0.0,0.0,0.0,0.0,0.0,5333740.23,False,False,False,none
LD000784,Eldoret,PMS,Nyanza Petroleum Co,TRK-418,21700.0,4127295.5,4149000.8,2026-06-13 14:36:00,21705.299999999814,DS000774,21805.0,2026-06-13 17:12:00,Dispatched,1.0,21805.0,3680886.56,3680886.56,0.0,168.81,2026-06-13 19:12:00,3.0,3591350.0,0.0,0.0,0.0,0.0,0.0,0.0,0.0,0.0,3680886.56,False,False,False,none
LD000785,Eldoret,AGO,Rift Valley Fuels Ltd,TRK-791,30300.0,1192744.0,1223046.0,2026-06-13 06:08:00,30302.0,DS000775,30192.0,2026-06-13 08:53:00,Dispatched,1.0,30192.0,4603617.49,4603617.49,0.0,152.48,2026-06-13 12:53:00,7.0,4702560.0,0.0,0.0,0.0,0.0,0.0,0.0,0.0,0.0,4603617.49,False,False,False,none
LD000786,Eldoret,PMS,Summit Downstream Ltd,TRK-710,28000.0,2730916.5,2758915.9,2026-06-13 07:27:00,27999.399999999907,DS000776,28138.0,2026-06-13 10:14:00,Dispatched,1.0,28138.0,4748675.34,4748675.34,0.0,168.76,2026-06-16 13:14:00,3.0,4634000.0,3.0,0.0,0.0,0.0,0.0,0.0,0.0,0.0,4748675.34,False,False,False,none
LD000787,Nakuru,AGO,Equator Fuels,TRK-786,30200.0,4083122.5,4113323.6,2026-06-13 14:21:00,30201.100000000093,DS000777,30225.0,2026-06-13 15:12:00,Dispatched,1.0,30225.0,4756946.1,4756946.1,0.0,157.38,2026-06-15 21:12:00,45.0,4687040.0,2.0,0.0,0.0,0.0,0.0,0.0,0.0,0.0,4756946.1,False,True,False,none
LD000788,Nakuru,IK,Baraka Downstream,TRK-921,26700.0,3878615.3,3905308.7,2026-06-13 19:36:00,26693.400000000373,DS000778,26803.0,2026-06-13 22:09:00,Dispatched,1.0,26803.0,3815809.72,3815809.72,0.0,142.37,2026-06-15 03:09:00,14.0,3738000.0,1.0,0.0,0.0,0.0,0.0,0.0,0.0,0.0,3815809.72,False,False,False,none
LD000789,Nakuru,PMS,Kilele Fuels,TRK-329,25900.0,4479052.7,4504956.9,2026-06-13 14:43:00,25904.200000000186,DS000779,25914.0,2026-06-13 15:16:00,Dispatched,1.0,25914.0,4334523.66,4334523.66,0.0,167.27,2026-06-13 20:16:00,21.0,4286450.0,0.0,0.0,0.0,0.0,0.0,0.0,0.0,0.0,4334523.66,False,False,False,none
LD000790,Nakuru,IK,Mara Fuels,TRK-432,32700.0,4016092.1,4048798.6,2026-06-13 17:11:00,32706.5,DS000780,32806.0,2026-06-13 19:24:00,Dispatched,1.0,32806.0,4510092.63,4510092.63,0.0,137.48,2026-06-15 00:24:00,21.0,4578000.0,1.0,0.0,0.0,0.0,0.0,0.0,0.0,0.0,4510092.63,False,False,False,none
LD000791,Nakuru,PMS,Zenith Petroleum,TRK-966,20600.0,2578937.4,2599538.1,2026-06-13 20:07:00,20600.700000000186,DS000781,20543.0,2026-06-13 22:33:00,Dispatched,1.0,20543.0,3401914.63,3401914.63,0.0,165.6,2026-06-15 05:33:00,30.0,3409300.0,1.0,0.0,0.0,0.0,0.0,0.0,0.0,0.0,3401914.63,False,False,False,none
LD000792,Nakuru,AGO,Horizon Oil Marketers,TRK-831,27500.0,3316701.0,3344199.3,2026-06-13 09:32:00,27498.299999999814,DS000782,27449.0,2026-06-13 11:51:00,Dispatched,1.0,27449.0,4188094.72,3443159.48,744935.2400000002,152.58,2026-06-14 19:51:00,1.0,4268000.0,1.0,0.0,0.0,0.0,0.0,0.0,0.0,744935.2400000002,3443159.48,False,False,True,collections_gap
LD000793,Nakuru,AGO,Coastline Energy Ltd,TRK-510,21400.0,1172027.8,1193432.8,2026-06-13 07:50:00,21405.0,DS000783,21264.0,2026-06-13 08:38:00,Dispatched,1.0,21264.0,3252571.56,3252571.56,0.0,152.96,2026-06-15 10:38:00,60.0,3321279.9999999995,2.0,0.0,0.0,0.0,0.0,0.0,0.0,0.0,3252571.56,False,True,False,none
LD000794,Kisii,PMS,Tsavo Energy Group,TRK-493,28300.0,2070370.7,2098673.3,2026-06-13 12:35:00,28302.59999999986,DS000784,28383.0,2026-06-13 13:13:00,Dispatched,1.0,28383.0,4769028.79,4769028.79,0.0,168.02,2026-06-13 17:13:00,30.0,4683650.0,0.0,0.0,0.0,0.0,0.0,0.0,0.0,0.0,4769028.79,False,False,False,none
LD000795,Kisii,PMS,Uhuru Energy Partners,TRK-450,33400.0,1058773.6,1092166.0,2026-06-13 18:50:00,33392.39999999991,DS000785,33442.0,2026-06-13 21:10:00,Dispatched,1.0,33442.0,5507994.11,5507994.11,0.0,164.7,2026-06-14 22:10:00,7.0,5527700.0,1.0,0.0,0.0,0.0,0.0,0.0,0.0,0.0,5507994.11,False,False,False,none
LD000796,Kisii,PMS,Pioneer Fuels Kenya,TRK-217,20300.0,1497473.6,1517767.9,2026-06-13 07:47:00,20294.299999999814,DS000786,20239.0,2026-06-13 08:21:00,Dispatched,1.0,20239.0,3372636.08,3372636.08,0.0,166.64,2026-06-13 11:21:00,30.0,3359650.0,0.0,0.0,0.0,0.0,0.0,0.0,0.0,0.0,3372636.08,False,False,False,none
LD000797,Kisii,PMS,Kilele Fuels,TRK-515,26600.0,2971458.3,2998062.2,2026-06-13 08:52:00,26603.900000000373,DS000787,26460.0,2026-06-13 09:46:00,Dispatched,1.0,26460.0,4451262.4,4451262.4,0.0,168.23,2026-06-23 10:46:00,21.0,4402300.0,10.0,0.0,0.0,0.0,0.0,0.0,0.0,0.0,4451262.4,True,False,False,none
LD000798,Kisii,AGO,Delta Oil Marketers,TRK-162,29500.0,1039695.3,1069183.3,2026-06-13 17:20:00,29488.0,DS000788,29525.0,2026-06-13 19:52:00,Dispatched,1.0,29525.0,4509933.65,4509933.65,0.0,152.75,2026-06-15 21:52:00,21.0,4578400.0,2.0,0.0,0.0,0.0,0.0,0.0,0.0,0.0,4509933.65,False,False,False,none
LD000799,Kisii,AGO,Baraka Downstream,TRK-563,27400.0,4853997.0,4881407.1,2026-06-13 05:48:00,27410.099999999627,DS000789,27538.0,2026-06-13 08:48:00,Dispatched,1.0,27538.0,4220362.59,4220362.59,0.0,153.26,2026-06-13 16:48:00,3.0,4252480.0,0.0,0.0,0.0,0.0,0.0,0.0,0.0,0.0,4220362.59,False,False,False,none
LD000800,Kisii,PMS,Equator Fuels,TRK-424,25000.0,4095965.5,4120966.6,2026-06-13 19:12:00,25001.100000000093,DS000790,24990.0,2026-06-13 20:45:00,Dispatched,1.0,24990.0,4092090.61,4092090.61,0.0,163.75,2026-06-14 03:45:00,14.0,4137500.0,0.0,0.0,0.0,0.0,0.0,0.0,0.0,0.0,4092090.61,False,False,False,none
LD000801,Kisii,IK,Zenith Petroleum,TRK-696,32400.0,3085184.2,3117583.0,2026-06-13 18:45:00,32398.799999999814,DS000791,32336.0,2026-06-13 19:49:00,Dispatched,1.0,32336.0,4548177.64,4548177.64,0.0,140.65,2026-06-13 22:49:00,1.0,4536000.0,0.0,0.0,0.0,0.0,0.0,0.0,0.0,0.0,4548177.64,False,False,False,none
LD000802,Kisii,AGO,Zenith Petroleum,TRK-154,24200.0,1070209.5,1094410.5,2026-06-13 14:03:00,24201.0,DS000792,24132.0,2026-06-13 17:03:00,Dispatched,1.0,24132.0,3771827.43,3771827.43,0.0,156.3,2026-06-14 00:03:00,30.0,3755839.9999999995,0.0,0.0,0.0,0.0,0.0,0.0,0.0,0.0,3771827.43,False,False,False,none
LD000803,Kisii,PMS,Rift Valley Fuels Ltd,TRK-819,24700.0,4092567.5,4117256.7,2026-06-13 14:55:00,24689.200000000186,DS000793,24793.0,2026-06-13 16:00:00,Dispatched,1.0,24793.0,4125969.83,4125969.83,0.0,166.42,2026-06-20 23:00:00,45.0,4087850.0,7.0,0.0,0.0,0.0,0.0,0.0,0.0,0.0,4125969.83,True,True,False,none
LD000804,Kisii,AGO,Summit Downstream Ltd,TRK-316,25900.0,1005414.5,1031315.8,2026-06-13 17:25:00,25901.300000000047,DS000794,25839.0,2026-06-13 18:24:00,Dispatched,1.0,25839.0,4050568.44,4050568.44,0.0,156.76,2026-06-16 00:24:00,14.0,4019679.9999999995,2.0,0.0,0.0,0.0,0.0,0.0,0.0,0.0,4050568.44,False,False,False,none
LD000805,Mombasa,AGO,Summit Downstream Ltd,TRK-468,30300.0,4896777.8,4927078.7,2026-06-14 11:35:00,30300.900000000373,DS000795,30266.0,2026-06-14 14:32:00,Dispatched,1.0,30266.0,4606148.01,4606148.01,0.0,152.19,2026-06-14 18:32:00,7.0,4702560.0,0.0,0.0,0.0,0.0,0.0,0.0,0.0,0.0,4606148.01,False,False,False,none
LD000806,Mombasa,PMS,Rift Valley Fuels Ltd,TRK-116,32500.0,2831983.0,2864484.2,2026-06-14 09:08:00,32501.200000000186,DS000796,32602.0,2026-06-14 11:50:00,Dispatched,1.0,32602.0,5348594.1,5348594.1,0.0,164.06,2026-06-14 18:50:00,21.0,5378750.0,0.0,0.0,0.0,0.0,0.0,0.0,0.0,0.0,5348594.1,False,False,False,none
LD000807,Mombasa,AGO,Baraka Downstream,TRK-525,26400.0,2211662.9,2238062.4,2026-06-14 09:05:00,26399.5,DS000797,26450.0,2026-06-14 10:40:00,Dispatched,1.0,26450.0,4171818.02,4171818.02,0.0,157.72,2026-06-15 10:40:00,3.0,4097279.9999999995,1.0,0.0,0.0,0.0,0.0,0.0,0.0,0.0,4171818.02,False,False,False,none
LD000808,Mombasa,AGO,Uhuru Energy Partners,TRK-560,32000.0,2895239.3,2927231.1,2026-06-14 19:32:00,31991.80000000028,DS000798,31968.0,2026-06-14 20:57:00,Dispatched,1.0,31968.0,4867334.79,4867334.79,0.0,152.26,2026-06-21 23:57:00,14.0,4966400.0,7.0,0.0,0.0,0.0,0.0,0.0,0.0,0.0,4867334.79,True,False,False,none
LD000809,Mombasa,PMS,Rift Valley Fuels Ltd,TRK-967,20900.0,4831159.2,4852059.3,2026-06-14 18:38:00,20900.099999999627,DS000799,20856.0,2026-06-14 20:24:00,Dispatched,1.0,20856.0,3427160.77,3427160.77,0.0,164.32,2026-06-24 23:24:00,21.0,3458950.0,10.0,0.0,0.0,0.0,0.0,0.0,0.0,0.0,3427160.77,True,False,False,none
LD000810,Mombasa,PMS,Zenith Petroleum,TRK-138,35400.0,1302420.2,1337821.4,2026-06-14 22:36:00,35401.19999999995,DS000800,35556.0,2026-06-15 01:35:00,Dispatched,1.0,35556.0,5809265.72,5809265.72,0.0,163.38,2026-06-17 04:35:00,1.0,5858700.0,2.0,0.0,0.0,0.0,0.0,0.0,0.0,0.0,5809265.72,False,False,False,none
LD000811,Mombasa,PMS,Lakeview Energy,TRK-848,25900.0,1901525.1,1927423.2,2026-06-14 20:44:00,25898.09999999986,DS000801,25813.0,2026-06-14 21:27:00,Dispatched,1.0,25813.0,4251264.62,4251264.62,0.0,164.69,2026-06-14 22:27:00,1.0,4286450.0,0.0,0.0,0.0,0.0,0.0,0.0,0.0,0.0,4251264.62,False,False,False,none
LD000812,Mombasa,AGO,Crescent Oil Ltd,TRK-583,30000.0,4125287.4,4155285.8,2026-06-14 21:56:00,29998.399999999907,DS000802,29981.0,2026-06-15 00:22:00,Dispatched,1.0,29981.0,4601090.56,4601090.56,0.0,153.47,2026-06-18 08:22:00,21.0,4656000.0,3.0,0.0,0.0,0.0,0.0,0.0,0.0,0.0,4601090.56,False,False,False,none
LD000813,Mombasa,AGO,Rift Valley Fuels Ltd,TRK-624,29300.0,1587850.8,1617153.3,2026-06-14 15:34:00,29302.5,DS000803,29168.0,2026-06-14 18:30:00,Dispatched,1.0,29168.0,4601078.9,4601078.9,0.0,157.74,2026-06-14 23:30:00,7.0,4547360.0,0.0,0.0,0.0,0.0,0.0,0.0,0.0,0.0,4601078.9,False,False,False,none
LD000814,Mombasa,PMS,Tsavo Energy Group,TRK-711,26200.0,3696521.2,3722726.9,2026-06-14 14:18:00,26205.69999999972,DS000804,26293.0,2026-06-14 15:47:00,Dispatched,1.0,26293.0,4266645.81,4266645.81,0.0,162.27,2026-06-21 22:47:00,30.0,4336100.0,7.0,0.0,0.0,0.0,0.0,0.0,0.0,0.0,4266645.81,True,False,False,none
LD000815,Nairobi,PMS,Tsavo Energy Group,TRK-772,25500.0,4669943.4,4695442.1,2026-06-14 20:37:00,25498.699999999255,DS000805,25464.0,2026-06-14 21:52:00,Dispatched,1.0,23587.0,3884084.1,3884084.1,0.0,164.67,2026-06-17 03:52:00,3.0,4220250.0,2.0,0.0,0.0,0.0,0.0,1877.0,309085.58999999997,309085.58999999997,3884084.1,False,False,True,underbilling
LD000816,Nairobi,PMS,Amani Petroleum,TRK-902,34200.0,3830885.4,3865076.2,2026-06-14 07:08:00,34190.80000000028,DS000806,34128.0,2026-06-14 09:03:00,Dispatched,1.0,34128.0,5631644.08,5631644.08,0.0,165.02,2026-06-15 09:03:00,1.0,5660100.0,1.0,0.0,0.0,0.0,0.0,0.0,0.0,0.0,5631644.08,False,False,False,none
LD000817,Nairobi,PMS,Aberdare Oil Traders,TRK-214,21000.0,1589212.2,1610206.8,2026-06-14 13:17:00,20994.600000000093,DS000807,21042.0,2026-06-14 15:26:00,Dispatched,1.0,21042.0,3493923.83,3493923.83,0.0,166.05,2026-06-15 22:26:00,14.0,3475500.0,1.0,0.0,0.0,0.0,0.0,0.0,0.0,0.0,3493923.83,False,False,False,none
LD000818,Nairobi,AGO,Tsavo Energy Group,TRK-817,35300.0,3118638.9,3153938.1,2026-06-14 16:51:00,35299.200000000186,DS000808,35149.0,2026-06-14 19:31:00,Dispatched,1.0,35149.0,5499106.97,5499106.97,0.0,156.45,2026-06-15 21:31:00,14.0,5478560.0,1.0,0.0,0.0,0.0,0.0,0.0,0.0,0.0,5499106.97,False,False,False,none
LD000819,Nairobi,PMS,Savannah Petroleum,TRK-186,23900.0,3002414.3,3026311.7,2026-06-14 21:55:00,23897.400000000373,DS000809,23946.0,2026-06-14 23:33:00,Dispatched,1.0,23946.0,3953608.59,3953608.59,0.0,165.11,2026-06-17 04:33:00,14.0,3955450.0,2.0,0.0,0.0,0.0,0.0,0.0,0.0,0.0,3953608.59,False,False,False,none
LD000820,Nairobi,AGO,Summit Downstream Ltd,TRK-550,24400.0,4227862.0,4252263.1,2026-06-14 18:49:00,24401.099999999627,DS000810,24374.0,2026-06-14 21:47:00,Dispatched,1.0,24374.0,3804125.41,3804125.41,0.0,156.07,2026-06-15 04:47:00,14.0,3786879.9999999995,0.0,0.0,0.0,0.0,0.0,0.0,0.0,0.0,3804125.41,False,False,False,none
LD000821,Kisumu,AGO,Aberdare Oil Traders,TRK-218,28700.0,1721231.7,1749943.1,2026-06-14 16:03:00,28711.40000000014,DS000811,28596.0,2026-06-14 17:42:00,Dispatched,1.0,28596.0,4462616.95,4462616.95,0.0,156.06,2026-06-17 01:42:00,7.0,4454240.0,2.0,0.0,0.0,0.0,0.0,0.0,0.0,0.0,4462616.95,False,False,False,none
LD000822,Kisumu,AGO,Delta Oil Marketers,TRK-870,33800.0,2925333.5,2959125.7,2026-06-14 20:19:00,33792.200000000186,DS000812,33700.0,2026-06-14 22:15:00,Dispatched,1.0,33700.0,5173630.39,5173630.39,0.0,153.52,2026-06-16 06:15:00,14.0,5245760.0,1.0,0.0,0.0,0.0,0.0,0.0,0.0,0.0,5173630.39,False,False,False,none
LD000823,Kisumu,PMS,Aberdare Oil Traders,TRK-991,34400.0,3697395.9,3731784.0,2026-06-14 17:30:00,34388.10000000009,DS000813,34329.0,2026-06-14 20:27:00,Dispatched,1.0,34329.0,5643919.26,5643919.26,0.0,164.41,2026-06-16 02:27:00,1.0,5693200.0,1.0,0.0,0.0,0.0,0.0,0.0,0.0,0.0,5643919.26,False,False,False,none
LD000824,Kisumu,PMS,Mara Fuels,TRK-799,30500.0,1435573.3,1466076.3,2026-06-14 19:24:00,30503.0,DS000814,30459.0,2026-06-14 20:45:00,Dispatched,1.0,30459.0,5071960.4,5071960.4,0.0,166.52,2026-06-17 23:45:00,7.0,5047750.0,3.0,0.0,0.0,0.0,0.0,0.0,0.0,0.0,5071960.4,False,False,False,none
LD000825,Kisumu,IK,Uhuru Energy Partners,TRK-767,30200.0,2992944.0,3023146.7,2026-06-14 16:54:00,30202.700000000186,DS000815,30091.0,2026-06-14 18:02:00,Dispatched,1.0,30091.0,4208177.92,4208177.92,0.0,139.85,2026-06-14 21:02:00,3.0,4228000.0,0.0,0.0,0.0,0.0,0.0,0.0,0.0,0.0,4208177.92,False,False,False,none
LD000826,Kisumu,PMS,Pioneer Fuels Kenya,TRK-891,28400.0,1876469.9,1904869.3,2026-06-14 08:16:00,28399.40000000014,DS000816,28425.0,2026-06-14 10:43:00,Dispatched,1.0,28425.0,4673376.18,4673376.18,0.0,164.41,2026-06-16 16:43:00,1.0,4700200.0,2.0,0.0,0.0,0.0,0.0,0.0,0.0,0.0,4673376.18,False,False,False,none
LD000827,Kisumu,AGO,Mara Fuels,TRK-284,27300.0,4677549.6,4704847.1,2026-06-14 11:33:00,27297.5,DS000817,27200.0,2026-06-14 14:23:00,Dispatched,1.0,27200.0,4251778.64,4251778.64,0.0,156.32,2026-06-15 21:23:00,3.0,4236960.0,1.0,0.0,0.0,0.0,0.0,0.0,0.0,0.0,4251778.64,False,False,False,none
LD000828,Eldoret,AGO,Uhuru Energy Partners,TRK-206,35700.0,1760430.6,1796127.7,2026-06-14 07:00:00,35697.09999999986,DS000818,35447.0,2026-06-14 08:43:00,Dispatched,1.0,35447.0,5429612.75,5429612.75,0.0,153.18,2026-06-16 16:43:00,3.0,5540640.0,2.0,0.0,0.0,0.0,0.0,0.0,0.0,0.0,5429612.75,False,False,False,none
LD000829,Eldoret,PMS,Equator Fuels,TRK-734,32700.0,4631595.2,4664297.3,2026-06-14 14:16:00,32702.099999999627,DS000819,32888.0,2026-06-14 17:13:00,Dispatched,1.0,32888.0,5532707.57,5532707.57,0.0,168.23,2026-06-15 19:13:00,60.0,5411850.0,1.0,0.0,0.0,0.0,0.0,0.0,0.0,0.0,5532707.57,False,True,False,none
LD000830,Eldoret,IK,Horizon Oil Marketers,TRK-222,32100.0,1646685.7,1678785.8,2026-06-14 11:38:00,32100.100000000093,DS000820,32119.0,2026-06-14 12:45:00,Dispatched,1.0,32119.0,4524745.25,4524745.25,0.0,140.87,2026-06-21 14:45:00,3.0,4494000.0,7.0,0.0,0.0,0.0,0.0,0.0,0.0,0.0,4524745.25,True,False,False,none
LD000831,Eldoret,PMS,Horizon Oil Marketers,TRK-359,27600.0,3873324.7,3900928.3,2026-06-14 10:57:00,27603.599999999627,DS000821,27766.0,2026-06-14 13:46:00,Dispatched,1.0,27766.0,4608274.91,4608274.91,0.0,165.97,2026-06-24 16:46:00,3.0,4567800.0,10.0,0.0,0.0,0.0,0.0,0.0,0.0,0.0,4608274.91,True,False,False,none
LD000832,Eldoret,AGO,Kilele Fuels,TRK-383,30700.0,1650799.0,1681492.5,2026-06-14 07:40:00,30693.5,DS000822,30604.0,2026-06-14 09:07:00,Dispatched,1.0,30604.0,4759541.88,4759541.88,0.0,155.52,2026-06-14 12:07:00,30.0,4764640.0,0.0,0.0,0.0,0.0,0.0,0.0,0.0,0.0,4759541.88,False,False,False,none
LD000833,Eldoret,PMS,Savannah Petroleum,TRK-440,29000.0,4086507.6,4115506.0,2026-06-14 07:17:00,28998.399999999907,DS000823,29042.0,2026-06-14 09:58:00,Dispatched,1.0,29042.0,4787555.1,4787555.1,0.0,164.85,2026-06-14 17:58:00,7.0,4799500.0,0.0,0.0,0.0,0.0,0.0,0.0,0.0,0.0,4787555.1,False,False,False,none
LD000834,Eldoret,IK,Kilele Fuels,TRK-305,20100.0,2428117.4,2448217.4,2026-06-14 13:11:00,20100.0,DS000824,20154.0,2026-06-14 13:46:00,Dispatched,1.0,20154.0,2860906.97,2860906.97,0.0,141.95,2026-06-15 19:46:00,7.0,2814000.0,1.0,0.0,0.0,0.0,0.0,0.0,0.0,0.0,2860906.97,False,False,False,none
LD000835,Nakuru,PMS,Baraka Downstream,TRK-541,32900.0,1184226.9,1217124.5,2026-06-14 20:06:00,32897.60000000009,DS000825,32881.0,2026-06-14 22:36:00,Dispatched,1.0,32881.0,5463883.25,5463883.25,0.0,166.17,2026-06-17 03:36:00,7.0,5444950.0,2.0,0.0,0.0,0.0,0.0,0.0,0.0,0.0,5463883.25,False,False,False,none
LD000836,Nakuru,IK,Savannah Petroleum,TRK-685,28200.0,4233101.8,4261304.1,2026-06-14 13:06:00,28202.299999999814,DS000826,28078.0,2026-06-14 14:46:00,Dispatched,1.0,28078.0,3881710.32,3881710.32,0.0,138.25,2026-06-14 14:46:00,7.0,3948000.0,0.0,0.0,0.0,0.0,0.0,0.0,0.0,0.0,3881710.32,False,False,False,none
LD000837,Nakuru,AGO,Delta Oil Marketers,TRK-755,24100.0,1983229.8,2007334.2,2026-06-14 05:57:00,24104.399999999907,DS000827,24081.0,2026-06-14 06:31:00,Dispatched,1.0,24081.0,3764250.98,3764250.98,0.0,156.32,2026-06-14 09:31:00,3.0,3740319.9999999995,0.0,0.0,0.0,0.0,0.0,0.0,0.0,0.0,3764250.98,False,False,False,none
LD000838,Nakuru,AGO,Mara Fuels,TRK-688,20000.0,4605532.4,4625531.3,2026-06-14 13:09:00,19998.89999999944,DS000828,20038.0,2026-06-14 14:09:00,Dispatched,1.0,18761.0,2898519.52,2898519.52,0.0,154.5,2026-06-14 22:09:00,3.0,3104000.0,0.0,0.0,0.0,0.0,0.0,1277.0,197296.5,197296.5,2898519.52,False,False,True,underbilling
LD000839,Nakuru,AGO,Lakeview Energy,TRK-103,22500.0,4960345.5,4982845.5,2026-06-14 17:54:00,22500.0,DS000829,22540.0,2026-06-14 19:14:00,Dispatched,1.0,21979.0,3438344.1,3438344.1,0.0,156.44,2026-06-16 23:14:00,30.0,3491999.9999999995,2.0,0.0,0.0,0.0,0.0,561.0,87762.84,87762.84,3438344.1,False,False,True,underbilling
LD000840,Nakuru,PMS,Zenith Petroleum,TRK-410,28200.0,2926197.4,2954400.5,2026-06-14 22:59:00,28203.100000000093,DS000830,28200.0,2026-06-15 00:51:00,Dispatched,1.0,28200.0,4654625.22,4654625.22,0.0,165.06,2026-06-15 03:51:00,3.0,4667100.0,0.0,0.0,0.0,0.0,0.0,0.0,0.0,0.0,4654625.22,False,False,False,none
LD000841,Nakuru,AGO,Highland Energy Co,TRK-448,30200.0,1362886.8,1393078.3,2026-06-14 07:23:00,30191.5,DS000831,30281.0,2026-06-14 09:08:00,Dispatched,1.0,30281.0,4637218.68,4637218.68,0.0,153.14,2026-06-14 11:08:00,3.0,4687040.0,0.0,0.0,0.0,0.0,0.0,0.0,0.0,0.0,4637218.68,False,False,False,none
LD000842,Nakuru,AGO,Equator Fuels,TRK-140,30000.0,4969769.2,4999767.1,2026-06-14 14:41:00,29997.89999999944,DS000832,30077.0,2026-06-14 17:08:00,Dispatched,1.0,30077.0,4598974.22,4598974.22,0.0,152.91,2026-06-14 21:08:00,14.0,4656000.0,0.0,0.0,0.0,0.0,0.0,0.0,0.0,0.0,4598974.22,False,False,False,none
LD000843,Nakuru,PMS,Horizon Oil Marketers,TRK-467,26200.0,3295365.0,3321570.6,2026-06-14 17:57:00,26205.600000000093,DS000833,26159.0,2026-06-14 20:08:00,Dispatched,2.0,52318.0,8555656.5,8555656.5,0.0,163.53,2026-06-15 00:08:00,7.0,4336100.0,0.0,0.0,0.0,0.0,0.0,0.0,0.0,0.0,8555656.5,False,False,False,none
LD000844,Nakuru,AGO,Equator Fuels,TRK-297,34400.0,4509422.4,4543821.0,2026-06-14 19:47:00,34398.59999999963,DS000834,34243.0,2026-06-14 20:45:00,Dispatched,1.0,34243.0,5344330.3,5344330.3,0.0,156.07,2026-06-15 00:45:00,30.0,5338880.0,0.0,0.0,0.0,0.0,0.0,0.0,0.0,0.0,5344330.3,False,False,False,none
LD000845,Nakuru,AGO,Highland Energy Co,TRK-611,35600.0,1110076.7,1145679.1,2026-06-14 07:50:00,35602.40000000014,DS000835,35620.0,2026-06-14 10:45:00,Dispatched,2.0,71240.0,11224146.34,9735849.92,1488296.42,157.55,2026-06-24 15:45:00,45.0,5525120.0,10.0,0.0,0.0,0.0,0.0,0.0,0.0,1488296.42,9735849.92,True,True,True,collections_gap
LD000846,Nakuru,IK,Mara Fuels,TRK-906,23700.0,4825280.4,4848983.7,2026-06-14 05:02:00,23703.299999999814,DS000836,23647.0,2026-06-14 05:38:00,Dispatched,1.0,23647.0,3300391.2,3300391.2,0.0,139.57,2026-06-14 12:38:00,60.0,3318000.0,0.0,0.0,0.0,0.0,0.0,0.0,0.0,0.0,3300391.2,False,True,False,none
LD000847,Nakuru,PMS,Amani Petroleum,TRK-794,22400.0,3718199.7,3740597.9,2026-06-14 11:51:00,22398.19999999972,DS000837,22410.0,2026-06-14 13:17:00,Dispatched,1.0,22410.0,3654657.47,3654657.47,0.0,163.08,2026-06-17 18:17:00,7.0,3707200.0,3.0,0.0,0.0,0.0,0.0,0.0,0.0,0.0,3654657.47,False,False,False,none
LD000848,Nakuru,AGO,Lakeview Energy,TRK-244,31500.0,3253298.6,3284791.3,2026-06-14 12:59:00,31492.69999999972,DS000838,31627.0,2026-06-14 14:58:00,Dispatched,1.0,31627.0,4926711.28,4926711.28,0.0,155.78,2026-06-16 14:58:00,3.0,4888800.0,2.0,0.0,0.0,0.0,0.0,0.0,0.0,0.0,4926711.28,False,False,False,none
LD000849,Nakuru,AGO,Baraka Downstream,TRK-747,26800.0,2305353.7,2332152.8,2026-06-14 06:15:00,26799.099999999627,DS000839,26835.0,2026-06-14 07:48:00,Dispatched,1.0,26835.0,4227436.99,4227436.99,0.0,157.53,2026-06-21 13:48:00,7.0,4159359.9999999995,7.0,0.0,0.0,0.0,0.0,0.0,0.0,0.0,4227436.99,True,False,False,none
LD000850,Kisii,AGO,Crescent Oil Ltd,TRK-705,34300.0,4785826.1,4820127.0,2026-06-14 08:29:00,34300.90000000037,DS000840,34433.0,2026-06-14 09:19:00,Dispatched,1.0,34433.0,5377737.78,5377737.78,0.0,156.18,2026-06-15 14:19:00,21.0,5323360.0,1.0,0.0,0.0,0.0,0.0,0.0,0.0,0.0,5377737.78,False,False,False,none
LD000851,Kisii,PMS,Equator Fuels,TRK-930,34300.0,2677792.0,2712091.4,2026-06-14 12:04:00,34299.39999999991,DS000841,34196.0,2026-06-14 14:21:00,Dispatched,1.0,34196.0,5572679.49,5572679.49,0.0,162.96,2026-06-14 15:21:00,1.0,5676650.0,0.0,0.0,0.0,0.0,0.0,0.0,0.0,0.0,5572679.49,False,False,False,none
LD000852,Kisii,PMS,Mara Fuels,TRK-912,28000.0,1818720.4,1846728.0,2026-06-14 22:08:00,28007.600000000093,DS000842,28091.0,2026-06-14 23:48:00,Dispatched,1.0,28091.0,4590776.17,4590776.17,0.0,163.43,2026-06-15 06:48:00,14.0,4634000.0,0.0,0.0,0.0,0.0,0.0,0.0,0.0,0.0,4590776.17,False,False,False,none
LD000853,Kisii,AGO,Horizon Oil Marketers,TRK-875,29500.0,1744543.6,1774048.0,2026-06-14 15:04:00,29504.399999999907,DS000843,29648.0,2026-06-14 17:53:00,Dispatched,1.0,29648.0,4564986.89,4564986.89,0.0,153.97,2026-06-15 00:53:00,30.0,4578400.0,0.0,0.0,0.0,0.0,0.0,0.0,0.0,0.0,4564986.89,False,False,False,none
LD000854,Kisii,AGO,Kilele Fuels,TRK-695,23300.0,1284633.1,1307931.0,2026-06-14 22:10:00,23297.899999999907,DS000844,23304.0,2026-06-15 00:31:00,Dispatched,1.0,23304.0,3546926.03,3546926.03,0.0,152.2,2026-06-18 03:31:00,3.0,3616159.9999999995,3.0,0.0,0.0,0.0,0.0,0.0,0.0,0.0,3546926.03,False,False,False,none
LD000855,Kisii,PMS,Tsavo Energy Group,TRK-598,21100.0,4763138.1,4784225.1,2026-06-14 17:49:00,21087.0,DS000845,21247.0,2026-06-14 20:38:00,Dispatched,1.0,21247.0,3505696.05,3505696.05,0.0,165.0,2026-06-15 00:38:00,14.0,3492050.0,0.0,0.0,0.0,0.0,0.0,0.0,0.0,0.0,3505696.05,False,False,False,none
LD000856,Kisii,PMS,Pioneer Fuels Kenya,TRK-526,33000.0,4343303.7,4376304.7,2026-06-14 07:45:00,33001.0,DS000846,32915.0,2026-06-14 08:36:00,Dispatched,1.0,32915.0,5378049.1,5378049.1,0.0,163.39,2026-06-15 14:36:00,7.0,5461500.0,1.0,0.0,0.0,0.0,0.0,0.0,0.0,0.0,5378049.1,False,False,False,none
LD000857,Kisii,AGO,Aberdare Oil Traders,TRK-521,25300.0,3774472.2,3799775.6,2026-06-14 11:09:00,25303.399999999907,DS000847,25252.0,2026-06-14 12:20:00,Dispatched,1.0,25252.0,3931474.89,3931474.89,0.0,155.69,2026-06-21 19:20:00,7.0,3926559.9999999995,7.0,0.0,0.0,0.0,0.0,0.0,0.0,0.0,3931474.89,True,False,False,none
LD000858,Kisii,AGO,Tsavo Energy Group,TRK-726,22400.0,4503532.3,4525938.3,2026-06-14 06:38:00,22406.0,DS000848,22444.0,2026-06-14 07:38:00,Dispatched,1.0,22444.0,3414871.9,3414871.9,0.0,152.15,2026-06-15 12:38:00,3.0,3476479.9999999995,1.0,0.0,0.0,0.0,0.0,0.0,0.0,0.0,3414871.9,False,False,False,none
LD000859,Kisii,PMS,Nyanza Petroleum Co,TRK-642,28600.0,2129889.7,2158487.2,2026-06-14 05:35:00,28597.5,DS000849,28605.0,2026-06-14 06:23:00,Dispatched,1.0,28605.0,4798070.53,4798070.53,0.0,167.74,2026-06-15 09:23:00,14.0,4733300.0,1.0,0.0,0.0,0.0,0.0,0.0,0.0,0.0,4798070.53,False,False,False,none
LD000860,Kisii,AGO,Nyanza Petroleum Co,TRK-741,22000.0,4062187.0,4084186.6,2026-06-14 22:32:00,21999.600000000093,DS000850,21951.0,2026-06-14 23:33:00,Dispatched,1.0,21951.0,3386518.99,3386518.99,0.0,154.28,2026-06-15 00:33:00,7.0,3414399.9999999995,0.0,0.0,0.0,0.0,0.0,0.0,0.0,0.0,3386518.99,False,False,False,none
LD000861,Kisii,PMS,Baraka Downstream,TRK-585,20000.0,2666263.3,2686259.9,2026-06-14 11:07:00,19996.600000000093,DS000851,20037.0,2026-06-14 13:01:00,Dispatched,1.0,20037.0,3379385.52,3379385.52,0.0,168.66,2026-06-14 20:01:00,30.0,3310000.0,0.0,0.0,0.0,0.0,0.0,0.0,0.0,0.0,3379385.52,False,False,False,none
LD000862,Mombasa,PMS,Zenith Petroleum,TRK-545,23200.0,1814313.5,1837513.7,2026-06-15 06:03:00,23200.199999999953,DS000852,23225.0,2026-06-15 07:26:00,Dispatched,1.0,23225.0,3904963.8,3904963.8,0.0,168.14,2026-06-15 10:26:00,60.0,3839600.0,0.0,0.0,0.0,0.0,0.0,0.0,0.0,0.0,3904963.8,False,True,False,none
LD000863,Mombasa,AGO,Horizon Oil Marketers,TRK-650,20200.0,2749927.7,2770124.7,2026-06-15 19:02:00,20197.0,DS000853,20164.0,2026-06-15 21:56:00,Dispatched,1.0,20164.0,3140412.95,3140412.95,0.0,155.74,2026-06-15 22:56:00,45.0,3135040.0,0.0,0.0,0.0,0.0,0.0,0.0,0.0,0.0,3140412.95,False,True,False,none
LD000864,Mombasa,AGO,Horizon Oil Marketers,TRK-340,31700.0,3562542.4,3594237.6,2026-06-15 20:32:00,31695.200000000186,DS000854,31718.0,2026-06-15 23:21:00,Dispatched,1.0,31718.0,4851910.94,4851910.94,0.0,152.97,2026-06-17 05:21:00,3.0,4919840.0,1.0,0.0,0.0,0.0,0.0,0.0,0.0,0.0,4851910.94,False,False,False,none
LD000865,Mombasa,PMS,Horizon Oil Marketers,TRK-200,26700.0,4036275.8,4062980.1,2026-06-15 15:14:00,26704.30000000028,DS000855,26761.0,2026-06-15 16:06:00,Dispatched,1.0,26761.0,4398025.45,4398025.45,0.0,164.34,2026-06-15 22:06:00,1.0,4418850.0,0.0,0.0,0.0,0.0,0.0,0.0,0.0,0.0,4398025.45,False,False,False,none
LD000866,Mombasa,AGO,Nyanza Petroleum Co,TRK-699,33100.0,2011254.4,2044355.6,2026-06-15 17:57:00,33101.200000000186,DS000856,33040.0,2026-06-15 18:52:00,Dispatched,1.0,33040.0,5196150.12,5196150.12,0.0,157.27,2026-06-15 19:52:00,7.0,5137120.0,0.0,0.0,0.0,0.0,0.0,0.0,0.0,0.0,5196150.12,False,False,False,none
LD000867,Mombasa,AGO,Crescent Oil Ltd,TRK-496,24300.0,1501425.9,1525719.0,2026-06-15 09:13:00,24293.100000000093,DS000857,24338.0,2026-06-15 11:00:00,Dispatched,1.0,24338.0,3800413.39,3800413.39,0.0,156.15,2026-06-15 17:00:00,21.0,3771359.9999999995,0.0,0.0,0.0,0.0,0.0,0.0,0.0,0.0,3800413.39,False,False,False,none
LD000868,Mombasa,AGO,Zenith Petroleum,TRK-307,32200.0,3169884.0,3202081.7,2026-06-15 11:40:00,32197.700000000186,DS000858,32116.0,2026-06-15 14:23:00,Dispatched,1.0,32116.0,4923021.14,4923021.14,0.0,153.29,2026-06-15 20:23:00,60.0,4997440.0,0.0,0.0,0.0,0.0,0.0,0.0,0.0,0.0,4923021.14,False,True,False,none
LD000869,Mombasa,PMS,Baraka Downstream,TRK-576,22400.0,2522758.7,2545166.2,2026-06-15 06:17:00,22407.5,DS000859,22355.0,2026-06-15 07:20:00,Dispatched,1.0,22355.0,3710783.34,3710783.34,0.0,165.99,2026-06-16 15:20:00,21.0,3707200.0,1.0,0.0,0.0,0.0,0.0,0.0,0.0,0.0,3710783.34,False,False,False,none
LD000870,Mombasa,PMS,Coastline Energy Ltd,TRK-908,20300.0,2076078.6,2096376.1,2026-06-15 15:14:00,20297.5,DS000860,20368.0,2026-06-15 17:48:00,Dispatched,1.0,20368.0,3372651.58,3372651.58,0.0,165.59,2026-06-15 19:48:00,14.0,3359650.0,0.0,0.0,0.0,0.0,0.0,0.0,0.0,0.0,3372651.58,False,False,False,none
LD000871,Mombasa,PMS,Equator Fuels,TRK-957,28300.0,2075387.0,2103685.4,2026-06-15 21:31:00,28298.399999999907,DS000861,28352.0,2026-06-16 00:02:00,Dispatched,1.0,28352.0,4760518.28,4760518.28,0.0,167.91,2026-06-16 07:02:00,1.0,4683650.0,0.0,0.0,0.0,0.0,0.0,0.0,0.0,0.0,4760518.28,False,False,False,none
LD000872,Mombasa,PMS,Nyanza Petroleum Co,TRK-544,25800.0,4796834.5,4822646.0,2026-06-15 18:47:00,25811.5,DS000862,25654.0,2026-06-15 21:06:00,Dispatched,1.0,25654.0,4202456.47,4202456.47,0.0,163.81,2026-06-16 01:06:00,30.0,4269900.0,0.0,0.0,0.0,0.0,0.0,0.0,0.0,0.0,4202456.47,False,False,False,none
LD000873,Mombasa,IK,Savannah Petroleum,TRK-581,30100.0,1519765.5,1549872.8,2026-06-15 05:26:00,30107.300000000047,DS000863,30066.0,2026-06-15 08:03:00,Dispatched,1.0,30066.0,4128017.24,4128017.24,0.0,137.3,2026-06-17 09:03:00,3.0,4214000.0,2.0,0.0,0.0,0.0,0.0,0.0,0.0,0.0,4128017.24,False,False,False,none
LD000874,Mombasa,AGO,Horizon Oil Marketers,TRK-346,31300.0,1688356.9,1719658.5,2026-06-15 20:51:00,31301.600000000093,DS000864,31346.0,2026-06-15 23:48:00,Dispatched,1.0,31346.0,4840651.61,4840651.61,0.0,154.43,2026-06-16 03:48:00,1.0,4857760.0,0.0,0.0,0.0,0.0,0.0,0.0,0.0,0.0,4840651.61,False,False,False,none
LD000875,Mombasa,AGO,Baraka Downstream,TRK-344,35600.0,2795254.6,2830852.8,2026-06-15 18:13:00,35598.19999999972,DS000865,35615.0,2026-06-15 19:55:00,Dispatched,,,,,0.0,,,,5525120.0,,0.0,0.0,0.0,5527448.0,0.0,0.0,5527448.0,0.0,False,False,True,billing_gap
LD000876,Mombasa,AGO,Kilele Fuels,TRK-865,21600.0,4214072.4,4235670.5,2026-06-15 14:10:00,21598.099999999627,DS000866,21640.0,2026-06-15 16:05:00,Dispatched,1.0,21640.0,3419040.86,3419040.86,0.0,158.0,2026-06-18 16:05:00,30.0,3352319.9999999995,3.0,0.0,0.0,0.0,0.0,0.0,0.0,0.0,3419040.86,False,False,False,none
LD000877,Nairobi,AGO,Summit Downstream Ltd,TRK-992,22000.0,4401886.5,4423885.5,2026-06-15 09:55:00,21999.0,DS000867,22008.0,2026-06-15 11:12:00,Dispatched,1.0,22008.0,3414621.25,3414621.25,0.0,155.15,2026-06-17 12:12:00,14.0,3414399.9999999995,2.0,0.0,0.0,0.0,0.0,0.0,0.0,0.0,3414621.25,False,False,False,none
LD000878,Nairobi,AGO,Lakeview Energy,TRK-807,20800.0,1568681.8,1589481.5,2026-06-15 05:55:00,20799.699999999953,DS000868,20792.0,2026-06-15 07:51:00,Dispatched,1.0,20792.0,3215817.94,3215817.94,0.0,154.67,2026-06-16 12:51:00,1.0,3228159.9999999995,1.0,0.0,0.0,0.0,0.0,0.0,0.0,0.0,3215817.94,False,False,False,none
LD000879,Nairobi,PMS,Crescent Oil Ltd,TRK-913,23400.0,3660584.8,3683988.5,2026-06-15 13:44:00,23403.700000000186,DS000869,21686.0,2026-06-15 14:33:00,Dispatched,1.0,21686.0,3653734.37,3653734.37,0.0,168.48,2026-06-15 17:33:00,7.0,3872700.0,0.0,0.0,1714.0,283667.0,0.0,0.0,0.0,283667.0,3653734.37,False,False,True,shrinkage
LD000880,Nairobi,AGO,Savannah Petroleum,TRK-790,27000.0,3197239.1,3224244.8,2026-06-15 15:47:00,27005.69999999972,DS000870,27142.0,2026-06-15 16:33:00,Dispatched,1.0,27142.0,4186556.09,4186556.09,0.0,154.25,2026-06-15 23:33:00,1.0,4190399.9999999995,0.0,0.0,0.0,0.0,0.0,0.0,0.0,0.0,4186556.09,False,False,False,none
LD000881,Nairobi,PMS,Crescent Oil Ltd,TRK-475,25000.0,2930001.7,2954989.5,2026-06-15 16:29:00,24987.799999999814,DS000871,24967.0,2026-06-15 18:30:00,Dispatched,1.0,24967.0,4168919.66,4168919.66,0.0,166.98,2026-06-18 21:30:00,14.0,4137500.0,3.0,0.0,0.0,0.0,0.0,0.0,0.0,0.0,4168919.66,False,False,False,none
LD000882,Nairobi,AGO,Mara Fuels,TRK-216,34500.0,1064247.5,1098748.2,2026-06-15 11:08:00,34500.69999999995,DS000872,34616.0,2026-06-15 11:45:00,Dispatched,1.0,34616.0,5269919.17,5269919.17,0.0,152.24,2026-06-15 14:45:00,3.0,5354400.0,0.0,0.0,0.0,0.0,0.0,0.0,0.0,0.0,5269919.17,False,False,False,none
LD000883,Nairobi,AGO,Zenith Petroleum,TRK-615,32500.0,1497531.3,1530033.7,2026-06-15 12:20:00,32502.399999999907,DS000873,32523.0,2026-06-15 14:19:00,Dispatched,1.0,32523.0,5044390.25,5044390.25,0.0,155.10224302801095,2026-06-16 21:19:00,30.0,5044000.0,1.0,0.0,0.0,0.0,0.0,0.0,0.0,0.0,5044390.25,False,False,False,none
LD000884,Nairobi,PMS,Kilele Fuels,TRK-639,33500.0,1390057.3,1423563.5,2026-06-15 16:22:00,33506.19999999995,DS000874,33339.0,2026-06-15 19:01:00,Dispatched,1.0,33339.0,5473980.94,5473980.94,0.0,164.19,2026-06-16 00:01:00,7.0,5544250.0,0.0,0.0,0.0,0.0,0.0,0.0,0.0,0.0,5473980.94,False,False,False,none
LD000885,Nairobi,AGO,Coastline Energy Ltd,TRK-476,28900.0,3004351.5,3033253.0,2026-06-15 22:57:00,28901.5,DS000875,28828.0,2026-06-15 23:49:00,Dispatched,1.0,28828.0,4433299.49,4433299.49,0.0,153.78,2026-06-26 06:49:00,7.0,4485280.0,10.0,0.0,0.0,0.0,0.0,0.0,0.0,0.0,4433299.49,True,False,False,none
LD000886,Nairobi,AGO,Lakeview Energy,TRK-283,28700.0,2718383.8,2747093.0,2026-06-15 19:05:00,28709.200000000186,DS000876,28648.0,2026-06-15 21:07:00,Dispatched,1.0,28648.0,4429255.14,4429255.14,0.0,154.61,2026-06-16 23:07:00,1.0,4454240.0,1.0,0.0,0.0,0.0,0.0,0.0,0.0,0.0,4429255.14,False,False,False,none
LD000887,Nairobi,PMS,Baraka Downstream,TRK-995,24900.0,2929057.4,2953959.5,2026-06-15 13:07:00,24902.100000000093,DS000877,24982.0,2026-06-15 15:38:00,Dispatched,1.0,24982.0,4085339.85,4085339.85,0.0,163.53,2026-06-15 15:38:00,3.0,4120950.0,0.0,0.0,0.0,0.0,0.0,0.0,0.0,0.0,4085339.85,False,False,False,none
LD000888,Nairobi,PMS,Baraka Downstream,TRK-530,32900.0,3708609.6,3741508.1,2026-06-15 22:59:00,32898.5,DS000878,33021.0,2026-06-16 00:39:00,Dispatched,1.0,33021.0,5543295.1,5543295.1,0.0,167.87,2026-06-19 00:39:00,14.0,5444950.0,3.0,0.0,0.0,0.0,0.0,0.0,0.0,0.0,5543295.1,False,False,False,none
LD000889,Kisumu,PMS,Nyanza Petroleum Co,TRK-632,25100.0,4265643.1,4290739.2,2026-06-15 07:01:00,25096.10000000056,DS000879,25127.0,2026-06-15 09:18:00,Dispatched,1.0,25127.0,4221006.5,4221006.5,0.0,167.99,2026-06-15 10:18:00,21.0,4154050.0,0.0,0.0,0.0,0.0,0.0,0.0,0.0,0.0,4221006.5,False,False,False,none
LD000890,Kisumu,PMS,Mara Fuels,TRK-781,25000.0,4741188.4,4766188.4,2026-06-15 15:41:00,25000.0,DS000880,24961.0,2026-06-15 16:37:00,Cancelled,,,,,0.0,,,,4137500.0,,0.0,0.0,0.0,0.0,0.0,0.0,0.0,0.0,False,False,False,none
LD000891,Kisumu,AGO,Coastline Energy Ltd,TRK-366,33600.0,4927622.8,4961216.1,2026-06-15 09:57:00,33593.299999999814,DS000881,33508.0,2026-06-15 10:42:00,Dispatched,1.0,33508.0,5226765.47,5226765.47,0.0,155.99,2026-06-15 12:42:00,3.0,5214720.0,0.0,0.0,0.0,0.0,0.0,0.0,0.0,0.0,5226765.47,False,False,False,none
LD000892,Kisumu,PMS,Savannah Petroleum,TRK-391,22600.0,1747657.8,1770261.2,2026-06-15 14:49:00,22603.399999999907,DS000882,22677.0,2026-06-15 17:36:00,Dispatched,1.0,22677.0,3810145.25,3810145.25,0.0,168.02,2026-06-15 19:36:00,7.0,3740300.0,0.0,0.0,0.0,0.0,0.0,0.0,0.0,0.0,3810145.25,False,False,False,none
LD000893,Kisumu,AGO,Highland Energy Co,TRK-279,20300.0,2562728.4,2583026.6,2026-06-15 10:45:00,20298.200000000186,DS000883,20222.0,2026-06-15 11:43:00,Dispatched,1.0,20222.0,3145351.83,3145351.83,0.0,155.54,2026-06-15 14:43:00,30.0,3150560.0,0.0,0.0,0.0,0.0,0.0,0.0,0.0,0.0,3145351.83,False,False,False,none
LD000894,Kisumu,PMS,Mara Fuels,TRK-551,35000.0,2722160.8,2757154.4,2026-06-15 08:02:00,34993.60000000009,DS000884,34989.0,2026-06-15 09:08:00,Dispatched,1.0,34989.0,5701928.01,5701928.01,0.0,162.96,2026-06-17 16:08:00,7.0,5792500.0,2.0,0.0,0.0,0.0,0.0,0.0,0.0,0.0,5701928.01,False,False,False,none
LD000895,Kisumu,PMS,Savannah Petroleum,TRK-452,34000.0,3422019.1,3456015.5,2026-06-15 22:45:00,33996.39999999991,DS000885,34241.0,2026-06-16 01:32:00,Dispatched,1.0,34241.0,5563056.86,5563056.86,0.0,162.47,2026-06-16 08:32:00,1.0,5627000.0,0.0,0.0,0.0,0.0,0.0,0.0,0.0,0.0,5563056.86,False,False,False,none
LD000896,Kisumu,PMS,Coastline Energy Ltd,TRK-125,21300.0,2333850.4,2355144.0,2026-06-15 10:34:00,21293.600000000093,DS000886,21267.0,2026-06-15 12:35:00,Dispatched,1.0,21267.0,3492579.8,3492579.8,0.0,164.23,2026-06-16 14:35:00,7.0,3525150.0,1.0,0.0,0.0,0.0,0.0,0.0,0.0,0.0,3492579.8,False,False,False,none
LD000897,Kisumu,AGO,Mara Fuels,TRK-856,30800.0,1288444.4,1319241.9,2026-06-15 19:59:00,30797.5,DS000887,30682.0,2026-06-15 21:38:00,Dispatched,1.0,30682.0,4844270.58,4844270.58,0.0,157.89,2026-06-16 21:38:00,14.0,4780160.0,1.0,0.0,0.0,0.0,0.0,0.0,0.0,0.0,4844270.58,False,False,False,none
LD000898,Kisumu,AGO,Coastline Energy Ltd,TRK-872,35700.0,4139447.3,4175141.0,2026-06-15 14:30:00,35693.700000000186,DS000888,35511.0,2026-06-15 15:29:00,Dispatched,1.0,35511.0,5411801.09,5411801.09,0.0,152.4,2026-06-15 16:29:00,1.0,5540640.0,0.0,0.0,0.0,0.0,0.0,0.0,0.0,0.0,5411801.09,False,False,False,none
LD000899,Kisumu,AGO,Horizon Oil Marketers,TRK-141,31700.0,1464763.8,1496467.2,2026-06-15 19:21:00,31703.399999999907,DS000889,31929.0,2026-06-15 20:54:00,Dispatched,1.0,31929.0,5012237.08,5012237.08,0.0,156.98,2026-06-16 22:54:00,3.0,4919840.0,1.0,0.0,0.0,0.0,0.0,0.0,0.0,0.0,5012237.08,False,False,False,none
LD000900,Kisumu,PMS,Nyanza Petroleum Co,TRK-194,29600.0,4961447.1,4991050.4,2026-06-15 17:39:00,29603.300000000745,DS000890,29631.0,2026-06-15 20:02:00,Dispatched,1.0,29631.0,4836805.67,4836805.67,0.0,163.23,2026-06-23 01:02:00,14.0,4898800.0,7.0,0.0,0.0,0.0,0.0,0.0,0.0,0.0,4836805.67,True,False,False,none
LD000901,Eldoret,AGO,Amani Petroleum,TRK-885,24400.0,2728075.7,2752469.1,2026-06-15 11:37:00,24393.399999999907,DS000891,24336.0,2026-06-15 12:08:00,Dispatched,1.0,24336.0,3828939.21,3828939.21,0.0,157.34,2026-06-15 15:08:00,45.0,3786879.9999999995,0.0,0.0,0.0,0.0,0.0,0.0,0.0,0.0,3828939.21,False,True,False,none
LD000902,Eldoret,PMS,Kilele Fuels,TRK-189,35500.0,1453214.0,1488714.4,2026-06-15 22:54:00,35500.39999999991,DS000892,35480.0,2026-06-16 00:56:00,Dispatched,1.0,35480.0,5901251.72,5901251.72,0.0,166.33,2026-06-18 02:56:00,7.0,5875250.0,2.0,0.0,0.0,0.0,0.0,0.0,0.0,0.0,5901251.72,False,False,False,none
LD000903,Eldoret,PMS,Crescent Oil Ltd,TRK-157,26500.0,3951539.9,3978036.7,2026-06-15 15:38:00,26496.80000000028,DS000893,26447.0,2026-06-15 18:06:00,Dispatched,1.0,26447.0,4339167.58,4339167.58,0.0,164.07,2026-06-15 21:06:00,3.0,4385750.0,0.0,0.0,0.0,0.0,0.0,0.0,0.0,0.0,4339167.58,False,False,False,none
LD000904,Eldoret,PMS,Summit Downstream Ltd,TRK-391,25500.0,2590449.5,2615958.0,2026-06-15 18:23:00,25508.5,DS000894,25357.0,2026-06-15 18:59:00,Dispatched,1.0,25357.0,4267397.27,4267397.27,0.0,168.29,2026-06-15 19:59:00,7.0,4220250.0,0.0,0.0,0.0,0.0,0.0,0.0,0.0,0.0,4267397.27,False,False,False,none
LD000905,Eldoret,PMS,Highland Energy Co,TRK-845,24200.0,1821331.8,1845523.1,2026-06-15 19:55:00,24191.300000000047,DS000895,24257.0,2026-06-15 21:49:00,Dispatched,1.0,24257.0,4026237.73,4026237.73,0.0,165.98,2026-06-16 01:49:00,3.0,4005100.0,0.0,0.0,0.0,0.0,0.0,0.0,0.0,0.0,4026237.73,False,False,False,none
LD000906,Eldoret,AGO,Uhuru Energy Partners,TRK-524,24600.0,3627024.3,3651623.7,2026-06-15 14:10:00,24599.400000000373,DS000896,24602.0,2026-06-15 15:12:00,Dispatched,1.0,24602.0,3798315.34,3798315.34,0.0,154.39,2026-06-16 17:12:00,3.0,3817919.9999999995,1.0,0.0,0.0,0.0,0.0,0.0,0.0,0.0,3798315.34,False,False,False,none
LD000907,Eldoret,PMS,Amani Petroleum,TRK-167,35500.0,3414548.8,3450048.4,2026-06-15 14:30:00,35499.60000000009,DS000897,35575.0,2026-06-15 16:07:00,Dispatched,1.0,35575.0,5927366.17,5927366.17,0.0,166.62,2026-06-15 21:07:00,14.0,5875250.0,0.0,0.0,0.0,0.0,0.0,0.0,0.0,0.0,5927366.17,False,False,False,none
LD000908,Eldoret,PMS,Aberdare Oil Traders,TRK-669,21500.0,3396178.3,3417679.2,2026-06-15 18:40:00,21500.900000000373,DS000898,21500.0,2026-06-15 19:42:00,Dispatched,1.0,21500.0,3523395.57,3523395.57,0.0,163.8788637209302,2026-06-15 20:42:00,45.0,3558250.0,0.0,0.0,0.0,0.0,0.0,0.0,0.0,0.0,3523395.57,False,True,False,none
LD000909,Eldoret,PMS,Highland Energy Co,TRK-942,30000.0,3594019.3,3624025.2,2026-06-15 17:18:00,30005.900000000373,DS000899,30012.0,2026-06-15 18:44:00,Dispatched,1.0,30012.0,5028112.13,5028112.13,0.0,167.54,2026-06-16 02:44:00,30.0,4965000.0,0.0,0.0,0.0,0.0,0.0,0.0,0.0,0.0,5028112.13,False,False,False,none
LD000910,Eldoret,AGO,Rift Valley Fuels Ltd,TRK-257,29800.0,2251629.6,2281434.7,2026-06-15 19:14:00,29805.100000000093,DS000900,29600.0,2026-06-15 20:42:00,Dispatched,1.0,29600.0,4618901.78,4618901.78,0.0,156.04,2026-06-23 04:42:00,3.0,4624960.0,7.0,0.0,0.0,0.0,0.0,0.0,0.0,0.0,4618901.78,True,False,False,none
LD000911,Eldoret,IK,Coastline Energy Ltd,TRK-603,24300.0,3390673.1,3414972.0,2026-06-15 20:07:00,24298.899999999907,DS000901,24366.0,2026-06-15 21:01:00,Dispatched,1.0,24366.0,3415718.94,3415718.94,0.0,140.18,2026-06-18 00:01:00,21.0,3402000.0,2.0,0.0,0.0,0.0,0.0,0.0,0.0,0.0,3415718.94,False,False,False,none
LD000912,Eldoret,PMS,Lakeview Energy,TRK-470,29400.0,3804558.4,3833959.8,2026-06-15 13:31:00,29401.399999999907,DS000902,29304.0,2026-06-15 15:02:00,Dispatched,1.0,29304.0,4944497.14,4944497.14,0.0,168.73,2026-06-16 19:02:00,3.0,4865700.0,1.0,0.0,0.0,0.0,0.0,0.0,0.0,0.0,4944497.14,False,False,False,none
LD000913,Eldoret,AGO,Delta Oil Marketers,TRK-937,30900.0,2632606.8,2663507.0,2026-06-15 13:40:00,30900.200000000186,DS000903,30823.0,2026-06-15 15:34:00,Dispatched,1.0,30823.0,4700732.79,4700732.79,0.0,152.51,2026-06-15 19:34:00,3.0,4795680.0,0.0,0.0,0.0,0.0,0.0,0.0,0.0,0.0,4700732.79,False,False,False,none
LD000914,Nakuru,AGO,Aberdare Oil Traders,TRK-159,28700.0,4758606.0,4787304.7,2026-06-15 05:54:00,28698.700000000186,DS000904,28655.0,2026-06-15 08:50:00,Dispatched,1.0,28655.0,4499388.82,4499388.82,0.0,157.02,2026-06-22 11:50:00,45.0,4454240.0,7.0,0.0,0.0,0.0,0.0,0.0,0.0,0.0,4499388.82,True,True,False,none
LD000915,Nakuru,AGO,Tsavo Energy Group,TRK-469,23500.0,3902903.6,3926410.7,2026-06-15 09:22:00,23507.100000000093,DS000905,23355.0,2026-06-15 09:52:00,Dispatched,1.0,23355.0,3694637.42,3694637.42,0.0,158.19,2026-06-15 14:52:00,45.0,3647199.9999999995,0.0,0.0,0.0,0.0,0.0,0.0,0.0,0.0,3694637.42,False,True,False,none
LD000916,Nakuru,PMS,Lakeview Energy,TRK-884,23400.0,3659978.1,3683381.6,2026-06-15 14:33:00,23403.5,DS000906,23359.0,2026-06-15 15:15:00,Dispatched,1.0,23359.0,3846139.6,3846139.6,0.0,164.65,2026-06-15 20:15:00,3.0,3872700.0,0.0,0.0,0.0,0.0,0.0,0.0,0.0,0.0,3846139.6,False,False,False,none
LD000917,Nakuru,AGO,Mara Fuels,TRK-946,28000.0,3971299.9,3999303.5,2026-06-15 10:34:00,28003.600000000093,DS000907,27945.0,2026-06-15 13:23:00,Dispatched,1.0,27945.0,4297917.21,4297917.21,0.0,153.8,2026-06-16 14:23:00,1.0,4345600.0,1.0,0.0,0.0,0.0,0.0,0.0,0.0,0.0,4297917.21,False,False,False,none
LD000918,Nakuru,PMS,Highland Energy Co,TRK-943,21300.0,4228757.3,4250055.7,2026-06-15 16:06:00,21298.400000000373,DS000908,21276.0,2026-06-15 18:23:00,Dispatched,1.0,21276.0,3472282.97,3472282.97,0.0,163.2,2026-06-17 02:23:00,3.0,3525150.0,1.0,0.0,0.0,0.0,0.0,0.0,0.0,0.0,3472282.97,False,False,False,none
LD000919,Nakuru,PMS,Delta Oil Marketers,TRK-266,33800.0,4269009.2,4302795.1,2026-06-15 14:23:00,33785.89999999944,DS000909,33628.0,2026-06-15 15:04:00,Dispatched,1.0,33628.0,5573198.45,5573198.45,0.0,165.73,2026-06-15 23:04:00,14.0,5593900.0,0.0,0.0,0.0,0.0,0.0,0.0,0.0,0.0,5573198.45,False,False,False,none
LD000920,Kisii,PMS,Equator Fuels,TRK-672,29400.0,3453166.7,3482569.6,2026-06-15 12:53:00,29402.899999999907,DS000910,29482.0,2026-06-15 14:20:00,Dispatched,1.0,29482.0,4802501.54,4802501.54,0.0,162.9,2026-06-16 19:20:00,30.0,4865700.0,1.0,0.0,0.0,0.0,0.0,0.0,0.0,0.0,4802501.54,False,False,False,none
LD000921,Kisii,PMS,Baraka Downstream,TRK-591,30200.0,1968088.3,1998285.8,2026-06-15 07:07:00,30197.5,DS000911,30236.0,2026-06-15 09:58:00,Dispatched,1.0,30236.0,5018727.23,5018727.23,0.0,165.99,2026-06-22 09:58:00,1.0,4998100.0,7.0,0.0,0.0,0.0,0.0,0.0,0.0,0.0,5018727.23,True,False,False,none
LD000922,Kisii,AGO,Kilele Fuels,TRK-711,23200.0,4509880.2,4533081.5,2026-06-15 09:52:00,23201.299999999814,DS000912,23140.0,2026-06-15 11:11:00,Dispatched,1.0,23140.0,3564241.13,3564241.13,0.0,154.03,2026-06-15 17:11:00,7.0,3600639.9999999995,0.0,0.0,0.0,0.0,0.0,0.0,0.0,0.0,3564241.13,False,False,False,none
LD000923,Kisii,PMS,Horizon Oil Marketers,TRK-977,31800.0,1054982.2,1086778.3,2026-06-15 14:01:00,31796.100000000093,DS000913,31745.0,2026-06-15 16:12:00,Dispatched,1.0,31745.0,5258679.65,5258679.65,0.0,165.65,2026-06-17 17:12:00,3.0,5262900.0,2.0,0.0,0.0,0.0,0.0,0.0,0.0,0.0,5258679.65,False,False,False,none
LD000924,Kisii,AGO,Equator Fuels,TRK-180,24300.0,1990239.1,2014535.6,2026-06-15 14:08:00,24296.5,DS000914,24361.0,2026-06-15 15:24:00,Dispatched,1.0,24361.0,3720764.82,3720764.82,0.0,152.73,2026-06-15 18:24:00,1.0,3771359.9999999995,0.0,0.0,0.0,0.0,0.0,0.0,0.0,0.0,3720764.82,False,False,False,none
LD000925,Kisii,PMS,Uhuru Energy Partners,TRK-210,21000.0,2835762.1,2856765.5,2026-06-15 20:48:00,21003.399999999907,DS000915,20984.0,2026-06-15 22:05:00,Dispatched,1.0,20984.0,3450266.61,0.0,3450266.61,164.4236851887152,2026-06-15 23:05:00,,3475500.0,0.0,0.0,0.0,0.0,0.0,0.0,0.0,3450266.61,0.0,False,False,True,collections_gap
LD000926,Kisii,AGO,Lakeview Energy,TRK-110,30800.0,1324596.7,1355404.1,2026-06-15 13:02:00,30807.40000000014,DS000916,30685.0,2026-06-15 14:49:00,Dispatched,1.0,30685.0,4843318.35,4843318.35,0.0,157.84,2026-06-16 14:49:00,21.0,4780160.0,1.0,0.0,0.0,0.0,0.0,0.0,0.0,0.0,4843318.35,False,False,False,none
LD000927,Kisii,IK,Equator Fuels,TRK-459,35200.0,4353967.3,4389169.8,2026-06-15 11:37:00,35202.5,DS000917,35191.0,2026-06-15 12:39:00,Dispatched,1.0,35191.0,4996745.81,4996745.81,0.0,141.99,2026-06-15 17:39:00,30.0,4928000.0,0.0,0.0,0.0,0.0,0.0,0.0,0.0,0.0,4996745.81,False,False,False,none
LD000928,Mombasa,PMS,Zenith Petroleum,TRK-975,23200.0,3467134.4,3490336.8,2026-06-16 13:37:00,23202.399999999907,DS000918,23124.0,2026-06-16 15:48:00,Dispatched,1.0,23124.0,3888560.91,1639712.75,2248848.16,168.16,2026-06-19 22:48:00,3.0,3839600.0,3.0,0.0,0.0,0.0,0.0,0.0,0.0,2248848.16,1639712.75,False,False,True,collections_gap
LD000929,Mombasa,PMS,Equator Fuels,TRK-388,31900.0,3951669.6,3983565.8,2026-06-16 05:33:00,31896.19999999972,DS000919,31832.0,2026-06-16 07:15:00,Dispatched,1.0,31832.0,5340287.81,5340287.81,0.0,167.76,2026-06-23 12:15:00,1.0,5279450.0,7.0,0.0,0.0,0.0,0.0,0.0,0.0,0.0,5340287.81,True,False,False,none
LD000930,Mombasa,IK,Equator Fuels,TRK-971,25900.0,4683066.4,4708966.6,2026-06-16 08:59:00,25900.199999999255,DS000920,25896.0,2026-06-16 11:36:00,Dispatched,1.0,25896.0,3612366.1,3612366.1,0.0,139.5,2026-06-17 11:36:00,7.0,3626000.0,1.0,0.0,0.0,0.0,0.0,0.0,0.0,0.0,3612366.1,False,False,False,none
LD000931,Mombasa,AGO,Horizon Oil Marketers,TRK-463,29400.0,3153327.8,3182723.9,2026-06-16 10:28:00,29396.100000000093,DS000921,29493.0,2026-06-16 12:32:00,Dispatched,1.0,29493.0,4645536.11,4645536.11,0.0,157.51,2026-06-17 12:32:00,3.0,4562880.0,1.0,0.0,0.0,0.0,0.0,0.0,0.0,0.0,4645536.11,False,False,False,none
LD000932,Mombasa,PMS,Horizon Oil Marketers,TRK-421,34300.0,3665852.2,3700145.3,2026-06-16 12:26:00,34293.09999999963,DS000922,34508.0,2026-06-16 13:32:00,Dispatched,1.0,34508.0,5633234.73,5633234.73,0.0,163.24,2026-06-16 13:32:00,7.0,5676650.0,0.0,0.0,0.0,0.0,0.0,0.0,0.0,0.0,5633234.73,False,False,False,none
LD000933,Mombasa,PMS,Zenith Petroleum,TRK-670,32600.0,2817381.7,2849975.0,2026-06-16 09:31:00,32593.299999999814,DS000923,32733.0,2026-06-16 10:57:00,Dispatched,1.0,32733.0,5488168.77,5488168.77,0.0,167.66,2026-06-16 11:57:00,7.0,5395300.0,0.0,0.0,0.0,0.0,0.0,0.0,0.0,0.0,5488168.77,False,False,False,none
LD000934,Mombasa,PMS,Coastline Energy Ltd,TRK-853,31300.0,2710405.3,2741708.8,2026-06-16 08:24:00,31303.5,DS000924,31293.0,2026-06-16 09:51:00,Dispatched,1.0,31293.0,5178503.71,5178503.71,0.0,165.48,2026-06-18 13:51:00,3.0,5180150.0,2.0,0.0,0.0,0.0,0.0,0.0,0.0,0.0,5178503.71,False,False,False,none
LD000935,Mombasa,PMS,Uhuru Energy Partners,TRK-171,27100.0,3597289.3,3624386.6,2026-06-16 18:18:00,27097.30000000028,DS000925,27284.0,2026-06-16 20:28:00,Dispatched,1.0,27284.0,4547582.51,4547582.51,0.0,166.68,2026-06-17 04:28:00,21.0,4485050.0,0.0,0.0,0.0,0.0,0.0,0.0,0.0,0.0,4547582.51,False,False,False,none
LD000936,Mombasa,PMS,Horizon Oil Marketers,TRK-635,27100.0,1087653.3,1114757.6,2026-06-16 20:43:00,27104.300000000047,DS000926,27145.0,2026-06-16 21:38:00,Dispatched,1.0,27145.0,4504758.03,4504758.03,0.0,165.95,2026-06-17 02:38:00,3.0,4485050.0,0.0,0.0,0.0,0.0,0.0,0.0,0.0,0.0,4504758.03,False,False,False,none
LD000937,Mombasa,PMS,Pioneer Fuels Kenya,TRK-859,24800.0,3010525.0,3035324.9,2026-06-16 17:44:00,24799.899999999907,DS000927,24727.0,2026-06-16 18:20:00,Dispatched,1.0,24727.0,4170540.65,4170540.65,0.0,168.66,2026-06-16 23:20:00,21.0,4104400.0,0.0,0.0,0.0,0.0,0.0,0.0,0.0,0.0,4170540.65,False,False,False,none
LD000938,Mombasa,PMS,Equator Fuels,TRK-513,34800.0,1421572.9,1456369.5,2026-06-16 11:21:00,34796.60000000009,DS000928,34810.0,2026-06-16 13:22:00,Dispatched,1.0,34810.0,5773099.7,5773099.7,0.0,165.85,2026-06-17 20:22:00,14.0,5759400.0,1.0,0.0,0.0,0.0,0.0,0.0,0.0,0.0,5773099.7,False,False,False,none
LD000939,Mombasa,AGO,Pioneer Fuels Kenya,TRK-874,32200.0,2638684.2,2670877.9,2026-06-16 20:17:00,32193.69999999972,DS000929,32137.0,2026-06-16 21:40:00,Dispatched,1.0,32137.0,4984577.73,4984577.73,0.0,155.1,2026-06-18 22:40:00,30.0,4997440.0,2.0,0.0,0.0,0.0,0.0,0.0,0.0,0.0,4984577.73,False,False,False,none
LD000940,Mombasa,AGO,Amani Petroleum,TRK-886,22600.0,1641850.5,1664454.6,2026-06-16 17:31:00,22604.100000000093,DS000930,22515.0,2026-06-16 18:33:00,Dispatched,1.0,22515.0,3499538.44,3499538.44,0.0,155.43,2026-06-17 02:33:00,1.0,3507519.9999999995,0.0,0.0,0.0,0.0,0.0,0.0,0.0,0.0,3499538.44,False,False,False,none
LD000941,Nairobi,PMS,Nyanza Petroleum Co,TRK-237,32600.0,4770125.2,4802729.5,2026-06-16 20:31:00,32604.299999999814,DS000931,32485.0,2026-06-16 22:00:00,Dispatched,1.0,32485.0,5356893.79,5356893.79,0.0,164.9,2026-06-24 02:00:00,21.0,5395300.0,7.0,0.0,0.0,0.0,0.0,0.0,0.0,0.0,5356893.79,True,False,False,none
LD000942,Nairobi,AGO,Rift Valley Fuels Ltd,TRK-491,33200.0,2784804.9,2818009.7,2026-06-16 07:31:00,33204.80000000028,DS000932,30671.0,2026-06-16 09:32:00,Dispatched,,,,,0.0,,,,5152640.0,,0.0,2529.0,392500.8,4760139.199999999,0.0,0.0,5152639.999999999,0.0,False,False,True,billing_gap
LD000943,Nairobi,PMS,Lakeview Energy,TRK-632,32900.0,1031857.6,1064757.1,2026-06-16 08:48:00,32899.50000000012,DS000933,32948.0,2026-06-16 11:47:00,Dispatched,1.0,32948.0,5557160.79,5557160.79,0.0,168.66,2026-06-17 11:47:00,1.0,5444950.0,1.0,0.0,0.0,0.0,0.0,0.0,0.0,0.0,5557160.79,False,False,False,none
LD000944,Nairobi,PMS,Amani Petroleum,TRK-451,28900.0,2019529.0,2048432.9,2026-06-16 20:31:00,28903.899999999907,DS000934,28892.0,2026-06-16 21:58:00,Dispatched,1.0,28892.0,4812043.67,4812043.67,0.0,166.55,2026-06-19 05:58:00,45.0,4782950.0,2.0,0.0,0.0,0.0,0.0,0.0,0.0,0.0,4812043.67,False,True,False,none
LD000945,Nairobi,IK,Kilele Fuels,TRK-485,31900.0,1306543.2,1338443.8,2026-06-16 08:24:00,31900.600000000093,,,,,,,,,0.0,,,,4466000.0,,4466000.0,0.0,0.0,0.0,0.0,0.0,4466000.0,0.0,False,False,True,dispatch_capture_gap
LD000946,Nairobi,PMS,Coastline Energy Ltd,TRK-268,23500.0,4237297.6,4260798.2,2026-06-16 10:35:00,23500.60000000056,DS000935,23552.0,2026-06-16 11:52:00,Dispatched,1.0,23552.0,3965909.95,3965909.95,0.0,168.39,2026-06-18 11:52:00,21.0,3889250.0,2.0,0.0,0.0,0.0,0.0,0.0,0.0,0.0,3965909.95,False,False,False,none
LD000947,Nairobi,PMS,Horizon Oil Marketers,TRK-602,32600.0,3528866.4,3561459.3,2026-06-16 17:31:00,32592.899999999907,DS000936,32631.0,2026-06-16 18:38:00,Dispatched,1.0,32631.0,5501735.69,5501735.69,0.0,168.6,2026-06-23 20:38:00,3.0,5395300.0,7.0,0.0,0.0,0.0,0.0,0.0,0.0,0.0,5501735.69,True,False,False,none
LD000948,Nairobi,AGO,Savannah Petroleum,TRK-606,23700.0,2274435.9,2298132.0,2026-06-16 10:32:00,23696.100000000093,DS000937,23713.0,2026-06-16 11:18:00,Dispatched,1.0,23713.0,3663285.97,3663285.97,0.0,154.48,2026-06-17 16:18:00,3.0,3678239.9999999995,1.0,0.0,0.0,0.0,0.0,0.0,0.0,0.0,3663285.97,False,False,False,none
LD000949,Nairobi,AGO,Savannah Petroleum,TRK-146,34500.0,1310563.1,1345060.7,2026-06-16 14:20:00,34497.59999999986,,,,,,,,,0.0,,,,5354400.0,,5354400.0,0.0,0.0,0.0,0.0,0.0,5354400.0,0.0,False,False,True,dispatch_capture_gap
LD000950,Nairobi,PMS,Mara Fuels,TRK-538,28300.0,4177942.5,4206247.7,2026-06-16 05:48:00,28305.200000000186,DS000938,28291.0,2026-06-16 06:54:00,Dispatched,1.0,28291.0,4660725.19,4660725.19,0.0,164.74,2026-06-16 12:54:00,30.0,4683650.0,0.0,0.0,0.0,0.0,0.0,0.0,0.0,0.0,4660725.19,False,False,False,none
LD000951,Kisumu,PMS,Nyanza Petroleum Co,TRK-763,33400.0,4435057.1,4468455.2,2026-06-16 06:42:00,33398.10000000056,DS000939,33530.0,2026-06-16 08:07:00,Dispatched,1.0,33530.0,5635737.71,5635737.71,0.0,168.08,2026-06-23 08:07:00,45.0,5527700.0,7.0,0.0,0.0,0.0,0.0,0.0,0.0,0.0,5635737.71,True,True,False,none
LD000952,Kisumu,IK,Coastline Energy Ltd,TRK-273,29800.0,1641461.6,1671269.6,2026-06-16 07:55:00,29808.0,DS000940,29836.0,2026-06-16 10:24:00,Dispatched,1.0,29836.0,4183223.24,4183223.24,0.0,140.21,2026-06-17 11:24:00,30.0,4172000.0,1.0,0.0,0.0,0.0,0.0,0.0,0.0,0.0,4183223.24,False,False,False,none
LD000953,Kisumu,PMS,Amani Petroleum,TRK-373,30800.0,1717013.0,1747807.8,2026-06-16 18:36:00,30794.800000000047,DS000941,30678.0,2026-06-16 20:42:00,Dispatched,1.0,30678.0,5067970.08,5067970.08,0.0,165.2,2026-06-17 02:42:00,30.0,5097400.0,0.0,0.0,0.0,0.0,0.0,0.0,0.0,0.0,5067970.08,False,False,False,none
LD000954,Kisumu,AGO,Pioneer Fuels Kenya,TRK-686,21900.0,1661138.0,1683041.7,2026-06-16 15:24:00,21903.699999999953,DS000942,21869.0,2026-06-16 16:24:00,Dispatched,1.0,21869.0,3380822.53,3380822.53,0.0,154.59,2026-06-18 19:24:00,30.0,3398879.9999999995,2.0,0.0,0.0,0.0,0.0,0.0,0.0,0.0,3380822.53,False,False,False,none
LD000955,Kisumu,PMS,Delta Oil Marketers,TRK-883,20000.0,3874958.5,3894959.1,2026-06-16 11:21:00,20000.600000000093,DS000943,19986.0,2026-06-16 12:17:00,Dispatched,1.0,19986.0,3313089.02,3313089.02,0.0,165.77,2026-06-16 17:17:00,14.0,3310000.0,0.0,0.0,0.0,0.0,0.0,0.0,0.0,0.0,3313089.02,False,False,False,none
LD000956,Kisumu,PMS,Uhuru Energy Partners,TRK-750,22600.0,1334217.4,1356826.1,2026-06-16 14:23:00,22608.700000000186,DS000944,22600.0,2026-06-16 16:40:00,Dispatched,1.0,22600.0,3811259.11,1202555.45,2608703.66,168.64,2026-06-16 22:40:00,1.0,3740300.0,0.0,0.0,0.0,0.0,0.0,0.0,0.0,2608703.66,1202555.45,False,False,True,collections_gap
LD000957,Kisumu,PMS,Pioneer Fuels Kenya,TRK-331,20300.0,1662992.7,1683291.3,2026-06-16 06:19:00,20298.600000000093,DS000945,20311.0,2026-06-16 08:49:00,Dispatched,1.0,20311.0,3416553.57,3416553.57,0.0,168.21,2026-06-16 16:49:00,14.0,3359650.0,0.0,0.0,0.0,0.0,0.0,0.0,0.0,0.0,3416553.57,False,False,False,none
LD000958,Kisumu,AGO,Mara Fuels,TRK-680,25700.0,1421381.9,1447084.0,2026-06-16 08:37:00,25702.100000000093,DS000946,25627.0,2026-06-16 11:34:00,Dispatched,1.0,25627.0,3927865.91,3927865.91,0.0,153.27,2026-06-16 18:34:00,7.0,3988639.9999999995,0.0,0.0,0.0,0.0,0.0,0.0,0.0,0.0,3927865.91,False,False,False,none
LD000959,Kisumu,PMS,Lakeview Energy,TRK-409,23600.0,3076898.3,3100491.2,2026-06-16 16:50:00,23592.900000000373,DS000947,23595.0,2026-06-16 17:34:00,Dispatched,1.0,23595.0,3948611.2,3948611.2,0.0,167.35,2026-06-17 19:34:00,14.0,3905800.0,1.0,0.0,0.0,0.0,0.0,0.0,0.0,0.0,3948611.2,False,False,False,none
LD000960,Kisumu,PMS,Equator Fuels,TRK-357,20900.0,2564131.5,2585034.5,2026-06-16 22:20:00,20903.0,DS000948,20880.0,2026-06-16 23:52:00,Dispatched,1.0,20880.0,3418290.85,3418290.85,0.0,163.71,2026-06-18 03:52:00,3.0,3458950.0,1.0,0.0,0.0,0.0,0.0,0.0,0.0,0.0,3418290.85,False,False,False,none
LD000961,Kisumu,AGO,Rift Valley Fuels Ltd,TRK-628,23700.0,1878215.7,1901916.3,2026-06-16 22:11:00,23700.600000000093,DS000949,23777.0,2026-06-17 00:34:00,Dispatched,,,,,0.0,,,,3678239.9999999995,,0.0,0.0,0.0,3690190.4,0.0,0.0,3690190.4,0.0,False,False,True,billing_gap
LD000962,Kisumu,PMS,Highland Energy Co,TRK-973,28900.0,2663100.4,2692002.6,2026-06-16 19:17:00,28902.200000000186,DS000950,28814.0,2026-06-16 20:39:00,Dispatched,1.0,28814.0,4791280.44,4791280.44,0.0,166.28,2026-06-17 02:39:00,14.0,4782950.0,0.0,0.0,0.0,0.0,0.0,0.0,0.0,0.0,4791280.44,False,False,False,none
LD000963,Eldoret,AGO,Baraka Downstream,TRK-864,28700.0,3785719.2,3814414.9,2026-06-16 16:29:00,28695.69999999972,DS000951,28699.0,2026-06-16 17:30:00,Dispatched,1.0,28699.0,4426144.57,4426144.57,0.0,154.23,2026-06-16 19:30:00,3.0,4454240.0,0.0,0.0,0.0,0.0,0.0,0.0,0.0,0.0,4426144.57,False,False,False,none
LD000964,Eldoret,AGO,Lakeview Energy,TRK-966,28000.0,2647832.4,2675835.1,2026-06-16 18:20:00,28002.700000000186,DS000952,27942.0,2026-06-16 20:26:00,Dispatched,1.0,27942.0,4266869.96,4266869.96,0.0,152.7,2026-06-18 03:26:00,7.0,4345600.0,1.0,0.0,0.0,0.0,0.0,0.0,0.0,0.0,4266869.96,False,False,False,none
LD000965,Eldoret,AGO,Crescent Oil Ltd,TRK-344,33900.0,3525675.7,3559570.6,2026-06-16 10:16:00,33894.89999999991,DS000953,34089.0,2026-06-16 12:20:00,Dispatched,1.0,34089.0,5197850.63,5197850.63,0.0,152.48,2026-06-16 19:20:00,7.0,5261280.0,0.0,0.0,0.0,0.0,0.0,0.0,0.0,0.0,5197850.63,False,False,False,none
LD000966,Eldoret,PMS,Coastline Energy Ltd,TRK-673,29700.0,1468815.6,1498516.0,2026-06-16 12:51:00,29700.399999999907,DS000954,29812.0,2026-06-16 13:59:00,Dispatched,1.0,29812.0,4911599.99,4911599.99,0.0,164.75,2026-06-26 14:59:00,3.0,4915350.0,10.0,0.0,0.0,0.0,0.0,0.0,0.0,0.0,4911599.99,True,False,False,none
LD000967,Eldoret,AGO,Tsavo Energy Group,TRK-129,25400.0,1571367.9,1596762.9,2026-06-16 06:12:00,25395.0,DS000955,25275.0,2026-06-16 07:44:00,Dispatched,1.0,25275.0,3890292.1,3890292.1,0.0,153.92,2026-06-19 14:44:00,30.0,3942079.9999999995,3.0,0.0,0.0,0.0,0.0,0.0,0.0,0.0,3890292.1,False,False,False,none
LD000968,Eldoret,AGO,Savannah Petroleum,TRK-597,26300.0,4582699.1,4609002.4,2026-06-16 10:41:00,26303.300000000745,DS000956,26237.0,2026-06-16 13:28:00,Dispatched,1.0,26237.0,4026224.17,4026224.17,0.0,153.46,2026-06-18 13:28:00,7.0,4081759.9999999995,2.0,0.0,0.0,0.0,0.0,0.0,0.0,0.0,4026224.17,False,False,False,none
LD000969,Nakuru,AGO,Crescent Oil Ltd,TRK-165,32400.0,4805768.1,4838170.8,2026-06-16 07:20:00,32402.700000000186,DS000957,32485.0,2026-06-16 08:08:00,Dispatched,1.0,32485.0,5107136.24,5107136.24,0.0,157.22,2026-06-17 12:08:00,30.0,5028480.0,1.0,0.0,0.0,0.0,0.0,0.0,0.0,0.0,5107136.24,False,False,False,none
LD000970,Nakuru,AGO,Baraka Downstream,TRK-684,33700.0,3692985.8,3726692.5,2026-06-16 07:25:00,33706.700000000186,DS000958,33746.0,2026-06-16 10:03:00,Dispatched,1.0,33746.0,5299029.59,5299029.59,0.0,157.03,2026-06-18 17:03:00,3.0,5230240.0,2.0,0.0,0.0,0.0,0.0,0.0,0.0,0.0,5299029.59,False,False,False,none
LD000971,Nakuru,AGO,Delta Oil Marketers,TRK-343,26500.0,4542479.1,4568982.7,2026-06-16 21:16:00,26503.60000000056,DS000959,26534.0,2026-06-16 23:48:00,Dispatched,1.0,26534.0,4070549.63,4070549.63,0.0,153.41,2026-06-19 04:48:00,3.0,4112799.9999999995,2.0,0.0,0.0,0.0,0.0,0.0,0.0,0.0,4070549.63,False,False,False,none
LD000972,Nakuru,AGO,Pioneer Fuels Kenya,TRK-925,34100.0,3925266.1,3959361.4,2026-06-16 15:21:00,34095.299999999814,DS000960,34120.0,2026-06-16 18:12:00,Dispatched,1.0,34120.0,5292219.52,5292219.52,0.0,155.11,2026-06-18 00:12:00,1.0,5292320.0,1.0,0.0,0.0,0.0,0.0,0.0,0.0,0.0,5292219.52,False,False,False,none
LD000973,Nakuru,IK,Horizon Oil Marketers,TRK-381,31200.0,4010553.2,4041758.5,2026-06-16 11:09:00,31205.299999999814,DS000961,31289.0,2026-06-16 11:57:00,Dispatched,1.0,31289.0,4344871.71,4344871.71,0.0,138.86,2026-06-19 12:57:00,1.0,4368000.0,3.0,0.0,0.0,0.0,0.0,0.0,0.0,0.0,4344871.71,False,False,False,none
LD000974,Nakuru,PMS,Highland Energy Co,TRK-215,23300.0,1509545.7,1532845.2,2026-06-16 06:31:00,23299.5,DS000962,23355.0,2026-06-16 07:36:00,Dispatched,1.0,23355.0,3857645.02,3857645.02,0.0,165.17,2026-06-23 12:36:00,1.0,3856150.0,7.0,0.0,0.0,0.0,0.0,0.0,0.0,0.0,3857645.02,True,False,False,none
LD000975,Nakuru,AGO,Baraka Downstream,TRK-832,24600.0,3126309.6,3150916.3,2026-06-16 12:17:00,24606.69999999972,DS000963,24579.0,2026-06-16 12:54:00,Dispatched,1.0,24579.0,3779395.5,3779395.5,0.0,153.77,2026-06-17 16:54:00,1.0,3817919.9999999995,1.0,0.0,0.0,0.0,0.0,0.0,0.0,0.0,3779395.5,False,False,False,none
LD000976,Nakuru,PMS,Savannah Petroleum,TRK-907,26500.0,2937377.7,2963877.9,2026-06-16 06:53:00,26500.19999999972,DS000964,26405.0,2026-06-16 09:03:00,Dispatched,1.0,26405.0,4406700.93,4406700.93,0.0,166.89,2026-06-16 14:03:00,30.0,4385750.0,0.0,0.0,0.0,0.0,0.0,0.0,0.0,0.0,4406700.93,False,False,False,none
LD000977,Nakuru,PMS,Zenith Petroleum,TRK-801,20200.0,2638956.9,2659152.4,2026-06-16 17:19:00,20195.5,DS000965,20098.0,2026-06-16 19:23:00,Dispatched,1.0,20098.0,3383524.17,3383524.17,0.0,168.35,2026-06-18 00:23:00,45.0,3343100.0,1.0,0.0,0.0,0.0,0.0,0.0,0.0,0.0,3383524.17,False,True,False,none
LD000978,Nakuru,AGO,Summit Downstream Ltd,TRK-361,20700.0,2917040.4,2937737.0,2026-06-16 17:00:00,20696.600000000093,DS000966,20694.0,2026-06-16 18:50:00,Dispatched,2.0,41388.0,6439965.08,6439965.08,0.0,155.6,2026-06-19 00:50:00,45.0,3212639.9999999995,2.0,0.0,0.0,0.0,0.0,0.0,0.0,0.0,6439965.08,False,True,False,none
LD000979,Nakuru,IK,Equator Fuels,TRK-264,22900.0,3972326.2,3995227.0,2026-06-16 12:19:00,22900.799999999814,DS000967,22774.0,2026-06-16 14:22:00,Dispatched,1.0,22774.0,3209474.13,3209474.13,0.0,140.93,2026-06-19 19:22:00,7.0,3206000.0,3.0,0.0,0.0,0.0,0.0,0.0,0.0,0.0,3209474.13,False,False,False,none
LD000980,Nakuru,AGO,Savannah Petroleum,TRK-182,35700.0,2801914.3,2837620.2,2026-06-16 18:50:00,35705.90000000037,DS000968,35727.0,2026-06-16 21:05:00,Dispatched,1.0,35727.0,5488577.28,5488577.28,0.0,153.63,2026-06-17 23:05:00,7.0,5540640.0,1.0,0.0,0.0,0.0,0.0,0.0,0.0,0.0,5488577.28,False,False,False,none
LD000981,Kisii,AGO,Uhuru Energy Partners,TRK-939,26900.0,4988729.4,5015620.0,2026-06-16 15:45:00,26890.599999999627,DS000969,26875.0,2026-06-16 16:55:00,Dispatched,1.0,26875.0,4201582.38,4201582.38,0.0,156.34,2026-06-17 00:55:00,1.0,4174879.9999999995,0.0,0.0,0.0,0.0,0.0,0.0,0.0,0.0,4201582.38,False,False,False,none
LD000982,Kisii,AGO,Zenith Petroleum,TRK-846,23500.0,2402082.1,2425585.2,2026-06-16 21:04:00,23503.100000000093,DS000970,23637.0,2026-06-16 22:04:00,Dispatched,1.0,23637.0,3641396.11,3641396.11,0.0,154.05,2026-06-20 04:04:00,1.0,3647199.9999999995,3.0,0.0,0.0,0.0,0.0,0.0,0.0,0.0,3641396.11,False,False,False,none
LD000983,Kisii,AGO,Savannah Petroleum,TRK-288,26000.0,1274854.7,1300851.7,2026-06-16 05:48:00,25997.0,DS000971,26027.0,2026-06-16 08:03:00,Dispatched,1.0,26027.0,4054529.39,4054529.39,0.0,155.78,2026-06-16 10:03:00,21.0,4035199.9999999995,0.0,0.0,0.0,0.0,0.0,0.0,0.0,0.0,4054529.39,False,False,False,none
LD000984,Kisii,AGO,Summit Downstream Ltd,TRK-412,31600.0,3626917.9,3658506.9,2026-06-16 09:00:00,31589.0,DS000972,31597.0,2026-06-16 11:46:00,Dispatched,1.0,31597.0,4945937.65,4945937.65,0.0,156.53,2026-06-16 15:46:00,30.0,4904320.0,0.0,0.0,0.0,0.0,0.0,0.0,0.0,0.0,4945937.65,False,False,False,none
LD000985,Kisii,PMS,Baraka Downstream,TRK-802,31300.0,1033454.7,1064758.0,2026-06-16 12:33:00,31303.300000000047,DS000973,31148.0,2026-06-16 13:16:00,Dispatched,1.0,31148.0,5125088.03,5125088.03,0.0,164.54,2026-06-18 14:16:00,21.0,5180150.0,2.0,0.0,0.0,0.0,0.0,0.0,0.0,0.0,5125088.03,False,False,False,none
LD000986,Kisii,AGO,Tsavo Energy Group,TRK-946,27700.0,1021253.9,1048948.2,2026-06-16 09:16:00,27694.29999999993,DS000974,27595.0,2026-06-16 11:52:00,Dispatched,1.0,27595.0,4283117.65,4283117.65,0.0,155.21,2026-06-19 15:52:00,30.0,4299040.0,3.0,0.0,0.0,0.0,0.0,0.0,0.0,0.0,4283117.65,False,False,False,none
LD000987,Kisii,PMS,Tsavo Energy Group,TRK-486,32900.0,4091238.3,4124134.6,2026-06-16 18:23:00,32896.30000000028,DS000975,32967.0,2026-06-16 20:45:00,Dispatched,1.0,32967.0,5392656.46,5392656.46,0.0,163.58,2026-06-18 02:45:00,3.0,5444950.0,1.0,0.0,0.0,0.0,0.0,0.0,0.0,0.0,5392656.46,False,False,False,none
LD000988,Kisii,PMS,Highland Energy Co,TRK-741,32300.0,3334854.4,3367154.8,2026-06-16 05:59:00,32300.399999999907,DS000976,32270.0,2026-06-16 06:47:00,Dispatched,1.0,32270.0,5418107.32,5418107.32,0.0,167.9,2026-06-16 08:47:00,7.0,5345650.0,0.0,0.0,0.0,0.0,0.0,0.0,0.0,0.0,5418107.32,False,False,False,none
LD000989,Kisii,IK,Tsavo Energy Group,TRK-732,32500.0,4006988.0,4039488.4,2026-06-16 11:16:00,32500.399999999907,DS000977,32747.0,2026-06-16 13:21:00,Dispatched,1.0,32747.0,4564513.18,4564513.18,0.0,139.39,2026-06-16 13:21:00,7.0,4550000.0,0.0,0.0,0.0,0.0,0.0,0.0,0.0,0.0,4564513.18,False,False,False,none
LD000990,Kisii,PMS,Pioneer Fuels Kenya,TRK-835,22200.0,3684629.9,3706837.0,2026-06-16 16:10:00,22207.100000000093,DS000978,22194.0,2026-06-16 18:46:00,Dispatched,1.0,22194.0,3621846.62,3621846.62,0.0,163.19,2026-06-16 19:46:00,60.0,3674100.0,0.0,0.0,0.0,0.0,0.0,0.0,0.0,0.0,3621846.62,False,True,False,none
LD000991,Kisii,AGO,Delta Oil Marketers,TRK-830,29900.0,3969012.7,3998910.5,2026-06-16 19:52:00,29897.799999999814,DS000979,29915.0,2026-06-16 21:50:00,Dispatched,1.0,29915.0,4593180.52,4593180.52,0.0,153.54,2026-06-17 04:50:00,45.0,4640480.0,0.0,0.0,0.0,0.0,0.0,0.0,0.0,0.0,4593180.52,False,True,False,none
LD000992,Mombasa,IK,Delta Oil Marketers,TRK-541,32000.0,4632914.0,4664911.6,2026-06-17 13:18:00,31997.599999999627,DS000980,31874.0,2026-06-17 14:23:00,Dispatched,1.0,31874.0,4505391.22,4505391.22,0.0,141.35004141306393,2026-06-20 18:23:00,14.0,4480000.0,3.0,0.0,0.0,0.0,0.0,0.0,0.0,0.0,4505391.22,False,False,False,none
LD000993,Mombasa,IK,Equator Fuels,TRK-518,32100.0,3388621.2,3420725.1,2026-06-17 14:46:00,32103.899999999907,DS000981,32191.0,2026-06-17 15:29:00,Dispatched,1.0,32191.0,4554212.03,4554212.03,0.0,141.47,2026-06-17 16:29:00,1.0,4494000.0,0.0,0.0,0.0,0.0,0.0,0.0,0.0,0.0,4554212.03,False,False,False,none
LD000994,Mombasa,PMS,Crescent Oil Ltd,TRK-354,29300.0,3529565.3,3558866.9,2026-06-17 13:15:00,29301.600000000093,DS000982,29219.0,2026-06-17 15:40:00,Dispatched,1.0,29219.0,4840875.17,4840875.17,0.0,165.68,2026-06-17 16:40:00,3.0,4849150.0,0.0,0.0,0.0,0.0,0.0,0.0,0.0,0.0,4840875.17,False,False,False,none
LD000995,Mombasa,PMS,Mara Fuels,TRK-507,22500.0,2895684.9,2918180.0,2026-06-17 20:08:00,22495.100000000093,DS000983,22535.0,2026-06-17 21:27:00,Dispatched,1.0,22535.0,3672006.41,3672006.41,0.0,162.95,2026-06-18 02:27:00,7.0,3723750.0,0.0,0.0,0.0,0.0,0.0,0.0,0.0,0.0,3672006.41,False,False,False,none
LD000996,Mombasa,AGO,Horizon Oil Marketers,TRK-153,23200.0,2255307.2,2278511.9,2026-06-17 13:04:00,23204.69999999972,DS000984,23257.0,2026-06-17 15:59:00,Dispatched,1.0,23257.0,3566077.35,3566077.35,0.0,153.33,2026-06-20 15:59:00,30.0,3600639.9999999995,3.0,0.0,0.0,0.0,0.0,0.0,0.0,0.0,3566077.35,False,False,False,none
LD000997,Mombasa,AGO,Crescent Oil Ltd,TRK-929,23900.0,1859650.5,1883554.8,2026-06-17 16:38:00,23904.300000000047,DS000985,23907.0,2026-06-17 18:49:00,Dispatched,1.0,23907.0,3697487.37,1456247.46,2241239.91,154.66,2026-06-19 22:49:00,3.0,3709279.9999999995,2.0,0.0,0.0,0.0,0.0,0.0,0.0,2241239.91,1456247.46,False,False,True,collections_gap
LD000998,Mombasa,PMS,Summit Downstream Ltd,TRK-235,28100.0,1751681.5,1779780.7,2026-06-17 17:19:00,28099.199999999953,DS000986,28248.0,2026-06-17 18:39:00,Dispatched,1.0,28248.0,4718528.05,4718528.05,0.0,167.04,2026-06-18 01:39:00,3.0,4650550.0,0.0,0.0,0.0,0.0,0.0,0.0,0.0,0.0,4718528.05,False,False,False,none
LD000999,Mombasa,PMS,Mara Fuels,TRK-235,21200.0,3784624.6,3805830.4,2026-06-17 21:31:00,21205.799999999814,DS000987,21161.0,2026-06-18 00:14:00,Cancelled,,,,,0.0,,,,3508600.0,,0.0,0.0,0.0,0.0,0.0,0.0,0.0,0.0,False,False,False,none
LD001000,Mombasa,AGO,Aberdare Oil Traders,TRK-145,30600.0,4184965.8,4215563.7,2026-06-17 18:09:00,30597.900000000373,DS000988,30754.0,2026-06-17 19:17:00,Dispatched,1.0,30754.0,4743269.97,4743269.97,0.0,154.23,2026-06-18 23:17:00,45.0,4749120.0,1.0,0.0,0.0,0.0,0.0,0.0,0.0,0.0,4743269.97,False,True,False,none
LD001001,Mombasa,AGO,Zenith Petroleum,TRK-389,24400.0,3769435.7,3793836.2,2026-06-17 13:47:00,24400.5,DS000989,24307.0,2026-06-17 16:29:00,Dispatched,1.0,24307.0,3708117.32,3708117.32,0.0,152.55,2026-06-17 21:29:00,7.0,3786879.9999999995,0.0,0.0,0.0,0.0,0.0,0.0,0.0,0.0,3708117.32,False,False,False,none
LD001002,Mombasa,AGO,Tsavo Energy Group,TRK-603,30200.0,2298047.2,2328246.9,2026-06-17 18:57:00,30199.69999999972,DS000990,30272.0,2026-06-17 20:31:00,Dispatched,1.0,30272.0,4697083.99,4697083.99,0.0,155.16,2026-06-24 22:31:00,14.0,4687040.0,7.0,0.0,0.0,0.0,0.0,0.0,0.0,0.0,4697083.99,True,False,False,none
LD001003,Nairobi,PMS,Nyanza Petroleum Co,TRK-581,31100.0,1874862.5,1905954.9,2026-06-17 09:03:00,31092.399999999907,DS000991,31087.0,2026-06-17 10:27:00,Dispatched,1.0,31087.0,5220771.29,5220771.29,0.0,167.94,2026-06-17 15:27:00,7.0,5147050.0,0.0,0.0,0.0,0.0,0.0,0.0,0.0,0.0,5220771.29,False,False,False,none
LD001004,Nairobi,AGO,Delta Oil Marketers,TRK-465,30600.0,4259758.9,4290362.0,2026-06-17 18:07:00,30603.099999999627,DS000992,30535.0,2026-06-17 20:47:00,Dispatched,1.0,30535.0,4682846.55,4682846.55,0.0,153.36,2026-06-17 22:47:00,3.0,4749120.0,0.0,0.0,0.0,0.0,0.0,0.0,0.0,0.0,4682846.55,False,False,False,none
LD001005,Nairobi,AGO,Zenith Petroleum,TRK-989,32400.0,4043405.3,4075800.6,2026-06-17 09:07:00,32395.30000000028,DS000993,32239.0,2026-06-17 09:58:00,Dispatched,1.0,32239.0,5016416.11,5016416.11,0.0,155.6,2026-06-17 17:58:00,3.0,5028480.0,0.0,0.0,0.0,0.0,0.0,0.0,0.0,0.0,5016416.11,False,False,False,none
LD001006,Nairobi,AGO,Aberdare Oil Traders,TRK-779,26900.0,1124596.4,1151503.6,2026-06-17 21:52:00,26907.200000000186,DS000994,26879.0,2026-06-17 23:26:00,Dispatched,1.0,26879.0,4168576.67,4168576.67,0.0,155.09,2026-06-18 07:26:00,30.0,4174879.9999999995,0.0,0.0,0.0,0.0,0.0,0.0,0.0,0.0,4168576.67,False,False,False,none
LD001007,Nairobi,AGO,Lakeview Energy,TRK-610,24200.0,1134705.6,1158903.9,2026-06-17 10:26:00,24198.299999999814,DS000995,24176.0,2026-06-17 11:30:00,Dispatched,1.0,24176.0,3705314.56,3705314.56,0.0,153.26,2026-06-20 18:30:00,30.0,3755839.9999999995,3.0,0.0,0.0,0.0,0.0,0.0,0.0,0.0,3705314.56,False,False,False,none
LD001008,Nairobi,PMS,Zenith Petroleum,TRK-208,28900.0,1155917.3,1184819.8,2026-06-17 08:25:00,28902.5,DS000996,28915.0,2026-06-17 09:08:00,Dispatched,1.0,26997.0,4483412.88,4483412.88,0.0,166.07,2026-06-17 13:08:00,7.0,4782950.0,0.0,0.0,0.0,0.0,0.0,1918.0,318522.26,318522.26,4483412.88,False,False,True,underbilling
LD001009,Nairobi,PMS,Delta Oil Marketers,TRK-375,30700.0,2292109.4,2322812.8,2026-06-17 19:53:00,30703.399999999907,DS000997,30767.0,2026-06-17 20:46:00,Dispatched,1.0,30767.0,5070458.51,0.0,5070458.51,164.8,2026-06-21 02:46:00,,5080850.0,3.0,0.0,0.0,0.0,0.0,0.0,0.0,5070458.51,0.0,False,False,True,collections_gap
LD001010,Nairobi,IK,Pioneer Fuels Kenya,TRK-983,35900.0,4301662.7,4337561.2,2026-06-17 19:20:00,35898.5,DS000998,35813.0,2026-06-17 19:50:00,Dispatched,1.0,35813.0,4983326.12,4983326.12,0.0,139.14852483734956,2026-06-18 03:50:00,7.0,5026000.0,0.0,0.0,0.0,0.0,0.0,0.0,0.0,0.0,4983326.12,False,False,False,none
LD001011,Nairobi,PMS,Lakeview Energy,TRK-716,33500.0,1996034.9,2029531.4,2026-06-17 06:47:00,33496.5,DS000999,33677.0,2026-06-17 09:18:00,Dispatched,,,,,0.0,,,,5544250.0,,0.0,0.0,0.0,5573543.5,0.0,0.0,5573543.5,0.0,False,False,True,billing_gap
LD001012,Nairobi,PMS,Summit Downstream Ltd,TRK-972,21500.0,4995570.4,5017071.0,2026-06-17 10:15:00,21500.599999999627,DS001000,21465.0,2026-06-17 10:57:00,Dispatched,1.0,21465.0,3574024.4,3574024.4,0.0,166.5,2026-06-17 11:57:00,30.0,3558250.0,0.0,0.0,0.0,0.0,0.0,0.0,0.0,0.0,3574024.4,False,False,False,none
LD001013,Kisumu,PMS,Baraka Downstream,TRK-602,20100.0,2863303.0,2883394.2,2026-06-17 17:18:00,20091.200000000186,DS001001,20136.0,2026-06-17 18:05:00,Dispatched,1.0,20136.0,3304772.2,3304772.2,0.0,164.12,2026-06-17 20:05:00,14.0,3326550.0,0.0,0.0,0.0,0.0,0.0,0.0,0.0,0.0,3304772.2,False,False,False,none
LD001014,Kisumu,IK,Horizon Oil Marketers,TRK-624,25100.0,4844637.7,4869740.9,2026-06-17 09:22:00,25103.200000000186,DS001002,25107.0,2026-06-17 11:35:00,Dispatched,1.0,25107.0,3483673.37,3483673.37,0.0,138.75,2026-06-18 16:35:00,1.0,3514000.0,1.0,0.0,0.0,0.0,0.0,0.0,0.0,0.0,3483673.37,False,False,False,none
LD001015,Kisumu,PMS,Aberdare Oil Traders,TRK-533,34300.0,4396716.0,4431015.0,2026-06-17 17:30:00,34299.0,DS001003,34280.0,2026-06-17 19:24:00,Dispatched,1.0,34280.0,5585905.28,5585905.28,0.0,162.95,2026-06-18 19:24:00,7.0,5676650.0,1.0,0.0,0.0,0.0,0.0,0.0,0.0,0.0,5585905.28,False,False,False,none
LD001016,Kisumu,AGO,Uhuru Energy Partners,TRK-625,21300.0,2248785.5,2270085.3,2026-06-17 10:27:00,21299.799999999814,DS001004,21303.0,2026-06-17 11:52:00,Dispatched,1.0,21303.0,3278573.23,3278573.23,0.0,153.9,2026-06-24 12:52:00,14.0,3305759.9999999995,7.0,0.0,0.0,0.0,0.0,0.0,0.0,0.0,3278573.23,True,False,False,none
LD001017,Kisumu,AGO,Delta Oil Marketers,TRK-762,20300.0,1068599.1,1088900.3,2026-06-17 09:59:00,20301.199999999953,DS001005,20243.0,2026-06-17 11:19:00,Dispatched,1.0,20243.0,3119826.59,3119826.59,0.0,154.12,2026-06-20 15:19:00,14.0,3150560.0,3.0,0.0,0.0,0.0,0.0,0.0,0.0,0.0,3119826.59,False,False,False,none
LD001018,Kisumu,PMS,Delta Oil Marketers,TRK-230,24900.0,1530578.3,1555480.7,2026-06-17 18:05:00,24902.399999999907,DS001006,24871.0,2026-06-17 20:47:00,Dispatched,1.0,24871.0,4074361.26,4074361.26,0.0,163.81976036347552,2026-06-20 03:47:00,60.0,4120950.0,2.0,0.0,0.0,0.0,0.0,0.0,0.0,0.0,4074361.26,False,True,False,none
LD001019,Kisumu,AGO,Coastline Energy Ltd,TRK-664,28200.0,1021384.6,1049584.0,2026-06-17 21:27:00,28199.400000000023,DS001007,28087.0,2026-06-17 23:52:00,Dispatched,1.0,28087.0,4328364.84,4328364.84,0.0,154.11,2026-06-19 06:52:00,30.0,4376640.0,1.0,0.0,0.0,0.0,0.0,0.0,0.0,0.0,4328364.84,False,False,False,none
LD001020,Kisumu,AGO,Uhuru Energy Partners,TRK-776,26400.0,2562374.4,2588777.7,2026-06-17 21:27:00,26403.30000000028,DS001008,26356.0,2026-06-17 23:55:00,Dispatched,1.0,26356.0,4118890.33,4118890.33,0.0,156.28,2026-06-19 03:55:00,1.0,4097279.9999999995,1.0,0.0,0.0,0.0,0.0,0.0,0.0,0.0,4118890.33,False,False,False,none
LD001021,Kisumu,PMS,Amani Petroleum,TRK-858,21100.0,3553289.0,3574393.4,2026-06-17 07:49:00,21104.399999999907,DS001009,21070.0,2026-06-17 10:33:00,Dispatched,1.0,19995.0,3251683.02,3251683.02,0.0,162.62480720180045,2026-06-18 14:33:00,21.0,3492050.0,1.0,0.0,0.0,0.0,0.0,1075.0,174821.6677419355,174821.6677419355,3251683.02,False,False,True,underbilling
LD001022,Kisumu,PMS,Summit Downstream Ltd,TRK-526,22200.0,3315360.7,3337566.5,2026-06-17 10:53:00,22205.799999999814,DS001010,22256.0,2026-06-17 11:49:00,Dispatched,1.0,22256.0,3693952.42,3693952.42,0.0,165.98,2026-06-17 17:49:00,3.0,3674100.0,0.0,0.0,0.0,0.0,0.0,0.0,0.0,0.0,3693952.42,False,False,False,none
LD001023,Kisumu,PMS,Kilele Fuels,TRK-371,29100.0,4473643.2,4502735.8,2026-06-17 19:48:00,29092.599999999627,DS001011,29071.0,2026-06-17 22:30:00,Dispatched,1.0,29071.0,4763261.98,4763261.98,0.0,163.85,2026-06-18 02:30:00,14.0,4816050.0,0.0,0.0,0.0,0.0,0.0,0.0,0.0,0.0,4763261.98,False,False,False,none
LD001024,Kisumu,PMS,Crescent Oil Ltd,TRK-789,29900.0,3532290.6,3562183.6,2026-06-17 07:47:00,29893.0,DS001012,29860.0,2026-06-17 09:55:00,Dispatched,1.0,29860.0,4892383.26,4892383.26,0.0,163.84,2026-06-17 17:55:00,14.0,4948450.0,0.0,0.0,0.0,0.0,0.0,0.0,0.0,0.0,4892383.26,False,False,False,none
LD001025,Kisumu,AGO,Horizon Oil Marketers,TRK-771,27500.0,2772237.4,2799743.1,2026-06-17 05:25:00,27505.700000000186,DS001013,27518.0,2026-06-17 06:35:00,Dispatched,1.0,27518.0,4284795.03,4284795.03,0.0,155.71,2026-06-18 11:35:00,7.0,4268000.0,1.0,0.0,0.0,0.0,0.0,0.0,0.0,0.0,4284795.03,False,False,False,none
LD001026,Kisumu,AGO,Crescent Oil Ltd,TRK-731,27400.0,4759727.2,4787127.1,2026-06-17 20:19:00,27399.89999999944,DS001014,27415.0,2026-06-17 20:56:00,Dispatched,1.0,27415.0,4235411.36,4235411.36,0.0,154.49,2026-06-21 02:56:00,30.0,4252480.0,3.0,0.0,0.0,0.0,0.0,0.0,0.0,0.0,4235411.36,False,False,False,none
LD001027,Kisumu,AGO,Baraka Downstream,TRK-214,28100.0,4796802.8,4824900.6,2026-06-17 07:08:00,28097.799999999814,DS001015,28050.0,2026-06-17 08:43:00,Dispatched,1.0,28050.0,4379820.48,4379820.48,0.0,156.14,2026-06-20 12:43:00,21.0,4361120.0,3.0,0.0,0.0,0.0,0.0,0.0,0.0,0.0,4379820.48,False,False,False,none
LD001028,Eldoret,AGO,Baraka Downstream,TRK-546,26000.0,4766767.9,4792773.2,2026-06-17 11:30:00,26005.299999999814,DS001016,26031.0,2026-06-17 13:52:00,Dispatched,1.0,26031.0,4093900.44,4093900.44,0.0,157.27,2026-06-20 18:52:00,30.0,4035199.9999999995,3.0,0.0,0.0,0.0,0.0,0.0,0.0,0.0,4093900.44,False,False,False,none
LD001029,Eldoret,PMS,Delta Oil Marketers,TRK-219,22700.0,3001437.8,3024143.4,2026-06-17 19:09:00,22705.600000000093,DS001017,22688.0,2026-06-17 20:40:00,Dispatched,1.0,22688.0,3733251.89,3733251.89,0.0,164.55,2026-06-18 20:40:00,3.0,3756850.0,1.0,0.0,0.0,0.0,0.0,0.0,0.0,0.0,3733251.89,False,False,False,none
LD001030,Eldoret,AGO,Delta Oil Marketers,TRK-560,30400.0,2101152.9,2131558.3,2026-06-17 19:31:00,30405.399999999907,DS001018,30346.0,2026-06-17 21:40:00,Dispatched,1.0,30346.0,4657401.09,4657401.09,0.0,153.48,2026-06-18 01:40:00,3.0,4718080.0,0.0,0.0,0.0,0.0,0.0,0.0,0.0,0.0,4657401.09,False,False,False,none
LD001031,Eldoret,PMS,UNKNOWN CUSTOMER,TRK-745,22500.0,3543761.3,3566255.3,2026-06-17 17:03:00,22494.0,DS001019,22467.0,2026-06-17 19:36:00,Dispatched,1.0,22467.0,3786492.89,3786492.89,0.0,168.54,2026-06-25 00:36:00,14.0,3723750.0,7.0,0.0,0.0,0.0,0.0,0.0,0.0,0.0,3786492.89,True,False,False,none
LD001032,Eldoret,IK,Pioneer Fuels Kenya,TRK-667,31300.0,2820688.0,2851989.9,2026-06-17 20:47:00,31301.899999999907,DS001020,31389.0,2026-06-17 22:25:00,Dispatched,1.0,31389.0,4461923.04,4461923.04,0.0,142.15,2026-06-19 23:25:00,60.0,4382000.0,2.0,0.0,0.0,0.0,0.0,0.0,0.0,0.0,4461923.04,False,True,False,none
LD001033,Eldoret,AGO,Pioneer Fuels Kenya,TRK-794,30700.0,4349468.3,4380170.9,2026-06-17 20:32:00,30702.60000000056,DS001021,28662.0,2026-06-17 21:55:00,Dispatched,1.0,28662.0,4450398.64,4450398.64,0.0,155.27,2026-06-20 21:55:00,7.0,4764640.0,3.0,0.0,2038.0,316297.6,0.0,0.0,0.0,316297.6,4450398.64,False,False,True,shrinkage
LD001034,Eldoret,AGO,Uhuru Energy Partners,TRK-666,31200.0,4352619.9,4383826.6,2026-06-17 21:01:00,31206.699999999255,,,,,,,,,0.0,,,,4842240.0,,4842240.0,0.0,0.0,0.0,0.0,0.0,4842240.0,0.0,False,False,True,dispatch_capture_gap
LD001035,Eldoret,AGO,Delta Oil Marketers,TRK-737,32800.0,4843680.6,4876475.7,2026-06-17 18:56:00,32795.10000000056,DS001022,32827.0,2026-06-17 20:53:00,Dispatched,1.0,32827.0,5078193.38,5078193.38,0.0,154.7,2026-06-19 04:53:00,1.0,5090560.0,1.0,0.0,0.0,0.0,0.0,0.0,0.0,0.0,5078193.38,False,False,False,none
LD001036,Eldoret,PMS,Tsavo Energy Group,TRK-296,26400.0,1614764.2,1641179.5,2026-06-17 18:01:00,26415.300000000047,DS001023,26346.0,2026-06-17 20:09:00,Dispatched,1.0,26346.0,4279760.15,4279760.15,0.0,162.44,2026-06-18 00:09:00,7.0,4369200.0,0.0,0.0,0.0,0.0,0.0,0.0,0.0,0.0,4279760.15,False,False,False,none
LD001037,Eldoret,PMS,Pioneer Fuels Kenya,TRK-447,29200.0,2108050.1,2137250.9,2026-06-17 21:14:00,29200.799999999814,DS001024,29298.0,2026-06-17 22:01:00,Dispatched,1.0,29298.0,4882467.83,4882467.83,0.0,166.65,2026-06-18 00:01:00,7.0,4832600.0,0.0,0.0,0.0,0.0,0.0,0.0,0.0,0.0,4882467.83,False,False,False,none
LD001038,Eldoret,PMS,Summit Downstream Ltd,TRK-953,29500.0,2419698.6,2449202.4,2026-06-17 14:46:00,29503.799999999814,DS001025,29428.0,2026-06-17 15:48:00,Dispatched,1.0,29428.0,4942884.38,4942884.38,0.0,167.97,2026-06-17 16:48:00,30.0,4882250.0,0.0,0.0,0.0,0.0,0.0,0.0,0.0,0.0,4942884.38,False,False,False,none
LD001039,Nakuru,AGO,Equator Fuels,TRK-867,31200.0,1266110.4,1297311.2,2026-06-17 10:39:00,31200.800000000047,DS001026,30051.0,2026-06-17 12:10:00,Dispatched,1.0,30051.0,4595389.61,4595389.61,0.0,152.92,2026-06-17 18:10:00,21.0,4842240.0,0.0,0.0,1149.0,178324.8,0.0,0.0,0.0,178324.8,4595389.61,False,False,True,shrinkage
LD001040,Nakuru,PMS,Crescent Oil Ltd,TRK-912,29900.0,1985144.1,2015043.6,2026-06-17 11:10:00,29899.5,DS001027,29877.0,2026-06-17 11:41:00,Dispatched,1.0,29877.0,4979047.92,4979047.92,0.0,166.65,2026-06-19 12:41:00,60.0,4948450.0,2.0,0.0,0.0,0.0,0.0,0.0,0.0,0.0,4979047.92,False,True,False,none
LD001041,Nakuru,PMS,Savannah Petroleum,TRK-467,31100.0,3387105.7,3418207.9,2026-06-17 11:35:00,31102.19999999972,DS001028,31136.0,2026-06-17 12:07:00,Dispatched,1.0,31136.0,5160521.34,5160521.34,0.0,165.74,2026-06-17 12:07:00,21.0,5147050.0,0.0,0.0,0.0,0.0,0.0,0.0,0.0,0.0,5160521.34,False,False,False,none
LD001042,Nakuru,AGO,Amani Petroleum,TRK-165,30900.0,2501764.4,2532664.4,2026-06-17 10:52:00,30900.0,DS001029,30941.0,2026-06-17 12:04:00,Dispatched,1.0,30941.0,4886340.14,4886340.14,0.0,157.92,2026-06-17 20:04:00,3.0,4795680.0,0.0,0.0,0.0,0.0,0.0,0.0,0.0,0.0,4886340.14,False,False,False,none
LD001043,Nakuru,PMS,Highland Energy Co,TRK-364,32800.0,4538333.2,4571131.9,2026-06-17 12:07:00,32798.700000000186,DS001030,32786.0,2026-06-17 13:06:00,Dispatched,1.0,32786.0,5351938.67,5351938.67,0.0,163.24,2026-06-18 20:06:00,14.0,5428400.0,1.0,0.0,0.0,0.0,0.0,0.0,0.0,0.0,5351938.67,False,False,False,none
LD001044,Nakuru,AGO,Baraka Downstream,TRK-994,23500.0,3764847.2,3788345.6,2026-06-17 22:17:00,23498.399999999907,DS001031,23368.0,2026-06-17 23:19:00,Dispatched,1.0,23368.0,3679309.19,3679309.19,0.0,157.45,2026-06-19 00:19:00,14.0,3647199.9999999995,1.0,0.0,0.0,0.0,0.0,0.0,0.0,0.0,3679309.19,False,False,False,none
LD001045,Nakuru,AGO,Kilele Fuels,TRK-873,29600.0,3475966.3,3505564.5,2026-06-17 19:51:00,29598.200000000186,DS001032,27307.0,2026-06-17 20:36:00,Dispatched,2.0,54614.0,8592199.02,8592199.02,0.0,157.33,2026-06-19 03:36:00,60.0,4593920.0,1.0,0.0,2293.0,355873.6,0.0,0.0,0.0,355873.6,8592199.02,False,True,True,shrinkage
LD001046,Nakuru,AGO,Highland Energy Co,TRK-207,27000.0,2583846.4,2610842.1,2026-06-17 08:52:00,26995.700000000186,DS001033,27088.0,2026-06-17 09:58:00,Dispatched,1.0,27088.0,4269363.66,4269363.66,0.0,157.61,2026-06-17 11:58:00,3.0,4190399.9999999995,0.0,0.0,0.0,0.0,0.0,0.0,0.0,0.0,4269363.66,False,False,False,none
LD001047,Nakuru,AGO,Coastline Energy Ltd,TRK-880,30700.0,4567572.4,4598274.9,2026-06-17 16:10:00,30702.5,DS001034,30639.0,2026-06-17 17:54:00,Dispatched,1.0,30639.0,4798713.78,4798713.78,0.0,156.62,2026-06-20 00:54:00,3.0,4764640.0,2.0,0.0,0.0,0.0,0.0,0.0,0.0,0.0,4798713.78,False,False,False,none
LD001048,Nakuru,AGO,Zenith Petroleum,TRK-241,32600.0,2664872.2,2697463.0,2026-06-17 08:09:00,32590.799999999814,DS001035,32573.0,2026-06-17 10:42:00,Dispatched,1.0,32573.0,5133719.17,5133719.17,0.0,157.61,2026-06-17 12:42:00,14.0,5059520.0,0.0,0.0,0.0,0.0,0.0,0.0,0.0,0.0,5133719.17,False,False,False,none
LD001049,Nakuru,PMS,Rift Valley Fuels Ltd,TRK-928,22700.0,2899803.9,2922503.3,2026-06-17 18:49:00,22699.399999999907,DS001036,22684.0,2026-06-17 19:43:00,Dispatched,1.0,22058.0,3630297.5,3630297.5,0.0,164.58,2026-06-18 22:43:00,1.0,3756850.0,1.0,0.0,0.0,0.0,0.0,626.0,103027.08,103027.08,3630297.5,False,False,True,underbilling
LD001050,Kisii,PMS,Aberdare Oil Traders,TRK-872,35600.0,4037170.0,4072766.1,2026-06-17 10:05:00,35596.10000000009,DS001037,35627.0,2026-06-17 13:03:00,Dispatched,1.0,35627.0,5856725.1,5856725.1,0.0,164.39,2026-06-17 15:03:00,14.0,5891800.0,0.0,0.0,0.0,0.0,0.0,0.0,0.0,0.0,5856725.1,False,False,False,none
LD001051,Kisii,AGO,Amani Petroleum,TRK-333,35500.0,2758961.9,2794466.3,2026-06-17 12:09:00,35504.39999999991,DS001038,35520.0,2026-06-17 14:30:00,Dispatched,1.0,35520.0,5520070.6,5520070.6,0.0,155.41,2026-06-18 18:30:00,30.0,5509600.0,1.0,0.0,0.0,0.0,0.0,0.0,0.0,0.0,5520070.6,False,False,False,none
LD001052,Kisii,PMS,Kilele Fuels,TRK-628,25200.0,2197533.5,2222730.3,2026-06-17 18:57:00,25196.799999999814,DS001039,25332.0,2026-06-17 19:37:00,Dispatched,1.0,25332.0,4200169.26,4200169.26,0.0,165.8,2026-06-19 00:37:00,7.0,4170600.0,1.0,0.0,0.0,0.0,0.0,0.0,0.0,0.0,4200169.26,False,False,False,none
LD001053,Kisii,IK,Rift Valley Fuels Ltd,TRK-629,23700.0,1518715.9,1542412.1,2026-06-17 19:09:00,23696.200000000186,DS001040,23703.0,2026-06-17 20:39:00,Dispatched,1.0,23703.0,3274630.3,3274630.3,0.0,138.15,2026-06-20 04:39:00,14.0,3318000.0,2.0,0.0,0.0,0.0,0.0,0.0,0.0,0.0,3274630.3,False,False,False,none
LD001054,Kisii,PMS,Tsavo Energy Group,TRK-502,30800.0,1250259.4,1281052.9,2026-06-17 17:49:00,30793.5,DS001041,30833.0,2026-06-17 19:52:00,Dispatched,1.0,30833.0,5182182.11,5182182.11,0.0,168.07,2026-06-17 21:52:00,45.0,5097400.0,0.0,0.0,0.0,0.0,0.0,0.0,0.0,0.0,5182182.11,False,True,False,none
LD001055,Kisii,IK,Amani Petroleum,TRK-529,23400.0,4236094.6,4259492.5,2026-06-17 06:40:00,23397.900000000373,DS001042,23405.0,2026-06-17 08:47:00,Dispatched,1.0,23405.0,3287629.74,3287629.74,0.0,140.47,2026-06-18 10:47:00,14.0,3276000.0,1.0,0.0,0.0,0.0,0.0,0.0,0.0,0.0,3287629.74,False,False,False,none
LD001056,Kisii,AGO,UNKNOWN CUSTOMER,TRK-386,33800.0,1619701.2,1653496.6,2026-06-17 15:58:00,33795.40000000014,DS001043,33767.0,2026-06-17 17:14:00,Dispatched,1.0,33767.0,5250904.73,5250904.73,0.0,155.5,2026-06-18 19:14:00,3.0,5245760.0,1.0,0.0,0.0,0.0,0.0,0.0,0.0,0.0,5250904.73,False,False,False,none
LD001057,Kisii,AGO,Equator Fuels,TRK-739,21300.0,2938152.0,2959454.9,2026-06-17 19:41:00,21302.899999999907,DS001044,21323.0,2026-06-17 21:13:00,Dispatched,1.0,21323.0,3315533.52,3315533.52,0.0,155.49,2026-06-18 02:13:00,3.0,3305759.9999999995,0.0,0.0,0.0,0.0,0.0,0.0,0.0,0.0,3315533.52,False,False,False,none
LD001058,Kisii,AGO,Equator Fuels,TRK-186,32900.0,1548594.0,1581485.1,2026-06-17 17:49:00,32891.10000000009,DS001045,32858.0,2026-06-17 19:31:00,Dispatched,1.0,32858.0,5113034.15,5113034.15,0.0,155.61,2026-06-28 01:31:00,7.0,5106080.0,10.0,0.0,0.0,0.0,0.0,0.0,0.0,0.0,5113034.15,True,False,False,none
LD001059,Mombasa,PMS,Highland Energy Co,TRK-195,32500.0,2214495.8,2246996.4,2026-06-18 09:33:00,32500.600000000093,DS001046,32494.0,2026-06-18 11:28:00,Dispatched,1.0,32494.0,5441523.35,5441523.35,0.0,167.46,2026-06-18 19:28:00,3.0,5378750.0,0.0,0.0,0.0,0.0,0.0,0.0,0.0,0.0,5441523.35,False,False,False,none
LD001060,Mombasa,AGO,Rift Valley Fuels Ltd,TRK-652,27100.0,4936938.0,4964037.5,2026-06-18 10:01:00,27099.5,DS001047,27194.0,2026-06-18 11:55:00,Dispatched,1.0,27194.0,4162042.29,4162042.29,0.0,153.05,2026-06-18 16:55:00,14.0,4205920.0,0.0,0.0,0.0,0.0,0.0,0.0,0.0,0.0,4162042.29,False,False,False,none
LD001061,Mombasa,AGO,Uhuru Energy Partners,TRK-213,26300.0,3860745.8,3887041.5,2026-06-18 14:46:00,26295.700000000186,DS001048,26262.0,2026-06-18 15:54:00,Dispatched,1.0,26262.0,4026621.62,4026621.62,0.0,153.33,2026-06-21 17:54:00,60.0,4081759.9999999995,3.0,0.0,0.0,0.0,0.0,0.0,0.0,0.0,4026621.62,False,True,False,none
LD001062,Mombasa,PMS,Horizon Oil Marketers,TRK-766,23100.0,2388249.5,2411342.6,2026-06-18 21:22:00,23093.100000000093,DS001049,23127.0,2026-06-18 23:21:00,Dispatched,1.0,23127.0,3818607.5,3818607.5,0.0,165.11,2026-06-22 06:21:00,14.0,3823050.0,3.0,0.0,0.0,0.0,0.0,0.0,0.0,0.0,3818607.5,False,False,False,none
LD001063,Mombasa,PMS,Mara Fuels,TRK-924,28800.0,4967091.5,4995886.1,2026-06-18 05:29:00,28794.599999999627,DS001050,28586.0,2026-06-18 07:25:00,Dispatched,1.0,28586.0,4739876.46,4739876.46,0.0,165.81,2026-06-20 15:25:00,7.0,4766400.0,2.0,0.0,0.0,0.0,0.0,0.0,0.0,0.0,4739876.46,False,False,False,none
LD001064,Mombasa,PMS,Summit Downstream Ltd,TRK-353,20700.0,1505425.9,1526128.8,2026-06-18 09:45:00,20702.90000000014,DS001051,20688.0,2026-06-18 11:28:00,Dispatched,1.0,20688.0,3447295.58,3447295.58,0.0,166.63,2026-06-18 11:28:00,3.0,3425850.0,0.0,0.0,0.0,0.0,0.0,0.0,0.0,0.0,3447295.58,False,False,False,none
LD001065,Mombasa,AGO,Zenith Petroleum,TRK-250,29000.0,4060641.3,4089628.6,2026-06-18 11:52:00,28987.30000000028,DS001052,28957.0,2026-06-18 12:44:00,Dispatched,1.0,28957.0,4542597.7,4542597.7,0.0,156.87,2026-06-25 15:44:00,45.0,4500800.0,7.0,0.0,0.0,0.0,0.0,0.0,0.0,0.0,4542597.7,True,True,False,none
LD001066,Mombasa,PMS,Baraka Downstream,TRK-556,30500.0,3238315.4,3268825.3,2026-06-18 06:27:00,30509.899999999907,DS001053,30511.0,2026-06-18 07:20:00,Dispatched,2.0,61022.0,10297337.9,10297337.9,0.0,168.75,2026-06-19 11:20:00,30.0,5047750.0,1.0,0.0,0.0,0.0,0.0,0.0,0.0,0.0,10297337.9,False,False,False,none
LD001067,Mombasa,AGO,Highland Energy Co,TRK-504,31000.0,3632330.3,3663331.3,2026-06-18 17:37:00,31001.0,DS001054,30978.0,2026-06-18 19:46:00,Dispatched,1.0,30978.0,4723618.87,4723618.87,0.0,152.48,2026-06-19 01:46:00,7.0,4811200.0,0.0,0.0,0.0,0.0,0.0,0.0,0.0,0.0,4723618.87,False,False,False,none
LD001068,Mombasa,AGO,Delta Oil Marketers,TRK-526,22000.0,3794122.5,3816121.2,2026-06-18 19:44:00,21998.700000000186,DS001055,22009.0,2026-06-18 20:19:00,Dispatched,1.0,22009.0,3444583.48,3444583.48,0.0,156.51,2026-06-19 00:19:00,21.0,3414399.9999999995,0.0,0.0,0.0,0.0,0.0,0.0,0.0,0.0,3444583.48,False,False,False,none
LD001069,Mombasa,AGO,Kilele Fuels,TRK-821,26700.0,3055402.9,3082103.1,2026-06-18 20:45:00,26700.200000000186,DS001056,26670.0,2026-06-18 22:59:00,Dispatched,1.0,26670.0,4161552.24,1968315.84,2193236.4000000004,156.03870416197975,2026-06-20 22:59:00,1.0,4143839.9999999995,2.0,0.0,0.0,0.0,0.0,0.0,0.0,2193236.4000000004,1968315.84,False,False,True,collections_gap
LD001070,Nairobi,AGO,Tsavo Energy Group,TRK-478,28200.0,4478424.3,4506631.0,2026-06-18 06:47:00,28206.700000000186,DS001057,28233.0,2026-06-18 09:34:00,Dispatched,1.0,28233.0,4416460.95,4416460.95,0.0,156.43,2026-06-21 13:34:00,3.0,4376640.0,3.0,0.0,0.0,0.0,0.0,0.0,0.0,0.0,4416460.95,False,False,False,none
LD001071,Nairobi,PMS,Coastline Energy Ltd,TRK-256,26400.0,4880941.4,4907341.9,2026-06-18 16:36:00,26400.5,DS001058,26264.0,2026-06-18 19:13:00,Dispatched,1.0,26264.0,4291273.12,4291273.12,0.0,163.39,2026-06-18 19:13:00,7.0,4369200.0,0.0,0.0,0.0,0.0,0.0,0.0,0.0,0.0,4291273.12,False,False,False,none
LD001072,Nairobi,PMS,Coastline Energy Ltd,TRK-910,24500.0,1526614.4,1551115.3,2026-06-18 16:19:00,24500.90000000014,DS001059,24508.0,2026-06-18 17:25:00,Dispatched,1.0,24508.0,3991760.43,3991760.43,0.0,162.88,2026-06-22 00:25:00,3.0,4054750.0,3.0,0.0,0.0,0.0,0.0,0.0,0.0,0.0,3991760.43,False,False,False,none
LD001073,Nairobi,AGO,Coastline Energy Ltd,TRK-320,33700.0,1661209.1,1694908.9,2026-06-18 18:03:00,33699.799999999814,DS001060,33605.0,2026-06-18 20:09:00,Dispatched,1.0,33605.0,5176694.36,5176694.36,0.0,154.05,2026-06-20 02:09:00,3.0,5230240.0,1.0,0.0,0.0,0.0,0.0,0.0,0.0,0.0,5176694.36,False,False,False,none
LD001074,Nairobi,PMS,Lakeview Energy,TRK-527,26500.0,4612763.1,4639269.0,2026-06-18 22:22:00,26505.900000000373,DS001061,26593.0,2026-06-19 00:18:00,Dispatched,1.0,26593.0,4426815.09,4426815.09,0.0,166.47,2026-06-19 03:18:00,1.0,4385750.0,0.0,0.0,0.0,0.0,0.0,0.0,0.0,0.0,4426815.09,False,False,False,none
LD001075,Nairobi,AGO,Summit Downstream Ltd,TRK-837,29700.0,3306456.0,3336145.8,2026-06-18 15:50:00,29689.799999999814,DS001062,29615.0,2026-06-18 18:02:00,Dispatched,1.0,29615.0,4672796.69,4672796.69,0.0,157.78,2026-06-18 18:02:00,14.0,4609440.0,0.0,0.0,0.0,0.0,0.0,0.0,0.0,0.0,4672796.69,False,False,False,none
LD001076,Nairobi,AGO,Kilele Fuels,TRK-252,32600.0,2011193.8,2043798.5,2026-06-18 19:48:00,32604.699999999953,DS001063,32697.0,2026-06-18 21:08:00,Dispatched,1.0,32697.0,5110578.58,5110578.58,0.0,156.3,2026-06-19 05:08:00,14.0,5059520.0,0.0,0.0,0.0,0.0,0.0,0.0,0.0,0.0,5110578.58,False,False,False,none
LD001077,Nairobi,AGO,Nyanza Petroleum Co,TRK-447,35000.0,4575940.8,4610947.0,2026-06-18 18:24:00,35006.200000000186,DS001064,34999.0,2026-06-18 19:49:00,Dispatched,1.0,34999.0,5471593.24,5471593.24,0.0,156.34,2026-06-20 20:49:00,3.0,5432000.0,2.0,0.0,0.0,0.0,0.0,0.0,0.0,0.0,5471593.24,False,False,False,none
LD001078,Nairobi,AGO,Tsavo Energy Group,TRK-685,29200.0,2350597.2,2379792.8,2026-06-18 07:55:00,29195.599999999627,DS001065,29040.0,2026-06-18 08:47:00,Dispatched,1.0,29040.0,4458536.19,4458536.19,0.0,153.53,2026-06-21 12:47:00,45.0,4531840.0,3.0,0.0,0.0,0.0,0.0,0.0,0.0,0.0,4458536.19,False,True,False,none
LD001079,Nairobi,AGO,Crescent Oil Ltd,TRK-875,35800.0,1100949.4,1136750.1,2026-06-18 07:12:00,35800.700000000186,DS001066,35706.0,2026-06-18 09:56:00,Dispatched,1.0,35706.0,5443034.46,5443034.46,0.0,152.44,2026-06-18 09:56:00,7.0,5556160.0,0.0,0.0,0.0,0.0,0.0,0.0,0.0,0.0,5443034.46,False,False,False,none
LD001080,Nairobi,AGO,Rift Valley Fuels Ltd,TRK-644,28400.0,3355732.3,3384124.0,2026-06-18 21:57:00,28391.700000000186,DS001067,28472.0,2026-06-19 00:40:00,Cancelled,,,,,0.0,,,,4407680.0,,0.0,0.0,0.0,0.0,0.0,0.0,0.0,0.0,False,False,False,none
LD001081,Nairobi,PMS,Pioneer Fuels Kenya,TRK-926,32000.0,3493911.3,3525908.4,2026-06-18 11:15:00,31997.100000000093,DS001068,32076.0,2026-06-18 14:01:00,Dispatched,1.0,32076.0,5409077.25,5409077.25,0.0,168.63,2026-06-21 17:01:00,1.0,5296000.0,3.0,0.0,0.0,0.0,0.0,0.0,0.0,0.0,5409077.25,False,False,False,none
LD001082,Nairobi,AGO,Rift Valley Fuels Ltd,TRK-284,26000.0,1928223.0,1954223.7,2026-06-18 20:55:00,26000.699999999953,DS001069,25899.0,2026-06-18 22:36:00,Dispatched,1.0,25899.0,4050638.16,4050638.16,0.0,156.4,2026-06-19 02:36:00,3.0,4035199.9999999995,0.0,0.0,0.0,0.0,0.0,0.0,0.0,0.0,4050638.16,False,False,False,none
LD001083,Nairobi,AGO,Aberdare Oil Traders,TRK-201,24200.0,3217349.9,3241546.7,2026-06-18 15:24:00,24196.80000000028,DS001070,24313.0,2026-06-18 16:06:00,Dispatched,1.0,24313.0,3726381.16,3726381.16,0.0,153.27,2026-06-18 21:06:00,14.0,3755839.9999999995,0.0,0.0,0.0,0.0,0.0,0.0,0.0,0.0,3726381.16,False,False,False,none
LD001084,Kisumu,PMS,Lakeview Energy,TRK-517,34700.0,1160236.5,1194931.9,2026-06-18 13:49:00,34695.39999999991,DS001071,34697.0,2026-06-18 16:12:00,Dispatched,1.0,34697.0,5642640.32,5642640.32,0.0,162.63,2026-06-19 16:12:00,3.0,5742850.0,1.0,0.0,0.0,0.0,0.0,0.0,0.0,0.0,5642640.32,False,False,False,none
LD001085,Kisumu,PMS,Rift Valley Fuels Ltd,TRK-405,24700.0,1830163.7,1854865.2,2026-06-18 15:11:00,24701.5,DS001072,24766.0,2026-06-18 17:57:00,Dispatched,1.0,24766.0,4125428.68,4125428.68,0.0,166.58,2026-06-19 21:57:00,1.0,4087850.0,1.0,0.0,0.0,0.0,0.0,0.0,0.0,0.0,4125428.68,False,False,False,none
LD001086,Kisumu,PMS,Mara Fuels,TRK-947,27500.0,2865197.7,2892696.8,2026-06-18 18:57:00,27499.099999999627,DS001073,27400.0,2026-06-18 20:02:00,Dispatched,1.0,27400.0,4526322.76,4526322.76,0.0,165.19,2026-06-21 02:02:00,14.0,4551250.0,2.0,0.0,0.0,0.0,0.0,0.0,0.0,0.0,4526322.76,False,False,False,none
LD001087,Kisumu,PMS,Amani Petroleum,TRK-494,32200.0,1617968.8,1650155.1,2026-06-18 12:31:00,32186.300000000047,DS001074,32156.0,2026-06-18 15:27:00,Dispatched,1.0,32156.0,5330242.57,3118699.0,2211543.5700000003,165.76,2026-06-19 18:27:00,21.0,5329100.0,1.0,0.0,0.0,0.0,0.0,0.0,0.0,2211543.5700000003,3118699.0,False,False,True,collections_gap
LD001088,Kisumu,PMS,Uhuru Energy Partners,TRK-129,29600.0,4998230.8,5027828.3,2026-06-18 19:35:00,29597.5,DS001075,29637.0,2026-06-18 20:05:00,Dispatched,1.0,29637.0,4952561.04,4952561.04,0.0,167.11,2026-06-19 00:05:00,21.0,4898800.0,0.0,0.0,0.0,0.0,0.0,0.0,0.0,0.0,4952561.04,False,False,False,none
LD001089,Kisumu,IK,Highland Energy Co,TRK-791,32300.0,2591462.8,2623760.9,2026-06-18 05:17:00,32298.100000000093,DS001076,32270.0,2026-06-18 06:09:00,Dispatched,1.0,32270.0,4433191.64,4433191.64,0.0,137.38,2026-06-18 11:09:00,45.0,4522000.0,0.0,0.0,0.0,0.0,0.0,0.0,0.0,0.0,4433191.64,False,True,False,none
LD001090,Kisumu,AGO,Pioneer Fuels Kenya,TRK-185,20500.0,1817793.5,1838295.4,2026-06-18 09:19:00,20501.899999999907,DS001077,19565.0,2026-06-18 10:51:00,Dispatched,1.0,19565.0,3080898.17,3080898.17,0.0,157.47,2026-06-19 11:51:00,1.0,3181599.9999999995,1.0,0.0,935.0,145112.0,0.0,0.0,0.0,145112.0,3080898.17,False,False,True,shrinkage
LD001091,Kisumu,AGO,Highland Energy Co,TRK-900,25400.0,3042323.0,3067726.8,2026-06-18 09:23:00,25403.799999999814,DS001078,25177.0,2026-06-18 11:47:00,Dispatched,1.0,25177.0,3831330.61,3831330.61,0.0,152.17581959725146,2026-06-18 11:47:00,1.0,3942079.9999999995,0.0,0.0,0.0,0.0,0.0,0.0,0.0,0.0,3831330.61,False,False,False,none
LD001092,Kisumu,IK,UNKNOWN CUSTOMER,TRK-575,28200.0,3005102.6,3033303.7,2026-06-18 22:28:00,28201.100000000093,DS001079,28031.0,2026-06-19 01:27:00,Dispatched,2.0,56062.0,7805876.16,7805876.16,0.0,139.24,2026-06-19 09:27:00,60.0,3948000.0,0.0,0.0,0.0,0.0,0.0,0.0,0.0,0.0,7805876.16,False,True,False,none
LD001093,Kisumu,AGO,Savannah Petroleum,TRK-593,20800.0,1139646.2,1160435.8,2026-06-18 10:00:00,20789.600000000093,DS001080,20788.0,2026-06-18 11:29:00,Dispatched,1.0,20788.0,3186680.23,3186680.23,0.0,153.29,2026-06-19 13:29:00,21.0,3228159.9999999995,1.0,0.0,0.0,0.0,0.0,0.0,0.0,0.0,3186680.23,False,False,False,none
LD001094,Kisumu,AGO,Equator Fuels,TRK-622,33400.0,1642718.3,1676126.9,2026-06-18 17:22:00,33408.59999999986,DS001081,33541.0,2026-06-18 18:18:00,Dispatched,1.0,33541.0,5258305.37,5258305.37,0.0,156.77,2026-06-21 00:18:00,1.0,5183680.0,2.0,0.0,0.0,0.0,0.0,0.0,0.0,0.0,5258305.37,False,False,False,none
LD001095,Kisumu,PMS,Lakeview Energy,TRK-504,20400.0,2796155.1,2816552.3,2026-06-18 22:36:00,20397.19999999972,DS001082,20329.0,2026-06-18 23:31:00,Dispatched,1.0,20329.0,3362763.21,3362763.21,0.0,165.42,2026-06-20 05:31:00,1.0,3376200.0,1.0,0.0,0.0,0.0,0.0,0.0,0.0,0.0,3362763.21,False,False,False,none
LD001096,Kisumu,AGO,Uhuru Energy Partners,TRK-616,29700.0,2124199.0,2153900.6,2026-06-18 22:17:00,29701.600000000093,DS001083,29585.0,2026-06-19 01:05:00,Dispatched,1.0,29585.0,4568741.78,4568741.78,0.0,154.43,2026-06-19 09:05:00,3.0,4609440.0,0.0,0.0,0.0,0.0,0.0,0.0,0.0,0.0,4568741.78,False,False,False,none
LD001097,Eldoret,AGO,Nyanza Petroleum Co,TRK-429,29800.0,1799365.1,1829165.6,2026-06-18 19:17:00,29800.5,DS001084,29857.0,2026-06-18 22:01:00,Dispatched,1.0,29857.0,4555460.72,4555460.72,0.0,152.58,2026-06-20 06:01:00,7.0,4624960.0,1.0,0.0,0.0,0.0,0.0,0.0,0.0,0.0,4555460.72,False,False,False,none
LD001098,Eldoret,AGO,Baraka Downstream,TRK-102,30400.0,1843125.8,1873522.6,2026-06-18 15:01:00,30396.800000000047,DS001085,30144.0,2026-06-18 17:12:00,Dispatched,1.0,30144.0,4650560.82,4650560.82,0.0,154.28,2026-06-20 01:12:00,1.0,4718080.0,1.0,0.0,0.0,0.0,0.0,0.0,0.0,0.0,4650560.82,False,False,False,none
LD001099,Eldoret,PMS,Tsavo Energy Group,TRK-813,28900.0,4425973.6,4454866.4,2026-06-18 05:43:00,28892.800000000745,DS001086,28933.0,2026-06-18 07:55:00,Dispatched,1.0,28933.0,4745953.05,4745953.05,0.0,164.0325251442989,2026-06-18 13:55:00,7.0,4782950.0,0.0,0.0,0.0,0.0,0.0,0.0,0.0,0.0,4745953.05,False,False,False,none
LD001100,Eldoret,AGO,Lakeview Energy,TRK-952,32000.0,2724449.6,2756444.3,2026-06-18 22:05:00,31994.69999999972,DS001087,32141.0,2026-06-19 00:28:00,Dispatched,1.0,32141.0,5068408.61,5068408.61,0.0,157.69,2026-06-19 08:28:00,14.0,4966400.0,0.0,0.0,0.0,0.0,0.0,0.0,0.0,0.0,5068408.61,False,False,False,none
LD001101,Eldoret,AGO,Summit Downstream Ltd,TRK-466,21400.0,2131204.5,2152596.1,2026-06-18 16:52:00,21391.600000000093,DS001088,21344.0,2026-06-18 18:11:00,Dispatched,1.0,20811.0,3239200.66,3239200.66,0.0,155.65,2026-06-19 00:11:00,1.0,3321279.9999999995,0.0,0.0,0.0,0.0,0.0,533.0,82961.45,82961.45,3239200.66,False,False,True,underbilling
LD001102,Eldoret,AGO,Kilele Fuels,TRK-297,25300.0,2175103.6,2200400.3,2026-06-18 05:07:00,25296.69999999972,DS001089,25221.0,2026-06-18 07:00:00,Dispatched,1.0,25221.0,3910238.38,3910238.38,0.0,155.04,2026-06-21 15:00:00,1.0,3926559.9999999995,3.0,0.0,0.0,0.0,0.0,0.0,0.0,0.0,3910238.38,False,False,False,none
LD001103,Nakuru,PMS,Aberdare Oil Traders,TRK-826,34900.0,2061985.6,2096893.5,2026-06-18 05:48:00,34907.89999999991,DS001090,34962.0,2026-06-18 08:46:00,Dispatched,1.0,34962.0,5719435.98,5719435.98,0.0,163.59,2026-06-21 13:46:00,7.0,5775950.0,3.0,0.0,0.0,0.0,0.0,0.0,0.0,0.0,5719435.98,False,False,False,none
LD001104,Nakuru,PMS,Nyanza Petroleum Co,TRK-605,25100.0,4392436.9,4417541.8,2026-06-18 14:51:00,25104.89999999944,DS001091,25012.0,2026-06-18 16:48:00,Dispatched,1.0,25012.0,4077532.58,4077532.58,0.0,163.02,2026-06-19 23:48:00,1.0,4154050.0,1.0,0.0,0.0,0.0,0.0,0.0,0.0,0.0,4077532.58,False,False,False,none
LD001105,Nakuru,PMS,Equator Fuels,TRK-753,35200.0,4539420.5,4574616.1,2026-06-18 11:00:00,35195.59999999963,DS001092,35286.0,2026-06-18 13:36:00,Dispatched,1.0,35286.0,5856162.04,5856162.04,0.0,165.96,2026-06-18 16:36:00,1.0,5825600.0,0.0,0.0,0.0,0.0,0.0,0.0,0.0,0.0,5856162.04,False,False,False,none
LD001106,Nakuru,AGO,Tsavo Energy Group,TRK-775,24500.0,4853441.3,4877946.1,2026-06-18 21:31:00,24504.799999999814,DS001093,24420.0,2026-06-18 23:35:00,Dispatched,,,,,0.0,,,,3802399.9999999995,,0.0,0.0,0.0,3789983.9999999995,0.0,0.0,3789983.9999999995,0.0,False,False,True,billing_gap
LD001107,Nakuru,PMS,Lakeview Energy,TRK-683,20200.0,3864199.9,3884404.3,2026-06-18 09:47:00,20204.399999999907,DS001094,20307.0,2026-06-18 10:35:00,Dispatched,1.0,20307.0,3342731.22,3342731.22,0.0,164.61,2026-06-19 15:35:00,3.0,3343100.0,1.0,0.0,0.0,0.0,0.0,0.0,0.0,0.0,3342731.22,False,False,False,none
LD001108,Nakuru,PMS,Highland Energy Co,TRK-797,35800.0,2247517.7,2283325.1,2026-06-18 05:44:00,35807.39999999991,DS001095,35871.0,2026-06-18 08:06:00,Dispatched,1.0,35871.0,5973535.16,5973535.16,0.0,166.53,2026-06-18 12:06:00,7.0,5924900.0,0.0,0.0,0.0,0.0,0.0,0.0,0.0,0.0,5973535.16,False,False,False,none
LD001109,Nakuru,PMS,Savannah Petroleum,TRK-430,25400.0,1315757.6,1341149.4,2026-06-18 18:41:00,25391.799999999814,DS001096,25403.0,2026-06-18 21:32:00,Dispatched,1.0,25403.0,4143131.2,0.0,4143131.2,163.1,2026-06-20 03:32:00,,4203700.0,1.0,0.0,0.0,0.0,0.0,0.0,0.0,4143131.2,0.0,False,False,True,collections_gap
LD001110,Nakuru,PMS,Delta Oil Marketers,TRK-877,25500.0,4338287.2,4363785.2,2026-06-18 21:29:00,25498.0,DS001097,25631.0,2026-06-18 23:29:00,Dispatched,1.0,25631.0,4319247.09,4319247.09,0.0,168.52,2026-06-26 02:29:00,21.0,4220250.0,7.0,0.0,0.0,0.0,0.0,0.0,0.0,0.0,4319247.09,True,False,False,none
LD001111,Nakuru,PMS,Kilele Fuels,TRK-501,35000.0,1742932.3,1777935.5,2026-06-18 18:34:00,35003.19999999995,DS001098,35108.0,2026-06-18 20:56:00,Dispatched,1.0,35108.0,5890294.14,5890294.14,0.0,167.78,2026-06-22 02:56:00,1.0,5792500.0,3.0,0.0,0.0,0.0,0.0,0.0,0.0,0.0,5890294.14,False,False,False,none
LD001112,Nakuru,PMS,Nyanza Petroleum Co,TRK-533,21000.0,1369442.1,1390441.1,2026-06-18 05:47:00,20999.0,DS001099,21023.0,2026-06-18 06:27:00,Dispatched,1.0,21023.0,3547976.89,3547976.89,0.0,168.77,2026-06-18 06:27:00,21.0,3475500.0,0.0,0.0,0.0,0.0,0.0,0.0,0.0,0.0,3547976.89,False,False,False,none
LD001113,Nakuru,PMS,Lakeview Energy,TRK-199,22600.0,3380851.3,3403451.7,2026-06-18 15:19:00,22600.400000000373,,,,,,,,,0.0,,,,3740300.0,,3740300.0,0.0,0.0,0.0,0.0,0.0,3740300.0,0.0,False,False,True,dispatch_capture_gap
LD001114,Nakuru,PMS,Mara Fuels,TRK-353,23900.0,2883841.0,2907726.0,2026-06-18 05:37:00,23885.0,DS001100,23766.0,2026-06-18 07:14:00,Dispatched,1.0,23766.0,3880271.54,2988908.76,891362.7800000003,163.27,2026-06-18 12:14:00,14.0,3955450.0,0.0,0.0,0.0,0.0,0.0,0.0,0.0,891362.7800000003,2988908.76,False,False,True,collections_gap
LD001115,Nakuru,PMS,Savannah Petroleum,TRK-632,30600.0,4004708.5,4035310.8,2026-06-18 15:53:00,30602.299999999814,DS001101,30536.0,2026-06-18 18:17:00,Dispatched,1.0,30536.0,4998264.94,4998264.94,0.0,163.68,2026-06-21 02:17:00,1.0,5064300.0,2.0,0.0,0.0,0.0,0.0,0.0,0.0,0.0,4998264.94,False,False,False,none
LD001116,Kisii,AGO,Horizon Oil Marketers,TRK-692,24700.0,1459187.7,1483895.3,2026-06-18 19:48:00,24707.600000000093,DS001102,24780.0,2026-06-18 20:30:00,Dispatched,1.0,24780.0,3788632.13,3788632.13,0.0,152.89,2026-06-20 03:30:00,7.0,3833439.9999999995,1.0,0.0,0.0,0.0,0.0,0.0,0.0,0.0,3788632.13,False,False,False,none
LD001117,Kisii,IK,Mara Fuels,TRK-810,35100.0,4136824.7,4171930.2,2026-06-18 06:24:00,35105.5,DS001103,34963.0,2026-06-18 06:58:00,Dispatched,1.0,34963.0,4906203.69,4906203.69,0.0,140.33,2026-06-19 08:58:00,14.0,4914000.0,1.0,0.0,0.0,0.0,0.0,0.0,0.0,0.0,4906203.69,False,False,False,none
LD001118,Kisii,PMS,Coastline Energy Ltd,TRK-542,24000.0,3868482.3,3892481.7,2026-06-18 19:03:00,23999.400000000373,DS001104,23945.0,2026-06-18 19:36:00,Dispatched,1.0,23945.0,3894654.32,3894654.32,0.0,162.65,2026-06-19 02:36:00,60.0,3972000.0,0.0,0.0,0.0,0.0,0.0,0.0,0.0,0.0,3894654.32,False,True,False,none
LD001119,Kisii,AGO,Coastline Energy Ltd,TRK-511,33700.0,2427074.8,2460770.8,2026-06-18 22:03:00,33696.0,DS001105,33597.0,2026-06-18 23:16:00,Dispatched,1.0,33597.0,5207776.8,5207776.8,0.0,155.01,2026-06-20 07:16:00,45.0,5230240.0,1.0,0.0,0.0,0.0,0.0,0.0,0.0,0.0,5207776.8,False,True,False,none
LD001120,Kisii,PMS,Summit Downstream Ltd,TRK-538,24800.0,1428228.7,1453033.8,2026-06-18 05:29:00,24805.100000000093,DS001106,24830.0,2026-06-18 07:27:00,Dispatched,1.0,24830.0,4178665.59,4178665.59,0.0,168.29,2026-06-18 13:27:00,7.0,4104400.0,0.0,0.0,0.0,0.0,0.0,0.0,0.0,0.0,4178665.59,False,False,False,none
LD001121,Kisii,PMS,Amani Petroleum,TRK-297,27000.0,3918847.6,3945848.3,2026-06-18 05:29:00,27000.69999999972,DS001107,27078.0,2026-06-18 07:43:00,Dispatched,1.0,27078.0,4546679.07,4546679.07,0.0,167.91,2026-06-18 11:43:00,14.0,4468500.0,0.0,0.0,0.0,0.0,0.0,0.0,0.0,0.0,4546679.07,False,False,False,none
LD001122,Kisii,PMS,Equator Fuels,TRK-229,33800.0,4289978.6,4323781.7,2026-06-18 07:37:00,33803.10000000056,DS001108,33898.0,2026-06-18 08:17:00,Dispatched,1.0,33898.0,5569474.2,5569474.2,0.0,164.3,2026-06-18 14:17:00,30.0,5593900.0,0.0,0.0,0.0,0.0,0.0,0.0,0.0,0.0,5569474.2,False,False,False,none
LD001123,Kisii,PMS,Crescent Oil Ltd,TRK-348,22800.0,2943269.7,2966071.4,2026-06-18 20:46:00,22801.69999999972,DS001109,22742.0,2026-06-18 21:50:00,Dispatched,1.0,22742.0,3750012.06,3750012.06,0.0,164.89,2026-06-19 03:50:00,30.0,3773400.0,0.0,0.0,0.0,0.0,0.0,0.0,0.0,0.0,3750012.06,False,False,False,none
LD001124,Mombasa,PMS,Uhuru Energy Partners,TRK-767,24800.0,3384327.8,3409124.1,2026-06-19 14:37:00,24796.30000000028,DS001110,24829.0,2026-06-19 16:55:00,Dispatched,1.0,24829.0,4099507.51,4099507.51,0.0,165.11,2026-06-19 22:55:00,7.0,4104400.0,0.0,0.0,0.0,0.0,0.0,0.0,0.0,0.0,4099507.51,False,False,False,none
LD001125,Mombasa,AGO,Baraka Downstream,TRK-416,26900.0,1657622.1,1684522.7,2026-06-19 22:49:00,26900.59999999986,DS001111,26827.0,2026-06-20 01:19:00,Dispatched,1.0,26827.0,4117470.73,4117470.73,0.0,153.48,2026-06-20 07:19:00,3.0,4174879.9999999995,0.0,0.0,0.0,0.0,0.0,0.0,0.0,0.0,4117470.73,False,False,False,none
LD001126,Mombasa,PMS,Pioneer Fuels Kenya,TRK-248,34400.0,2375830.7,2410225.7,2026-06-19 05:33:00,34395.0,DS001112,34378.0,2026-06-19 07:26:00,Dispatched,1.0,34378.0,5792178.5,5792178.5,0.0,168.49,2026-06-20 11:26:00,1.0,5693200.0,1.0,0.0,0.0,0.0,0.0,0.0,0.0,0.0,5792178.5,False,False,False,none
LD001127,Mombasa,AGO,Savannah Petroleum,TRK-300,31700.0,3634645.4,3666354.9,2026-06-19 22:54:00,31709.5,DS001113,31749.0,2026-06-20 00:34:00,Dispatched,1.0,31749.0,4969188.31,2824432.4,2144755.9099999997,156.51,2026-06-20 08:34:00,21.0,4919840.0,0.0,0.0,0.0,0.0,0.0,0.0,0.0,2144755.9099999997,2824432.4,False,False,True,collections_gap
LD001128,Mombasa,AGO,Delta Oil Marketers,TRK-578,34400.0,2598075.1,2632479.1,2026-06-19 15:12:00,34404.0,DS001114,34510.0,2026-06-19 17:48:00,Dispatched,1.0,34510.0,5355549.34,4463172.05,892377.29,155.19,2026-06-22 01:48:00,30.0,5338880.0,2.0,0.0,0.0,0.0,0.0,0.0,0.0,892377.29,4463172.05,False,False,True,collections_gap
LD001129,Mombasa,AGO,Tsavo Energy Group,TRK-997,25200.0,1043244.3,1068446.6,2026-06-19 18:21:00,25202.300000000047,DS001115,25038.0,2026-06-19 20:23:00,Dispatched,1.0,25038.0,3958391.36,3958391.36,0.0,158.1,2026-06-23 02:23:00,3.0,3911039.9999999995,3.0,0.0,0.0,0.0,0.0,0.0,0.0,0.0,3958391.36,False,False,False,none
LD001130,Mombasa,PMS,Nyanza Petroleum Co,TRK-577,21700.0,3307429.5,3329132.0,2026-06-19 05:40:00,21702.5,DS001116,21706.0,2026-06-19 07:34:00,Dispatched,1.0,21706.0,3614045.54,3614045.54,0.0,166.5,2026-06-19 12:34:00,21.0,3591350.0,0.0,0.0,0.0,0.0,0.0,0.0,0.0,0.0,3614045.54,False,False,False,none
LD001131,Mombasa,AGO,Summit Downstream Ltd,TRK-288,27400.0,1474836.4,1502237.1,2026-06-19 15:51:00,27400.700000000186,DS001117,27516.0,2026-06-19 18:38:00,Dispatched,1.0,27516.0,4254022.29,4254022.29,0.0,154.6,2026-06-20 19:38:00,3.0,4252480.0,1.0,0.0,0.0,0.0,0.0,0.0,0.0,0.0,4254022.29,False,False,False,none
LD001132,Mombasa,PMS,Highland Energy Co,TRK-397,31800.0,1129773.8,1161570.4,2026-06-19 16:01:00,31796.59999999986,DS001118,31822.0,2026-06-19 17:39:00,Dispatched,1.0,31165.0,5217634.26,5217634.26,0.0,167.42,2026-06-19 22:39:00,14.0,5262900.0,0.0,0.0,0.0,0.0,0.0,657.0,109994.93999999999,109994.93999999999,5217634.26,False,False,True,underbilling
LD001133,Mombasa,AGO,Rift Valley Fuels Ltd,TRK-390,30500.0,3129167.5,3159658.8,2026-06-19 16:02:00,30491.299999999814,DS001119,30508.0,2026-06-19 18:02:00,Dispatched,1.0,30508.0,4662850.05,4662850.05,0.0,152.84,2026-06-19 22:02:00,14.0,4733600.0,0.0,0.0,0.0,0.0,0.0,0.0,0.0,0.0,4662850.05,False,False,False,none
LD001134,Mombasa,AGO,Highland Energy Co,TRK-300,35000.0,4274960.9,4309963.8,2026-06-19 10:21:00,35002.89999999944,DS001120,34941.0,2026-06-19 12:57:00,Dispatched,1.0,34941.0,5332045.23,5332045.23,0.0,152.6,2026-06-22 12:57:00,3.0,5432000.0,3.0,0.0,0.0,0.0,0.0,0.0,0.0,0.0,5332045.23,False,False,False,none
LD001135,Mombasa,AGO,Baraka Downstream,TRK-906,35700.0,2038683.4,2074383.1,2026-06-19 08:01:00,35699.700000000186,DS001121,35848.0,2026-06-19 09:32:00,Dispatched,1.0,35848.0,5502801.18,5502801.18,0.0,153.5,2026-06-20 14:32:00,3.0,5540640.0,1.0,0.0,0.0,0.0,0.0,0.0,0.0,0.0,5502801.18,False,False,False,none
LD001136,Mombasa,IK,Nyanza Petroleum Co,TRK-481,25600.0,1201398.1,1227000.4,2026-06-19 14:29:00,25602.299999999814,DS001122,25560.0,2026-06-19 17:13:00,Dispatched,1.0,25560.0,3515368.28,0.0,3515368.28,137.53,2026-06-20 01:13:00,,3584000.0,0.0,0.0,0.0,0.0,0.0,0.0,0.0,3515368.28,0.0,False,False,True,collections_gap
LD001137,Mombasa,AGO,Baraka Downstream,TRK-233,20800.0,3768045.0,3788837.4,2026-06-19 07:07:00,20792.399999999907,DS001123,20794.0,2026-06-19 09:21:00,Dispatched,1.0,20794.0,3172700.05,3172700.05,0.0,152.5776690391459,2026-06-19 11:21:00,1.0,3228159.9999999995,0.0,0.0,0.0,0.0,0.0,0.0,0.0,0.0,3172700.05,False,False,False,none
LD001138,Mombasa,AGO,Crescent Oil Ltd,TRK-751,29800.0,2011432.5,2041231.3,2026-06-19 16:20:00,29798.800000000047,DS001124,29758.0,2026-06-19 17:54:00,Dispatched,1.0,29758.0,4645645.05,4645645.05,0.0,156.11,2026-06-21 01:54:00,1.0,4624960.0,1.0,0.0,0.0,0.0,0.0,0.0,0.0,0.0,4645645.05,False,False,False,none
LD001139,Nairobi,AGO,Highland Energy Co,TRK-252,25700.0,4294208.9,4319908.4,2026-06-19 11:54:00,25699.5,DS001125,25708.0,2026-06-19 13:50:00,Dispatched,1.0,25708.0,4028643.79,4028643.79,0.0,156.71,2026-06-19 16:50:00,30.0,3988639.9999999995,0.0,0.0,0.0,0.0,0.0,0.0,0.0,0.0,4028643.79,False,False,False,none
LD001140,Nairobi,PMS,Baraka Downstream,TRK-698,25600.0,2450239.2,2475845.8,2026-06-19 13:55:00,25606.599999999627,DS001126,25709.0,2026-06-19 15:43:00,Dispatched,1.0,25709.0,4242964.84,1389219.53,2853745.3099999996,165.04,2026-06-20 22:43:00,1.0,4236800.0,1.0,0.0,0.0,0.0,0.0,0.0,0.0,2853745.3099999996,1389219.53,False,False,True,collections_gap
LD001141,Nairobi,AGO,Crescent Oil Ltd,TRK-620,32900.0,2312717.9,2345610.3,2026-06-19 20:50:00,32892.39999999991,DS001127,32811.0,2026-06-19 23:36:00,Dispatched,1.0,32811.0,5078234.23,5078234.23,0.0,154.77,2026-06-20 00:36:00,3.0,5106080.0,0.0,0.0,0.0,0.0,0.0,0.0,0.0,0.0,5078234.23,False,False,False,none
LD001142,Nairobi,AGO,Mara Fuels,TRK-638,33500.0,1884954.8,1918440.6,2026-06-19 19:11:00,33485.80000000005,DS001128,33511.0,2026-06-19 20:31:00,Dispatched,1.0,33511.0,5238646.45,5238646.45,0.0,156.33,2026-06-27 02:31:00,30.0,5199200.0,7.0,0.0,0.0,0.0,0.0,0.0,0.0,0.0,5238646.45,True,False,False,none
LD001143,Nairobi,AGO,Pioneer Fuels Kenya,TRK-312,26100.0,4233623.0,4259720.9,2026-06-19 17:40:00,26097.900000000373,DS001129,26131.0,2026-06-19 20:09:00,Dispatched,1.0,26131.0,4093468.24,4093468.24,0.0,156.65,2026-06-20 00:09:00,3.0,4050719.9999999995,0.0,0.0,0.0,0.0,0.0,0.0,0.0,0.0,4093468.24,False,False,False,none
LD001144,Nairobi,AGO,Equator Fuels,TRK-486,27300.0,2213143.6,2240449.4,2026-06-19 12:25:00,27305.799999999814,DS001130,27233.0,2026-06-19 14:15:00,Dispatched,1.0,27233.0,4163284.04,4163284.04,0.0,152.88,2026-06-19 19:15:00,3.0,4236960.0,0.0,0.0,0.0,0.0,0.0,0.0,0.0,0.0,4163284.04,False,False,False,none
LD001145,Nairobi,PMS,Lakeview Energy,TRK-631,34900.0,1474575.1,1509476.1,2026-06-19 07:08:00,34901.0,DS001131,34894.0,2026-06-19 07:39:00,Dispatched,1.0,34894.0,5832943.08,5832943.08,0.0,167.16,2026-06-20 11:39:00,21.0,5775950.0,1.0,0.0,0.0,0.0,0.0,0.0,0.0,0.0,5832943.08,False,False,False,none
LD001146,Nairobi,AGO,Crescent Oil Ltd,TRK-561,28500.0,1130636.2,1159138.4,2026-06-19 19:32:00,28502.199999999953,DS001132,28658.0,2026-06-19 21:27:00,Dispatched,1.0,28658.0,4513400.95,4513400.95,0.0,157.49,2026-06-20 00:27:00,3.0,4423200.0,0.0,0.0,0.0,0.0,0.0,0.0,0.0,0.0,4513400.95,False,False,False,none
LD001147,Nairobi,PMS,Aberdare Oil Traders,TRK-283,27600.0,2630992.4,2658594.7,2026-06-19 20:20:00,27602.30000000028,DS001133,27454.0,2026-06-19 21:23:00,Dispatched,1.0,27454.0,4516345.92,4516345.92,0.0,164.51,2026-06-20 05:23:00,3.0,4567800.0,0.0,0.0,0.0,0.0,0.0,0.0,0.0,0.0,4516345.92,False,False,False,none
LD001148,Nairobi,PMS,Lakeview Energy,TRK-613,35500.0,3248755.2,3284250.3,2026-06-19 07:22:00,35495.09999999963,DS001134,35455.0,2026-06-19 07:57:00,Dispatched,1.0,35455.0,5863688.47,5863688.47,0.0,165.38,2026-06-29 12:57:00,21.0,5875250.0,10.0,0.0,0.0,0.0,0.0,0.0,0.0,0.0,5863688.47,True,False,False,none
LD001149,Nairobi,IK,Lakeview Energy,TRK-659,31400.0,1273801.8,1305197.0,2026-06-19 08:07:00,31395.199999999953,DS001135,31424.0,2026-06-19 10:04:00,Dispatched,1.0,31424.0,4453030.09,4453030.09,0.0,141.71,2026-06-21 11:04:00,3.0,4396000.0,2.0,0.0,0.0,0.0,0.0,0.0,0.0,0.0,4453030.09,False,False,False,none
LD001150,Nairobi,PMS,Coastline Energy Ltd,TRK-886,29800.0,4753928.6,4783727.6,2026-06-19 15:16:00,29799.0,DS001136,29766.0,2026-06-19 16:45:00,Dispatched,1.0,29766.0,4844476.19,4844476.19,0.0,162.75,2026-06-22 18:45:00,30.0,4931900.0,3.0,0.0,0.0,0.0,0.0,0.0,0.0,0.0,4844476.19,False,False,False,none
LD001151,Nairobi,AGO,Highland Energy Co,TRK-108,30600.0,1307212.2,1337815.8,2026-06-19 09:54:00,30603.600000000093,DS001137,30865.0,2026-06-19 10:49:00,Dispatched,1.0,30865.0,4841551.19,4841551.19,0.0,156.86,2026-06-19 13:49:00,14.0,4749120.0,0.0,0.0,0.0,0.0,0.0,0.0,0.0,0.0,4841551.19,False,False,False,none
LD001152,Nairobi,AGO,Pioneer Fuels Kenya,TRK-112,26500.0,4334576.0,4361065.8,2026-06-19 17:25:00,26489.799999999814,DS001138,26544.0,2026-06-19 19:05:00,Dispatched,1.0,26544.0,4129452.46,4129452.46,0.0,155.57,2026-06-21 01:05:00,7.0,4112799.9999999995,1.0,0.0,0.0,0.0,0.0,0.0,0.0,0.0,4129452.46,False,False,False,none
LD001153,Nairobi,AGO,Equator Fuels,TRK-628,33000.0,3447324.1,3480317.2,2026-06-19 12:14:00,32993.10000000009,DS001139,32897.0,2026-06-19 14:41:00,Dispatched,1.0,32897.0,5060920.47,5060920.47,0.0,153.84,2026-06-19 21:41:00,3.0,5121600.0,0.0,0.0,0.0,0.0,0.0,0.0,0.0,0.0,5060920.47,False,False,False,none
LD001154,Kisumu,PMS,Equator Fuels,TRK-814,27100.0,4000113.6,4027210.1,2026-06-19 07:20:00,27096.5,DS001140,26910.0,2026-06-19 09:27:00,Dispatched,1.0,26910.0,4413911.15,4413911.15,0.0,164.02,2026-06-20 16:27:00,30.0,4485050.0,1.0,0.0,0.0,0.0,0.0,0.0,0.0,0.0,4413911.15,False,False,False,none
LD001155,Kisumu,PMS,Zenith Petroleum,TRK-994,28500.0,3151131.7,3179627.2,2026-06-19 22:01:00,28495.5,DS001141,28529.0,2026-06-19 22:44:00,Dispatched,1.0,28529.0,4643692.29,4643692.29,0.0,162.77,2026-06-19 22:44:00,14.0,4716750.0,0.0,0.0,0.0,0.0,0.0,0.0,0.0,0.0,4643692.29,False,False,False,none
LD001156,Kisumu,IK,Zenith Petroleum,TRK-529,24600.0,3225312.0,3249908.5,2026-06-19 05:31:00,24596.5,DS001142,24544.0,2026-06-19 07:30:00,Dispatched,1.0,24544.0,3473114.91,3473114.91,0.0,141.51,2026-06-19 14:30:00,3.0,3444000.0,0.0,0.0,0.0,0.0,0.0,0.0,0.0,0.0,3473114.91,False,False,False,none
LD001157,Kisumu,AGO,Mara Fuels,TRK-681,20500.0,4628995.8,4649493.6,2026-06-19 22:19:00,20497.799999999814,DS001143,20579.0,2026-06-20 00:39:00,Dispatched,1.0,20579.0,3135839.04,3135839.04,0.0,152.38,2026-06-22 06:39:00,3.0,3181599.9999999995,2.0,0.0,0.0,0.0,0.0,0.0,0.0,0.0,3135839.04,False,False,False,none
LD001158,Kisumu,PMS,Crescent Oil Ltd,TRK-687,28300.0,3840459.1,3868756.4,2026-06-19 15:36:00,28297.299999999814,DS001144,28277.0,2026-06-19 17:28:00,Dispatched,1.0,28277.0,4691160.36,4691160.36,0.0,165.9,2026-06-20 00:28:00,7.0,4683650.0,0.0,0.0,0.0,0.0,0.0,0.0,0.0,0.0,4691160.36,False,False,False,none
LD001159,Kisumu,PMS,Highland Energy Co,TRK-586,21500.0,2270778.8,2292283.3,2026-06-19 17:04:00,21504.5,DS001145,21463.0,2026-06-19 19:05:00,Dispatched,1.0,21463.0,3598055.44,3598055.44,0.0,167.64,2026-06-19 19:05:00,21.0,3558250.0,0.0,0.0,0.0,0.0,0.0,0.0,0.0,0.0,3598055.44,False,False,False,none
LD001160,Eldoret,AGO,Coastline Energy Ltd,TRK-206,34900.0,4665682.2,4700579.7,2026-06-19 19:40:00,34897.5,DS001146,34839.0,2026-06-19 21:56:00,Dispatched,1.0,34839.0,5491704.04,5491704.04,0.0,157.63,2026-06-22 05:56:00,45.0,5416480.0,2.0,0.0,0.0,0.0,0.0,0.0,0.0,0.0,5491704.04,False,True,False,none
LD001161,Eldoret,PMS,Tsavo Energy Group,TRK-495,30200.0,3519282.6,3549489.9,2026-06-19 20:01:00,30207.299999999814,DS001147,30289.0,2026-06-19 21:22:00,Dispatched,1.0,30289.0,4983168.88,4983168.88,0.0,164.52,2026-06-20 22:22:00,14.0,4998100.0,1.0,0.0,0.0,0.0,0.0,0.0,0.0,0.0,4983168.88,False,False,False,none
LD001162,Eldoret,PMS,Kilele Fuels,TRK-630,28500.0,3709752.3,3738249.5,2026-06-19 21:04:00,28497.200000000186,DS001148,28536.0,2026-06-19 22:09:00,Dispatched,1.0,28536.0,4645092.5,4645092.5,0.0,162.78,2026-06-21 05:09:00,7.0,4716750.0,1.0,0.0,0.0,0.0,0.0,0.0,0.0,0.0,4645092.5,False,False,False,none
LD001163,Eldoret,PMS,Tsavo Energy Group,TRK-232,26900.0,3925985.9,3952884.4,2026-06-19 18:25:00,26898.5,DS001149,27042.0,2026-06-19 20:43:00,Dispatched,1.0,27042.0,4389002.03,4389002.03,0.0,162.3,2026-06-20 01:43:00,3.0,4451950.0,0.0,0.0,0.0,0.0,0.0,0.0,0.0,0.0,4389002.03,False,False,False,none
LD001164,Eldoret,AGO,Equator Fuels,TRK-310,33300.0,3161186.1,3194487.5,2026-06-19 07:24:00,33301.39999999991,DS001150,33279.0,2026-06-19 08:59:00,Dispatched,1.0,33279.0,5108722.71,5108722.71,0.0,153.51,2026-06-19 12:59:00,14.0,5168160.0,0.0,0.0,0.0,0.0,0.0,0.0,0.0,0.0,5108722.71,False,False,False,none
LD001165,Eldoret,AGO,Crescent Oil Ltd,TRK-417,33500.0,2725206.8,2758710.5,2026-06-19 20:10:00,33503.700000000186,DS001151,33587.0,2026-06-19 21:45:00,Dispatched,1.0,33587.0,5236748.81,5236748.81,0.0,155.92,2026-06-19 22:45:00,60.0,5199200.0,0.0,0.0,0.0,0.0,0.0,0.0,0.0,0.0,5236748.81,False,True,False,none
LD001166,Eldoret,AGO,UNKNOWN CUSTOMER,TRK-246,24000.0,4376849.3,4400848.2,2026-06-19 19:17:00,23998.900000000373,DS001152,24063.0,2026-06-19 19:50:00,Dispatched,1.0,24063.0,3686439.37,3686439.37,0.0,153.2,2026-06-29 21:50:00,7.0,3724799.9999999995,10.0,0.0,0.0,0.0,0.0,0.0,0.0,0.0,3686439.37,True,False,False,none
LD001167,Eldoret,AGO,Mara Fuels,TRK-602,27700.0,3056381.8,3084085.2,2026-06-19 12:33:00,27703.400000000373,DS001153,27756.0,2026-06-19 13:24:00,Dispatched,1.0,27756.0,4242206.73,4242206.73,0.0,152.84,2026-06-20 21:24:00,3.0,4299040.0,1.0,0.0,0.0,0.0,0.0,0.0,0.0,0.0,4242206.73,False,False,False,none
LD001168,Eldoret,AGO,Kilele Fuels,TRK-962,25200.0,1157077.7,1182268.9,2026-06-19 07:18:00,25191.199999999953,DS001154,25161.0,2026-06-19 08:48:00,Dispatched,1.0,25161.0,3872459.46,3872459.46,0.0,153.91,2026-06-26 08:48:00,1.0,3911039.9999999995,7.0,0.0,0.0,0.0,0.0,0.0,0.0,0.0,3872459.46,True,False,False,none
LD001169,Eldoret,PMS,Nyanza Petroleum Co,TRK-732,24400.0,1025516.2,1049923.7,2026-06-19 10:26:00,24407.5,DS001155,24435.0,2026-06-19 13:02:00,Dispatched,1.0,24435.0,4008903.01,1796352.96,2212550.05,164.06,2026-06-22 19:02:00,14.0,4038200.0,3.0,0.0,0.0,0.0,0.0,0.0,0.0,2212550.05,1796352.96,False,False,True,collections_gap
LD001170,Eldoret,AGO,Pioneer Fuels Kenya,TRK-815,25500.0,3684372.6,3709869.1,2026-06-19 10:44:00,25496.5,DS001156,25493.0,2026-06-19 13:32:00,Dispatched,1.0,25493.0,3910520.13,3910520.13,0.0,153.4,2026-06-21 16:32:00,45.0,3957599.9999999995,2.0,0.0,0.0,0.0,0.0,0.0,0.0,0.0,3910520.13,False,True,False,none
LD001171,Eldoret,AGO,Highland Energy Co,TRK-168,32900.0,4787025.0,4819931.7,2026-06-19 10:17:00,32906.700000000186,DS001157,32888.0,2026-06-19 11:12:00,Dispatched,1.0,32888.0,5041430.69,5041430.69,0.0,153.29,2026-06-19 18:12:00,3.0,5106080.0,0.0,0.0,0.0,0.0,0.0,0.0,0.0,0.0,5041430.69,False,False,False,none
LD001172,Nakuru,IK,Highland Energy Co,TRK-477,20400.0,3414115.2,3434512.8,2026-06-19 18:48:00,20397.599999999627,DS001158,20351.0,2026-06-19 20:16:00,Dispatched,1.0,20351.0,2887303.18,2887303.18,0.0,141.88,2026-06-20 03:16:00,3.0,2856000.0,0.0,0.0,0.0,0.0,0.0,0.0,0.0,0.0,2887303.18,False,False,False,none
LD001173,Nakuru,AGO,Kilele Fuels,TRK-312,30600.0,3752182.2,3782784.4,2026-06-19 15:26:00,30602.19999999972,DS001159,30405.0,2026-06-19 17:24:00,Dispatched,1.0,30405.0,4701090.39,4701090.39,0.0,154.62,2026-06-20 20:24:00,7.0,4749120.0,1.0,0.0,0.0,0.0,0.0,0.0,0.0,0.0,4701090.39,False,False,False,none
LD001174,Nakuru,AGO,Kilele Fuels,TRK-863,23600.0,2228865.7,2252459.9,2026-06-19 07:40:00,23594.19999999972,DS001160,23688.0,2026-06-19 08:24:00,Dispatched,1.0,23688.0,3671210.31,3671210.31,0.0,154.98,2026-06-26 16:24:00,45.0,3662719.9999999995,7.0,0.0,0.0,0.0,0.0,0.0,0.0,0.0,3671210.31,True,True,False,none
LD001175,Nakuru,PMS,Horizon Oil Marketers,TRK-239,28700.0,2668773.7,2697472.1,2026-06-19 05:16:00,28698.399999999907,DS001161,28737.0,2026-06-19 07:19:00,Dispatched,1.0,28737.0,4698252.52,4698252.52,0.0,163.49,2026-06-26 09:19:00,7.0,4749850.0,7.0,0.0,0.0,0.0,0.0,0.0,0.0,0.0,4698252.52,True,False,False,none
LD001176,Nakuru,AGO,Highland Energy Co,TRK-830,26700.0,4029131.9,4055830.2,2026-06-19 07:05:00,26698.30000000028,DS001162,26592.0,2026-06-19 08:35:00,Dispatched,1.0,26592.0,4046818.64,4046818.64,0.0,152.18,2026-06-22 13:35:00,3.0,4143839.9999999995,3.0,0.0,0.0,0.0,0.0,0.0,0.0,0.0,4046818.64,False,False,False,none
LD001177,Nakuru,AGO,Tsavo Energy Group,TRK-118,34400.0,1336510.6,1370906.4,2026-06-19 13:53:00,34395.799999999814,DS001163,34474.0,2026-06-19 15:57:00,Dispatched,1.0,34474.0,5333896.89,5333896.89,0.0,154.72,2026-06-20 23:57:00,3.0,5338880.0,1.0,0.0,0.0,0.0,0.0,0.0,0.0,0.0,5333896.89,False,False,False,none
LD001178,Nakuru,PMS,Summit Downstream Ltd,TRK-787,20300.0,3646874.7,3667173.6,2026-06-19 08:34:00,20298.899999999907,DS001164,20377.0,2026-06-19 10:28:00,Dispatched,1.0,20377.0,3379602.98,3379602.98,0.0,165.85,2026-06-20 13:28:00,7.0,3359650.0,1.0,0.0,0.0,0.0,0.0,0.0,0.0,0.0,3379602.98,False,False,False,none
LD001179,Nakuru,PMS,Equator Fuels,TRK-791,29600.0,1652076.5,1681674.6,2026-06-19 16:11:00,29598.100000000093,DS001165,29669.0,2026-06-19 17:30:00,Dispatched,1.0,29669.0,5008069.93,5008069.93,0.0,168.8,2026-06-19 21:30:00,30.0,4898800.0,0.0,0.0,0.0,0.0,0.0,0.0,0.0,0.0,5008069.93,False,False,False,none
LD001180,Nakuru,PMS,Amani Petroleum,TRK-833,33900.0,4705855.2,4739752.7,2026-06-19 06:53:00,33897.5,DS001166,33809.0,2026-06-19 08:26:00,Dispatched,1.0,33809.0,5698735.31,5698735.31,0.0,168.56,2026-06-26 09:26:00,3.0,5610450.0,7.0,0.0,0.0,0.0,0.0,0.0,0.0,0.0,5698735.31,True,False,False,none
LD001181,Nakuru,PMS,Savannah Petroleum,TRK-149,26700.0,1202489.9,1229190.3,2026-06-19 14:28:00,26700.40000000014,DS001167,26641.0,2026-06-19 15:19:00,Dispatched,1.0,26641.0,4460762.17,4460762.17,0.0,167.44,2026-06-26 15:19:00,7.0,4418850.0,7.0,0.0,0.0,0.0,0.0,0.0,0.0,0.0,4460762.17,True,False,False,none
LD001182,Nakuru,IK,Nyanza Petroleum Co,TRK-116,26300.0,1114609.7,1140907.1,2026-06-19 16:58:00,26297.40000000014,DS001168,26257.0,2026-06-19 19:57:00,Dispatched,1.0,26257.0,3733672.33,3733672.33,0.0,142.2,2026-06-30 00:57:00,14.0,3682000.0,10.0,0.0,0.0,0.0,0.0,0.0,0.0,0.0,3733672.33,True,False,False,none
LD001183,Nakuru,IK,Equator Fuels,TRK-164,29300.0,1045210.1,1074506.7,2026-06-19 15:52:00,29296.599999999977,DS001169,29376.0,2026-06-19 18:06:00,Dispatched,,,,,0.0,,,,4102000.0,,0.0,0.0,0.0,4112640.0,0.0,0.0,4112640.0,0.0,False,False,True,billing_gap
LD001184,Nakuru,AGO,Tsavo Energy Group,TRK-624,20600.0,3353408.9,3374013.9,2026-06-19 10:46:00,20605.0,DS001170,20630.0,2026-06-19 12:55:00,Dispatched,1.0,20630.0,3238247.7,3238247.7,0.0,156.97,2026-06-19 14:55:00,7.0,3197119.9999999995,0.0,0.0,0.0,0.0,0.0,0.0,0.0,0.0,3238247.7,False,False,False,none
LD001185,Nakuru,PMS,Equator Fuels,TRK-504,26400.0,4895201.7,4921593.0,2026-06-19 11:39:00,26391.299999999814,DS001171,26621.0,2026-06-19 13:03:00,Dispatched,1.0,26621.0,4443243.29,4443243.29,0.0,166.91,2026-06-22 16:03:00,3.0,4369200.0,3.0,0.0,0.0,0.0,0.0,0.0,0.0,0.0,4443243.29,False,False,False,none
LD001186,Nakuru,PMS,Mara Fuels,TRK-511,31400.0,2085968.0,2117369.7,2026-06-19 08:22:00,31401.700000000186,DS001172,31245.0,2026-06-19 09:13:00,Dispatched,1.0,31245.0,5081234.73,5081234.73,0.0,162.63,2026-06-19 15:13:00,45.0,5196700.0,0.0,0.0,0.0,0.0,0.0,0.0,0.0,0.0,5081234.73,False,True,False,none
LD001187,Kisii,PMS,Nyanza Petroleum Co,TRK-934,22100.0,3052732.3,3074826.5,2026-06-19 11:29:00,22094.200000000186,DS001173,22097.0,2026-06-19 12:38:00,Dispatched,1.0,22097.0,3723281.7,3723281.7,0.0,168.5,2026-06-21 14:38:00,14.0,3657550.0,2.0,0.0,0.0,0.0,0.0,0.0,0.0,0.0,3723281.7,False,False,False,none
LD001188,Kisii,PMS,Coastline Energy Ltd,TRK-611,23500.0,2270218.3,2293716.8,2026-06-19 11:26:00,23498.5,DS001174,23364.0,2026-06-19 12:15:00,Dispatched,1.0,23364.0,3812902.42,3812902.42,0.0,163.2,2026-06-19 20:15:00,21.0,3889250.0,0.0,0.0,0.0,0.0,0.0,0.0,0.0,0.0,3812902.42,False,False,False,none
LD001189,Kisii,PMS,Mara Fuels,TRK-813,24200.0,1350365.2,1374565.9,2026-06-19 08:38:00,24200.699999999953,DS001175,24243.0,2026-06-19 11:11:00,Dispatched,1.0,24243.0,4025476.45,2615849.81,1409626.6400000001,166.05,2026-06-19 15:11:00,60.0,4005100.0,0.0,0.0,0.0,0.0,0.0,0.0,0.0,1409626.6400000001,2615849.81,False,True,True,collections_gap
LD001190,Kisii,PMS,Delta Oil Marketers,TRK-118,24600.0,2118983.9,2143581.4,2026-06-19 15:54:00,24597.5,DS001176,24679.0,2026-06-19 18:19:00,Dispatched,1.0,24679.0,4102446.83,4102446.83,0.0,166.23,2026-06-19 21:19:00,7.0,4071300.0,0.0,0.0,0.0,0.0,0.0,0.0,0.0,0.0,4102446.83,False,False,False,none
LD001191,Kisii,PMS,Pioneer Fuels Kenya,TRK-113,25300.0,3651185.1,3676486.9,2026-06-19 12:32:00,25301.799999999814,DS001177,25409.0,2026-06-19 13:22:00,Dispatched,1.0,25409.0,4233908.34,4233908.34,0.0,166.63,2026-06-26 14:22:00,7.0,4187150.0,7.0,0.0,0.0,0.0,0.0,0.0,0.0,0.0,4233908.34,True,False,False,none
LD001192,Kisii,AGO,Nyanza Petroleum Co,TRK-875,31600.0,2937564.7,2969167.3,2026-06-19 08:19:00,31602.599999999627,DS001178,29870.0,2026-06-19 09:02:00,Dispatched,2.0,59740.0,9433253.92,9433253.92,0.0,157.91,2026-06-19 15:02:00,7.0,4904320.0,0.0,0.0,1730.0,268496.0,0.0,0.0,0.0,268496.0,9433253.92,False,False,True,shrinkage
LD001193,Kisii,PMS,Coastline Energy Ltd,TRK-484,31100.0,3211049.5,3242146.2,2026-06-19 16:31:00,31096.700000000186,DS001179,31118.0,2026-06-19 18:37:00,Dispatched,1.0,31118.0,5073473.28,5073473.28,0.0,163.04,2026-06-21 01:37:00,3.0,5147050.0,1.0,0.0,0.0,0.0,0.0,0.0,0.0,0.0,5073473.28,False,False,False,none
LD001194,Kisii,PMS,Mara Fuels,TRK-425,24700.0,4643210.7,4667907.5,2026-06-19 19:47:00,24696.799999999814,DS001180,24638.0,2026-06-19 20:25:00,Dispatched,1.0,23543.0,3949085.02,3949085.02,0.0,167.74,2026-06-21 01:25:00,60.0,4087850.0,1.0,0.0,0.0,0.0,0.0,1095.0,183675.30000000002,183675.30000000002,3949085.02,False,True,True,underbilling
LD001195,Kisii,AGO,Coastline Energy Ltd,TRK-334,28800.0,3935621.5,3964416.3,2026-06-19 18:41:00,28794.799999999814,DS001181,28757.0,2026-06-19 19:25:00,Dispatched,1.0,28757.0,4430490.9,4430490.9,0.0,154.07,2026-06-26 20:25:00,30.0,4469760.0,7.0,0.0,0.0,0.0,0.0,0.0,0.0,0.0,4430490.9,True,False,False,none
LD001196,Kisii,PMS,Savannah Petroleum,TRK-780,22000.0,1685179.8,1707171.1,2026-06-19 11:34:00,21991.300000000047,DS001182,22039.0,2026-06-19 13:45:00,Dispatched,1.0,22039.0,3585276.87,3585276.87,0.0,162.6787454058714,2026-06-19 20:45:00,3.0,3641000.0,0.0,0.0,0.0,0.0,0.0,0.0,0.0,0.0,3585276.87,False,False,False,none
LD001197,Kisii,AGO,Mara Fuels,TRK-744,33200.0,3339354.5,3372559.9,2026-06-19 17:33:00,33205.39999999991,DS001183,33220.0,2026-06-19 18:55:00,Dispatched,1.0,33220.0,5216614.42,5216614.42,0.0,157.03,2026-06-21 23:55:00,3.0,5152640.0,2.0,0.0,0.0,0.0,0.0,0.0,0.0,0.0,5216614.42,False,False,False,none
LD001198,Kisii,AGO,Savannah Petroleum,TRK-244,23900.0,4904130.8,4928027.9,2026-06-19 07:12:00,23897.10000000056,DS001184,23876.0,2026-06-19 08:58:00,Dispatched,1.0,23876.0,3690129.03,3690129.03,0.0,154.55,2026-06-19 14:58:00,1.0,3709279.9999999995,0.0,0.0,0.0,0.0,0.0,0.0,0.0,0.0,3690129.03,False,False,False,none
LD001199,Mombasa,PMS,Equator Fuels,TRK-180,34200.0,4582759.8,4616954.8,2026-06-20 22:53:00,34195.0,DS001185,34164.0,2026-06-21 01:11:00,Dispatched,1.0,34164.0,5748381.02,5748381.02,0.0,168.25843051164966,2026-06-28 01:11:00,30.0,5660100.0,7.0,0.0,0.0,0.0,0.0,0.0,0.0,0.0,5748381.02,True,False,False,none
LD001200,Mombasa,PMS,Uhuru Energy Partners,TRK-354,26600.0,1962126.3,1988722.5,2026-06-20 11:15:00,26596.199999999953,DS001186,26706.0,2026-06-20 14:05:00,Dispatched,1.0,26706.0,4469488.03,4469488.03,0.0,167.36,2026-06-20 18:05:00,7.0,4402300.0,0.0,0.0,0.0,0.0,0.0,0.0,0.0,0.0,4469488.03,False,False,False,none
LD001201,Mombasa,AGO,Delta Oil Marketers,TRK-468,30800.0,4304258.7,4335063.6,2026-06-20 11:17:00,30804.89999999944,DS001187,30773.0,2026-06-20 13:07:00,Dispatched,1.0,30773.0,4709912.73,4709912.73,0.0,153.05,2026-06-21 16:07:00,14.0,4780160.0,1.0,0.0,0.0,0.0,0.0,0.0,0.0,0.0,4709912.73,False,False,False,none
LD001202,Mombasa,PMS,Amani Petroleum,TRK-543,26400.0,1625267.9,1651670.5,2026-06-20 19:27:00,26402.600000000093,DS001188,26319.0,2026-06-20 22:16:00,Dispatched,1.0,26319.0,4299600.04,4299600.04,0.0,163.36,2026-06-20 22:16:00,45.0,4369200.0,0.0,0.0,0.0,0.0,0.0,0.0,0.0,0.0,4299600.04,False,True,False,none
LD001203,Mombasa,PMS,Lakeview Energy,TRK-407,31800.0,2441898.0,2473692.0,2026-06-20 17:27:00,31794.0,DS001189,31718.0,2026-06-20 20:17:00,Dispatched,1.0,31718.0,5273539.15,5273539.15,0.0,166.26,2026-06-21 00:17:00,7.0,5262900.0,0.0,0.0,0.0,0.0,0.0,0.0,0.0,0.0,5273539.15,False,False,False,none
LD001204,Mombasa,PMS,Kilele Fuels,TRK-675,21300.0,4970327.2,4991631.7,2026-06-20 19:19:00,21304.5,DS001190,21343.0,2026-06-20 22:09:00,Dispatched,1.0,21343.0,3517298.1,3517298.1,0.0,164.8,2026-06-20 22:09:00,30.0,3525150.0,0.0,0.0,0.0,0.0,0.0,0.0,0.0,0.0,3517298.1,False,False,False,none
LD001205,Mombasa,PMS,Baraka Downstream,TRK-104,22500.0,4953684.0,4976188.5,2026-06-20 20:12:00,22504.5,DS001191,22652.0,2026-06-20 22:21:00,Dispatched,1.0,22652.0,3687007.68,3687007.68,0.0,162.77,2026-06-22 05:21:00,7.0,3723750.0,1.0,0.0,0.0,0.0,0.0,0.0,0.0,0.0,3687007.68,False,False,False,none
LD001206,Mombasa,AGO,Zenith Petroleum,TRK-415,33900.0,2157758.1,2191667.2,2026-06-20 18:25:00,33909.10000000009,DS001192,33847.0,2026-06-20 18:57:00,Dispatched,1.0,33847.0,5232401.39,5232401.39,0.0,154.589812686501,2026-06-22 20:57:00,21.0,5261280.0,2.0,0.0,0.0,0.0,0.0,0.0,0.0,0.0,5232401.39,False,False,False,none
LD001207,Mombasa,AGO,Pioneer Fuels Kenya,TRK-881,27500.0,3477559.9,3505052.2,2026-06-20 08:24:00,27492.30000000028,DS001193,27677.0,2026-06-20 10:56:00,Dispatched,1.0,27677.0,4376964.02,0.0,4376964.02,158.14,2026-06-21 12:56:00,,4268000.0,1.0,0.0,0.0,0.0,0.0,0.0,0.0,4376964.02,0.0,False,False,True,collections_gap
LD001208,Nairobi,AGO,Delta Oil Marketers,TRK-477,29000.0,4402298.1,4431288.7,2026-06-20 16:32:00,28990.60000000056,DS001194,28999.0,2026-06-20 19:12:00,Dispatched,1.0,28999.0,4527328.03,4527328.03,0.0,156.12,2026-06-21 02:12:00,7.0,4500800.0,0.0,0.0,0.0,0.0,0.0,0.0,0.0,0.0,4527328.03,False,False,False,none
LD001209,Nairobi,IK,Delta Oil Marketers,TRK-932,23200.0,4737732.2,4760936.8,2026-06-20 12:15:00,23204.599999999627,DS001195,23181.0,2026-06-20 13:32:00,Dispatched,1.0,23181.0,3296523.26,3296523.26,0.0,142.21,2026-06-20 19:32:00,7.0,3248000.0,0.0,0.0,0.0,0.0,0.0,0.0,0.0,0.0,3296523.26,False,False,False,none
LD001210,Nairobi,AGO,Crescent Oil Ltd,TRK-797,28900.0,4118066.8,4146969.5,2026-06-20 09:16:00,28902.700000000186,DS001196,28821.0,2026-06-20 10:11:00,Dispatched,1.0,28821.0,4426790.42,4426790.42,0.0,153.6,2026-06-22 17:11:00,60.0,4485280.0,2.0,0.0,0.0,0.0,0.0,0.0,0.0,0.0,4426790.42,False,True,False,none
LD001211,Nairobi,PMS,Horizon Oil Marketers,TRK-759,20300.0,4273521.7,4293825.0,2026-06-20 10:00:00,20303.299999999814,DS001197,20288.0,2026-06-20 12:21:00,Dispatched,1.0,20288.0,3299263.75,2100946.12,1198317.63,162.62,2026-06-21 18:21:00,7.0,3359650.0,1.0,0.0,0.0,0.0,0.0,0.0,0.0,1198317.63,2100946.12,False,False,True,collections_gap
LD001212,Nairobi,AGO,Equator Fuels,TRK-269,24000.0,4462249.5,4486245.9,2026-06-20 07:33:00,23996.400000000373,DS001198,23946.0,2026-06-20 10:19:00,Dispatched,1.0,23946.0,3693970.56,3693970.56,0.0,154.26,2026-06-27 12:19:00,3.0,3724799.9999999995,7.0,0.0,0.0,0.0,0.0,0.0,0.0,0.0,3693970.56,True,False,False,none
LD001213,Nairobi,AGO,Summit Downstream Ltd,TRK-851,21600.0,1503820.8,1525418.5,2026-06-20 21:34:00,21597.699999999953,DS001199,21546.0,2026-06-20 22:05:00,Dispatched,1.0,21546.0,3319653.02,3319653.02,0.0,154.07,2026-06-23 05:05:00,1.0,3352319.9999999995,2.0,0.0,0.0,0.0,0.0,0.0,0.0,0.0,3319653.02,False,False,False,none
LD001214,Nairobi,PMS,Baraka Downstream,TRK-314,30800.0,3376967.3,3407771.8,2026-06-20 16:52:00,30804.5,DS001200,30647.0,2026-06-20 19:51:00,Dispatched,1.0,30647.0,5170190.92,5170190.92,0.0,168.7,2026-06-22 00:51:00,21.0,5097400.0,1.0,0.0,0.0,0.0,0.0,0.0,0.0,0.0,5170190.92,False,False,False,none
LD001215,Nairobi,PMS,UNKNOWN CUSTOMER,TRK-171,29700.0,3730129.8,3759821.2,2026-06-20 10:52:00,29691.400000000373,DS001201,29857.0,2026-06-20 12:55:00,Dispatched,1.0,29857.0,4874203.69,4874203.69,0.0,163.25,2026-06-23 16:55:00,7.0,4915350.0,3.0,0.0,0.0,0.0,0.0,0.0,0.0,0.0,4874203.69,False,False,False,none
LD001216,Nairobi,AGO,Tsavo Energy Group,TRK-820,24400.0,4074325.3,4098734.4,2026-06-20 18:10:00,24409.100000000093,DS001202,24478.0,2026-06-20 20:19:00,Dispatched,1.0,24478.0,3775968.58,3775968.58,0.0,154.26,2026-06-22 03:19:00,30.0,3786879.9999999995,1.0,0.0,0.0,0.0,0.0,0.0,0.0,0.0,3775968.58,False,False,False,none
LD001217,Nairobi,AGO,Kilele Fuels,TRK-317,23600.0,3769417.2,3793020.3,2026-06-20 21:07:00,23603.099999999627,DS001203,23619.0,2026-06-20 21:57:00,Dispatched,1.0,23619.0,3641502.24,3641502.24,0.0,154.18,2026-06-20 22:57:00,7.0,3662719.9999999995,0.0,0.0,0.0,0.0,0.0,0.0,0.0,0.0,3641502.24,False,False,False,none
LD001218,Nairobi,PMS,Equator Fuels,TRK-992,32000.0,1874855.6,1906849.0,2026-06-20 10:51:00,31993.399999999907,DS001204,31986.0,2026-06-20 13:29:00,Dispatched,1.0,31986.0,5302693.54,5302693.54,0.0,165.78,2026-06-20 14:29:00,7.0,5296000.0,0.0,0.0,0.0,0.0,0.0,0.0,0.0,0.0,5302693.54,False,False,False,none
LD001219,Nairobi,AGO,Tsavo Energy Group,TRK-187,21000.0,1523895.0,1544900.4,2026-06-20 08:55:00,21005.399999999907,DS001205,21000.0,2026-06-20 10:55:00,Dispatched,1.0,21000.0,3264075.17,3264075.17,0.0,155.43,2026-06-20 18:55:00,21.0,3259199.9999999995,0.0,0.0,0.0,0.0,0.0,0.0,0.0,0.0,3264075.17,False,False,False,none
LD001220,Nairobi,PMS,Pioneer Fuels Kenya,TRK-596,20700.0,3936605.0,3957306.6,2026-06-20 15:01:00,20701.600000000093,DS001206,20652.0,2026-06-20 17:08:00,Dispatched,1.0,20652.0,3389056.54,3389056.54,0.0,164.1,2026-06-20 18:08:00,7.0,3425850.0,0.0,0.0,0.0,0.0,0.0,0.0,0.0,0.0,3389056.54,False,False,False,none
LD001221,Kisumu,PMS,Pioneer Fuels Kenya,TRK-142,22900.0,3376567.5,3399462.5,2026-06-20 05:42:00,22895.0,DS001207,22822.0,2026-06-20 07:47:00,Dispatched,1.0,22822.0,3705971.23,3705971.23,0.0,162.39,2026-06-22 09:47:00,30.0,3789950.0,2.0,0.0,0.0,0.0,0.0,0.0,0.0,0.0,3705971.23,False,False,False,none
LD001222,Kisumu,AGO,Crescent Oil Ltd,TRK-879,20400.0,3490929.1,3511327.9,2026-06-20 05:24:00,20398.799999999814,DS001208,20444.0,2026-06-20 08:08:00,Dispatched,1.0,20444.0,3161173.4,3161173.4,0.0,154.63,2026-06-20 11:08:00,14.0,3166080.0,0.0,0.0,0.0,0.0,0.0,0.0,0.0,0.0,3161173.4,False,False,False,none
LD001223,Kisumu,AGO,Uhuru Energy Partners,TRK-798,32900.0,4368062.6,4400970.2,2026-06-20 15:38:00,32907.60000000056,DS001209,32874.0,2026-06-20 16:43:00,Dispatched,1.0,32874.0,5136536.87,5136536.87,0.0,156.25,2026-06-21 17:43:00,3.0,5106080.0,1.0,0.0,0.0,0.0,0.0,0.0,0.0,0.0,5136536.87,False,False,False,none
LD001224,Kisumu,AGO,Summit Downstream Ltd,TRK-158,30800.0,3897018.1,3927817.6,2026-06-20 16:42:00,30799.5,DS001210,30830.0,2026-06-20 17:29:00,Dispatched,1.0,30830.0,4729912.55,4729912.55,0.0,153.42,2026-06-20 17:29:00,14.0,4780160.0,0.0,0.0,0.0,0.0,0.0,0.0,0.0,0.0,4729912.55,False,False,False,none
LD001225,Kisumu,AGO,Summit Downstream Ltd,TRK-242,27900.0,3533647.0,3561544.9,2026-06-20 05:29:00,27897.899999999907,DS001211,27761.0,2026-06-20 07:47:00,Dispatched,1.0,27761.0,4391409.54,4391409.54,0.0,158.19,2026-06-23 11:47:00,1.0,4330080.0,3.0,0.0,0.0,0.0,0.0,0.0,0.0,0.0,4391409.54,False,False,False,none
LD001226,Kisumu,AGO,Nyanza Petroleum Co,TRK-733,32900.0,3368067.4,3400973.7,2026-06-20 13:44:00,32906.30000000028,DS001212,32869.0,2026-06-20 14:42:00,Dispatched,1.0,32869.0,5110750.4,5110750.4,0.0,155.49,2026-06-20 17:42:00,3.0,5106080.0,0.0,0.0,0.0,0.0,0.0,0.0,0.0,0.0,5110750.4,False,False,False,none
LD001227,Kisumu,AGO,Mara Fuels,TRK-468,22700.0,1098736.6,1121440.2,2026-06-20 11:00:00,22703.59999999986,DS001213,22621.0,2026-06-20 12:14:00,Dispatched,1.0,22621.0,3479461.59,3479461.59,0.0,153.82,2026-06-20 13:14:00,3.0,3523039.9999999995,0.0,0.0,0.0,0.0,0.0,0.0,0.0,0.0,3479461.59,False,False,False,none
LD001228,Eldoret,AGO,Delta Oil Marketers,TRK-727,29600.0,2363834.3,2393423.8,2026-06-20 12:38:00,29589.5,DS001214,29643.0,2026-06-20 14:06:00,Dispatched,1.0,29643.0,4626150.4,4626150.4,0.0,156.06,2026-06-20 20:06:00,14.0,4593920.0,0.0,0.0,0.0,0.0,0.0,0.0,0.0,0.0,4626150.4,False,False,False,none
LD001229,Eldoret,PMS,Horizon Oil Marketers,TRK-400,34700.0,2626362.1,2661064.3,2026-06-20 20:42:00,34702.19999999972,DS001215,34804.0,2026-06-20 22:58:00,Dispatched,1.0,34804.0,5855186.13,5855186.13,0.0,168.23,2026-06-21 02:58:00,1.0,5742850.0,0.0,0.0,0.0,0.0,0.0,0.0,0.0,0.0,5855186.13,False,False,False,none
LD001230,Eldoret,AGO,Pioneer Fuels Kenya,TRK-833,24700.0,3101881.2,3126577.5,2026-06-20 21:56:00,24696.299999999814,DS001216,24808.0,2026-06-21 00:02:00,Dispatched,1.0,24808.0,3823339.03,3823339.03,0.0,154.12,2026-06-22 07:02:00,3.0,3833439.9999999995,1.0,0.0,0.0,0.0,0.0,0.0,0.0,0.0,3823339.03,False,False,False,none
LD001231,Eldoret,PMS,Highland Energy Co,TRK-578,31200.0,4601056.4,4632259.6,2026-06-20 07:19:00,31203.199999999255,DS001217,31141.0,2026-06-20 08:44:00,Dispatched,1.0,31141.0,5054128.71,5054128.71,0.0,162.3,2026-06-22 08:44:00,3.0,5163600.0,2.0,0.0,0.0,0.0,0.0,0.0,0.0,0.0,5054128.71,False,False,False,none
LD001232,Eldoret,IK,Highland Energy Co,TRK-316,30900.0,4783698.6,4814603.9,2026-06-20 20:42:00,30905.300000000745,,,,,,,,,0.0,,,,4326000.0,,4326000.0,0.0,0.0,0.0,0.0,0.0,4326000.0,0.0,False,False,True,dispatch_capture_gap
LD001233,Eldoret,PMS,Mara Fuels,TRK-884,24700.0,1004448.4,1029144.0,2026-06-20 05:10:00,24695.599999999977,DS001218,24616.0,2026-06-20 06:36:00,Dispatched,1.0,24616.0,4050368.58,4050368.58,0.0,164.54,2026-06-20 06:36:00,1.0,4087850.0,0.0,0.0,0.0,0.0,0.0,0.0,0.0,0.0,4050368.58,False,False,False,none
LD001234,Eldoret,AGO,Horizon Oil Marketers,TRK-647,30600.0,3534846.4,3565442.8,2026-06-20 20:57:00,30596.399999999907,DS001219,30562.0,2026-06-20 22:25:00,Dispatched,1.0,30562.0,4712310.13,4712310.13,0.0,154.19,2026-06-20 22:25:00,1.0,4749120.0,0.0,0.0,0.0,0.0,0.0,0.0,0.0,0.0,4712310.13,False,False,False,none
LD001235,Eldoret,PMS,Nyanza Petroleum Co,TRK-884,29500.0,1064973.8,1094469.3,2026-06-20 15:55:00,29495.5,DS001220,29438.0,2026-06-20 17:11:00,Dispatched,1.0,29438.0,4804193.6,4804193.6,0.0,163.2,2026-06-20 23:11:00,3.0,4882250.0,0.0,0.0,0.0,0.0,0.0,0.0,0.0,0.0,4804193.6,False,False,False,none
LD001236,Eldoret,AGO,Summit Downstream Ltd,TRK-903,30600.0,3226313.7,3256919.6,2026-06-20 17:58:00,30605.899999999907,DS001221,30640.0,2026-06-20 19:10:00,Dispatched,1.0,30640.0,4848268.13,4848268.13,0.0,158.23,2026-06-20 23:10:00,3.0,4749120.0,0.0,0.0,0.0,0.0,0.0,0.0,0.0,0.0,4848268.13,False,False,False,none
LD001237,Eldoret,AGO,Horizon Oil Marketers,TRK-214,25500.0,1538305.1,1563806.3,2026-06-20 12:16:00,25501.199999999953,DS001222,25393.0,2026-06-20 13:57:00,Dispatched,1.0,25393.0,3888511.18,3888511.18,0.0,153.13,2026-06-20 17:57:00,1.0,3957599.9999999995,0.0,0.0,0.0,0.0,0.0,0.0,0.0,0.0,3888511.18,False,False,False,none
LD001238,Nakuru,AGO,Horizon Oil Marketers,TRK-230,30300.0,2153006.3,2183309.5,2026-06-20 11:47:00,30303.200000000186,DS001223,30141.0,2026-06-20 12:54:00,Dispatched,1.0,30141.0,4701881.97,4701881.97,0.0,156.0,2026-06-27 12:54:00,3.0,4702560.0,7.0,0.0,0.0,0.0,0.0,0.0,0.0,0.0,4701881.97,True,False,False,none
LD001239,Nakuru,AGO,Savannah Petroleum,TRK-294,24800.0,4564800.3,4589594.5,2026-06-20 05:19:00,24794.200000000186,DS001224,24774.0,2026-06-20 08:00:00,Dispatched,1.0,24774.0,3780139.5,3780139.5,0.0,152.58,2026-06-21 10:00:00,30.0,3848959.9999999995,1.0,0.0,0.0,0.0,0.0,0.0,0.0,0.0,3780139.5,False,False,False,none
LD001240,Nakuru,PMS,Baraka Downstream,TRK-716,21500.0,4261105.3,4282606.2,2026-06-20 16:51:00,21500.900000000373,DS001225,21547.0,2026-06-20 19:38:00,Dispatched,1.0,21547.0,3514364.31,0.0,3514364.31,163.1,2026-06-21 23:38:00,,3558250.0,1.0,0.0,0.0,0.0,0.0,0.0,0.0,3514364.31,0.0,False,False,True,collections_gap
LD001241,Nakuru,PMS,Kilele Fuels,TRK-935,34300.0,4294425.7,4328726.3,2026-06-20 05:34:00,34300.59999999963,DS001226,34194.0,2026-06-20 08:06:00,Dispatched,1.0,34194.0,5767575.44,5767575.44,0.0,168.67,2026-06-21 13:06:00,14.0,5676650.0,1.0,0.0,0.0,0.0,0.0,0.0,0.0,0.0,5767575.44,False,False,False,none
LD001242,Nakuru,AGO,Crescent Oil Ltd,TRK-864,33000.0,2536170.6,2569175.2,2026-06-20 19:09:00,33004.60000000009,DS001227,33084.0,2026-06-20 21:41:00,Dispatched,1.0,33084.0,5075913.94,5075913.94,0.0,153.43,2026-06-21 21:41:00,7.0,5121600.0,1.0,0.0,0.0,0.0,0.0,0.0,0.0,0.0,5075913.94,False,False,False,none
LD001243,Nakuru,AGO,Horizon Oil Marketers,TRK-968,30700.0,4955342.1,4986039.4,2026-06-20 14:32:00,30697.300000000745,DS001228,30734.0,2026-06-20 15:16:00,Dispatched,1.0,30734.0,4772383.74,4772383.74,0.0,155.28,2026-06-21 16:16:00,45.0,4764640.0,1.0,0.0,0.0,0.0,0.0,0.0,0.0,0.0,4772383.74,False,True,False,none
LD001244,Nakuru,AGO,Coastline Energy Ltd,TRK-485,27700.0,1552061.9,1579755.2,2026-06-20 11:31:00,27693.300000000047,DS001229,27829.0,2026-06-20 12:32:00,Dispatched,1.0,27829.0,4315278.5,4315278.5,0.0,155.06,2026-06-21 17:32:00,1.0,4299040.0,1.0,0.0,0.0,0.0,0.0,0.0,0.0,0.0,4315278.5,False,False,False,none
LD001245,Nakuru,PMS,Nyanza Petroleum Co,TRK-153,21300.0,4318891.5,4340191.2,2026-06-20 11:54:00,21299.700000000186,DS001230,21249.0,2026-06-20 14:10:00,Dispatched,,,,,0.0,,,,3525150.0,,0.0,0.0,0.0,3516709.5,0.0,0.0,3516709.5,0.0,False,False,True,billing_gap
LD001246,Nakuru,AGO,Tsavo Energy Group,TRK-661,21400.0,1263247.0,1284648.6,2026-06-20 14:52:00,21401.600000000093,DS001231,21297.0,2026-06-20 15:24:00,Dispatched,1.0,21297.0,3314806.42,3314806.42,0.0,155.65,2026-06-21 22:24:00,3.0,3321279.9999999995,1.0,0.0,0.0,0.0,0.0,0.0,0.0,0.0,3314806.42,False,False,False,none
LD001247,Kisii,PMS,Summit Downstream Ltd,TRK-640,29300.0,4249895.3,4279189.3,2026-06-20 20:22:00,29294.0,DS001232,29353.0,2026-06-20 21:54:00,Dispatched,1.0,29353.0,4921242.26,4921242.26,0.0,167.66,2026-07-01 00:54:00,30.0,4849150.0,10.0,0.0,0.0,0.0,0.0,0.0,0.0,0.0,4921242.26,True,False,False,none
LD001248,Kisii,PMS,Highland Energy Co,TRK-234,26400.0,3690029.1,3716423.7,2026-06-20 11:44:00,26394.600000000093,DS001233,26422.0,2026-06-20 14:12:00,Dispatched,1.0,26422.0,4412328.9,4412328.9,0.0,166.99,2026-06-20 21:12:00,14.0,4369200.0,0.0,0.0,0.0,0.0,0.0,0.0,0.0,0.0,4412328.9,False,False,False,none
LD001249,Kisii,AGO,Tsavo Energy Group,TRK-552,30900.0,2260957.7,2291859.4,2026-06-20 14:29:00,30901.69999999972,DS001234,30919.0,2026-06-20 15:44:00,Dispatched,,,,,0.0,,,,4795680.0,,0.0,0.0,0.0,4798628.8,0.0,0.0,4798628.8,0.0,False,False,True,billing_gap
LD001250,Kisii,PMS,Equator Fuels,TRK-300,22100.0,3313970.0,3336065.3,2026-06-20 09:13:00,22095.299999999814,DS001235,22031.0,2026-06-20 11:01:00,Dispatched,1.0,22031.0,3687309.37,3687309.37,0.0,167.36913303980754,2026-06-20 14:01:00,60.0,3657550.0,0.0,0.0,0.0,0.0,0.0,0.0,0.0,0.0,3687309.37,False,True,False,none
LD001251,Kisii,PMS,Baraka Downstream,TRK-537,31100.0,3802446.0,3833548.7,2026-06-20 08:43:00,31102.700000000186,DS001236,31172.0,2026-06-20 10:07:00,Dispatched,1.0,31172.0,5153508.61,5153508.61,0.0,165.32,2026-06-20 10:07:00,45.0,5147050.0,0.0,0.0,0.0,0.0,0.0,0.0,0.0,0.0,5153508.61,False,True,False,none
LD001252,Kisii,IK,Delta Oil Marketers,TRK-153,28000.0,3920996.8,3948998.6,2026-06-20 08:22:00,28001.80000000028,DS001237,27947.0,2026-06-20 09:34:00,Dispatched,1.0,27947.0,3878166.93,3878166.93,0.0,138.77,2026-06-22 17:34:00,3.0,3920000.0,2.0,0.0,0.0,0.0,0.0,0.0,0.0,0.0,3878166.93,False,False,False,none
LD001253,Kisii,AGO,Summit Downstream Ltd,TRK-221,29900.0,1746559.8,1776470.2,2026-06-20 09:40:00,29910.399999999907,DS001238,29918.0,2026-06-20 10:13:00,Dispatched,1.0,29918.0,4670046.85,4670046.85,0.0,156.09,2026-06-22 13:13:00,60.0,4640480.0,2.0,0.0,0.0,0.0,0.0,0.0,0.0,0.0,4670046.85,False,True,False,none
LD001254,Kisii,AGO,Summit Downstream Ltd,TRK-914,33600.0,1784982.9,1818577.8,2026-06-20 10:41:00,33594.90000000014,DS001239,33554.0,2026-06-20 11:54:00,Dispatched,1.0,33554.0,5191628.25,5191628.25,0.0,154.72,2026-06-20 16:54:00,45.0,5214720.0,0.0,0.0,0.0,0.0,0.0,0.0,0.0,0.0,5191628.25,False,True,False,none
LD001255,Kisii,AGO,Kilele Fuels,TRK-222,22000.0,4853919.8,4875919.5,2026-06-20 17:17:00,21999.700000000186,DS001240,22023.0,2026-06-20 18:17:00,Dispatched,1.0,22023.0,3379386.33,3379386.33,0.0,153.45,2026-06-23 23:17:00,7.0,3414399.9999999995,3.0,0.0,0.0,0.0,0.0,0.0,0.0,0.0,3379386.33,False,False,False,none
LD001256,Mombasa,PMS,Rift Valley Fuels Ltd,TRK-686,21400.0,1228107.7,1249502.8,2026-06-21 21:14:00,21395.100000000093,DS001241,21323.0,2026-06-21 23:58:00,Dispatched,1.0,21323.0,3558217.79,3558217.79,0.0,166.87,2026-06-23 00:58:00,60.0,3541700.0,1.0,0.0,0.0,0.0,0.0,0.0,0.0,0.0,3558217.79,False,True,False,none
LD001257,Mombasa,AGO,Pioneer Fuels Kenya,TRK-595,21700.0,3342350.7,3364043.0,2026-06-21 08:50:00,21692.299999999814,DS001242,21733.0,2026-06-21 09:34:00,Dispatched,1.0,21733.0,3401721.4,3401721.4,0.0,156.52,2026-06-24 11:34:00,1.0,3367839.9999999995,3.0,0.0,0.0,0.0,0.0,0.0,0.0,0.0,3401721.4,False,False,False,none
LD001258,Mombasa,AGO,Lakeview Energy,TRK-982,30200.0,4280270.0,4310471.3,2026-06-21 08:20:00,30201.299999999814,DS001243,30260.0,2026-06-21 10:25:00,Dispatched,1.0,30260.0,4771967.5,4771967.5,0.0,157.7,2026-06-22 14:25:00,14.0,4687040.0,1.0,0.0,0.0,0.0,0.0,0.0,0.0,0.0,4771967.5,False,False,False,none
LD001259,Mombasa,AGO,Highland Energy Co,TRK-902,20700.0,2992519.8,3013214.3,2026-06-21 05:25:00,20694.5,DS001244,20707.0,2026-06-21 07:42:00,Dispatched,1.0,20707.0,3241592.81,3241592.81,0.0,156.55,2026-06-23 13:42:00,3.0,3212639.9999999995,2.0,0.0,0.0,0.0,0.0,0.0,0.0,0.0,3241592.81,False,False,False,none
LD001260,Mombasa,AGO,Horizon Oil Marketers,TRK-312,24900.0,3454551.6,3479455.8,2026-06-21 22:45:00,24904.19999999972,DS001245,25023.0,2026-06-22 01:45:00,Dispatched,1.0,23315.0,3637577.65,3637577.65,0.0,156.02,2026-06-22 08:45:00,1.0,3864479.9999999995,0.0,0.0,0.0,0.0,0.0,1708.0,266482.16000000003,266482.16000000003,3637577.65,False,False,True,underbilling
LD001261,Mombasa,AGO,Highland Energy Co,TRK-421,34400.0,4239697.7,4274105.6,2026-06-21 10:00:00,34407.89999999944,DS001246,34421.0,2026-06-21 11:41:00,Dispatched,1.0,34421.0,5303530.13,5303530.13,0.0,154.08,2026-06-22 19:41:00,14.0,5338880.0,1.0,0.0,0.0,0.0,0.0,0.0,0.0,0.0,5303530.13,False,False,False,none
LD001262,Mombasa,PMS,Tsavo Energy Group,TRK-362,25800.0,3563862.1,3589665.0,2026-06-21 11:41:00,25802.899999999907,DS001247,25871.0,2026-06-21 13:33:00,Dispatched,1.0,25871.0,4290727.01,4290727.01,0.0,165.85,2026-06-21 19:33:00,3.0,4269900.0,0.0,0.0,0.0,0.0,0.0,0.0,0.0,0.0,4290727.01,False,False,False,none
LD001263,Mombasa,IK,Zenith Petroleum,TRK-275,27500.0,1759744.5,1787247.0,2026-06-21 21:19:00,27502.5,DS001248,27508.0,2026-06-21 22:58:00,Dispatched,1.0,27508.0,3809990.11,3809990.11,0.0,138.5,2026-06-22 05:58:00,14.0,3850000.0,0.0,0.0,0.0,0.0,0.0,0.0,0.0,0.0,3809990.11,False,False,False,none
LD001264,Mombasa,PMS,Coastline Energy Ltd,TRK-555,25700.0,4645356.8,4671065.8,2026-06-21 06:33:00,25709.0,DS001249,25764.0,2026-06-21 07:20:00,Dispatched,1.0,25764.0,4312634.76,4312634.76,0.0,167.39,2026-06-21 13:20:00,7.0,4253350.0,0.0,0.0,0.0,0.0,0.0,0.0,0.0,0.0,4312634.76,False,False,False,none
LD001265,Mombasa,AGO,Zenith Petroleum,TRK-622,20300.0,2263092.6,2283387.5,2026-06-21 21:58:00,20294.899999999907,DS001250,20207.0,2026-06-22 00:15:00,Dispatched,1.0,20207.0,3100561.75,3100561.75,0.0,153.44,2026-06-23 04:15:00,7.0,3150560.0,1.0,0.0,0.0,0.0,0.0,0.0,0.0,0.0,3100561.75,False,False,False,none
LD001266,Mombasa,AGO,Savannah Petroleum,TRK-406,30800.0,2583748.9,2614555.1,2026-06-21 06:15:00,30806.200000000186,DS001251,30803.0,2026-06-21 07:31:00,Dispatched,1.0,30803.0,4780431.94,4780431.94,0.0,155.19,2026-06-21 14:31:00,3.0,4780160.0,0.0,0.0,0.0,0.0,0.0,0.0,0.0,0.0,4780431.94,False,False,False,none
LD001267,Mombasa,AGO,Zenith Petroleum,TRK-846,32100.0,2816734.7,2848838.1,2026-06-21 11:37:00,32103.399999999907,DS001252,31991.0,2026-06-21 14:25:00,Dispatched,1.0,31991.0,4995352.88,4995352.88,0.0,156.15,2026-06-23 17:25:00,14.0,4981920.0,2.0,0.0,0.0,0.0,0.0,0.0,0.0,0.0,4995352.88,False,False,False,none
LD001268,Mombasa,AGO,Tsavo Energy Group,TRK-185,24000.0,1481789.4,1505788.7,2026-06-21 13:24:00,23999.300000000047,DS001253,24010.0,2026-06-21 14:19:00,Dispatched,1.0,24010.0,3716917.86,3716917.86,0.0,154.81,2026-06-21 22:19:00,30.0,3724799.9999999995,0.0,0.0,0.0,0.0,0.0,0.0,0.0,0.0,3716917.86,False,False,False,none
LD001269,Mombasa,IK,Equator Fuels,TRK-850,29400.0,4877287.2,4906684.2,2026-06-21 09:34:00,29397.0,DS001254,29434.0,2026-06-21 10:28:00,Dispatched,1.0,26935.0,3775738.9,3775738.9,0.0,140.18,2026-06-24 16:28:00,14.0,4116000.0,3.0,0.0,0.0,0.0,0.0,2499.0,350309.82,350309.82,3775738.9,False,False,True,underbilling
LD001270,Nairobi,AGO,Tsavo Energy Group,TRK-257,21200.0,1664210.1,1685409.3,2026-06-21 21:38:00,21199.199999999953,DS001255,21251.0,2026-06-21 22:10:00,Dispatched,1.0,21251.0,3248574.66,3248574.66,0.0,152.87,2026-06-21 23:10:00,14.0,3290239.9999999995,0.0,0.0,0.0,0.0,0.0,0.0,0.0,0.0,3248574.66,False,False,False,none
LD001271,Nairobi,PMS,Aberdare Oil Traders,TRK-212,21000.0,2997211.8,3018213.3,2026-06-21 12:04:00,21001.5,DS001256,21031.0,2026-06-21 14:00:00,Dispatched,1.0,21031.0,3488409.21,3488409.21,0.0,165.87,2026-06-21 20:00:00,7.0,3475500.0,0.0,0.0,0.0,0.0,0.0,0.0,0.0,0.0,3488409.21,False,False,False,none
LD001272,Nairobi,PMS,Mara Fuels,TRK-249,20000.0,3455917.8,3475917.6,2026-06-21 07:23:00,19999.80000000028,DS001257,19980.0,2026-06-21 09:11:00,Dispatched,1.0,19980.0,3254238.77,3254238.77,0.0,162.87,2026-06-21 12:11:00,7.0,3310000.0,0.0,0.0,0.0,0.0,0.0,0.0,0.0,0.0,3254238.77,False,False,False,none
LD001273,Nairobi,PMS,Summit Downstream Ltd,TRK-901,29900.0,2829772.2,2859667.3,2026-06-21 17:14:00,29895.099999999627,DS001258,29832.0,2026-06-21 18:55:00,Dispatched,1.0,29832.0,4847046.79,4847046.79,0.0,162.48,2026-06-22 02:55:00,7.0,4948450.0,0.0,0.0,0.0,0.0,0.0,0.0,0.0,0.0,4847046.79,False,False,False,none
LD001274,Nairobi,AGO,Delta Oil Marketers,TRK-457,26600.0,3921969.9,3948558.7,2026-06-21 14:37:00,26588.80000000028,DS001259,26413.0,2026-06-21 17:04:00,Dispatched,1.0,26413.0,4038687.85,4038687.85,0.0,152.91,2026-06-21 17:04:00,60.0,4128319.9999999995,0.0,0.0,0.0,0.0,0.0,0.0,0.0,0.0,4038687.85,False,True,False,none
LD001275,Nairobi,AGO,Mara Fuels,TRK-498,22200.0,1790556.9,1812754.1,2026-06-21 06:10:00,22197.200000000186,DS001260,22205.0,2026-06-21 07:03:00,Dispatched,1.0,22205.0,3486351.97,3486351.97,0.0,157.01,2026-06-21 13:03:00,21.0,3445439.9999999995,0.0,0.0,0.0,0.0,0.0,0.0,0.0,0.0,3486351.97,False,False,False,none
LD001276,Nairobi,AGO,Crescent Oil Ltd,TRK-512,28400.0,1444835.0,1473231.2,2026-06-21 22:35:00,28396.199999999953,DS001261,28497.0,2026-06-22 00:00:00,Dispatched,1.0,28497.0,4413075.34,4413075.34,0.0,154.86,2026-06-23 03:00:00,7.0,4407680.0,1.0,0.0,0.0,0.0,0.0,0.0,0.0,0.0,4413075.34,False,False,False,none
LD001277,Nairobi,PMS,Baraka Downstream,TRK-246,33900.0,2189446.1,2223348.5,2026-06-21 21:45:00,33902.39999999991,DS001262,33911.0,2026-06-22 00:17:00,Dispatched,1.0,33911.0,5639018.5,5639018.5,0.0,166.29,2026-06-22 07:17:00,7.0,5610450.0,0.0,0.0,0.0,0.0,0.0,0.0,0.0,0.0,5639018.5,False,False,False,none
LD001278,Kisumu,PMS,Nyanza Petroleum Co,TRK-528,31700.0,1835323.7,1867019.1,2026-06-21 16:45:00,31695.40000000014,DS001263,31692.0,2026-06-21 17:17:00,Dispatched,1.0,31692.0,5156193.37,5156193.37,0.0,162.7,2026-06-21 18:17:00,7.0,5246350.0,0.0,0.0,0.0,0.0,0.0,0.0,0.0,0.0,5156193.37,False,False,False,none
LD001279,Kisumu,PMS,Kilele Fuels,TRK-382,20900.0,3209464.6,3230369.6,2026-06-21 16:51:00,20905.0,DS001264,20909.0,2026-06-21 18:04:00,Dispatched,1.0,20909.0,3517475.83,3517475.83,0.0,168.23,2026-06-22 21:04:00,14.0,3458950.0,1.0,0.0,0.0,0.0,0.0,0.0,0.0,0.0,3517475.83,False,False,False,none
LD001280,Kisumu,PMS,Uhuru Energy Partners,TRK-965,29200.0,2381923.4,2411124.7,2026-06-21 07:19:00,29201.30000000028,DS001265,29166.0,2026-06-21 10:03:00,Dispatched,1.0,29166.0,4738348.99,4738348.99,0.0,162.46,2026-06-22 18:03:00,7.0,4832600.0,1.0,0.0,0.0,0.0,0.0,0.0,0.0,0.0,4738348.99,False,False,False,none
LD001281,Kisumu,PMS,Tsavo Energy Group,TRK-186,32800.0,3161115.6,3193916.2,2026-06-21 12:05:00,32800.60000000009,DS001266,32819.0,2026-06-21 12:50:00,Dispatched,1.0,32819.0,5337464.45,5337464.45,0.0,162.63,2026-06-24 13:50:00,14.0,5428400.0,3.0,0.0,0.0,0.0,0.0,0.0,0.0,0.0,5337464.45,False,False,False,none
LD001282,Kisumu,AGO,Rift Valley Fuels Ltd,TRK-534,34500.0,2585250.5,2619746.5,2026-06-21 20:51:00,34496.0,DS001267,34458.0,2026-06-21 23:12:00,Dispatched,1.0,34458.0,5324740.11,5324740.11,0.0,154.53,2026-06-25 02:12:00,3.0,5354400.0,3.0,0.0,0.0,0.0,0.0,0.0,0.0,0.0,5324740.11,False,False,False,none
LD001283,Kisumu,AGO,Highland Energy Co,TRK-515,24700.0,1573877.8,1598576.7,2026-06-21 21:43:00,24698.899999999907,DS001268,24633.0,2026-06-21 22:38:00,Dispatched,,,,,0.0,,,,3833439.9999999995,,0.0,0.0,0.0,3823041.5999999996,0.0,0.0,3823041.5999999996,0.0,False,False,True,billing_gap
LD001284,Kisumu,IK,Uhuru Energy Partners,TRK-867,29500.0,1322461.6,1351955.9,2026-06-21 05:45:00,29494.299999999814,DS001269,29493.0,2026-06-21 08:36:00,Dispatched,1.0,29493.0,4136088.45,4136088.45,0.0,140.24,2026-06-21 11:36:00,7.0,4130000.0,0.0,0.0,0.0,0.0,0.0,0.0,0.0,0.0,4136088.45,False,False,False,none
LD001285,Kisumu,IK,Crescent Oil Ltd,TRK-559,35000.0,4020534.5,4055540.5,2026-06-21 21:43:00,35006.0,DS001270,34990.0,2026-06-21 23:24:00,Dispatched,1.0,34990.0,4976730.82,4976730.82,0.0,142.23,2026-06-29 01:24:00,30.0,4900000.0,7.0,0.0,0.0,0.0,0.0,0.0,0.0,0.0,4976730.82,True,False,False,none
LD001286,Kisumu,PMS,Baraka Downstream,TRK-152,21300.0,2907355.5,2928657.1,2026-06-21 16:53:00,21301.600000000093,,,,,,,,,0.0,,,,3525150.0,,3525150.0,0.0,0.0,0.0,0.0,0.0,3525150.0,0.0,False,False,True,dispatch_capture_gap
LD001287,Eldoret,PMS,Mara Fuels,TRK-355,32500.0,2108277.0,2140779.8,2026-06-21 16:07:00,32502.799999999814,DS001271,32683.0,2026-06-21 18:29:00,Dispatched,1.0,32683.0,5451405.1,5451405.1,0.0,166.8,2026-06-22 19:29:00,3.0,5378750.0,1.0,0.0,0.0,0.0,0.0,0.0,0.0,0.0,5451405.1,False,False,False,none
LD001288,Eldoret,PMS,Aberdare Oil Traders,TRK-855,20600.0,2621691.3,2642287.2,2026-06-21 20:18:00,20595.900000000373,DS001272,20550.0,2026-06-21 22:59:00,Dispatched,1.0,20550.0,3427343.71,3427343.71,0.0,166.78,2026-06-22 23:59:00,60.0,3409300.0,1.0,0.0,0.0,0.0,0.0,0.0,0.0,0.0,3427343.71,False,True,False,none
LD001289,Eldoret,PMS,Amani Petroleum,TRK-136,28300.0,3322580.9,3350881.8,2026-06-21 14:59:00,28300.899999999907,DS001273,27318.0,2026-06-21 16:39:00,Dispatched,1.0,24666.0,4053771.51,4053771.51,0.0,164.35,2026-06-23 17:39:00,3.0,4683650.0,2.0,0.0,982.0,162521.0,0.0,2652.0,435856.2,598377.2,4053771.51,False,False,True,underbilling
LD001290,Eldoret,PMS,Kilele Fuels,TRK-462,27700.0,4238700.1,4266402.5,2026-06-21 05:39:00,27702.400000000373,DS001274,27687.0,2026-06-21 08:15:00,Dispatched,1.0,27687.0,4664556.43,4664556.43,0.0,168.47,2026-06-28 09:15:00,3.0,4584350.0,7.0,0.0,0.0,0.0,0.0,0.0,0.0,0.0,4664556.43,True,False,False,none
LD001291,Eldoret,PMS,UNKNOWN CUSTOMER,TRK-541,35200.0,1088264.6,1123461.7,2026-06-21 10:25:00,35197.09999999986,DS001275,35282.0,2026-06-21 12:54:00,Dispatched,1.0,35282.0,5769437.31,5769437.31,0.0,163.52,2026-06-21 14:54:00,7.0,5825600.0,0.0,0.0,0.0,0.0,0.0,0.0,0.0,0.0,5769437.31,False,False,False,none
LD001292,Eldoret,PMS,Baraka Downstream,TRK-599,22100.0,2759422.6,2781526.8,2026-06-21 21:57:00,22104.19999999972,DS001276,22008.0,2026-06-21 23:50:00,Dispatched,1.0,22008.0,3641278.66,3641278.66,0.0,165.45,2026-07-02 01:50:00,21.0,3657550.0,10.0,0.0,0.0,0.0,0.0,0.0,0.0,0.0,3641278.66,True,False,False,none
LD001293,Eldoret,AGO,Delta Oil Marketers,TRK-406,30300.0,2523807.4,2554108.1,2026-06-21 13:14:00,30300.700000000186,DS001277,30231.0,2026-06-21 14:29:00,Dispatched,1.0,30231.0,4629246.93,4629246.93,0.0,153.13,2026-06-22 15:29:00,21.0,4702560.0,1.0,0.0,0.0,0.0,0.0,0.0,0.0,0.0,4629246.93,False,False,False,none
LD001294,Eldoret,AGO,Aberdare Oil Traders,TRK-549,34400.0,2532861.5,2567258.6,2026-06-21 22:51:00,34397.10000000009,DS001278,34405.0,2026-06-22 00:12:00,Dispatched,1.0,34405.0,5282257.75,5282257.75,0.0,153.53,2026-06-25 06:12:00,3.0,5338880.0,3.0,0.0,0.0,0.0,0.0,0.0,0.0,0.0,5282257.75,False,False,False,none
LD001295,Eldoret,PMS,UNKNOWN CUSTOMER,TRK-991,23500.0,2770309.4,2793811.0,2026-06-21 16:47:00,23501.600000000093,DS001279,23461.0,2026-06-21 19:44:00,Dispatched,1.0,23461.0,3840569.7,3840569.7,0.0,163.7,2026-06-21 23:44:00,3.0,3889250.0,0.0,0.0,0.0,0.0,0.0,0.0,0.0,0.0,3840569.7,False,False,False,none
LD001296,Nakuru,PMS,Baraka Downstream,TRK-861,28100.0,1272436.1,1300542.1,2026-06-21 14:02:00,28106.0,DS001280,28070.0,2026-06-21 16:09:00,Dispatched,1.0,28070.0,4683278.66,4683278.66,0.0,166.84,2026-06-24 19:09:00,14.0,4650550.0,3.0,0.0,0.0,0.0,0.0,0.0,0.0,0.0,4683278.66,False,False,False,none
LD001297,Nakuru,PMS,Aberdare Oil Traders,TRK-600,23500.0,4741512.6,4765000.4,2026-06-21 11:30:00,23487.800000000745,DS001281,23496.0,2026-06-21 12:42:00,Dispatched,1.0,23496.0,3869461.8,3869461.8,0.0,164.69,2026-06-23 13:42:00,3.0,3889250.0,2.0,0.0,0.0,0.0,0.0,0.0,0.0,0.0,3869461.8,False,False,False,none
LD001298,Nakuru,AGO,Summit Downstream Ltd,TRK-859,20200.0,1989599.0,2009791.4,2026-06-21 09:20:00,20192.399999999907,DS001282,20242.0,2026-06-21 10:54:00,Dispatched,1.0,20242.0,3177926.08,3177926.08,0.0,157.0,2026-06-24 14:54:00,7.0,3135040.0,3.0,0.0,0.0,0.0,0.0,0.0,0.0,0.0,3177926.08,False,False,False,none
LD001299,Nakuru,PMS,Rift Valley Fuels Ltd,TRK-452,33900.0,1658513.7,1692412.5,2026-06-21 08:50:00,33898.80000000005,DS001283,33890.0,2026-06-21 09:24:00,Dispatched,1.0,33890.0,5714451.3,5714451.3,0.0,168.62,2026-06-23 14:24:00,7.0,5610450.0,2.0,0.0,0.0,0.0,0.0,0.0,0.0,0.0,5714451.3,False,False,False,none
LD001300,Nakuru,AGO,Mara Fuels,TRK-711,27700.0,1084084.4,1111784.2,2026-06-21 12:03:00,27699.800000000047,DS001284,27536.0,2026-06-21 13:11:00,Dispatched,1.0,27536.0,4292557.42,4292557.42,0.0,155.88892431725742,2026-06-21 15:11:00,14.0,4299040.0,0.0,0.0,0.0,0.0,0.0,0.0,0.0,0.0,4292557.42,False,False,False,none
LD001301,Nakuru,PMS,Delta Oil Marketers,TRK-539,33100.0,4299415.1,4332511.7,2026-06-21 14:18:00,33096.60000000056,DS001285,33040.0,2026-06-21 15:36:00,Dispatched,1.0,33040.0,5531744.63,5531744.63,0.0,167.43,2026-06-24 21:36:00,3.0,5478050.0,3.0,0.0,0.0,0.0,0.0,0.0,0.0,0.0,5531744.63,False,False,False,none
LD001302,Kisii,AGO,Aberdare Oil Traders,TRK-984,28700.0,2495232.4,2523937.0,2026-06-21 10:15:00,28704.600000000093,DS001286,28743.0,2026-06-21 13:02:00,Dispatched,1.0,28743.0,4385294.63,4385294.63,0.0,152.57,2026-06-22 21:02:00,3.0,4454240.0,1.0,0.0,0.0,0.0,0.0,0.0,0.0,0.0,4385294.63,False,False,False,none
LD001303,Kisii,AGO,Delta Oil Marketers,TRK-929,30000.0,1049364.2,1079366.4,2026-06-21 18:12:00,30002.199999999953,DS001287,30069.0,2026-06-21 20:16:00,Dispatched,1.0,28408.0,4353224.66,4353224.66,0.0,153.23939242466912,2026-06-23 04:16:00,7.0,4656000.0,1.0,0.0,0.0,0.0,0.0,1661.0,254530.6308173754,254530.6308173754,4353224.66,False,False,True,underbilling
LD001304,Kisii,PMS,Horizon Oil Marketers,TRK-139,23900.0,3392036.5,3415933.3,2026-06-21 09:14:00,23896.799999999814,DS001288,23959.0,2026-06-21 10:49:00,Dispatched,1.0,23959.0,3940352.38,3940352.38,0.0,164.46,2026-06-24 16:49:00,1.0,3955450.0,3.0,0.0,0.0,0.0,0.0,0.0,0.0,0.0,3940352.38,False,False,False,none
LD001305,Kisii,IK,Crescent Oil Ltd,TRK-985,26200.0,4419223.1,4445419.0,2026-06-21 18:01:00,26195.900000000373,DS001289,26287.0,2026-06-21 19:15:00,Dispatched,1.0,26287.0,3705558.75,3705558.75,0.0,140.96544870087877,2026-06-21 23:15:00,7.0,3668000.0,0.0,0.0,0.0,0.0,0.0,0.0,0.0,0.0,3705558.75,False,False,False,none
LD001306,Kisii,PMS,Nyanza Petroleum Co,TRK-536,27600.0,1029336.6,1056933.5,2026-06-21 14:44:00,27596.900000000023,DS001290,27610.0,2026-06-21 15:48:00,Dispatched,1.0,27610.0,4494384.53,4494384.53,0.0,162.78,2026-06-22 20:48:00,30.0,4567800.0,1.0,0.0,0.0,0.0,0.0,0.0,0.0,0.0,4494384.53,False,False,False,none
LD001307,Kisii,AGO,Horizon Oil Marketers,TRK-387,20400.0,3213162.6,3233563.6,2026-06-21 06:19:00,20401.0,DS001291,20416.0,2026-06-21 08:16:00,Dispatched,1.0,20416.0,3117164.81,3117164.81,0.0,152.68,2026-06-21 10:16:00,1.0,3166080.0,0.0,0.0,0.0,0.0,0.0,0.0,0.0,0.0,3117164.81,False,False,False,none
LD001308,Kisii,PMS,UNKNOWN CUSTOMER,TRK-776,23200.0,2032415.7,2055615.7,2026-06-21 06:11:00,23200.0,DS001292,23129.0,2026-06-21 09:04:00,Dispatched,1.0,23129.0,3752391.02,3752391.02,0.0,162.24,2026-06-21 10:04:00,1.0,3839600.0,0.0,0.0,0.0,0.0,0.0,0.0,0.0,0.0,3752391.02,False,False,False,none
LD001309,Kisii,PMS,Crescent Oil Ltd,TRK-289,21800.0,4670172.0,4691975.0,2026-06-21 20:17:00,21803.0,DS001293,21658.0,2026-06-21 22:49:00,Dispatched,1.0,21658.0,3560089.23,3560089.23,0.0,164.38,2026-06-21 23:49:00,1.0,3607900.0,0.0,0.0,0.0,0.0,0.0,0.0,0.0,0.0,3560089.23,False,False,False,none
LD001310,Kisii,PMS,Horizon Oil Marketers,TRK-799,34400.0,3099599.9,3134002.5,2026-06-21 14:07:00,34402.60000000009,DS001294,34254.0,2026-06-21 16:25:00,Dispatched,1.0,34254.0,5764112.92,5764112.92,0.0,168.28,2026-06-22 18:25:00,30.0,5693200.0,1.0,0.0,0.0,0.0,0.0,0.0,0.0,0.0,5764112.92,False,False,False,none
LD001311,Kisii,PMS,Pioneer Fuels Kenya,TRK-480,27200.0,2321565.9,2348760.1,2026-06-21 16:47:00,27194.200000000186,DS001295,27143.0,2026-06-21 19:17:00,Dispatched,1.0,27143.0,4529110.71,4529110.71,0.0,166.86,2026-06-22 20:17:00,1.0,4501600.0,1.0,0.0,0.0,0.0,0.0,0.0,0.0,0.0,4529110.71,False,False,False,none
LD001312,Kisii,PMS,Horizon Oil Marketers,TRK-860,27200.0,4747711.5,4774922.8,2026-06-21 17:05:00,27211.299999999814,DS001296,27089.0,2026-06-21 19:55:00,Cancelled,,,,,0.0,,,,4501600.0,,0.0,0.0,0.0,0.0,0.0,0.0,0.0,0.0,False,False,False,none
LD001313,Kisii,PMS,Kilele Fuels,TRK-176,35700.0,4185937.6,4221641.5,2026-06-21 11:12:00,35703.89999999991,DS001297,35669.0,2026-06-21 14:02:00,Dispatched,1.0,35669.0,5962636.77,5962636.77,0.0,167.17,2026-06-21 20:02:00,60.0,5908350.0,0.0,0.0,0.0,0.0,0.0,0.0,0.0,0.0,5962636.77,False,True,False,none
LD001314,Kisii,PMS,Equator Fuels,TRK-257,22700.0,1236423.3,1259128.9,2026-06-21 20:48:00,22705.59999999986,DS001298,22669.0,2026-06-21 23:00:00,Dispatched,1.0,22669.0,3745685.84,3745685.84,0.0,165.23,2026-06-23 01:00:00,7.0,3756850.0,1.0,0.0,0.0,0.0,0.0,0.0,0.0,0.0,3745685.84,False,False,False,none
LD001315,Kisii,PMS,Aberdare Oil Traders,TRK-877,31100.0,3915144.9,3946243.6,2026-06-21 22:45:00,31098.700000000186,DS001299,31187.0,2026-06-22 01:45:00,Dispatched,1.0,31187.0,5120887.96,5120887.96,0.0,164.2,2026-06-22 04:45:00,3.0,5147050.0,0.0,0.0,0.0,0.0,0.0,0.0,0.0,0.0,5120887.96,False,False,False,none
LD001316,Kisii,AGO,Horizon Oil Marketers,TRK-169,30800.0,1679490.4,1710287.9,2026-06-21 19:40:00,30797.5,DS001300,30710.0,2026-06-21 20:37:00,Dispatched,1.0,30710.0,4752094.81,4752094.81,0.0,154.74,2026-06-23 00:37:00,1.0,4780160.0,1.0,0.0,0.0,0.0,0.0,0.0,0.0,0.0,4752094.81,False,False,False,none
LD001317,Mombasa,AGO,Rift Valley Fuels Ltd,TRK-380,25300.0,4063886.3,4089195.2,2026-06-22 21:50:00,25308.900000000373,DS001301,25311.0,2026-06-23 00:10:00,Dispatched,1.0,25311.0,3886602.47,3886602.47,0.0,153.55,2026-06-26 07:10:00,14.0,3926559.9999999995,3.0,0.0,0.0,0.0,0.0,0.0,0.0,0.0,3886602.47,False,False,False,none
LD001318,Mombasa,PMS,Equator Fuels,TRK-507,29300.0,1088873.9,1118168.9,2026-06-22 06:50:00,29295.0,DS001302,29263.0,2026-06-22 07:41:00,Dispatched,1.0,29263.0,4860335.2,4860335.2,0.0,166.09,2026-06-22 07:41:00,14.0,4849150.0,0.0,0.0,0.0,0.0,0.0,0.0,0.0,0.0,4860335.2,False,False,False,none
LD001319,Mombasa,PMS,Highland Energy Co,TRK-510,35800.0,1165712.4,1201512.7,2026-06-22 21:24:00,35800.30000000005,DS001303,35692.0,2026-06-22 23:00:00,Dispatched,1.0,35692.0,5875066.4,5875066.4,0.0,164.6,2026-06-26 04:00:00,7.0,5924900.0,3.0,0.0,0.0,0.0,0.0,0.0,0.0,0.0,5875066.4,False,False,False,none
LD001320,Mombasa,PMS,Equator Fuels,TRK-109,35400.0,1459014.4,1494416.9,2026-06-22 10:36:00,35402.5,DS001304,35323.0,2026-06-22 12:46:00,Dispatched,1.0,35323.0,5783150.49,5783150.49,0.0,163.72,2026-06-23 14:46:00,3.0,5858700.0,1.0,0.0,0.0,0.0,0.0,0.0,0.0,0.0,5783150.49,False,False,False,none
LD001321,Mombasa,PMS,Aberdare Oil Traders,TRK-275,27800.0,1678016.4,1705817.1,2026-06-22 12:18:00,27800.700000000186,DS001305,27629.0,2026-06-22 12:48:00,Dispatched,1.0,27629.0,4625054.92,4625054.92,0.0,167.4,2026-06-23 20:48:00,7.0,4600900.0,1.0,0.0,0.0,0.0,0.0,0.0,0.0,0.0,4625054.92,False,False,False,none
LD001322,Mombasa,AGO,Baraka Downstream,TRK-384,23300.0,3350788.1,3374085.5,2026-06-22 14:02:00,23297.399999999907,DS001306,23352.0,2026-06-22 14:56:00,Dispatched,1.0,23352.0,3566984.83,3566984.83,0.0,152.75,2026-06-25 18:56:00,3.0,3616159.9999999995,3.0,0.0,0.0,0.0,0.0,0.0,0.0,0.0,3566984.83,False,False,False,none
LD001323,Mombasa,AGO,Nyanza Petroleum Co,TRK-315,21800.0,2327945.9,2349744.3,2026-06-22 06:41:00,21798.399999999907,DS001307,21892.0,2026-06-22 07:57:00,Dispatched,1.0,21892.0,3416616.85,3416616.85,0.0,156.06691257080212,2026-06-22 07:57:00,7.0,3383359.9999999995,0.0,0.0,0.0,0.0,0.0,0.0,0.0,0.0,3416616.85,False,False,False,none
LD001324,Mombasa,AGO,Lakeview Energy,TRK-662,30000.0,3589831.8,3619839.0,2026-06-22 16:20:00,30007.200000000186,DS001308,29976.0,2026-06-22 18:41:00,Dispatched,1.0,29976.0,4687746.97,4687746.97,0.0,156.38,2026-06-22 21:41:00,3.0,4656000.0,0.0,0.0,0.0,0.0,0.0,0.0,0.0,0.0,4687746.97,False,False,False,none
LD001325,Nairobi,PMS,Savannah Petroleum,TRK-110,35900.0,1962682.1,1998582.3,2026-06-22 14:20:00,35900.19999999995,DS001309,35903.0,2026-06-22 14:54:00,Dispatched,1.0,35903.0,5891693.39,5891693.39,0.0,164.1,2026-06-23 16:54:00,14.0,5941450.0,1.0,0.0,0.0,0.0,0.0,0.0,0.0,0.0,5891693.39,False,False,False,none
LD001326,Nairobi,AGO,Aberdare Oil Traders,TRK-650,23600.0,2597330.3,2620930.6,2026-06-22 13:11:00,23600.30000000028,DS001310,23579.0,2026-06-22 16:08:00,Dispatched,1.0,23579.0,3628728.75,3628728.75,0.0,153.9,2026-06-24 16:08:00,3.0,3662719.9999999995,2.0,0.0,0.0,0.0,0.0,0.0,0.0,0.0,3628728.75,False,False,False,none
LD001327,Nairobi,IK,Crescent Oil Ltd,TRK-936,26600.0,4912882.7,4939485.2,2026-06-22 13:55:00,26602.5,DS001311,26535.0,2026-06-22 14:59:00,Dispatched,1.0,26535.0,3761911.34,3761911.34,0.0,141.77,2026-07-02 22:59:00,7.0,3724000.0,10.0,0.0,0.0,0.0,0.0,0.0,0.0,0.0,3761911.34,True,False,False,none
LD001328,Nairobi,PMS,Summit Downstream Ltd,TRK-337,25300.0,3923481.4,3948778.7,2026-06-22 11:37:00,25297.30000000028,DS001312,25354.0,2026-06-22 14:30:00,Dispatched,1.0,25354.0,4122462.05,4122462.05,0.0,162.6,2026-06-24 20:30:00,7.0,4187150.0,2.0,0.0,0.0,0.0,0.0,0.0,0.0,0.0,4122462.05,False,False,False,none
LD001329,Nairobi,PMS,Delta Oil Marketers,TRK-289,26700.0,3313439.1,3340141.3,2026-06-22 20:05:00,26702.19999999972,DS001313,26726.0,2026-06-22 22:29:00,Dispatched,1.0,26726.0,4474471.36,4474471.36,0.0,167.42,2026-06-26 03:29:00,1.0,4418850.0,3.0,0.0,0.0,0.0,0.0,0.0,0.0,0.0,4474471.36,False,False,False,none
LD001330,Nairobi,AGO,Coastline Energy Ltd,TRK-266,33900.0,1238469.3,1272371.7,2026-06-22 10:41:00,33902.39999999991,DS001314,33604.0,2026-06-22 12:12:00,Dispatched,1.0,33604.0,5192862.3,5192862.3,0.0,154.53,2026-06-22 18:12:00,7.0,5261280.0,0.0,0.0,0.0,0.0,0.0,0.0,0.0,0.0,5192862.3,False,False,False,none
LD001331,Nairobi,AGO,Baraka Downstream,TRK-351,31100.0,1559949.5,1591055.9,2026-06-22 11:04:00,31106.399999999907,DS001315,31003.0,2026-06-22 12:18:00,Dispatched,1.0,31003.0,4904899.52,4904899.52,0.0,158.21,2026-06-22 14:18:00,3.0,4826720.0,0.0,0.0,0.0,0.0,0.0,0.0,0.0,0.0,4904899.52,False,False,False,none
LD001332,Nairobi,PMS,Rift Valley Fuels Ltd,TRK-486,26400.0,3078446.7,3104835.6,2026-06-22 21:08:00,26388.899999999907,DS001316,26237.0,2026-06-22 21:56:00,Dispatched,1.0,26237.0,4416948.88,4416948.88,0.0,168.35,2026-06-26 01:56:00,1.0,4369200.0,3.0,0.0,0.0,0.0,0.0,0.0,0.0,0.0,4416948.88,False,False,False,none
LD001333,Kisumu,PMS,Savannah Petroleum,TRK-888,20900.0,3531210.4,3552101.7,2026-06-22 05:48:00,20891.30000000028,DS001317,20998.0,2026-06-22 07:31:00,Dispatched,1.0,20998.0,3469101.11,3469101.11,0.0,165.21,2026-06-24 09:31:00,45.0,3458950.0,2.0,0.0,0.0,0.0,0.0,0.0,0.0,0.0,3469101.11,False,True,False,none
LD001334,Kisumu,PMS,Rift Valley Fuels Ltd,TRK-208,22000.0,2636340.6,2658350.0,2026-06-22 05:50:00,22009.399999999907,DS001318,21989.0,2026-06-22 06:33:00,Dispatched,1.0,21989.0,3596685.55,3596685.55,0.0,163.57,2026-06-22 07:33:00,3.0,3641000.0,0.0,0.0,0.0,0.0,0.0,0.0,0.0,0.0,3596685.55,False,False,False,none
LD001335,Kisumu,AGO,Baraka Downstream,TRK-676,25700.0,2211319.6,2237024.2,2026-06-22 07:12:00,25704.600000000093,DS001319,25719.0,2026-06-22 08:03:00,Dispatched,1.0,25719.0,3999037.03,3999037.03,0.0,155.49,2026-06-22 11:03:00,7.0,3988639.9999999995,0.0,0.0,0.0,0.0,0.0,0.0,0.0,0.0,3999037.03,False,False,False,none
LD001336,Kisumu,PMS,Nyanza Petroleum Co,TRK-808,29400.0,4754659.3,4784064.6,2026-06-22 20:09:00,29405.299999999814,DS001320,29369.0,2026-06-22 23:06:00,Dispatched,1.0,29369.0,4956186.25,4956186.25,0.0,168.76,2026-06-26 07:06:00,30.0,4865700.0,3.0,0.0,0.0,0.0,0.0,0.0,0.0,0.0,4956186.25,False,False,False,none
LD001337,Kisumu,PMS,Highland Energy Co,TRK-623,25600.0,1975207.8,2000802.3,2026-06-22 06:06:00,25594.5,,,,,,,,,0.0,,,,4236800.0,,4236800.0,0.0,0.0,0.0,0.0,0.0,4236800.0,0.0,False,False,True,dispatch_capture_gap
LD001338,Kisumu,PMS,Nyanza Petroleum Co,TRK-250,25000.0,1898409.8,1923412.7,2026-06-22 12:01:00,25002.899999999907,DS001321,25083.0,2026-06-22 14:39:00,Dispatched,1.0,25083.0,4184000.47,4184000.47,0.0,166.81,2026-06-22 17:39:00,3.0,4137500.0,0.0,0.0,0.0,0.0,0.0,0.0,0.0,0.0,4184000.47,False,False,False,none
LD001339,Kisumu,PMS,Horizon Oil Marketers,TRK-212,21100.0,4309995.0,4331094.1,2026-06-22 17:43:00,21099.099999999627,DS001322,21154.0,2026-06-22 20:27:00,Dispatched,1.0,21154.0,3499437.62,3499437.62,0.0,165.4267571144937,2026-06-24 03:27:00,30.0,3492050.0,1.0,0.0,0.0,0.0,0.0,0.0,0.0,0.0,3499437.62,False,False,False,none
LD001340,Kisumu,IK,Lakeview Energy,TRK-221,20700.0,3797357.9,3818049.6,2026-06-22 14:22:00,20691.700000000186,DS001323,20687.0,2026-06-22 16:38:00,Dispatched,1.0,20687.0,2881277.77,2881277.77,0.0,139.28,2026-06-24 00:38:00,3.0,2898000.0,1.0,0.0,0.0,0.0,0.0,0.0,0.0,0.0,2881277.77,False,False,False,none
LD001341,Kisumu,AGO,Uhuru Energy Partners,TRK-714,25300.0,3978946.9,4004240.4,2026-06-22 09:11:00,25293.5,DS001324,25430.0,2026-06-22 10:58:00,Dispatched,1.0,25430.0,3979170.1,3979170.1,0.0,156.48,2026-06-29 12:58:00,14.0,3926559.9999999995,7.0,0.0,0.0,0.0,0.0,0.0,0.0,0.0,3979170.1,True,False,False,none
LD001342,Kisumu,PMS,Coastline Energy Ltd,TRK-206,28200.0,1522018.2,1550216.3,2026-06-22 14:39:00,28198.100000000093,DS001325,28216.0,2026-06-22 16:45:00,Dispatched,1.0,28216.0,4621635.04,4621635.04,0.0,163.79,2026-06-24 23:45:00,14.0,4667100.0,2.0,0.0,0.0,0.0,0.0,0.0,0.0,0.0,4621635.04,False,False,False,none
LD001343,Kisumu,AGO,Lakeview Energy,TRK-982,27000.0,2269221.9,2296217.3,2026-06-22 13:51:00,26995.399999999907,DS001326,26882.0,2026-06-22 14:39:00,Dispatched,1.0,26882.0,4154453.63,4154453.63,0.0,154.54,2026-06-22 18:39:00,45.0,4190399.9999999995,0.0,0.0,0.0,0.0,0.0,0.0,0.0,0.0,4154453.63,False,True,False,none
LD001344,Eldoret,PMS,Delta Oil Marketers,TRK-215,20100.0,2984956.9,3005059.7,2026-06-22 17:28:00,20102.80000000028,DS001327,20106.0,2026-06-22 19:45:00,Dispatched,1.0,20106.0,3385947.49,3385947.49,0.0,168.4,2026-06-24 20:45:00,14.0,3326550.0,2.0,0.0,0.0,0.0,0.0,0.0,0.0,0.0,3385947.49,False,False,False,none
LD001345,Eldoret,IK,Lakeview Energy,TRK-230,24600.0,3938433.2,3963033.5,2026-06-22 13:09:00,24600.299999999814,DS001328,24638.0,2026-06-22 14:35:00,Dispatched,1.0,24638.0,3487146.18,3487146.18,0.0,141.54,2026-06-22 18:35:00,7.0,3444000.0,0.0,0.0,0.0,0.0,0.0,0.0,0.0,0.0,3487146.18,False,False,False,none
LD001346,Eldoret,PMS,Delta Oil Marketers,TRK-523,35100.0,1697637.1,1732735.3,2026-06-22 20:27:00,35098.19999999995,DS001329,35086.0,2026-06-22 22:28:00,Dispatched,1.0,35086.0,5759170.8,5759170.8,0.0,164.14,2026-06-24 05:28:00,14.0,5809050.0,1.0,0.0,0.0,0.0,0.0,0.0,0.0,0.0,5759170.8,False,False,False,none
LD001347,Eldoret,PMS,Uhuru Energy Partners,TRK-651,27500.0,1365688.0,1393192.3,2026-06-22 12:24:00,27504.300000000047,DS001330,27466.0,2026-06-22 13:28:00,Dispatched,1.0,27466.0,4599843.58,4599843.58,0.0,167.47,2026-06-24 19:28:00,3.0,4551250.0,2.0,0.0,0.0,0.0,0.0,0.0,0.0,0.0,4599843.58,False,False,False,none
LD001348,Eldoret,AGO,Lakeview Energy,TRK-531,26500.0,3085508.1,3112018.7,2026-06-22 12:24:00,26510.600000000093,DS001331,26640.0,2026-06-22 13:04:00,Dispatched,1.0,26640.0,4102306.71,4102306.71,0.0,153.99,2026-06-22 13:04:00,14.0,4112799.9999999995,0.0,0.0,0.0,0.0,0.0,0.0,0.0,0.0,4102306.71,False,False,False,none
LD001349,Eldoret,AGO,Rift Valley Fuels Ltd,TRK-971,34300.0,1785177.2,1819481.9,2026-06-22 12:23:00,34304.69999999995,DS001332,34178.0,2026-06-22 14:00:00,Dispatched,1.0,34178.0,5237912.73,5237912.73,0.0,153.25,2026-06-23 19:00:00,3.0,5323360.0,1.0,0.0,0.0,0.0,0.0,0.0,0.0,0.0,5237912.73,False,False,False,none
LD001350,Eldoret,AGO,Horizon Oil Marketers,TRK-457,29600.0,4240644.4,4270245.3,2026-06-22 09:58:00,29600.89999999944,DS001333,29355.0,2026-06-22 11:41:00,Dispatched,1.0,29355.0,4572540.31,4572540.31,0.0,155.77,2026-06-25 14:41:00,14.0,4593920.0,3.0,0.0,0.0,0.0,0.0,0.0,0.0,0.0,4572540.31,False,False,False,none
LD001351,Eldoret,PMS,Highland Energy Co,TRK-531,26900.0,3999439.7,4026340.4,2026-06-22 09:53:00,26900.69999999972,DS001334,27031.0,2026-06-22 11:53:00,Dispatched,1.0,27031.0,4417089.15,4417089.15,0.0,163.41,2026-06-22 19:53:00,14.0,4451950.0,0.0,0.0,0.0,0.0,0.0,0.0,0.0,0.0,4417089.15,False,False,False,none
LD001352,Eldoret,AGO,Baraka Downstream,TRK-812,22900.0,2075190.5,2098094.6,2026-06-22 06:47:00,22904.100000000093,DS001335,22816.0,2026-06-22 07:24:00,Dispatched,1.0,22816.0,3574777.81,3574777.81,0.0,156.68,2026-06-29 08:24:00,30.0,3554079.9999999995,7.0,0.0,0.0,0.0,0.0,0.0,0.0,0.0,3574777.81,True,False,False,none
LD001353,Eldoret,PMS,Uhuru Energy Partners,TRK-818,23200.0,1987428.1,2010630.7,2026-06-22 05:44:00,23202.59999999986,DS001336,23180.0,2026-06-22 08:01:00,Dispatched,1.0,23180.0,3770689.23,3770689.23,0.0,162.67,2026-06-24 11:01:00,7.0,3839600.0,2.0,0.0,0.0,0.0,0.0,0.0,0.0,0.0,3770689.23,False,False,False,none
LD001354,Eldoret,AGO,Baraka Downstream,TRK-180,29400.0,2705999.0,2735389.8,2026-06-22 10:01:00,29390.799999999814,DS001337,29367.0,2026-06-22 10:36:00,Dispatched,1.0,29367.0,4547500.78,4547500.78,0.0,154.85,2026-06-25 11:36:00,21.0,4562880.0,3.0,0.0,0.0,0.0,0.0,0.0,0.0,0.0,4547500.78,False,False,False,none
LD001355,Eldoret,PMS,Tsavo Energy Group,TRK-243,29800.0,1326299.7,1356092.3,2026-06-22 18:09:00,29792.600000000093,DS001338,29910.0,2026-06-22 19:57:00,Dispatched,1.0,29910.0,5041125.4,5041125.4,0.0,168.54,2026-06-23 20:57:00,3.0,4931900.0,1.0,0.0,0.0,0.0,0.0,0.0,0.0,0.0,5041125.4,False,False,False,none
LD001356,Eldoret,AGO,Rift Valley Fuels Ltd,TRK-259,24500.0,2601251.3,2625751.8,2026-06-22 15:28:00,24500.5,DS001339,24605.0,2026-06-22 17:19:00,Dispatched,1.0,24605.0,3815988.77,3815988.77,0.0,155.09,2026-06-22 21:19:00,3.0,3802399.9999999995,0.0,0.0,0.0,0.0,0.0,0.0,0.0,0.0,3815988.77,False,False,False,none
LD001357,Eldoret,AGO,Tsavo Energy Group,TRK-952,33000.0,1055448.5,1088455.2,2026-06-22 10:32:00,33006.69999999995,DS001340,32872.0,2026-06-22 13:32:00,Dispatched,1.0,32872.0,5101641.63,5101641.63,0.0,155.2,2026-06-22 20:32:00,7.0,5121600.0,0.0,0.0,0.0,0.0,0.0,0.0,0.0,0.0,5101641.63,False,False,False,none
LD001358,Eldoret,AGO,Pioneer Fuels Kenya,TRK-826,32800.0,4731011.8,4763817.7,2026-06-22 13:58:00,32805.90000000037,DS001341,32934.0,2026-06-22 15:39:00,Dispatched,1.0,32934.0,5195400.9,5195400.9,0.0,157.75,2026-06-22 20:39:00,14.0,5090560.0,0.0,0.0,0.0,0.0,0.0,0.0,0.0,0.0,5195400.9,False,False,False,none
LD001359,Nakuru,IK,Amani Petroleum,TRK-228,28900.0,3828061.2,3856966.5,2026-06-22 13:05:00,28905.299999999814,DS001342,29016.0,2026-06-22 15:44:00,Dispatched,1.0,29016.0,4083992.88,4083992.88,0.0,140.75,2026-06-22 18:44:00,14.0,4046000.0,0.0,0.0,0.0,0.0,0.0,0.0,0.0,0.0,4083992.88,False,False,False,none
LD001360,Nakuru,PMS,Summit Downstream Ltd,TRK-863,34200.0,4264316.2,4298519.0,2026-06-22 06:14:00,34202.799999999814,DS001343,34202.0,2026-06-22 08:58:00,Dispatched,1.0,34202.0,5769947.18,5769947.18,0.0,168.7,2026-06-25 11:58:00,21.0,5660100.0,3.0,0.0,0.0,0.0,0.0,0.0,0.0,0.0,5769947.18,False,False,False,none
LD001361,Nakuru,AGO,Mara Fuels,TRK-514,20300.0,3943671.8,3963969.8,2026-06-22 19:30:00,20298.0,DS001344,20357.0,2026-06-22 21:27:00,Dispatched,1.0,20357.0,3153815.22,3153815.22,0.0,154.93,2026-06-23 22:27:00,3.0,3150560.0,1.0,0.0,0.0,0.0,0.0,0.0,0.0,0.0,3153815.22,False,False,False,none
LD001362,Nakuru,PMS,Uhuru Energy Partners,TRK-211,30200.0,2278972.8,2309171.2,2026-06-22 16:41:00,30198.400000000373,DS001345,30294.0,2026-06-22 19:01:00,Dispatched,1.0,30294.0,4915938.61,4915938.61,0.0,162.27,2026-06-22 19:01:00,14.0,4998100.0,0.0,0.0,0.0,0.0,0.0,0.0,0.0,0.0,4915938.61,False,False,False,none
LD001363,Nakuru,PMS,Nyanza Petroleum Co,TRK-654,20900.0,1550518.9,1571409.8,2026-06-22 15:01:00,20890.90000000014,DS001346,20884.0,2026-06-22 15:40:00,Dispatched,1.0,20884.0,3396226.54,3396226.54,0.0,162.62,2026-06-23 15:40:00,3.0,3458950.0,1.0,0.0,0.0,0.0,0.0,0.0,0.0,0.0,3396226.54,False,False,False,none
LD001364,Nakuru,PMS,Coastline Energy Ltd,TRK-306,34600.0,1161155.8,1195750.5,2026-06-22 05:48:00,34594.69999999995,DS001347,34584.0,2026-06-22 07:20:00,Dispatched,1.0,34584.0,5610004.64,5610004.64,0.0,162.21,2026-06-22 15:20:00,3.0,5726300.0,0.0,0.0,0.0,0.0,0.0,0.0,0.0,0.0,5610004.64,False,False,False,none
LD001365,Nakuru,PMS,Pioneer Fuels Kenya,TRK-909,28200.0,3721917.9,3750118.8,2026-06-22 07:36:00,28200.899999999907,DS001348,28250.0,2026-06-22 08:25:00,Dispatched,1.0,28250.0,4661426.52,4661426.52,0.0,165.01,2026-06-23 16:25:00,1.0,4667100.0,1.0,0.0,0.0,0.0,0.0,0.0,0.0,0.0,4661426.52,False,False,False,none
LD001366,Nakuru,PMS,Rift Valley Fuels Ltd,TRK-869,32900.0,1334899.8,1367803.0,2026-06-22 07:19:00,32903.19999999995,DS001349,32739.0,2026-06-22 08:09:00,Dispatched,1.0,32739.0,5374170.81,5374170.81,0.0,164.15,2026-06-22 09:09:00,21.0,5444950.0,0.0,0.0,0.0,0.0,0.0,0.0,0.0,0.0,5374170.81,False,False,False,none
LD001367,Kisii,AGO,Summit Downstream Ltd,TRK-232,32500.0,4063434.6,4095929.7,2026-06-22 15:48:00,32495.100000000093,DS001350,32466.0,2026-06-22 18:12:00,Dispatched,1.0,32466.0,5070308.61,5070308.61,0.0,156.17287654777306,2026-06-23 18:12:00,7.0,5044000.0,1.0,0.0,0.0,0.0,0.0,0.0,0.0,0.0,5070308.61,False,False,False,none
LD001368,Kisii,PMS,Amani Petroleum,TRK-253,30700.0,3917239.2,3947937.8,2026-06-22 21:06:00,30698.599999999627,DS001351,30589.0,2026-06-22 22:54:00,Dispatched,1.0,30589.0,5124030.97,5124030.97,0.0,167.51,2026-06-23 23:54:00,3.0,5080850.0,1.0,0.0,0.0,0.0,0.0,0.0,0.0,0.0,5124030.97,False,False,False,none
LD001369,Kisii,AGO,Tsavo Energy Group,TRK-574,29200.0,1827271.6,1856461.7,2026-06-22 06:18:00,29190.09999999986,DS001352,29325.0,2026-06-22 08:32:00,Dispatched,1.0,29325.0,4475606.71,4475606.71,0.0,152.62,2026-06-22 14:32:00,14.0,4531840.0,0.0,0.0,0.0,0.0,0.0,0.0,0.0,0.0,4475606.71,False,False,False,none
LD001370,Kisii,IK,Equator Fuels,TRK-769,26800.0,3580874.3,3607674.5,2026-06-22 12:56:00,26800.200000000186,DS001353,26771.0,2026-06-22 15:55:00,Dispatched,1.0,26771.0,3753311.22,3753311.22,0.0,140.2,2026-06-22 17:55:00,7.0,3752000.0,0.0,0.0,0.0,0.0,0.0,0.0,0.0,0.0,3753311.22,False,False,False,none
LD001371,Kisii,IK,Crescent Oil Ltd,TRK-887,31900.0,1928898.8,1960791.1,2026-06-22 21:33:00,31892.300000000047,DS001354,31926.0,2026-06-22 22:40:00,Dispatched,1.0,31926.0,4403582.55,4403582.55,0.0,137.93,2026-06-25 01:40:00,30.0,4466000.0,2.0,0.0,0.0,0.0,0.0,0.0,0.0,0.0,4403582.55,False,False,False,none
LD001372,Kisii,AGO,Zenith Petroleum,TRK-541,23200.0,4133548.9,4156745.7,2026-06-22 15:18:00,23196.80000000028,DS001355,23185.0,2026-06-22 17:22:00,Dispatched,1.0,23185.0,3594994.03,3594994.03,0.0,155.06,2026-06-23 20:22:00,7.0,3600639.9999999995,1.0,0.0,0.0,0.0,0.0,0.0,0.0,0.0,3594994.03,False,False,False,none
LD001373,Kisii,PMS,Pioneer Fuels Kenya,TRK-609,34500.0,2480928.7,2515430.8,2026-06-22 07:09:00,34502.09999999963,DS001356,34471.0,2026-06-22 07:56:00,Dispatched,1.0,34471.0,5754577.55,5754577.55,0.0,166.94,2026-07-02 14:56:00,1.0,5709750.0,10.0,0.0,0.0,0.0,0.0,0.0,0.0,0.0,5754577.55,True,False,False,none
LD001374,Kisii,PMS,Lakeview Energy,TRK-565,33500.0,1731253.6,1764754.9,2026-06-22 14:35:00,33501.299999999814,DS001357,33521.0,2026-06-22 15:05:00,Dispatched,2.0,67042.0,11126717.86,11126717.86,0.0,165.97,2026-06-23 22:05:00,60.0,5544250.0,1.0,0.0,0.0,0.0,0.0,0.0,0.0,0.0,11126717.86,False,True,False,none
LD001375,Kisii,IK,Aberdare Oil Traders,TRK-461,35300.0,2506705.8,2542003.3,2026-06-22 10:04:00,35297.5,DS001358,35223.0,2026-06-22 11:47:00,Dispatched,1.0,35223.0,5025989.99,5025989.99,0.0,142.69,2026-07-02 17:47:00,14.0,4942000.0,10.0,0.0,0.0,0.0,0.0,0.0,0.0,0.0,5025989.99,True,False,False,none
LD001376,Kisii,PMS,Delta Oil Marketers,TRK-881,27800.0,1436054.5,1463853.6,2026-06-22 19:16:00,27799.100000000093,DS001359,27783.0,2026-06-22 22:02:00,Dispatched,1.0,27783.0,4589843.67,4589843.67,0.0,165.2,2026-06-24 06:02:00,7.0,4600900.0,1.0,0.0,0.0,0.0,0.0,0.0,0.0,0.0,4589843.67,False,False,False,none
LD001377,Kisii,IK,Zenith Petroleum,TRK-510,24000.0,2267770.5,2291771.8,2026-06-22 20:02:00,24001.299999999814,DS001360,23985.0,2026-06-22 22:02:00,Dispatched,1.0,23985.0,3348275.24,3348275.24,0.0,139.6,2026-06-24 00:02:00,3.0,3360000.0,1.0,0.0,0.0,0.0,0.0,0.0,0.0,0.0,3348275.24,False,False,False,none
LD001378,Kisii,PMS,Crescent Oil Ltd,TRK-482,24800.0,4434792.5,4459593.6,2026-06-22 21:54:00,24801.099999999627,DS001361,24769.0,2026-06-22 23:42:00,Dispatched,1.0,24769.0,4062143.94,4062143.94,0.0,164.0,2026-06-24 04:42:00,14.0,4104400.0,1.0,0.0,0.0,0.0,0.0,0.0,0.0,0.0,4062143.94,False,False,False,none
LD001379,Kisii,AGO,Savannah Petroleum,TRK-759,33700.0,4058603.8,4092306.0,2026-06-22 13:56:00,33702.200000000186,DS001362,33740.0,2026-06-22 14:49:00,Dispatched,1.0,33740.0,5234401.61,5234401.61,0.0,155.14,2026-06-25 16:49:00,1.0,5230240.0,3.0,0.0,0.0,0.0,0.0,0.0,0.0,0.0,5234401.61,False,False,False,none
LD001380,Kisii,AGO,Baraka Downstream,TRK-397,35100.0,3730161.9,3765257.8,2026-06-22 22:00:00,35095.89999999991,DS001363,35053.0,2026-06-23 00:26:00,Dispatched,1.0,35053.0,5434851.46,5434851.46,0.0,155.05,2026-06-25 05:26:00,30.0,5447520.0,2.0,0.0,0.0,0.0,0.0,0.0,0.0,0.0,5434851.46,False,False,False,none
LD001381,Kisii,AGO,Summit Downstream Ltd,TRK-785,25300.0,3002317.3,3027618.1,2026-06-22 07:14:00,25300.80000000028,,,,,,,,,0.0,,,,3926559.9999999995,,3926559.9999999995,0.0,0.0,0.0,0.0,0.0,3926559.9999999995,0.0,False,False,True,dispatch_capture_gap
LD001382,Mombasa,AGO,Kilele Fuels,TRK-284,24900.0,1254739.1,1279650.2,2026-06-23 22:57:00,24911.09999999986,DS001364,25020.0,2026-06-24 00:34:00,Dispatched,1.0,25020.0,3857767.83,3857767.83,0.0,154.19,2026-06-26 06:34:00,3.0,3864479.9999999995,2.0,0.0,0.0,0.0,0.0,0.0,0.0,0.0,3857767.83,False,False,False,none
LD001383,Mombasa,AGO,Mara Fuels,TRK-450,22800.0,1020558.5,1043354.3,2026-06-23 11:25:00,22795.800000000047,DS001365,22843.0,2026-06-23 12:52:00,Dispatched,1.0,22843.0,3545002.66,3545002.66,0.0,155.19,2026-06-24 13:52:00,7.0,3538559.9999999995,1.0,0.0,0.0,0.0,0.0,0.0,0.0,0.0,3545002.66,False,False,False,none
LD001384,Mombasa,AGO,Aberdare Oil Traders,TRK-658,30900.0,1942491.4,1973390.9,2026-06-23 20:07:00,30899.5,DS001366,30775.0,2026-06-23 20:58:00,Dispatched,1.0,30775.0,4849176.78,4849176.78,0.0,157.57,2026-06-23 22:58:00,14.0,4795680.0,0.0,0.0,0.0,0.0,0.0,0.0,0.0,0.0,4849176.78,False,False,False,none
LD001385,Mombasa,PMS,Pioneer Fuels Kenya,TRK-715,35100.0,4485006.5,4520111.2,2026-06-23 11:20:00,35104.700000000186,DS001367,35158.0,2026-06-23 13:57:00,Dispatched,1.0,35158.0,5815605.42,5815605.42,0.0,165.41,2026-06-23 21:57:00,1.0,5809050.0,0.0,0.0,0.0,0.0,0.0,0.0,0.0,0.0,5815605.42,False,False,False,none
LD001386,Mombasa,IK,Uhuru Energy Partners,TRK-318,32900.0,4946252.5,4979149.0,2026-06-23 16:50:00,32896.5,DS001368,32832.0,2026-06-23 18:53:00,Dispatched,1.0,32832.0,4662863.3,4662863.3,0.0,142.02,2026-06-23 21:53:00,7.0,4606000.0,0.0,0.0,0.0,0.0,0.0,0.0,0.0,0.0,4662863.3,False,False,False,none
LD001387,Mombasa,AGO,Aberdare Oil Traders,TRK-185,29600.0,1327862.9,1357469.2,2026-06-23 18:17:00,29606.300000000047,DS001369,29612.0,2026-06-23 20:58:00,Dispatched,1.0,29612.0,4620311.07,4620311.07,0.0,156.03,2026-06-23 23:58:00,30.0,4593920.0,0.0,0.0,0.0,0.0,0.0,0.0,0.0,0.0,4620311.07,False,False,False,none
LD001388,Mombasa,PMS,Kilele Fuels,TRK-637,30200.0,2228582.6,2258790.0,2026-06-23 07:19:00,30207.399999999907,DS001370,30134.0,2026-06-23 10:05:00,Dispatched,1.0,30134.0,4968208.51,4968208.51,0.0,164.87,2026-06-23 10:05:00,14.0,4998100.0,0.0,0.0,0.0,0.0,0.0,0.0,0.0,0.0,4968208.51,False,False,False,none
LD001389,Mombasa,PMS,Uhuru Energy Partners,TRK-871,33800.0,4837888.7,4871688.4,2026-06-23 06:05:00,33799.700000000186,DS001371,33577.0,2026-06-23 07:05:00,Dispatched,1.0,33577.0,5482766.39,5482766.39,0.0,163.29,2026-06-26 10:05:00,7.0,5593900.0,3.0,0.0,0.0,0.0,0.0,0.0,0.0,0.0,5482766.39,False,False,False,none
LD001390,Nairobi,PMS,Delta Oil Marketers,TRK-902,22700.0,4345768.8,4368468.6,2026-06-23 18:30:00,22699.799999999814,DS001372,22699.0,2026-06-23 19:14:00,Dispatched,1.0,22699.0,3712282.05,3712282.05,0.0,163.54,2026-06-25 00:14:00,14.0,3756850.0,1.0,0.0,0.0,0.0,0.0,0.0,0.0,0.0,3712282.05,False,False,False,none
LD001391,Nairobi,PMS,Rift Valley Fuels Ltd,TRK-711,28800.0,1756783.2,1785583.7,2026-06-23 17:52:00,28800.5,DS001373,28676.0,2026-06-23 20:43:00,Dispatched,1.0,28676.0,4753588.51,4753588.51,0.0,165.77,2026-06-24 03:43:00,45.0,4766400.0,0.0,0.0,0.0,0.0,0.0,0.0,0.0,0.0,4753588.51,False,True,False,none
LD001392,Nairobi,AGO,Mara Fuels,TRK-569,29700.0,2843593.4,2873302.4,2026-06-23 09:20:00,29709.0,DS001374,29737.0,2026-06-23 11:18:00,Dispatched,1.0,29737.0,4634106.74,4634106.74,0.0,155.84,2026-06-24 16:18:00,3.0,4609440.0,1.0,0.0,0.0,0.0,0.0,0.0,0.0,0.0,4634106.74,False,False,False,none
LD001393,Nairobi,AGO,Uhuru Energy Partners,TRK-839,33300.0,4318250.9,4351547.9,2026-06-23 08:50:00,33297.0,DS001375,33317.0,2026-06-23 09:44:00,Dispatched,1.0,33317.0,5123592.88,5123592.88,0.0,153.78,2026-06-24 11:44:00,7.0,5168160.0,1.0,0.0,0.0,0.0,0.0,0.0,0.0,0.0,5123592.88,False,False,False,none
LD001394,Nairobi,IK,Kilele Fuels,TRK-692,33400.0,3684051.9,3717453.5,2026-06-23 09:40:00,33401.60000000009,DS001376,33339.0,2026-06-23 10:20:00,Dispatched,1.0,30111.0,4260858.23,4260858.23,0.0,141.51,2026-06-23 15:20:00,3.0,4676000.0,0.0,0.0,0.0,0.0,0.0,3228.0,456794.27999999997,456794.27999999997,4260858.23,False,False,True,underbilling
LD001395,Nairobi,PMS,Highland Energy Co,TRK-715,31200.0,2451931.4,2483133.2,2026-06-23 11:26:00,31201.80000000028,DS001377,31371.0,2026-06-23 13:34:00,Dispatched,1.0,31371.0,5129439.19,5129439.19,0.0,163.51,2026-06-25 20:34:00,30.0,5163600.0,2.0,0.0,0.0,0.0,0.0,0.0,0.0,0.0,5129439.19,False,False,False,none
LD001396,Nairobi,PMS,Pioneer Fuels Kenya,TRK-479,21800.0,2631112.1,2652915.1,2026-06-23 11:43:00,21803.0,DS001378,21719.0,2026-06-23 12:53:00,Dispatched,1.0,21719.0,3528648.59,3528648.59,0.0,162.47,2026-06-23 12:53:00,21.0,3607900.0,0.0,0.0,0.0,0.0,0.0,0.0,0.0,0.0,3528648.59,False,False,False,none
LD001397,Nairobi,PMS,Horizon Oil Marketers,TRK-764,34200.0,1188786.8,1222987.2,2026-06-23 14:32:00,34200.39999999991,DS001379,34136.0,2026-06-23 16:03:00,Dispatched,,,,,0.0,,,,5660100.0,,0.0,0.0,0.0,5649508.0,0.0,0.0,5649508.0,0.0,False,False,True,billing_gap
LD001398,Nairobi,PMS,Highland Energy Co,TRK-883,30100.0,2082237.0,2112337.9,2026-06-23 16:53:00,30100.899999999907,DS001380,29999.0,2026-06-23 19:34:00,Dispatched,1.0,29999.0,5025839.72,5025839.72,0.0,167.53,2026-07-01 03:34:00,30.0,4981550.0,7.0,0.0,0.0,0.0,0.0,0.0,0.0,0.0,5025839.72,True,False,False,none
LD001399,Nairobi,IK,Zenith Petroleum,TRK-709,24000.0,4768232.9,4792237.9,2026-06-23 19:27:00,24005.0,DS001381,24147.0,2026-06-23 20:19:00,Dispatched,1.0,24147.0,3378133.58,3378133.58,0.0,139.9,2026-06-23 22:19:00,45.0,3360000.0,0.0,0.0,0.0,0.0,0.0,0.0,0.0,0.0,3378133.58,False,True,False,none
LD001400,Nairobi,PMS,Coastline Energy Ltd,TRK-977,26300.0,1557016.3,1583312.7,2026-06-23 18:40:00,26296.399999999907,DS001382,26407.0,2026-06-23 20:35:00,Dispatched,1.0,26407.0,4387358.14,4387358.14,0.0,166.14375506494488,2026-06-24 01:35:00,3.0,4352650.0,0.0,0.0,0.0,0.0,0.0,0.0,0.0,0.0,4387358.14,False,False,False,none
LD001401,Nairobi,AGO,Rift Valley Fuels Ltd,TRK-521,20200.0,3177029.3,3197229.0,2026-06-23 08:05:00,20199.700000000186,DS001383,20114.0,2026-06-23 08:51:00,Dispatched,1.0,20114.0,3115120.82,3115120.82,0.0,154.87,2026-06-25 08:51:00,1.0,3135040.0,2.0,0.0,0.0,0.0,0.0,0.0,0.0,0.0,3115120.82,False,False,False,none
LD001402,Kisumu,AGO,Kilele Fuels,TRK-925,22700.0,1669839.0,1692540.1,2026-06-23 22:06:00,22701.100000000093,DS001384,21708.0,2026-06-23 23:51:00,Dispatched,1.0,21708.0,3371376.06,1550823.03,1820553.03,155.31,2026-06-27 00:51:00,7.0,3523039.9999999995,3.0,0.0,992.0,153958.4,0.0,0.0,0.0,1974511.43,1550823.03,False,False,True,collections_gap
LD001403,Kisumu,AGO,Kilele Fuels,TRK-217,27400.0,1133071.9,1160470.8,2026-06-23 11:14:00,27398.90000000014,DS001385,27332.0,2026-06-23 12:09:00,Dispatched,1.0,27332.0,4262676.44,4262676.44,0.0,155.96,2026-06-23 14:09:00,14.0,4252480.0,0.0,0.0,0.0,0.0,0.0,0.0,0.0,0.0,4262676.44,False,False,False,none
LD001404,Kisumu,IK,Kilele Fuels,TRK-940,21000.0,2587020.2,2608015.3,2026-06-23 16:50:00,20995.099999999627,DS001386,20967.0,2026-06-23 19:40:00,Dispatched,1.0,20967.0,2986534.5,2986534.5,0.0,142.44,2026-06-25 00:40:00,21.0,2940000.0,1.0,0.0,0.0,0.0,0.0,0.0,0.0,0.0,2986534.5,False,False,False,none
LD001405,Kisumu,PMS,Nyanza Petroleum Co,TRK-374,27600.0,2805066.5,2832666.9,2026-06-23 16:50:00,27600.399999999907,DS001387,27520.0,2026-06-23 19:10:00,Dispatched,1.0,27520.0,4536863.85,4536863.85,0.0,164.86,2026-06-24 02:10:00,3.0,4567800.0,0.0,0.0,0.0,0.0,0.0,0.0,0.0,0.0,4536863.85,False,False,False,none
LD001406,Kisumu,PMS,UNKNOWN CUSTOMER,TRK-524,27500.0,2642837.0,2670342.5,2026-06-23 18:43:00,27505.5,DS001388,27543.0,2026-06-23 20:30:00,Dispatched,1.0,27543.0,4563287.02,4563287.02,0.0,165.68,2026-06-25 01:30:00,7.0,4551250.0,1.0,0.0,0.0,0.0,0.0,0.0,0.0,0.0,4563287.02,False,False,False,none
LD001407,Kisumu,PMS,Amani Petroleum,TRK-714,33100.0,4580226.4,4613328.6,2026-06-23 16:53:00,33102.199999999255,DS001389,32983.0,2026-06-23 17:48:00,Dispatched,1.0,32983.0,5565627.5,5565627.5,0.0,168.74,2026-06-23 17:48:00,21.0,5478050.0,0.0,0.0,0.0,0.0,0.0,0.0,0.0,0.0,5565627.5,False,False,False,none
LD001408,Kisumu,PMS,Highland Energy Co,TRK-297,22200.0,2107479.9,2129684.3,2026-06-23 18:15:00,22204.399999999907,DS001390,22069.0,2026-06-23 18:59:00,Dispatched,1.0,22069.0,3619917.17,3619917.17,0.0,164.03,2026-06-23 19:59:00,3.0,3674100.0,0.0,0.0,0.0,0.0,0.0,0.0,0.0,0.0,3619917.17,False,False,False,none
LD001409,Kisumu,AGO,Summit Downstream Ltd,TRK-277,20700.0,4723296.3,4744002.4,2026-06-23 18:08:00,20706.10000000056,DS001391,20772.0,2026-06-23 19:04:00,Dispatched,1.0,20772.0,3159773.06,3159773.06,0.0,152.12,2026-06-26 21:04:00,3.0,3212639.9999999995,3.0,0.0,0.0,0.0,0.0,0.0,0.0,0.0,3159773.06,False,False,False,none
LD001410,Kisumu,AGO,Horizon Oil Marketers,TRK-229,25000.0,4382614.1,4407618.1,2026-06-23 18:14:00,25004.0,DS001392,24915.0,2026-06-23 19:07:00,Dispatched,1.0,24915.0,3880797.6,3880797.6,0.0,155.76,2026-06-23 20:07:00,14.0,3879999.9999999995,0.0,0.0,0.0,0.0,0.0,0.0,0.0,0.0,3880797.6,False,False,False,none
LD001411,Kisumu,AGO,Aberdare Oil Traders,TRK-262,24200.0,1006575.0,1030780.6,2026-06-23 17:53:00,24205.599999999977,DS001393,24145.0,2026-06-23 19:27:00,Dispatched,1.0,24145.0,3820122.2,3820122.2,0.0,158.22,2026-06-24 00:27:00,7.0,3755839.9999999995,0.0,0.0,0.0,0.0,0.0,0.0,0.0,0.0,3820122.2,False,False,False,none
LD001412,Kisumu,PMS,Rift Valley Fuels Ltd,TRK-707,27700.0,4448304.6,4475994.9,2026-06-23 05:27:00,27690.300000000745,DS001394,27769.0,2026-06-23 07:43:00,Dispatched,1.0,27769.0,4613668.01,4613668.01,0.0,166.14,2026-06-24 10:43:00,45.0,4584350.0,1.0,0.0,0.0,0.0,0.0,0.0,0.0,0.0,4613668.01,False,True,False,none
LD001413,Kisumu,AGO,Lakeview Energy,TRK-125,21700.0,3215293.8,3236984.7,2026-06-23 22:58:00,21690.900000000373,DS001395,21705.0,2026-06-24 01:35:00,Dispatched,1.0,21705.0,3340235.83,3340235.83,0.0,153.89,2026-06-24 09:35:00,7.0,3367839.9999999995,0.0,0.0,0.0,0.0,0.0,0.0,0.0,0.0,3340235.83,False,False,False,none
LD001414,Kisumu,IK,Nyanza Petroleum Co,TRK-327,33200.0,4011394.6,4044595.1,2026-06-23 16:11:00,33200.5,DS001396,33311.0,2026-06-23 18:18:00,Dispatched,1.0,33311.0,4672783.77,4672783.77,0.0,140.28,2026-06-24 18:18:00,21.0,4648000.0,1.0,0.0,0.0,0.0,0.0,0.0,0.0,0.0,4672783.77,False,False,False,none
LD001415,Kisumu,AGO,Summit Downstream Ltd,TRK-775,31700.0,4504769.9,4536465.3,2026-06-23 12:46:00,31695.39999999944,DS001397,31780.0,2026-06-23 13:23:00,Dispatched,1.0,31780.0,4886727.96,4886727.96,0.0,153.77,2026-06-25 21:23:00,14.0,4919840.0,2.0,0.0,0.0,0.0,0.0,0.0,0.0,0.0,4886727.96,False,False,False,none
LD001416,Eldoret,PMS,Rift Valley Fuels Ltd,TRK-693,21900.0,3049571.3,3071475.1,2026-06-23 09:40:00,21903.80000000028,DS001398,21870.0,2026-06-23 10:32:00,Dispatched,1.0,21870.0,3589222.56,3589222.56,0.0,164.12,2026-06-24 14:32:00,1.0,3624450.0,1.0,0.0,0.0,0.0,0.0,0.0,0.0,0.0,3589222.56,False,False,False,none
LD001417,Eldoret,AGO,Baraka Downstream,TRK-284,25600.0,2499299.7,2524907.0,2026-06-23 08:06:00,25607.299999999814,DS001399,25678.0,2026-06-23 10:06:00,Dispatched,1.0,25678.0,4001968.48,4001968.48,0.0,155.85,2026-06-24 13:06:00,1.0,3973119.9999999995,1.0,0.0,0.0,0.0,0.0,0.0,0.0,0.0,4001968.48,False,False,False,none
LD001418,Eldoret,AGO,Equator Fuels,TRK-602,21800.0,1142360.9,1164164.9,2026-06-23 16:58:00,21804.0,DS001400,21811.0,2026-06-23 18:19:00,Dispatched,1.0,21811.0,3391652.25,3391652.25,0.0,155.5,2026-06-23 21:19:00,3.0,3383359.9999999995,0.0,0.0,0.0,0.0,0.0,0.0,0.0,0.0,3391652.25,False,False,False,none
LD001419,Eldoret,PMS,Uhuru Energy Partners,TRK-421,35900.0,1930913.4,1966812.9,2026-06-23 07:13:00,35899.5,DS001401,35836.0,2026-06-23 08:51:00,Dispatched,1.0,35836.0,5931145.23,5931145.23,0.0,165.51,2026-06-23 10:51:00,1.0,5941450.0,0.0,0.0,0.0,0.0,0.0,0.0,0.0,0.0,5931145.23,False,False,False,none
LD001420,Eldoret,AGO,Rift Valley Fuels Ltd,TRK-775,32800.0,2364977.8,2397775.5,2026-06-23 10:19:00,32797.700000000186,DS001402,32829.0,2026-06-23 11:37:00,Dispatched,1.0,32829.0,5008003.07,5008003.07,0.0,152.55,2026-06-24 11:37:00,3.0,5090560.0,1.0,0.0,0.0,0.0,0.0,0.0,0.0,0.0,5008003.07,False,False,False,none
LD001421,Eldoret,PMS,Delta Oil Marketers,TRK-714,27100.0,3702347.1,3729452.8,2026-06-23 15:22:00,27105.69999999972,DS001403,26994.0,2026-06-23 16:14:00,Dispatched,1.0,26994.0,4460136.6,4460136.6,0.0,165.23,2026-07-01 00:14:00,14.0,4485050.0,7.0,0.0,0.0,0.0,0.0,0.0,0.0,0.0,4460136.6,True,False,False,none
LD001422,Nakuru,PMS,Horizon Oil Marketers,TRK-130,30700.0,1126890.0,1157590.1,2026-06-23 13:59:00,30700.100000000093,DS001404,30777.0,2026-06-23 16:40:00,Dispatched,1.0,30777.0,5013603.39,5013603.39,0.0,162.9,2026-07-01 00:40:00,14.0,5080850.0,7.0,0.0,0.0,0.0,0.0,0.0,0.0,0.0,5013603.39,True,False,False,none
LD001423,Nakuru,AGO,Zenith Petroleum,TRK-322,28600.0,1150790.9,1179388.0,2026-06-23 09:13:00,28597.100000000093,DS001405,28660.0,2026-06-23 10:20:00,Dispatched,1.0,28660.0,4378499.85,4378499.85,0.0,152.77,2026-06-30 14:20:00,14.0,4438720.0,7.0,0.0,0.0,0.0,0.0,0.0,0.0,0.0,4378499.85,True,False,False,none
LD001424,Nakuru,PMS,Baraka Downstream,TRK-593,29000.0,2117781.2,2146786.2,2026-06-23 07:46:00,29005.0,DS001406,29010.0,2026-06-23 09:53:00,Dispatched,1.0,29010.0,4885269.71,4885269.71,0.0,168.4,2026-06-24 12:53:00,1.0,4799500.0,1.0,0.0,0.0,0.0,0.0,0.0,0.0,0.0,4885269.71,False,False,False,none
LD001425,Nakuru,PMS,Coastline Energy Ltd,TRK-928,32500.0,4546010.1,4578515.2,2026-06-23 22:41:00,32505.10000000056,DS001407,32313.0,2026-06-23 23:57:00,Dispatched,1.0,32313.0,5248286.4,5248286.4,0.0,162.42,2026-06-24 05:57:00,14.0,5378750.0,0.0,0.0,0.0,0.0,0.0,0.0,0.0,0.0,5248286.4,False,False,False,none
LD001426,Nakuru,AGO,Equator Fuels,TRK-302,24300.0,3138643.7,3162942.3,2026-06-23 17:59:00,24298.599999999627,DS001408,24384.0,2026-06-23 20:31:00,Dispatched,1.0,24384.0,3798911.27,3798911.27,0.0,155.8,2026-06-26 00:31:00,7.0,3771359.9999999995,2.0,0.0,0.0,0.0,0.0,0.0,0.0,0.0,3798911.27,False,False,False,none
LD001427,Nakuru,IK,Pioneer Fuels Kenya,TRK-913,33700.0,2303525.4,2337218.7,2026-06-23 08:37:00,33693.30000000028,DS001409,33744.0,2026-06-23 10:34:00,Dispatched,1.0,33744.0,4636166.55,4636166.55,0.0,137.39,2026-06-24 18:34:00,45.0,4718000.0,1.0,0.0,0.0,0.0,0.0,0.0,0.0,0.0,4636166.55,False,True,False,none
LD001428,Nakuru,PMS,Crescent Oil Ltd,TRK-935,26900.0,1245700.5,1272601.3,2026-06-23 19:27:00,26900.800000000047,DS001410,26898.0,2026-06-23 22:05:00,Dispatched,1.0,26898.0,4393146.69,4393146.69,0.0,163.33,2026-06-25 04:05:00,45.0,4451950.0,1.0,0.0,0.0,0.0,0.0,0.0,0.0,0.0,4393146.69,False,True,False,none
LD001429,Nakuru,AGO,Pioneer Fuels Kenya,TRK-747,23600.0,2453091.2,2476693.1,2026-06-23 18:12:00,23601.899999999907,DS001411,23587.0,2026-06-23 19:48:00,Dispatched,1.0,23587.0,3687898.04,2664490.12,1023407.9199999999,156.35299275024377,2026-07-01 01:48:00,21.0,3662719.9999999995,7.0,0.0,0.0,0.0,0.0,0.0,0.0,1023407.9199999999,2664490.12,True,False,True,collections_gap
LD001430,Nakuru,PMS,Aberdare Oil Traders,TRK-400,32900.0,3949639.8,3982539.6,2026-06-23 06:32:00,32899.80000000028,DS001412,32847.0,2026-06-23 08:32:00,Dispatched,1.0,32847.0,5378028.85,5378028.85,0.0,163.73,2026-06-25 12:32:00,1.0,5444950.0,2.0,0.0,0.0,0.0,0.0,0.0,0.0,0.0,5378028.85,False,False,False,none
LD001431,Nakuru,PMS,Mara Fuels,TRK-290,28600.0,4359991.0,4388597.3,2026-06-23 08:11:00,28606.299999999814,DS001413,28570.0,2026-06-23 10:51:00,Dispatched,1.0,28570.0,4735471.49,4735471.49,0.0,165.75,2026-06-26 14:51:00,1.0,4733300.0,3.0,0.0,0.0,0.0,0.0,0.0,0.0,0.0,4735471.49,False,False,False,none
LD001432,Nakuru,PMS,Baraka Downstream,TRK-225,35900.0,2258515.6,2294410.7,2026-06-23 16:23:00,35895.10000000009,DS001414,35983.0,2026-06-23 17:53:00,Dispatched,1.0,35983.0,5900624.48,5900624.48,0.0,163.98,2026-06-26 17:53:00,30.0,5941450.0,3.0,0.0,0.0,0.0,0.0,0.0,0.0,0.0,5900624.48,False,False,False,none
LD001433,Nakuru,AGO,Kilele Fuels,TRK-429,30800.0,4377259.5,4408060.7,2026-06-23 15:13:00,30801.200000000186,DS001415,30752.0,2026-06-23 16:15:00,Dispatched,1.0,30752.0,4786945.85,4786945.85,0.0,155.66,2026-06-25 16:15:00,7.0,4780160.0,2.0,0.0,0.0,0.0,0.0,0.0,0.0,0.0,4786945.85,False,False,False,none
LD001434,Kisii,PMS,Equator Fuels,TRK-384,22000.0,1282142.6,1304144.8,2026-06-23 11:33:00,22002.199999999953,DS001416,21982.0,2026-06-23 12:28:00,Dispatched,1.0,21982.0,3624246.34,3624246.34,0.0,164.87,2026-06-23 12:28:00,7.0,3641000.0,0.0,0.0,0.0,0.0,0.0,0.0,0.0,0.0,3624246.34,False,False,False,none
LD001435,Kisii,AGO,Uhuru Energy Partners,TRK-427,34600.0,1760515.1,1795116.0,2026-06-23 18:43:00,34600.89999999991,,,,,,,,,0.0,,,,5369920.0,,5369920.0,0.0,0.0,0.0,0.0,0.0,5369920.0,0.0,False,False,True,dispatch_capture_gap
LD001436,Kisii,PMS,Savannah Petroleum,TRK-531,21200.0,4821792.8,4842999.3,2026-06-23 20:31:00,21206.5,DS001417,21192.0,2026-06-23 23:31:00,Dispatched,1.0,21192.0,3487519.32,3487519.32,0.0,164.57,2026-06-24 05:31:00,30.0,3508600.0,0.0,0.0,0.0,0.0,0.0,0.0,0.0,0.0,3487519.32,False,False,False,none
LD001437,Kisii,AGO,Summit Downstream Ltd,TRK-121,24000.0,4438581.4,4462582.7,2026-06-23 15:37:00,24001.299999999814,DS001418,23993.0,2026-06-23 16:10:00,Dispatched,1.0,23993.0,3719979.21,3719979.21,0.0,155.04435502021423,2026-06-23 17:10:00,14.0,3724799.9999999995,0.0,0.0,0.0,0.0,0.0,0.0,0.0,0.0,3719979.21,False,False,False,none
LD001438,Kisii,AGO,Kilele Fuels,TRK-961,20200.0,3047121.8,3067320.6,2026-06-23 05:58:00,20198.80000000028,DS001419,20163.0,2026-06-23 07:33:00,Dispatched,1.0,20163.0,3138182.01,3138182.01,0.0,155.64,2026-06-24 07:33:00,3.0,3135040.0,1.0,0.0,0.0,0.0,0.0,0.0,0.0,0.0,3138182.01,False,False,False,none
LD001439,Kisii,AGO,Mara Fuels,TRK-171,32300.0,4739182.1,4771481.3,2026-06-23 21:02:00,32299.200000000186,DS001420,32284.0,2026-06-23 23:55:00,Dispatched,1.0,32284.0,5060719.7,5060719.7,0.0,156.76,2026-06-24 02:55:00,3.0,5012960.0,0.0,0.0,0.0,0.0,0.0,0.0,0.0,0.0,5060719.7,False,False,False,none
LD001440,Kisii,AGO,Coastline Energy Ltd,TRK-871,24500.0,2155874.1,2180375.2,2026-06-23 18:46:00,24501.100000000093,DS001421,24525.0,2026-06-23 21:46:00,Dispatched,1.0,24525.0,3783241.54,3783241.54,0.0,154.26,2026-07-01 04:46:00,1.0,3802399.9999999995,7.0,0.0,0.0,0.0,0.0,0.0,0.0,0.0,3783241.54,True,False,False,none
LD001441,Kisii,PMS,Crescent Oil Ltd,TRK-405,26000.0,2573282.7,2599276.6,2026-06-23 15:31:00,25993.899999999907,DS001422,25929.0,2026-06-23 16:13:00,Dispatched,1.0,25929.0,4298115.77,4298115.77,0.0,165.76,2026-06-23 23:13:00,21.0,4303000.0,0.0,0.0,0.0,0.0,0.0,0.0,0.0,0.0,4298115.77,False,False,False,none
LD001442,Kisii,AGO,Zenith Petroleum,TRK-205,31100.0,1670266.2,1701367.0,2026-06-23 08:53:00,31100.800000000047,DS001423,31085.0,2026-06-23 10:24:00,Dispatched,1.0,31085.0,4858916.29,4858916.29,0.0,156.31,2026-06-25 18:24:00,7.0,4826720.0,2.0,0.0,0.0,0.0,0.0,0.0,0.0,0.0,4858916.29,False,False,False,none
LD001443,Kisii,PMS,Horizon Oil Marketers,TRK-982,25000.0,3013380.5,3038383.8,2026-06-23 05:08:00,25003.299999999814,DS001424,25145.0,2026-06-23 05:52:00,Dispatched,1.0,25145.0,4102609.36,4102609.36,0.0,163.15805766553987,2026-06-24 13:52:00,45.0,4137500.0,1.0,0.0,0.0,0.0,0.0,0.0,0.0,0.0,4102609.36,False,True,False,none
LD001444,Kisii,PMS,Zenith Petroleum,TRK-650,30300.0,1623093.0,1653397.1,2026-06-23 07:12:00,30304.100000000093,DS001425,30294.0,2026-06-23 09:22:00,Dispatched,1.0,30294.0,4998740.68,4998740.68,0.0,165.01,2026-06-25 17:22:00,21.0,5014650.0,2.0,0.0,0.0,0.0,0.0,0.0,0.0,0.0,4998740.68,False,False,False,none
LD001445,Kisii,PMS,Savannah Petroleum,TRK-176,28800.0,1349786.0,1378579.7,2026-06-23 06:07:00,28793.699999999953,DS001426,28720.0,2026-06-23 08:49:00,Dispatched,1.0,28720.0,4674498.27,4674498.27,0.0,162.76,2026-06-23 15:49:00,1.0,4766400.0,0.0,0.0,0.0,0.0,0.0,0.0,0.0,0.0,4674498.27,False,False,False,none
LD001446,Mombasa,AGO,Tsavo Energy Group,TRK-697,35200.0,1839590.5,1874781.5,2026-06-24 17:17:00,35191.0,DS001427,35089.0,2026-06-24 19:11:00,Dispatched,1.0,35089.0,5471511.17,5471511.17,0.0,155.93,2026-06-24 22:11:00,3.0,5463040.0,0.0,0.0,0.0,0.0,0.0,0.0,0.0,0.0,5471511.17,False,False,False,none
LD001447,Mombasa,PMS,Pioneer Fuels Kenya,TRK-523,24200.0,4878463.8,4902668.3,2026-06-24 09:48:00,24204.5,DS001428,24108.0,2026-06-24 12:34:00,Dispatched,1.0,24108.0,4063724.48,4063724.48,0.0,168.56,2026-06-25 19:34:00,7.0,4005100.0,1.0,0.0,0.0,0.0,0.0,0.0,0.0,0.0,4063724.48,False,False,False,none
LD001448,Mombasa,AGO,Delta Oil Marketers,TRK-387,33600.0,1463292.3,1496897.6,2026-06-24 12:36:00,33605.30000000005,DS001429,33764.0,2026-06-24 13:48:00,Dispatched,1.0,33764.0,5341994.32,5341994.32,0.0,158.22,2026-06-24 21:48:00,45.0,5214720.0,0.0,0.0,0.0,0.0,0.0,0.0,0.0,0.0,5341994.32,False,True,False,none
LD001449,Mombasa,PMS,Coastline Energy Ltd,TRK-461,31300.0,3014754.4,3046054.6,2026-06-24 13:49:00,31300.200000000186,DS001430,31395.0,2026-06-24 14:58:00,Dispatched,1.0,31395.0,5186359.7,5186359.7,0.0,165.2,2026-06-25 16:58:00,3.0,5180150.0,1.0,0.0,0.0,0.0,0.0,0.0,0.0,0.0,5186359.7,False,False,False,none
LD001450,Mombasa,AGO,Savannah Petroleum,TRK-786,29900.0,2910968.5,2940875.0,2026-06-24 07:31:00,29906.5,DS001431,29784.0,2026-06-24 10:12:00,Dispatched,1.0,29784.0,4658435.92,4658435.92,0.0,156.41,2026-06-27 16:12:00,30.0,4640480.0,3.0,0.0,0.0,0.0,0.0,0.0,0.0,0.0,4658435.92,False,False,False,none
LD001451,Mombasa,AGO,Horizon Oil Marketers,TRK-933,27700.0,4071879.9,4099587.1,2026-06-24 11:31:00,27707.200000000186,DS001432,27718.0,2026-06-24 13:49:00,Dispatched,1.0,27718.0,4367924.51,4367924.51,0.0,157.58,2026-06-24 16:49:00,3.0,4299040.0,0.0,0.0,0.0,0.0,0.0,0.0,0.0,0.0,4367924.51,False,False,False,none
LD001452,Mombasa,AGO,Amani Petroleum,TRK-233,27200.0,3124438.0,3151644.9,2026-06-24 09:54:00,27206.899999999907,DS001433,27300.0,2026-06-24 12:06:00,Dispatched,1.0,27300.0,4270658.64,4270658.64,0.0,156.43,2026-06-25 13:06:00,3.0,4221440.0,1.0,0.0,0.0,0.0,0.0,0.0,0.0,0.0,4270658.64,False,False,False,none
LD001453,Mombasa,PMS,Crescent Oil Ltd,TRK-898,31900.0,4303763.7,4335666.1,2026-06-24 19:55:00,31902.39999999944,DS001434,31896.0,2026-06-24 21:33:00,Dispatched,1.0,31896.0,5267896.0,4192012.59,1075883.4100000001,165.16,2026-06-28 03:33:00,1.0,5279450.0,3.0,0.0,0.0,0.0,0.0,0.0,0.0,1075883.4100000001,4192012.59,False,False,True,collections_gap
LD001454,Mombasa,PMS,Coastline Energy Ltd,TRK-691,33100.0,3247455.2,3280556.3,2026-06-24 18:10:00,33101.09999999963,DS001435,33051.0,2026-06-24 19:00:00,Dispatched,1.0,33051.0,5523477.88,0.0,5523477.88,167.12,2026-06-25 22:00:00,,5478050.0,1.0,0.0,0.0,0.0,0.0,0.0,0.0,5523477.88,0.0,False,False,True,collections_gap
LD001455,Mombasa,AGO,Horizon Oil Marketers,TRK-571,30700.0,4705233.1,4735938.8,2026-06-24 08:47:00,30705.700000000186,DS001436,30906.0,2026-06-24 10:39:00,Dispatched,1.0,28035.0,4398273.72,4398273.72,0.0,156.89,2026-06-25 12:39:00,14.0,4764640.0,1.0,0.0,0.0,0.0,0.0,2871.0,450431.18999999994,450431.18999999994,4398273.72,False,False,True,underbilling
LD001456,Mombasa,PMS,Zenith Petroleum,TRK-663,31000.0,3207745.4,3238747.5,2026-06-24 21:28:00,31002.100000000093,DS001437,30823.0,2026-06-24 22:38:00,Dispatched,1.0,30823.0,5145671.55,5145671.55,0.0,166.94,2026-06-24 23:38:00,1.0,5130500.0,0.0,0.0,0.0,0.0,0.0,0.0,0.0,0.0,5145671.55,False,False,False,none
LD001457,Mombasa,PMS,Amani Petroleum,TRK-441,23900.0,2703990.1,2727890.5,2026-06-24 09:25:00,23900.399999999907,DS001438,24089.0,2026-06-24 11:52:00,Dispatched,1.0,24089.0,3962325.77,3962325.77,0.0,164.49,2026-06-27 16:52:00,30.0,3955450.0,3.0,0.0,0.0,0.0,0.0,0.0,0.0,0.0,3962325.77,False,False,False,none
LD001458,Nairobi,PMS,Summit Downstream Ltd,TRK-532,30300.0,3403781.9,3434083.0,2026-06-24 08:03:00,30301.100000000093,DS001439,30305.0,2026-06-24 09:47:00,Dispatched,1.0,30305.0,4961884.91,4961884.91,0.0,163.73,2026-06-24 16:47:00,30.0,5014650.0,0.0,0.0,0.0,0.0,0.0,0.0,0.0,0.0,4961884.91,False,False,False,none
LD001459,Nairobi,PMS,Aberdare Oil Traders,TRK-605,31100.0,2450007.9,2481105.5,2026-06-24 10:38:00,31097.600000000093,DS001440,31220.0,2026-06-24 12:30:00,Dispatched,1.0,31220.0,5258397.32,5258397.32,0.0,168.43,2026-06-25 18:30:00,30.0,5147050.0,1.0,0.0,0.0,0.0,0.0,0.0,0.0,0.0,5258397.32,False,False,False,none
LD001460,Nairobi,AGO,Nyanza Petroleum Co,TRK-136,27500.0,4203754.9,4231257.6,2026-06-24 12:07:00,27502.699999999255,DS001441,27401.0,2026-06-24 14:43:00,Dispatched,1.0,27401.0,4186759.72,4186759.72,0.0,152.8,2026-06-25 14:43:00,3.0,4268000.0,1.0,0.0,0.0,0.0,0.0,0.0,0.0,0.0,4186759.72,False,False,False,none
LD001461,Nairobi,PMS,Nyanza Petroleum Co,TRK-816,22900.0,1439452.5,1462350.9,2026-06-24 08:17:00,22898.399999999907,DS001442,22850.0,2026-06-24 10:18:00,Dispatched,1.0,22850.0,3816896.76,3816896.76,0.0,167.04,2026-06-25 14:18:00,1.0,3789950.0,1.0,0.0,0.0,0.0,0.0,0.0,0.0,0.0,3816896.76,False,False,False,none
LD001462,Nairobi,PMS,Aberdare Oil Traders,TRK-275,30900.0,1101394.4,1132298.4,2026-06-24 12:46:00,30904.0,DS001443,30800.0,2026-06-24 15:07:00,Dispatched,1.0,30800.0,5142565.83,5142565.83,0.0,166.97,2026-06-24 16:07:00,7.0,5113950.0,0.0,0.0,0.0,0.0,0.0,0.0,0.0,0.0,5142565.83,False,False,False,none
LD001463,Nairobi,AGO,Rift Valley Fuels Ltd,TRK-615,31000.0,2264405.2,2295405.9,2026-06-24 14:46:00,31000.69999999972,DS001444,30991.0,2026-06-24 17:05:00,Dispatched,1.0,30991.0,4865421.87,4865421.87,0.0,156.99,2026-06-24 21:05:00,3.0,4811200.0,0.0,0.0,0.0,0.0,0.0,0.0,0.0,0.0,4865421.87,False,False,False,none
LD001464,Nairobi,AGO,Mara Fuels,TRK-270,23900.0,2547229.0,2571126.1,2026-06-24 12:10:00,23897.100000000093,DS001445,23922.0,2026-06-24 13:32:00,Dispatched,1.0,23922.0,3676474.41,3676474.41,0.0,153.69,2026-06-24 19:32:00,14.0,3709279.9999999995,0.0,0.0,0.0,0.0,0.0,0.0,0.0,0.0,3676474.41,False,False,False,none
LD001465,Nairobi,AGO,Delta Oil Marketers,TRK-121,21300.0,1588653.0,1609950.3,2026-06-24 09:00:00,21297.300000000047,DS001446,21368.0,2026-06-24 09:58:00,Dispatched,1.0,21368.0,3322743.72,3322743.72,0.0,155.5,2026-06-27 17:58:00,7.0,3305759.9999999995,3.0,0.0,0.0,0.0,0.0,0.0,0.0,0.0,3322743.72,False,False,False,none
LD001466,Kisumu,AGO,Rift Valley Fuels Ltd,TRK-585,33600.0,2589085.9,2622684.6,2026-06-24 10:43:00,33598.700000000186,DS001447,33427.0,2026-06-24 12:36:00,Dispatched,1.0,33427.0,5278157.38,5278157.38,0.0,157.9,2026-06-24 12:36:00,1.0,5214720.0,0.0,0.0,0.0,0.0,0.0,0.0,0.0,0.0,5278157.38,False,False,False,none
LD001467,Kisumu,AGO,Horizon Oil Marketers,TRK-117,23900.0,4249304.7,4273200.8,2026-06-24 12:30:00,23896.099999999627,DS001448,23911.0,2026-06-24 14:11:00,Dispatched,1.0,23911.0,3669528.11,3669528.11,0.0,153.47,2026-06-25 22:11:00,21.0,3709279.9999999995,1.0,0.0,0.0,0.0,0.0,0.0,0.0,0.0,3669528.11,False,False,False,none
LD001468,Kisumu,AGO,Tsavo Energy Group,TRK-893,29100.0,3326256.8,3355355.2,2026-06-24 21:32:00,29098.400000000373,DS001449,29178.0,2026-06-24 22:44:00,Dispatched,1.0,29178.0,4595511.3,4595511.3,0.0,157.5,2026-06-26 02:44:00,30.0,4516320.0,1.0,0.0,0.0,0.0,0.0,0.0,0.0,0.0,4595511.3,False,False,False,none
LD001469,Kisumu,PMS,Delta Oil Marketers,TRK-658,31400.0,1960877.7,1992269.0,2026-06-24 15:28:00,31391.300000000047,DS001450,31502.0,2026-06-24 18:11:00,Dispatched,1.0,31502.0,5160352.25,5160352.25,0.0,163.81,2026-06-26 00:11:00,60.0,5196700.0,1.0,0.0,0.0,0.0,0.0,0.0,0.0,0.0,5160352.25,False,True,False,none
LD001470,Kisumu,PMS,Zenith Petroleum,TRK-441,21300.0,4506455.3,4527753.1,2026-06-24 19:00:00,21297.799999999814,DS001451,21272.0,2026-06-24 21:39:00,Dispatched,1.0,21272.0,3537296.1,3537296.1,0.0,166.29,2026-06-26 04:39:00,7.0,3525150.0,1.0,0.0,0.0,0.0,0.0,0.0,0.0,0.0,3537296.1,False,False,False,none
LD001471,Kisumu,PMS,Rift Valley Fuels Ltd,TRK-520,31700.0,2205852.2,2237545.7,2026-06-24 21:46:00,31693.5,DS001452,31659.0,2026-06-24 23:32:00,Dispatched,1.0,31659.0,5172106.7,5172106.7,0.0,163.37,2026-06-27 03:32:00,3.0,5246350.0,2.0,0.0,0.0,0.0,0.0,0.0,0.0,0.0,5172106.7,False,False,False,none
LD001472,Kisumu,PMS,Pioneer Fuels Kenya,TRK-541,34200.0,1459625.4,1493827.5,2026-06-24 05:15:00,34202.10000000009,DS001453,34191.0,2026-06-24 07:37:00,Dispatched,1.0,30851.0,5145906.09,5145906.09,0.0,166.8,2026-06-25 15:37:00,3.0,5660100.0,1.0,0.0,0.0,0.0,0.0,3340.0,557112.0,557112.0,5145906.09,False,False,True,underbilling
LD001473,Kisumu,AGO,Summit Downstream Ltd,TRK-380,20100.0,3008032.8,3028141.2,2026-06-24 11:58:00,20108.400000000373,DS001454,20111.0,2026-06-24 14:32:00,Dispatched,1.0,20111.0,3080574.87,3080574.87,0.0,153.18,2026-07-01 17:32:00,3.0,3119520.0,7.0,0.0,0.0,0.0,0.0,0.0,0.0,0.0,3080574.87,True,False,False,none
LD001474,Kisumu,IK,Aberdare Oil Traders,TRK-457,20900.0,2256175.2,2277084.0,2026-06-24 21:11:00,20908.799999999814,DS001455,20982.0,2026-06-24 21:45:00,Dispatched,1.0,20982.0,2947217.34,2947217.34,0.0,140.46,2026-06-25 02:45:00,3.0,2926000.0,0.0,0.0,0.0,0.0,0.0,0.0,0.0,0.0,2947217.34,False,False,False,none
LD001475,Kisumu,AGO,Equator Fuels,TRK-632,28000.0,1866316.7,1894326.5,2026-06-24 13:19:00,28009.800000000047,DS001456,27898.0,2026-06-24 15:40:00,Dispatched,1.0,27898.0,4302816.16,4302816.16,0.0,154.23,2026-06-26 18:40:00,60.0,4345600.0,2.0,0.0,0.0,0.0,0.0,0.0,0.0,0.0,4302816.16,False,True,False,none
LD001476,Eldoret,AGO,Kilele Fuels,TRK-911,27100.0,2956193.6,2983293.0,2026-06-24 08:27:00,27099.399999999907,DS001457,27036.0,2026-06-24 09:32:00,Dispatched,1.0,27036.0,4263001.95,0.0,4263001.95,157.68,2026-06-25 14:32:00,,4205920.0,1.0,0.0,0.0,0.0,0.0,0.0,0.0,4263001.95,0.0,False,False,True,collections_gap
LD001477,Eldoret,PMS,Baraka Downstream,TRK-253,25600.0,4638193.9,4663801.5,2026-06-24 05:31:00,25607.599999999627,DS001458,25498.0,2026-06-24 07:42:00,Dispatched,1.0,25498.0,4255538.95,4255538.95,0.0,166.9,2026-06-26 11:42:00,1.0,4236800.0,2.0,0.0,0.0,0.0,0.0,0.0,0.0,0.0,4255538.95,False,False,False,none
LD001478,Eldoret,AGO,Delta Oil Marketers,TRK-918,33000.0,2367396.2,2400398.2,2026-06-24 10:19:00,33002.0,DS001459,33042.0,2026-06-24 11:05:00,Dispatched,1.0,33042.0,5212512.73,5212512.73,0.0,157.75,2026-06-24 14:05:00,3.0,5121600.0,0.0,0.0,0.0,0.0,0.0,0.0,0.0,0.0,5212512.73,False,False,False,none
LD001479,Eldoret,AGO,Pioneer Fuels Kenya,TRK-600,26900.0,4393887.1,4420793.1,2026-06-24 11:18:00,26906.0,DS001460,26989.0,2026-06-24 12:27:00,Dispatched,1.0,26989.0,4139313.2,4139313.2,0.0,153.37,2026-06-24 17:27:00,1.0,4174879.9999999995,0.0,0.0,0.0,0.0,0.0,0.0,0.0,0.0,4139313.2,False,False,False,none
LD001480,Eldoret,PMS,Aberdare Oil Traders,TRK-999,35100.0,3492841.5,3527938.7,2026-06-24 05:03:00,35097.200000000186,DS001461,34950.0,2026-06-24 05:54:00,Dispatched,1.0,34950.0,5818966.49,5818966.49,0.0,166.49,2026-06-24 07:54:00,3.0,5809050.0,0.0,0.0,0.0,0.0,0.0,0.0,0.0,0.0,5818966.49,False,False,False,none
LD001481,Eldoret,IK,Equator Fuels,TRK-182,31900.0,4220389.2,4252287.5,2026-06-24 13:09:00,31898.299999999814,DS001462,31908.0,2026-06-24 14:34:00,Dispatched,1.0,31908.0,4401378.07,4401378.07,0.0,137.94,2026-06-27 22:34:00,1.0,4466000.0,3.0,0.0,0.0,0.0,0.0,0.0,0.0,0.0,4401378.07,False,False,False,none
LD001482,Nakuru,PMS,Summit Downstream Ltd,TRK-200,20300.0,1250027.8,1270333.3,2026-06-24 16:15:00,20305.5,DS001463,20363.0,2026-06-24 18:06:00,Dispatched,1.0,20363.0,3412246.05,3412246.05,0.0,167.57,2026-06-26 23:06:00,7.0,3359650.0,2.0,0.0,0.0,0.0,0.0,0.0,0.0,0.0,3412246.05,False,False,False,none
LD001483,Nakuru,AGO,Uhuru Energy Partners,TRK-430,26200.0,3333686.1,3359897.4,2026-06-24 10:36:00,26211.299999999814,DS001464,26262.0,2026-06-24 12:52:00,Dispatched,1.0,26262.0,4118357.01,4118357.01,0.0,156.82,2026-06-25 12:52:00,7.0,4066239.9999999995,1.0,0.0,0.0,0.0,0.0,0.0,0.0,0.0,4118357.01,False,False,False,none
LD001484,Nakuru,AGO,Baraka Downstream,TRK-304,27700.0,3646815.4,3674512.0,2026-06-24 11:16:00,27696.600000000093,DS001465,27764.0,2026-06-24 13:57:00,Dispatched,1.0,27764.0,4252023.0,4252023.0,0.0,153.14878979974068,2026-06-24 19:57:00,3.0,4299040.0,0.0,0.0,0.0,0.0,0.0,0.0,0.0,0.0,4252023.0,False,False,False,none
LD001485,Nakuru,PMS,Tsavo Energy Group,TRK-996,23500.0,1451372.7,1474870.7,2026-06-24 19:34:00,23498.0,DS001466,23416.0,2026-06-24 20:09:00,Dispatched,1.0,23416.0,3875060.98,3875060.98,0.0,165.49,2026-06-28 04:09:00,3.0,3889250.0,3.0,0.0,0.0,0.0,0.0,0.0,0.0,0.0,3875060.98,False,False,False,none
LD001486,Nakuru,PMS,Mara Fuels,TRK-801,20400.0,2521927.5,2542340.1,2026-06-24 19:44:00,20412.600000000093,DS001467,20447.0,2026-06-24 22:38:00,Dispatched,1.0,20447.0,3409524.88,0.0,3409524.88,166.75,2026-06-24 22:38:00,,3376200.0,0.0,0.0,0.0,0.0,0.0,0.0,0.0,3409524.88,0.0,False,False,True,collections_gap
LD001487,Nakuru,AGO,Uhuru Energy Partners,TRK-572,21700.0,3125427.3,3147135.3,2026-06-24 18:29:00,21708.0,DS001468,21688.0,2026-06-24 20:34:00,Dispatched,1.0,21688.0,3383793.4,3383793.4,0.0,156.02,2026-06-27 20:34:00,14.0,3367839.9999999995,3.0,0.0,0.0,0.0,0.0,0.0,0.0,0.0,3383793.4,False,False,False,none
LD001488,Kisii,IK,Baraka Downstream,TRK-409,34400.0,3100197.4,3134590.0,2026-06-24 18:05:00,34392.60000000009,DS001469,34510.0,2026-06-24 19:53:00,Dispatched,1.0,34510.0,4828160.6,4828160.6,0.0,139.91,2026-06-25 03:53:00,7.0,4816000.0,0.0,0.0,0.0,0.0,0.0,0.0,0.0,0.0,4828160.6,False,False,False,none
LD001489,Kisii,PMS,Pioneer Fuels Kenya,TRK-154,31300.0,2008691.5,2039986.3,2026-06-24 22:57:00,31294.800000000047,DS001470,31342.0,2026-06-25 01:16:00,Dispatched,1.0,31342.0,5097364.41,5097364.41,0.0,162.64,2026-06-27 05:16:00,1.0,5180150.0,2.0,0.0,0.0,0.0,0.0,0.0,0.0,0.0,5097364.41,False,False,False,none
LD001490,Kisii,PMS,Amani Petroleum,TRK-155,23300.0,1003773.7,1027073.0,2026-06-24 05:29:00,23299.300000000047,DS001471,23243.0,2026-06-24 07:01:00,Dispatched,1.0,23243.0,3840959.23,3840959.23,0.0,165.25,2026-06-24 14:01:00,45.0,3856150.0,0.0,0.0,0.0,0.0,0.0,0.0,0.0,0.0,3840959.23,False,True,False,none
LD001491,Kisii,PMS,Crescent Oil Ltd,TRK-397,20600.0,4909135.3,4929739.1,2026-06-24 08:21:00,20603.799999999814,DS001472,20617.0,2026-06-24 10:44:00,Dispatched,1.0,20617.0,3390162.09,3390162.09,0.0,164.44,2026-06-25 13:44:00,7.0,3409300.0,1.0,0.0,0.0,0.0,0.0,0.0,0.0,0.0,3390162.09,False,False,False,none
LD001492,Kisii,AGO,Pioneer Fuels Kenya,TRK-857,33400.0,3202641.8,3236035.9,2026-06-24 06:07:00,33394.10000000009,DS001473,33482.0,2026-06-24 06:46:00,Dispatched,1.0,33482.0,5101080.24,5101080.24,0.0,152.35,2026-06-24 10:46:00,14.0,5183680.0,0.0,0.0,0.0,0.0,0.0,0.0,0.0,0.0,5101080.24,False,False,False,none
LD001493,Kisii,AGO,Highland Energy Co,TRK-607,22500.0,3912465.7,3934973.3,2026-06-24 21:09:00,22507.599999999627,DS001474,22466.0,2026-06-24 22:46:00,Dispatched,1.0,22466.0,3455858.01,3455858.01,0.0,153.83,2026-06-25 05:46:00,30.0,3491999.9999999995,0.0,0.0,0.0,0.0,0.0,0.0,0.0,0.0,3455858.01,False,False,False,none
LD001494,Mombasa,AGO,Coastline Energy Ltd,TRK-106,33700.0,2673164.4,2706867.7,2026-06-25 09:19:00,33703.30000000028,DS001475,33713.0,2026-06-25 11:39:00,Dispatched,1.0,33713.0,5244055.61,5244055.61,0.0,155.55,2026-06-26 17:39:00,7.0,5230240.0,1.0,0.0,0.0,0.0,0.0,0.0,0.0,0.0,5244055.61,False,False,False,none
LD001495,Mombasa,PMS,Crescent Oil Ltd,TRK-632,25000.0,4746898.2,4771895.0,2026-06-25 05:09:00,24996.799999999814,DS001476,24900.0,2026-06-25 07:24:00,Dispatched,1.0,23278.0,3814337.04,3814337.04,0.0,163.8601701177077,2026-06-26 10:24:00,30.0,4137500.0,1.0,0.0,0.0,0.0,0.0,1622.0,265781.1959309219,265781.1959309219,3814337.04,False,False,True,underbilling
LD001496,Mombasa,PMS,Amani Petroleum,TRK-156,22900.0,1432620.1,1455538.4,2026-06-25 20:01:00,22918.299999999814,DS001477,22938.0,2026-06-25 23:00:00,Dispatched,1.0,22938.0,3741384.86,3741384.86,0.0,163.11,2026-06-26 01:00:00,45.0,3789950.0,0.0,0.0,0.0,0.0,0.0,0.0,0.0,0.0,3741384.86,False,True,False,none
LD001497,Mombasa,PMS,Nyanza Petroleum Co,TRK-659,33500.0,3456532.7,3490027.6,2026-06-25 10:52:00,33494.89999999991,DS001478,33494.0,2026-06-25 12:23:00,Dispatched,1.0,33494.0,5498898.36,5498898.36,0.0,164.18,2026-06-25 16:23:00,3.0,5544250.0,0.0,0.0,0.0,0.0,0.0,0.0,0.0,0.0,5498898.36,False,False,False,none
LD001498,Mombasa,AGO,Baraka Downstream,TRK-289,28900.0,3335677.2,3364574.3,2026-06-25 08:27:00,28897.099999999627,DS001479,28979.0,2026-06-25 10:55:00,Dispatched,1.0,28979.0,4466327.32,4466327.32,0.0,154.12,2026-07-05 16:55:00,30.0,4485280.0,10.0,0.0,0.0,0.0,0.0,0.0,0.0,0.0,4466327.32,True,False,False,none
LD001499,Mombasa,PMS,Delta Oil Marketers,TRK-396,23300.0,4405623.0,4428921.8,2026-06-25 22:12:00,23298.799999999814,DS001480,23336.0,2026-06-26 00:07:00,Dispatched,1.0,23336.0,3845464.19,3845464.19,0.0,164.79,2026-07-03 03:07:00,1.0,3856150.0,7.0,0.0,0.0,0.0,0.0,0.0,0.0,0.0,3845464.19,True,False,False,none
LD001500,Mombasa,PMS,Summit Downstream Ltd,TRK-209,30900.0,2096481.5,2127378.1,2026-06-25 13:25:00,30896.600000000093,DS001481,30862.0,2026-06-25 15:02:00,Dispatched,1.0,30862.0,5168352.86,5168352.86,0.0,167.47,2026-06-25 15:02:00,3.0,5113950.0,0.0,0.0,0.0,0.0,0.0,0.0,0.0,0.0,5168352.86,False,False,False,none
LD001501,Nairobi,AGO,Coastline Energy Ltd,TRK-677,22600.0,3826416.5,3849027.4,2026-06-25 09:01:00,22610.899999999907,DS001482,22543.0,2026-06-25 11:34:00,Dispatched,1.0,22543.0,3454214.32,3454214.32,0.0,153.23,2026-06-25 18:34:00,30.0,3507519.9999999995,0.0,0.0,0.0,0.0,0.0,0.0,0.0,0.0,3454214.32,False,False,False,none
LD001502,Nairobi,AGO,Crescent Oil Ltd,TRK-463,23100.0,1846983.4,1870086.3,2026-06-25 06:41:00,23102.90000000014,DS001483,23025.0,2026-06-25 09:19:00,Dispatched,1.0,23025.0,3574325.82,3574325.82,0.0,155.24,2026-07-02 09:19:00,45.0,3585119.9999999995,7.0,0.0,0.0,0.0,0.0,0.0,0.0,0.0,3574325.82,True,True,False,none
LD001503,Nairobi,AGO,Rift Valley Fuels Ltd,TRK-466,20700.0,2288270.1,2308975.7,2026-06-25 19:17:00,20705.600000000093,DS001484,20668.0,2026-06-25 21:51:00,Dispatched,1.0,20668.0,3149599.41,3149599.41,0.0,152.39,2026-06-26 05:51:00,14.0,3212639.9999999995,0.0,0.0,0.0,0.0,0.0,0.0,0.0,0.0,3149599.41,False,False,False,none
LD001504,Nairobi,IK,Amani Petroleum,TRK-771,30700.0,2741585.3,2772286.2,2026-06-25 21:24:00,30700.900000000373,DS001485,30782.0,2026-06-25 23:29:00,Dispatched,1.0,30782.0,4373840.38,4373840.38,0.0,142.09,2026-06-29 05:29:00,1.0,4298000.0,3.0,0.0,0.0,0.0,0.0,0.0,0.0,0.0,4373840.38,False,False,False,none
LD001505,Nairobi,AGO,Baraka Downstream,TRK-880,35200.0,3876980.8,3912181.0,2026-06-25 15:29:00,35200.200000000186,DS001486,35015.0,2026-06-25 16:36:00,Dispatched,1.0,35015.0,5361121.53,5361121.53,0.0,153.11,2026-06-26 21:36:00,7.0,5463040.0,1.0,0.0,0.0,0.0,0.0,0.0,0.0,0.0,5361121.53,False,False,False,none
LD001506,Nairobi,PMS,Delta Oil Marketers,TRK-284,24100.0,1211306.7,1235410.5,2026-06-25 20:24:00,24103.800000000047,DS001487,24025.0,2026-06-25 23:23:00,Dispatched,1.0,24025.0,3948240.94,3948240.94,0.0,164.34,2026-06-28 04:23:00,14.0,3988550.0,2.0,0.0,0.0,0.0,0.0,0.0,0.0,0.0,3948240.94,False,False,False,none
LD001507,Nairobi,AGO,Crescent Oil Ltd,TRK-169,31600.0,1485212.0,1516813.6,2026-06-25 16:37:00,31601.600000000093,DS001488,31681.0,2026-06-25 18:24:00,Dispatched,1.0,31681.0,4952779.86,4952779.86,0.0,156.33,2026-06-25 18:24:00,3.0,4904320.0,0.0,0.0,0.0,0.0,0.0,0.0,0.0,0.0,4952779.86,False,False,False,none
LD001508,Nairobi,AGO,Horizon Oil Marketers,TRK-611,29000.0,3402332.8,3431323.4,2026-06-25 10:14:00,28990.600000000093,DS001489,29116.0,2026-06-25 12:27:00,Dispatched,1.0,29116.0,4542060.56,4542060.56,0.0,156.0,2026-06-25 20:27:00,60.0,4500800.0,0.0,0.0,0.0,0.0,0.0,0.0,0.0,0.0,4542060.56,False,True,False,none
LD001509,Kisumu,AGO,Tsavo Energy Group,TRK-493,26100.0,3468776.9,3494877.3,2026-06-25 12:06:00,26100.399999999907,DS001490,26023.0,2026-06-25 13:06:00,Dispatched,1.0,26023.0,4086810.48,4086810.48,0.0,157.05,2026-06-28 13:06:00,3.0,4050719.9999999995,3.0,0.0,0.0,0.0,0.0,0.0,0.0,0.0,4086810.48,False,False,False,none
LD001510,Kisumu,PMS,Savannah Petroleum,TRK-174,29500.0,1768093.5,1797594.1,2026-06-25 13:07:00,29500.600000000093,DS001491,29407.0,2026-06-25 14:54:00,Dispatched,1.0,29407.0,4825575.19,4825575.19,0.0,164.1,2026-06-25 22:54:00,3.0,4882250.0,0.0,0.0,0.0,0.0,0.0,0.0,0.0,0.0,4825575.19,False,False,False,none
LD001511,Kisumu,AGO,Tsavo Energy Group,TRK-815,30700.0,3493518.3,3524217.1,2026-06-25 05:59:00,30698.80000000028,DS001492,30830.0,2026-06-25 08:11:00,Dispatched,1.0,30830.0,4755837.46,4755837.46,0.0,154.26,2026-06-25 15:11:00,1.0,4764640.0,0.0,0.0,0.0,0.0,0.0,0.0,0.0,0.0,4755837.46,False,False,False,none
LD001512,Kisumu,PMS,Equator Fuels,TRK-548,28500.0,2337770.1,2366282.6,2026-06-25 22:12:00,28512.5,DS001493,28489.0,2026-06-25 23:06:00,Dispatched,1.0,28489.0,4699200.02,4699200.02,0.0,164.95,2026-06-27 00:06:00,7.0,4716750.0,1.0,0.0,0.0,0.0,0.0,0.0,0.0,0.0,4699200.02,False,False,False,none
LD001513,Kisumu,PMS,Amani Petroleum,TRK-296,28300.0,1790223.6,1818521.0,2026-06-25 10:27:00,28297.399999999907,DS001494,28224.0,2026-06-25 11:59:00,Dispatched,1.0,28224.0,4608191.12,4608191.12,0.0,163.27,2026-06-25 13:59:00,14.0,4683650.0,0.0,0.0,0.0,0.0,0.0,0.0,0.0,0.0,4608191.12,False,False,False,none
LD001514,Kisumu,AGO,Savannah Petroleum,TRK-105,21400.0,2744984.1,2766386.6,2026-06-25 08:13:00,21402.5,DS001495,21467.0,2026-06-25 11:09:00,Dispatched,1.0,21467.0,3339949.5,3339949.5,0.0,155.59,2026-06-25 13:09:00,3.0,3321279.9999999995,0.0,0.0,0.0,0.0,0.0,0.0,0.0,0.0,3339949.5,False,False,False,none
LD001515,Kisumu,AGO,Tsavo Energy Group,TRK-845,30500.0,2750867.3,2781369.5,2026-06-25 07:21:00,30502.200000000186,DS001496,30546.0,2026-06-25 09:03:00,Dispatched,1.0,30546.0,4738123.65,4738123.65,0.0,155.11,2026-06-26 13:03:00,21.0,4733600.0,1.0,0.0,0.0,0.0,0.0,0.0,0.0,0.0,4738123.65,False,False,False,none
LD001516,Eldoret,PMS,Delta Oil Marketers,TRK-465,21100.0,4573618.9,4594710.4,2026-06-25 11:36:00,21091.5,DS001497,21147.0,2026-06-25 12:12:00,Dispatched,1.0,21147.0,3533041.7,0.0,3533041.7,167.07,2026-06-27 18:12:00,,3492050.0,2.0,0.0,0.0,0.0,0.0,0.0,0.0,3533041.7,0.0,False,False,True,collections_gap
LD001517,Eldoret,AGO,Summit Downstream Ltd,TRK-682,26200.0,2151518.7,2177722.5,2026-06-25 19:27:00,26203.799999999814,DS001498,26134.0,2026-06-25 21:54:00,Dispatched,1.0,26134.0,3995066.13,3995066.13,0.0,152.87,2026-06-26 00:54:00,1.0,4066239.9999999995,0.0,0.0,0.0,0.0,0.0,0.0,0.0,0.0,3995066.13,False,False,False,none
LD001518,Eldoret,AGO,Horizon Oil Marketers,TRK-152,33800.0,2263988.6,2297791.2,2026-06-25 14:06:00,33802.60000000009,DS001499,33838.0,2026-06-25 16:28:00,Dispatched,2.0,67676.0,10453516.48,5226758.24,5226758.24,154.46,2026-06-26 17:28:00,7.0,5245760.0,1.0,0.0,0.0,0.0,0.0,0.0,0.0,5226758.24,5226758.24,False,False,True,collections_gap
LD001519,Eldoret,PMS,Aberdare Oil Traders,TRK-466,33600.0,1163735.8,1197336.5,2026-06-25 14:59:00,33600.69999999995,DS001500,33726.0,2026-06-25 16:38:00,Dispatched,1.0,33726.0,5689226.46,5689226.46,0.0,168.69,2026-06-25 23:38:00,21.0,5560800.0,0.0,0.0,0.0,0.0,0.0,0.0,0.0,0.0,5689226.46,False,False,False,none
LD001520,Eldoret,IK,Pioneer Fuels Kenya,TRK-630,21000.0,2298436.7,2319434.2,2026-06-25 07:34:00,20997.5,DS001501,21040.0,2026-06-25 08:49:00,Dispatched,1.0,21040.0,2960422.0,2960422.0,0.0,140.7,2026-06-25 14:49:00,1.0,2940000.0,0.0,0.0,0.0,0.0,0.0,0.0,0.0,0.0,2960422.0,False,False,False,none
LD001521,Eldoret,PMS,Horizon Oil Marketers,TRK-369,30800.0,2349067.6,2379864.8,2026-06-25 06:34:00,30797.19999999972,DS001502,30885.0,2026-06-25 07:43:00,Dispatched,1.0,30885.0,5038440.63,5038440.63,0.0,163.14,2026-06-26 13:43:00,14.0,5097400.0,1.0,0.0,0.0,0.0,0.0,0.0,0.0,0.0,5038440.63,False,False,False,none
LD001522,Eldoret,PMS,Equator Fuels,TRK-883,27300.0,2901543.4,2928839.2,2026-06-25 18:16:00,27295.80000000028,DS001503,27415.0,2026-06-25 21:15:00,Dispatched,1.0,27415.0,4560008.05,4560008.05,0.0,166.33,2026-06-25 22:15:00,21.0,4518150.0,0.0,0.0,0.0,0.0,0.0,0.0,0.0,0.0,4560008.05,False,False,False,none
LD001523,Nakuru,PMS,Savannah Petroleum,TRK-174,21200.0,1424641.4,1445839.0,2026-06-25 15:59:00,21197.600000000093,DS001504,21227.0,2026-06-25 17:19:00,Dispatched,1.0,21227.0,3477046.06,3477046.06,0.0,163.8,2026-06-25 20:19:00,14.0,3508600.0,0.0,0.0,0.0,0.0,0.0,0.0,0.0,0.0,3477046.06,False,False,False,none
LD001524,Nakuru,PMS,Crescent Oil Ltd,TRK-182,23100.0,3019645.8,3042749.0,2026-06-25 07:26:00,23103.200000000186,DS001505,23061.0,2026-06-25 09:27:00,Dispatched,1.0,23061.0,3810759.67,3810759.67,0.0,165.25,2026-07-02 15:27:00,7.0,3823050.0,7.0,0.0,0.0,0.0,0.0,0.0,0.0,0.0,3810759.67,True,False,False,none
LD001525,Nakuru,IK,Savannah Petroleum,TRK-608,32300.0,1247786.1,1280081.2,2026-06-25 13:46:00,32295.09999999986,DS001506,32385.0,2026-06-25 16:12:00,Dispatched,1.0,32385.0,4504854.52,4504854.52,0.0,139.1,2026-06-25 19:12:00,30.0,4522000.0,0.0,0.0,0.0,0.0,0.0,0.0,0.0,0.0,4504854.52,False,False,False,none
LD001526,Nakuru,AGO,Coastline Energy Ltd,TRK-997,20600.0,1210975.8,1231576.8,2026-06-25 18:30:00,20601.0,DS001507,20532.0,2026-06-25 19:21:00,Dispatched,1.0,20532.0,3164715.15,3164715.15,0.0,154.14,2026-06-26 22:21:00,60.0,3197119.9999999995,1.0,0.0,0.0,0.0,0.0,0.0,0.0,0.0,3164715.15,False,True,False,none
LD001527,Nakuru,IK,Equator Fuels,TRK-980,33300.0,1471889.9,1505189.5,2026-06-25 05:49:00,33299.60000000009,DS001508,33278.0,2026-06-25 07:08:00,Dispatched,1.0,33278.0,4648542.03,4648542.03,0.0,139.69,2026-06-25 12:08:00,3.0,4662000.0,0.0,0.0,0.0,0.0,0.0,0.0,0.0,0.0,4648542.03,False,False,False,none
LD001528,Nakuru,AGO,Summit Downstream Ltd,TRK-540,33500.0,2049633.5,2083130.6,2026-06-25 06:24:00,33497.10000000009,DS001509,33559.0,2026-06-25 08:53:00,Dispatched,1.0,33559.0,5233181.92,5233181.92,0.0,155.94,2026-06-25 09:53:00,14.0,5199200.0,0.0,0.0,0.0,0.0,0.0,0.0,0.0,0.0,5233181.92,False,False,False,none
LD001529,Nakuru,AGO,Horizon Oil Marketers,TRK-476,26700.0,1159690.1,1186400.9,2026-06-25 08:28:00,26710.799999999814,DS001510,26442.0,2026-06-25 09:56:00,Dispatched,1.0,26442.0,4027920.67,4027920.67,0.0,152.33,2026-06-26 13:56:00,1.0,4143839.9999999995,1.0,0.0,0.0,0.0,0.0,0.0,0.0,0.0,4027920.67,False,False,False,none
LD001530,Kisii,PMS,Nyanza Petroleum Co,TRK-110,30500.0,2400794.7,2431287.6,2026-06-25 06:15:00,30492.899999999907,DS001511,30523.0,2026-06-25 09:10:00,Dispatched,1.0,30523.0,5034115.75,1628851.4,3405264.35,164.93,2026-06-25 14:10:00,3.0,5047750.0,0.0,0.0,0.0,0.0,0.0,0.0,0.0,3405264.35,1628851.4,False,False,True,collections_gap
LD001531,Kisii,AGO,Savannah Petroleum,TRK-115,29900.0,4539231.8,4569129.3,2026-06-25 22:36:00,29897.5,DS001512,29927.0,2026-06-26 00:14:00,Dispatched,1.0,29927.0,4606781.67,4606781.67,0.0,153.93,2026-06-27 00:14:00,60.0,4640480.0,1.0,0.0,0.0,0.0,0.0,0.0,0.0,0.0,4606781.67,False,True,False,none
LD001532,Kisii,AGO,Baraka Downstream,TRK-389,35900.0,4474228.1,4510121.0,2026-06-25 07:03:00,35892.90000000037,DS001513,35778.0,2026-06-25 09:29:00,Dispatched,1.0,35778.0,5660028.01,5660028.01,0.0,158.2,2026-06-25 15:29:00,14.0,5571680.0,0.0,0.0,0.0,0.0,0.0,0.0,0.0,0.0,5660028.01,False,False,False,none
LD001533,Kisii,PMS,Baraka Downstream,TRK-590,29000.0,3066510.4,3095511.1,2026-06-25 12:18:00,29000.700000000186,DS001514,29028.0,2026-06-25 14:39:00,Dispatched,1.0,29028.0,4898111.59,4898111.59,0.0,168.74,2026-06-25 22:39:00,3.0,4799500.0,0.0,0.0,0.0,0.0,0.0,0.0,0.0,0.0,4898111.59,False,False,False,none
LD001534,Kisii,AGO,Highland Energy Co,TRK-822,33600.0,3740698.1,3774289.0,2026-06-25 07:16:00,33590.89999999991,DS001515,33619.0,2026-06-25 07:52:00,Dispatched,1.0,33619.0,5173494.23,5173494.23,0.0,153.89,2026-06-25 10:52:00,1.0,5214720.0,0.0,0.0,0.0,0.0,0.0,0.0,0.0,0.0,5173494.23,False,False,False,none
LD001535,Kisii,AGO,Coastline Energy Ltd,TRK-898,24600.0,1805855.7,1830452.0,2026-06-25 12:28:00,24596.300000000047,DS001516,24603.0,2026-06-25 14:44:00,Dispatched,1.0,24603.0,3763904.62,3763904.62,0.0,152.99,2026-06-26 17:44:00,45.0,3817919.9999999995,1.0,0.0,0.0,0.0,0.0,0.0,0.0,0.0,3763904.62,False,True,False,none
LD001536,Kisii,AGO,Aberdare Oil Traders,TRK-654,21500.0,2676544.7,2698042.0,2026-06-25 12:33:00,21497.299999999814,DS001517,21577.0,2026-06-25 13:20:00,Dispatched,1.0,21577.0,3316108.48,3316108.48,0.0,153.69,2026-06-25 19:20:00,7.0,3336799.9999999995,0.0,0.0,0.0,0.0,0.0,0.0,0.0,0.0,3316108.48,False,False,False,none
LD001537,Kisii,PMS,Crescent Oil Ltd,TRK-180,21800.0,1687650.2,1709444.0,2026-06-25 18:45:00,21793.800000000047,DS001518,21857.0,2026-06-25 21:44:00,Dispatched,1.0,21857.0,3599987.21,3599987.21,0.0,164.71,2026-07-03 01:44:00,3.0,3607900.0,7.0,0.0,0.0,0.0,0.0,0.0,0.0,0.0,3599987.21,True,False,False,none
LD001538,Kisii,AGO,Coastline Energy Ltd,TRK-315,21000.0,2269555.4,2290556.3,2026-06-25 21:14:00,21000.899999999907,DS001519,21040.0,2026-06-25 22:26:00,Dispatched,1.0,21040.0,3292091.79,3292091.79,0.0,156.47,2026-06-27 02:26:00,30.0,3259199.9999999995,1.0,0.0,0.0,0.0,0.0,0.0,0.0,0.0,3292091.79,False,False,False,none
LD001539,Kisii,AGO,Nyanza Petroleum Co,TRK-765,23500.0,3061220.8,3084722.1,2026-06-25 09:02:00,23501.30000000028,DS001520,23428.0,2026-06-25 10:12:00,Dispatched,1.0,23428.0,3663374.47,3663374.47,0.0,156.37,2026-06-27 16:12:00,14.0,3647199.9999999995,2.0,0.0,0.0,0.0,0.0,0.0,0.0,0.0,3663374.47,False,False,False,none
LD001540,Kisii,PMS,Aberdare Oil Traders,TRK-407,34500.0,3973740.7,4008238.6,2026-06-25 06:17:00,34497.89999999991,DS001521,34498.0,2026-06-25 09:06:00,Dispatched,1.0,34498.0,5620746.66,5620746.66,0.0,162.93,2026-06-25 11:06:00,3.0,5709750.0,0.0,0.0,0.0,0.0,0.0,0.0,0.0,0.0,5620746.66,False,False,False,none
LD001541,Mombasa,PMS,Rift Valley Fuels Ltd,TRK-493,26000.0,3412852.2,3438853.4,2026-06-26 17:31:00,26001.19999999972,DS001522,26092.0,2026-06-26 19:19:00,Dispatched,1.0,26092.0,4268185.57,4268185.57,0.0,163.58,2026-06-27 00:19:00,7.0,4303000.0,0.0,0.0,0.0,0.0,0.0,0.0,0.0,0.0,4268185.57,False,False,False,none
LD001542,Mombasa,PMS,Uhuru Energy Partners,TRK-776,34900.0,3302661.0,3337558.3,2026-06-26 17:11:00,34897.299999999814,DS001523,34878.0,2026-06-26 18:48:00,Dispatched,1.0,31463.0,5297881.68,5297881.68,0.0,168.38,2026-06-26 22:48:00,45.0,5775950.0,0.0,0.0,0.0,0.0,0.0,3415.0,575017.7,575017.7,5297881.68,False,True,True,underbilling
LD001543,Mombasa,AGO,Rift Valley Fuels Ltd,TRK-872,22000.0,3326886.1,3348883.6,2026-06-26 16:59:00,21997.5,DS001524,22103.0,2026-06-26 18:15:00,Dispatched,1.0,22103.0,3368695.88,3368695.88,0.0,152.41,2026-06-30 00:15:00,45.0,3414399.9999999995,3.0,0.0,0.0,0.0,0.0,0.0,0.0,0.0,3368695.88,False,True,False,none
LD001544,Mombasa,AGO,Rift Valley Fuels Ltd,TRK-949,34100.0,3594731.8,3628838.9,2026-06-26 11:48:00,34107.10000000009,DS001525,34168.0,2026-06-26 12:37:00,Dispatched,1.0,34168.0,5226406.26,5226406.26,0.0,152.96,2026-06-26 20:37:00,1.0,5292320.0,0.0,0.0,0.0,0.0,0.0,0.0,0.0,0.0,5226406.26,False,False,False,none
LD001545,Mombasa,AGO,Horizon Oil Marketers,TRK-838,34400.0,3494021.2,3528419.2,2026-06-26 06:51:00,34398.0,DS001526,34576.0,2026-06-26 08:58:00,Dispatched,1.0,34576.0,5302674.23,5302674.23,0.0,153.36,2026-06-26 15:58:00,3.0,5338880.0,0.0,0.0,0.0,0.0,0.0,0.0,0.0,0.0,5302674.23,False,False,False,none
LD001546,Mombasa,PMS,Tsavo Energy Group,TRK-578,23200.0,4635306.0,4658502.2,2026-06-26 21:16:00,23196.200000000186,DS001527,23126.0,2026-06-26 22:22:00,Dispatched,1.0,23126.0,3763691.94,3763691.94,0.0,162.75,2026-07-03 22:22:00,3.0,3839600.0,7.0,0.0,0.0,0.0,0.0,0.0,0.0,0.0,3763691.94,True,False,False,none
LD001547,Mombasa,IK,Aberdare Oil Traders,TRK-355,32200.0,3705593.5,3737788.9,2026-06-26 13:51:00,32195.399999999907,DS001528,32185.0,2026-06-26 15:16:00,Dispatched,1.0,32185.0,4430331.25,4430331.25,0.0,137.65,2026-06-26 19:16:00,7.0,4508000.0,0.0,0.0,0.0,0.0,0.0,0.0,0.0,0.0,4430331.25,False,False,False,none
LD001548,Nairobi,AGO,Aberdare Oil Traders,TRK-775,26000.0,1836148.1,1862145.2,2026-06-26 06:39:00,25997.09999999986,DS001529,25995.0,2026-06-26 07:34:00,Dispatched,1.0,25995.0,4101946.3,4101946.3,0.0,157.8,2026-07-06 14:34:00,21.0,4035199.9999999995,10.0,0.0,0.0,0.0,0.0,0.0,0.0,0.0,4101946.3,True,False,False,none
LD001549,Nairobi,PMS,Aberdare Oil Traders,TRK-554,31100.0,4776835.4,4807935.3,2026-06-26 15:53:00,31099.89999999944,DS001530,31157.0,2026-06-26 17:29:00,Dispatched,1.0,31157.0,5141214.75,5141214.75,0.0,165.01,2026-06-28 17:29:00,3.0,5147050.0,2.0,0.0,0.0,0.0,0.0,0.0,0.0,0.0,5141214.75,False,False,False,none
LD001550,Nairobi,PMS,Zenith Petroleum,TRK-964,24000.0,2771317.5,2795318.1,2026-06-26 19:02:00,24000.600000000093,DS001531,23947.0,2026-06-26 20:38:00,Dispatched,1.0,23947.0,3919076.51,3919076.51,0.0,163.66,2026-06-26 22:38:00,21.0,3972000.0,0.0,0.0,0.0,0.0,0.0,0.0,0.0,0.0,3919076.51,False,False,False,none
LD001551,Nairobi,PMS,Crescent Oil Ltd,TRK-165,33600.0,1824022.7,1857622.0,2026-06-26 07:17:00,33599.30000000005,DS001532,33438.0,2026-06-26 08:02:00,Dispatched,1.0,33438.0,5593362.65,5593362.65,0.0,167.28,2026-06-26 11:02:00,14.0,5560800.0,0.0,0.0,0.0,0.0,0.0,0.0,0.0,0.0,5593362.65,False,False,False,none
LD001552,Nairobi,PMS,Delta Oil Marketers,TRK-745,35800.0,4354435.6,4390237.6,2026-06-26 13:16:00,35802.0,DS001533,35841.0,2026-06-26 14:39:00,Dispatched,1.0,35841.0,5886792.59,5886792.59,0.0,164.25,2026-06-26 18:39:00,21.0,5924900.0,0.0,0.0,0.0,0.0,0.0,0.0,0.0,0.0,5886792.59,False,False,False,none
LD001553,Nairobi,AGO,Horizon Oil Marketers,TRK-288,32900.0,2271618.7,2304505.9,2026-06-26 06:14:00,32887.19999999972,DS001534,32864.0,2026-06-26 08:25:00,Dispatched,1.0,32864.0,5046984.42,5046984.42,0.0,153.57,2026-06-27 15:25:00,45.0,5106080.0,1.0,0.0,0.0,0.0,0.0,0.0,0.0,0.0,5046984.42,False,True,False,none
LD001554,Nairobi,PMS,Aberdare Oil Traders,TRK-116,30200.0,3484745.3,3514946.0,2026-06-26 12:03:00,30200.700000000186,DS001535,28422.0,2026-06-26 14:59:00,Dispatched,1.0,28422.0,4682604.27,4682604.27,0.0,164.75,2026-06-27 22:59:00,7.0,4998100.0,1.0,0.0,1778.0,294259.0,0.0,0.0,0.0,294259.0,4682604.27,False,False,True,shrinkage
LD001555,Nairobi,AGO,Lakeview Energy,TRK-215,21900.0,4907862.2,4929761.0,2026-06-26 16:06:00,21898.799999999814,DS001536,21869.0,2026-06-26 18:55:00,Dispatched,1.0,21869.0,3380859.26,3380859.26,0.0,154.6,2026-06-26 18:55:00,3.0,3398879.9999999995,0.0,0.0,0.0,0.0,0.0,0.0,0.0,0.0,3380859.26,False,False,False,none
LD001556,Nairobi,PMS,Uhuru Energy Partners,TRK-536,27800.0,4252251.2,4280044.6,2026-06-26 16:53:00,27793.39999999944,DS001537,26875.0,2026-06-26 18:58:00,Dispatched,1.0,26875.0,4411004.52,4411004.52,0.0,164.13,2026-06-29 19:58:00,14.0,4600900.0,3.0,0.0,925.0,153087.5,0.0,0.0,0.0,153087.5,4411004.52,False,False,True,shrinkage
LD001557,Nairobi,PMS,Uhuru Energy Partners,TRK-483,21600.0,2714577.1,2736170.9,2026-06-26 16:21:00,21593.799999999814,DS001538,21530.0,2026-06-26 17:07:00,Dispatched,1.0,21530.0,3501349.16,2605551.48,895797.6800000002,162.63,2026-06-26 17:07:00,3.0,3574800.0,0.0,0.0,0.0,0.0,0.0,0.0,0.0,895797.6800000002,2605551.48,False,False,True,collections_gap
LD001558,Kisumu,AGO,Savannah Petroleum,TRK-253,32200.0,4717613.9,4749816.7,2026-06-26 10:23:00,32202.799999999814,DS001539,32181.0,2026-06-26 11:03:00,Dispatched,1.0,31286.0,4827021.37,4827021.37,0.0,154.29,2026-06-27 15:03:00,30.0,4997440.0,1.0,0.0,0.0,0.0,0.0,895.0,138089.55,138089.55,4827021.37,False,False,True,underbilling
LD001559,Kisumu,PMS,Mara Fuels,TRK-899,23300.0,4191992.1,4215291.4,2026-06-26 11:51:00,23299.30000000028,DS001540,23242.0,2026-06-26 13:37:00,Dispatched,1.0,23242.0,3916806.23,3916806.23,0.0,168.52,2026-06-26 21:37:00,1.0,3856150.0,0.0,0.0,0.0,0.0,0.0,0.0,0.0,0.0,3916806.23,False,False,False,none
LD001560,Kisumu,IK,Pioneer Fuels Kenya,TRK-843,26200.0,2131061.8,2157262.2,2026-06-26 17:53:00,26200.400000000373,DS001541,26152.0,2026-06-26 19:04:00,Dispatched,1.0,26152.0,3671116.18,3671116.18,0.0,140.38,2026-06-28 20:04:00,1.0,3668000.0,2.0,0.0,0.0,0.0,0.0,0.0,0.0,0.0,3671116.18,False,False,False,none
LD001561,Kisumu,AGO,Nyanza Petroleum Co,TRK-688,24900.0,4931787.5,4956694.3,2026-06-26 07:04:00,24906.799999999814,DS001542,24926.0,2026-06-26 08:39:00,Dispatched,1.0,24926.0,3825311.32,3825311.32,0.0,153.47,2026-06-26 11:39:00,3.0,3864479.9999999995,0.0,0.0,0.0,0.0,0.0,0.0,0.0,0.0,3825311.32,False,False,False,none
LD001562,Kisumu,AGO,Amani Petroleum,TRK-721,35600.0,2508807.1,2544411.5,2026-06-26 08:54:00,35604.39999999991,DS001543,35670.0,2026-06-26 09:45:00,Dispatched,1.0,35670.0,5540808.9,5540808.9,0.0,155.34,2026-06-28 11:45:00,60.0,5525120.0,2.0,0.0,0.0,0.0,0.0,0.0,0.0,0.0,5540808.9,False,True,False,none
LD001563,Kisumu,PMS,Pioneer Fuels Kenya,TRK-349,32800.0,2738123.9,2770922.9,2026-06-26 11:53:00,32799.0,DS001544,32770.0,2026-06-26 12:28:00,Dispatched,1.0,32770.0,5330956.72,5330956.72,0.0,162.6779591089411,2026-06-27 18:28:00,7.0,5428400.0,1.0,0.0,0.0,0.0,0.0,0.0,0.0,0.0,5330956.72,False,False,False,none
LD001564,Kisumu,AGO,Kilele Fuels,TRK-218,35200.0,1875086.8,1910288.0,2026-06-26 16:14:00,35201.19999999995,DS001545,35302.0,2026-06-26 18:48:00,Dispatched,2.0,70604.0,11099202.62,11099202.62,0.0,157.2,2026-06-28 02:48:00,60.0,5463040.0,1.0,0.0,0.0,0.0,0.0,0.0,0.0,0.0,11099202.62,False,True,False,none
LD001565,Kisumu,PMS,Lakeview Energy,TRK-617,25200.0,4024768.9,4049976.7,2026-06-26 18:23:00,25207.80000000028,DS001546,25126.0,2026-06-26 19:22:00,Dispatched,1.0,25126.0,4092930.86,4092930.86,0.0,162.9,2026-07-03 21:22:00,21.0,4170600.0,7.0,0.0,0.0,0.0,0.0,0.0,0.0,0.0,4092930.86,True,False,False,none
LD001566,Kisumu,AGO,Uhuru Energy Partners,TRK-947,27100.0,3969479.7,3996572.0,2026-06-26 12:28:00,27092.299999999814,DS001547,26976.0,2026-06-26 13:15:00,Dispatched,1.0,26976.0,4198121.11,4198121.11,0.0,155.62,2026-06-27 15:15:00,30.0,4205920.0,1.0,0.0,0.0,0.0,0.0,0.0,0.0,0.0,4198121.11,False,False,False,none
LD001567,Kisumu,AGO,Pioneer Fuels Kenya,TRK-720,23700.0,1233831.9,1257530.7,2026-06-26 18:43:00,23698.800000000047,DS001548,23605.0,2026-06-26 21:32:00,Dispatched,1.0,23605.0,3700313.26,3700313.26,0.0,156.76,2026-06-30 05:32:00,3.0,3678239.9999999995,3.0,0.0,0.0,0.0,0.0,0.0,0.0,0.0,3700313.26,False,False,False,none
LD001568,Kisumu,PMS,Uhuru Energy Partners,TRK-251,22700.0,2419189.2,2441879.7,2026-06-26 08:05:00,22690.5,DS001549,22627.0,2026-06-26 09:19:00,Dispatched,1.0,22627.0,3813677.11,3813677.11,0.0,168.55,2026-07-03 16:19:00,1.0,3756850.0,7.0,0.0,0.0,0.0,0.0,0.0,0.0,0.0,3813677.11,True,False,False,none
LD001569,Kisumu,AGO,Tsavo Energy Group,TRK-115,26400.0,1229567.4,1255972.2,2026-06-26 11:57:00,26404.800000000047,DS001550,26296.0,2026-06-26 13:30:00,Dispatched,1.0,26296.0,4117926.73,4117926.73,0.0,156.6,2026-06-26 14:30:00,7.0,4097279.9999999995,0.0,0.0,0.0,0.0,0.0,0.0,0.0,0.0,4117926.73,False,False,False,none
LD001570,Kisumu,PMS,Delta Oil Marketers,TRK-229,22400.0,3391232.1,3413633.1,2026-06-26 22:45:00,22401.0,DS001551,22536.0,2026-06-27 00:42:00,Dispatched,1.0,22536.0,3687129.95,3687129.95,0.0,163.61,2026-06-28 02:42:00,21.0,3707200.0,1.0,0.0,0.0,0.0,0.0,0.0,0.0,0.0,3687129.95,False,False,False,none
LD001571,Kisumu,PMS,Baraka Downstream,TRK-642,30600.0,2677338.7,2707935.0,2026-06-26 10:04:00,30596.299999999814,DS001552,30458.0,2026-06-26 11:02:00,Dispatched,1.0,30458.0,4956332.21,4956332.21,0.0,162.73,2026-06-26 19:02:00,14.0,5064300.0,0.0,0.0,0.0,0.0,0.0,0.0,0.0,0.0,4956332.21,False,False,False,none
LD001572,Eldoret,PMS,Highland Energy Co,TRK-400,24100.0,4735911.9,4760020.2,2026-06-26 17:44:00,24108.299999999814,DS001553,24168.0,2026-06-26 20:24:00,Dispatched,1.0,24168.0,3971726.14,3971726.14,0.0,164.34,2026-06-29 02:24:00,14.0,3988550.0,2.0,0.0,0.0,0.0,0.0,0.0,0.0,0.0,3971726.14,False,False,False,none
LD001573,Eldoret,AGO,Crescent Oil Ltd,TRK-839,22100.0,4189577.4,4211685.7,2026-06-26 15:37:00,22108.30000000028,DS001554,22098.0,2026-06-26 17:06:00,Dispatched,1.0,22098.0,3444468.78,3444468.78,0.0,155.87,2026-06-29 22:06:00,21.0,3429919.9999999995,3.0,0.0,0.0,0.0,0.0,0.0,0.0,0.0,3444468.78,False,False,False,none
LD001574,Eldoret,AGO,Uhuru Energy Partners,TRK-858,25000.0,3057958.4,3082958.7,2026-06-26 16:28:00,25000.30000000028,DS001555,25017.0,2026-06-26 18:14:00,Dispatched,1.0,25017.0,3850284.18,1635837.34,2214446.84,153.91,2026-06-28 02:14:00,14.0,3879999.9999999995,1.0,0.0,0.0,0.0,0.0,0.0,0.0,2214446.84,1635837.34,False,False,True,collections_gap
LD001575,Eldoret,AGO,Tsavo Energy Group,TRK-703,33700.0,2867512.4,2901215.2,2026-06-26 09:46:00,33702.80000000028,,,,,,,,,0.0,,,,5230240.0,,5230240.0,0.0,0.0,0.0,0.0,0.0,5230240.0,0.0,False,False,True,dispatch_capture_gap
LD001576,Eldoret,PMS,Pioneer Fuels Kenya,TRK-764,31500.0,2774253.4,2805742.6,2026-06-26 05:37:00,31489.200000000186,DS001556,31414.0,2026-06-26 07:08:00,Dispatched,1.0,31414.0,5180782.5,5180782.5,0.0,164.92,2026-06-27 15:08:00,7.0,5213250.0,1.0,0.0,0.0,0.0,0.0,0.0,0.0,0.0,5180782.5,False,False,False,none
LD001577,Eldoret,PMS,Pioneer Fuels Kenya,TRK-891,35000.0,2179783.3,2214791.4,2026-06-26 10:32:00,35008.10000000009,DS001557,35034.0,2026-06-26 12:28:00,Dispatched,1.0,35034.0,5875244.91,5875244.91,0.0,167.7,2026-06-26 20:28:00,1.0,5792500.0,0.0,0.0,0.0,0.0,0.0,0.0,0.0,0.0,5875244.91,False,False,False,none
LD001578,Eldoret,PMS,Pioneer Fuels Kenya,TRK-637,31000.0,4454564.2,4485563.4,2026-06-26 15:03:00,30999.200000000186,DS001558,30915.0,2026-06-26 17:01:00,Dispatched,1.0,30915.0,5021764.58,5021764.58,0.0,162.44,2026-06-27 17:01:00,3.0,5130500.0,1.0,0.0,0.0,0.0,0.0,0.0,0.0,0.0,5021764.58,False,False,False,none
LD001579,Eldoret,PMS,Tsavo Energy Group,TRK-142,35900.0,2707433.3,2743336.4,2026-06-26 17:20:00,35903.10000000009,DS001559,35999.0,2026-06-26 18:12:00,Dispatched,1.0,35999.0,5863948.03,5863948.03,0.0,162.89,2026-06-28 23:12:00,21.0,5941450.0,2.0,0.0,0.0,0.0,0.0,0.0,0.0,0.0,5863948.03,False,False,False,none
LD001580,Eldoret,PMS,Crescent Oil Ltd,TRK-455,23500.0,1633792.1,1657294.0,2026-06-26 13:36:00,23501.899999999907,DS001560,23571.0,2026-06-26 15:30:00,Dispatched,1.0,23571.0,3912119.43,3912119.43,0.0,165.97,2026-06-26 16:30:00,30.0,3889250.0,0.0,0.0,0.0,0.0,0.0,0.0,0.0,0.0,3912119.43,False,False,False,none
LD001581,Eldoret,PMS,Kilele Fuels,TRK-273,21000.0,4290811.7,4311807.4,2026-06-26 13:31:00,20995.700000000186,DS001561,20992.0,2026-06-26 14:04:00,Dispatched,1.0,20992.0,3495425.19,3495425.19,0.0,166.51,2026-06-26 15:04:00,3.0,3475500.0,0.0,0.0,0.0,0.0,0.0,0.0,0.0,0.0,3495425.19,False,False,False,none
LD001582,Eldoret,IK,Nyanza Petroleum Co,TRK-244,28000.0,4357812.9,4385804.7,2026-06-26 08:59:00,27991.799999999814,DS001562,27994.0,2026-06-26 11:35:00,Dispatched,1.0,27994.0,3943071.0,3943071.0,0.0,140.85,2026-06-27 15:35:00,3.0,3920000.0,1.0,0.0,0.0,0.0,0.0,0.0,0.0,0.0,3943071.0,False,False,False,none
LD001583,Eldoret,AGO,Tsavo Energy Group,TRK-140,30400.0,3460258.5,3490658.8,2026-06-26 21:48:00,30400.299999999814,DS001563,30439.0,2026-06-26 23:46:00,Dispatched,1.0,30439.0,4677974.68,4677974.68,0.0,153.68,2026-06-27 07:46:00,1.0,4718080.0,0.0,0.0,0.0,0.0,0.0,0.0,0.0,0.0,4677974.68,False,False,False,none
LD001584,Nakuru,PMS,Equator Fuels,TRK-684,32500.0,2886505.5,2918998.9,2026-06-26 05:23:00,32493.399999999907,DS001564,32537.0,2026-06-26 07:10:00,Dispatched,1.0,32537.0,5483969.6,5483969.6,0.0,168.55,2026-06-26 09:10:00,45.0,5378750.0,0.0,0.0,0.0,0.0,0.0,0.0,0.0,0.0,5483969.6,False,True,False,none
LD001585,Nakuru,AGO,Horizon Oil Marketers,TRK-965,23600.0,1664740.0,1688342.3,2026-06-26 19:18:00,23602.300000000047,,,,,,,,,0.0,,,,3662719.9999999995,,3662719.9999999995,0.0,0.0,0.0,0.0,0.0,3662719.9999999995,0.0,False,False,True,dispatch_capture_gap
LD001586,Nakuru,AGO,Lakeview Energy,TRK-385,25500.0,4952496.3,4977995.4,2026-06-26 20:16:00,25499.10000000056,DS001565,25578.0,2026-06-26 22:26:00,Dispatched,1.0,25578.0,3958393.77,3958393.77,0.0,154.76,2026-06-26 23:26:00,14.0,3957599.9999999995,0.0,0.0,0.0,0.0,0.0,0.0,0.0,0.0,3958393.77,False,False,False,none
LD001587,Nakuru,IK,Nyanza Petroleum Co,TRK-434,27800.0,1716655.7,1744455.2,2026-06-26 07:47:00,27799.5,DS001566,27883.0,2026-06-26 10:11:00,Dispatched,1.0,27883.0,3945695.71,3945695.71,0.0,141.51,2026-06-29 12:11:00,45.0,3892000.0,3.0,0.0,0.0,0.0,0.0,0.0,0.0,0.0,3945695.71,False,True,False,none
LD001588,Nakuru,PMS,Lakeview Energy,TRK-422,31400.0,4934846.3,4966251.2,2026-06-26 21:43:00,31404.900000000373,DS001567,31397.0,2026-06-26 23:56:00,Dispatched,2.0,62794.0,10588737.68,10588737.68,0.0,168.63,2026-06-28 23:56:00,30.0,5196700.0,2.0,0.0,0.0,0.0,0.0,0.0,0.0,0.0,10588737.68,False,False,False,none
LD001589,Nakuru,PMS,Equator Fuels,TRK-776,20800.0,1386778.2,1407573.3,2026-06-26 21:20:00,20795.100000000093,DS001568,20770.0,2026-06-26 21:52:00,Dispatched,1.0,20770.0,3411263.1,3411263.1,0.0,164.24,2026-06-27 00:52:00,1.0,3442400.0,0.0,0.0,0.0,0.0,0.0,0.0,0.0,0.0,3411263.1,False,False,False,none
LD001590,Nakuru,IK,Baraka Downstream,TRK-993,22900.0,1157447.5,1180352.4,2026-06-26 05:15:00,22904.899999999907,DS001569,22956.0,2026-06-26 08:15:00,Dispatched,1.0,22956.0,3168848.73,3168848.73,0.0,138.04,2026-06-26 12:15:00,7.0,3206000.0,0.0,0.0,0.0,0.0,0.0,0.0,0.0,0.0,3168848.73,False,False,False,none
LD001591,Nakuru,PMS,Tsavo Energy Group,TRK-389,20300.0,4097942.4,4118241.9,2026-06-26 09:31:00,20299.5,DS001570,20290.0,2026-06-26 12:01:00,Dispatched,1.0,20290.0,3312012.04,3312012.04,0.0,163.23,2026-06-27 18:01:00,1.0,3359650.0,1.0,0.0,0.0,0.0,0.0,0.0,0.0,0.0,3312012.04,False,False,False,none
LD001592,Nakuru,AGO,UNKNOWN CUSTOMER,TRK-168,29700.0,2713407.2,2743101.7,2026-06-26 07:33:00,29694.5,DS001571,29710.0,2026-06-26 10:31:00,Dispatched,1.0,29710.0,4525639.33,4525639.33,0.0,152.33,2026-06-28 15:31:00,1.0,4609440.0,2.0,0.0,0.0,0.0,0.0,0.0,0.0,0.0,4525639.33,False,False,False,none
LD001593,Kisii,AGO,Aberdare Oil Traders,TRK-746,32500.0,1042052.9,1074554.9,2026-06-26 06:26:00,32501.999999999884,DS001572,32552.0,2026-06-26 09:03:00,Dispatched,1.0,32552.0,5091568.12,5091568.12,0.0,156.41,2026-06-26 16:03:00,3.0,5044000.0,0.0,0.0,0.0,0.0,0.0,0.0,0.0,0.0,5091568.12,False,False,False,none
LD001594,Kisii,AGO,Tsavo Energy Group,TRK-960,26900.0,3142169.9,3169071.2,2026-06-26 20:33:00,26901.30000000028,DS001573,26979.0,2026-06-26 21:03:00,Dispatched,1.0,26979.0,4225454.89,4225454.89,0.0,156.62,2026-06-27 02:03:00,14.0,4174879.9999999995,0.0,0.0,0.0,0.0,0.0,0.0,0.0,0.0,4225454.89,False,False,False,none
LD001595,Kisii,AGO,Summit Downstream Ltd,TRK-656,27600.0,2556834.5,2584440.0,2026-06-26 20:50:00,27605.5,DS001574,27622.0,2026-06-26 23:12:00,Dispatched,1.0,27622.0,4337877.58,4337877.58,0.0,157.04,2026-07-06 23:12:00,7.0,4283520.0,10.0,0.0,0.0,0.0,0.0,0.0,0.0,0.0,4337877.58,True,False,False,none
LD001596,Kisii,PMS,Coastline Energy Ltd,TRK-557,34800.0,4848234.0,4883026.2,2026-06-26 08:56:00,34792.200000000186,DS001575,34739.0,2026-06-26 10:54:00,Dispatched,1.0,34739.0,5841429.49,5841429.49,0.0,168.15,2026-06-26 11:54:00,3.0,5759400.0,0.0,0.0,0.0,0.0,0.0,0.0,0.0,0.0,5841429.49,False,False,False,none
LD001597,Kisii,AGO,Kilele Fuels,TRK-776,28100.0,2811299.2,2839400.4,2026-06-26 08:11:00,28101.19999999972,DS001576,28251.0,2026-06-26 08:54:00,Dispatched,1.0,27167.0,4135925.41,4135925.41,0.0,152.24,2026-06-26 11:54:00,14.0,4361120.0,0.0,0.0,0.0,0.0,0.0,1084.0,165028.16,165028.16,4135925.41,False,False,True,underbilling
LD001598,Kisii,AGO,Delta Oil Marketers,TRK-984,24500.0,2116033.2,2140527.7,2026-06-26 09:49:00,24494.5,DS001577,24612.0,2026-06-26 11:35:00,Dispatched,1.0,24612.0,3894281.26,3894281.26,0.0,158.23,2026-06-26 17:35:00,1.0,3802399.9999999995,0.0,0.0,0.0,0.0,0.0,0.0,0.0,0.0,3894281.26,False,False,False,none
LD001599,Kisii,AGO,Aberdare Oil Traders,TRK-971,26500.0,4995171.7,5021672.3,2026-06-26 05:18:00,26500.599999999627,DS001578,26419.0,2026-06-26 06:01:00,Dispatched,1.0,26419.0,4152793.63,4152793.63,0.0,157.19,2026-06-26 11:01:00,21.0,4112799.9999999995,0.0,0.0,0.0,0.0,0.0,0.0,0.0,0.0,4152793.63,False,False,False,none
LD001600,Kisii,AGO,Mara Fuels,TRK-928,21300.0,1618083.3,1639380.2,2026-06-26 15:16:00,21296.899999999907,DS001579,21242.0,2026-06-26 17:41:00,Dispatched,1.0,21242.0,3341598.07,3341598.07,0.0,157.31,2026-06-27 01:41:00,21.0,3305759.9999999995,0.0,0.0,0.0,0.0,0.0,0.0,0.0,0.0,3341598.07,False,False,False,none
LD001601,Mombasa,PMS,Delta Oil Marketers,TRK-447,21000.0,1297338.4,1318347.5,2026-06-27 06:17:00,21009.100000000093,DS001580,20950.0,2026-06-27 08:45:00,Dispatched,1.0,20950.0,3458284.59,3458284.59,0.0,165.07,2026-07-04 15:45:00,3.0,3475500.0,7.0,0.0,0.0,0.0,0.0,0.0,0.0,0.0,3458284.59,True,False,False,none
LD001602,Mombasa,PMS,Tsavo Energy Group,TRK-898,26300.0,2034843.8,2061142.6,2026-06-27 12:36:00,26298.800000000047,DS001581,26367.0,2026-06-27 14:45:00,Dispatched,1.0,26367.0,4386192.46,4386192.46,0.0,166.35,2026-06-28 14:45:00,14.0,4352650.0,1.0,0.0,0.0,0.0,0.0,0.0,0.0,0.0,4386192.46,False,False,False,none
LD001603,Mombasa,PMS,Rift Valley Fuels Ltd,TRK-192,25600.0,4176729.4,4202332.3,2026-06-27 22:01:00,25602.899999999907,DS001582,25741.0,2026-06-27 22:37:00,Dispatched,1.0,25741.0,4218683.37,4218683.37,0.0,163.89,2026-07-05 02:37:00,7.0,4236800.0,7.0,0.0,0.0,0.0,0.0,0.0,0.0,0.0,4218683.37,True,False,False,none
LD001604,Mombasa,AGO,Savannah Petroleum,TRK-470,30900.0,3280726.5,3311627.3,2026-06-27 22:04:00,30900.799999999814,DS001583,30853.0,2026-06-28 00:11:00,Dispatched,1.0,30853.0,4754813.31,4754813.31,0.0,154.1118630279065,2026-06-29 04:11:00,1.0,4795680.0,1.0,0.0,0.0,0.0,0.0,0.0,0.0,0.0,4754813.31,False,False,False,none
LD001605,Mombasa,AGO,Nyanza Petroleum Co,TRK-265,29800.0,4769485.8,4799295.4,2026-06-27 17:55:00,29809.60000000056,DS001584,29815.0,2026-06-27 20:16:00,Dispatched,1.0,29815.0,4550460.27,4550460.27,0.0,152.62,2026-06-28 02:16:00,3.0,4624960.0,0.0,0.0,0.0,0.0,0.0,0.0,0.0,0.0,4550460.27,False,False,False,none
LD001606,Mombasa,PMS,Nyanza Petroleum Co,TRK-136,32000.0,1852568.5,1884570.2,2026-06-27 22:46:00,32001.699999999953,DS001585,31928.0,2026-06-28 01:00:00,Dispatched,1.0,31928.0,5364842.87,5364842.87,0.0,168.03,2026-06-29 09:00:00,60.0,5296000.0,1.0,0.0,0.0,0.0,0.0,0.0,0.0,0.0,5364842.87,False,True,False,none
LD001607,Mombasa,AGO,Tsavo Energy Group,TRK-124,33900.0,4823372.6,4857274.8,2026-06-27 20:02:00,33902.200000000186,DS001586,34073.0,2026-06-27 22:33:00,Dispatched,1.0,34073.0,5299270.32,1879887.6,3419382.72,155.53,2026-06-28 03:33:00,7.0,5261280.0,0.0,0.0,0.0,0.0,0.0,0.0,0.0,3419382.72,1879887.6,False,False,True,collections_gap
LD001608,Mombasa,PMS,Summit Downstream Ltd,TRK-234,21600.0,1222827.3,1244425.8,2026-06-27 08:52:00,21598.5,DS001587,21653.0,2026-06-27 11:18:00,Dispatched,1.0,21653.0,3571337.21,3571337.21,0.0,164.93,2026-06-28 13:18:00,30.0,3574800.0,1.0,0.0,0.0,0.0,0.0,0.0,0.0,0.0,3571337.21,False,False,False,none
LD001609,Mombasa,PMS,Uhuru Energy Partners,TRK-860,22100.0,1230964.3,1253061.7,2026-06-27 21:46:00,22097.399999999907,DS001588,22045.0,2026-06-27 23:08:00,Dispatched,1.0,22045.0,3628418.28,3628418.28,0.0,164.59,2026-06-30 23:08:00,3.0,3657550.0,3.0,0.0,0.0,0.0,0.0,0.0,0.0,0.0,3628418.28,False,False,False,none
LD001610,Mombasa,AGO,Crescent Oil Ltd,TRK-903,24700.0,1362237.9,1386936.4,2026-06-27 17:12:00,24698.5,DS001589,24544.0,2026-06-27 18:39:00,Dispatched,1.0,24544.0,3754988.48,3754988.48,0.0,152.99,2026-06-28 00:39:00,3.0,3833439.9999999995,0.0,0.0,0.0,0.0,0.0,0.0,0.0,0.0,3754988.48,False,False,False,none
LD001611,Mombasa,AGO,Aberdare Oil Traders,TRK-202,30700.0,1533307.3,1564008.9,2026-06-27 05:19:00,30701.59999999986,DS001590,30796.0,2026-06-27 06:10:00,Dispatched,1.0,30796.0,4872837.34,4872837.34,0.0,158.23,2026-06-30 08:10:00,30.0,4764640.0,3.0,0.0,0.0,0.0,0.0,0.0,0.0,0.0,4872837.34,False,False,False,none
LD001612,Nairobi,PMS,Nyanza Petroleum Co,TRK-674,26200.0,2387835.8,2414037.5,2026-06-27 18:05:00,26201.700000000186,DS001591,26155.0,2026-06-27 19:06:00,Dispatched,1.0,26155.0,4266943.7,4266943.7,0.0,163.14,2026-06-27 23:06:00,3.0,4336100.0,0.0,0.0,0.0,0.0,0.0,0.0,0.0,0.0,4266943.7,False,False,False,none
LD001613,Nairobi,PMS,Nyanza Petroleum Co,TRK-608,26900.0,4127119.3,4154026.6,2026-06-27 22:32:00,26907.30000000028,DS001592,26968.0,2026-06-27 23:10:00,Dispatched,1.0,26968.0,4500610.66,4500610.66,0.0,166.89,2026-06-29 07:10:00,14.0,4451950.0,1.0,0.0,0.0,0.0,0.0,0.0,0.0,0.0,4500610.66,False,False,False,none
LD001614,Nairobi,AGO,Nyanza Petroleum Co,TRK-125,29200.0,2368277.7,2397477.3,2026-06-27 08:28:00,29199.599999999627,DS001593,29226.0,2026-06-27 09:39:00,Dispatched,1.0,29226.0,4617722.02,4617722.02,0.0,158.0,2026-06-28 17:39:00,21.0,4531840.0,1.0,0.0,0.0,0.0,0.0,0.0,0.0,0.0,4617722.02,False,False,False,none
LD001615,Nairobi,PMS,Horizon Oil Marketers,TRK-440,33000.0,1953158.7,1986158.8,2026-06-27 20:36:00,33000.10000000009,DS001594,32818.0,2026-06-27 21:42:00,Dispatched,1.0,32818.0,5511540.11,5511540.11,0.0,167.94,2026-06-30 01:42:00,21.0,5461500.0,2.0,0.0,0.0,0.0,0.0,0.0,0.0,0.0,5511540.11,False,False,False,none
LD001616,Nairobi,PMS,Delta Oil Marketers,TRK-185,24200.0,1036348.1,1060540.4,2026-06-27 10:13:00,24192.29999999993,DS001595,24141.0,2026-06-27 12:20:00,Dispatched,1.0,24141.0,3967731.76,3967731.76,0.0,164.36,2026-06-28 19:20:00,60.0,4005100.0,1.0,0.0,0.0,0.0,0.0,0.0,0.0,0.0,3967731.76,False,True,False,none
LD001617,Nairobi,AGO,Pioneer Fuels Kenya,TRK-160,30400.0,3044375.3,3074777.8,2026-06-27 20:33:00,30402.5,DS001596,30368.0,2026-06-27 22:39:00,Dispatched,1.0,30368.0,4701623.6,4701623.6,0.0,154.82,2026-06-29 23:39:00,30.0,4718080.0,2.0,0.0,0.0,0.0,0.0,0.0,0.0,0.0,4701623.6,False,False,False,none
LD001618,Nairobi,PMS,Baraka Downstream,TRK-805,29100.0,4453726.3,4482826.0,2026-06-27 15:53:00,29099.700000000186,DS001597,29041.0,2026-06-27 16:23:00,Dispatched,1.0,29041.0,4739434.05,4739434.05,0.0,163.2,2026-06-28 00:23:00,14.0,4816050.0,0.0,0.0,0.0,0.0,0.0,0.0,0.0,0.0,4739434.05,False,False,False,none
LD001619,Nairobi,PMS,Highland Energy Co,TRK-658,22200.0,3276825.9,3299027.1,2026-06-27 11:48:00,22201.200000000186,DS001598,22208.0,2026-06-27 14:10:00,Dispatched,1.0,22208.0,3689280.87,3689280.87,0.0,166.12,2026-06-28 21:10:00,30.0,3674100.0,1.0,0.0,0.0,0.0,0.0,0.0,0.0,0.0,3689280.87,False,False,False,none
LD001620,Nairobi,IK,Kilele Fuels,TRK-626,31500.0,2488174.3,2519679.5,2026-06-27 12:20:00,31505.200000000186,DS001599,31538.0,2026-06-27 13:13:00,Dispatched,1.0,31538.0,4347597.53,4347597.53,0.0,137.85,2026-06-28 14:13:00,45.0,4410000.0,1.0,0.0,0.0,0.0,0.0,0.0,0.0,0.0,4347597.53,False,True,False,none
LD001621,Nairobi,PMS,Baraka Downstream,TRK-265,21500.0,2831601.2,2853106.2,2026-06-27 07:24:00,21505.0,DS001600,21615.0,2026-06-27 08:06:00,Dispatched,1.0,21615.0,3529835.44,3529835.44,0.0,163.3,2026-06-28 11:06:00,60.0,3558250.0,1.0,0.0,0.0,0.0,0.0,0.0,0.0,0.0,3529835.44,False,True,False,none
LD001622,Nairobi,PMS,Uhuru Energy Partners,TRK-741,23900.0,4866936.9,4890835.5,2026-06-27 08:02:00,23898.599999999627,DS001601,23934.0,2026-06-27 10:54:00,Dispatched,1.0,23934.0,3949888.38,3949888.38,0.0,165.03,2026-06-28 15:54:00,21.0,3955450.0,1.0,0.0,0.0,0.0,0.0,0.0,0.0,0.0,3949888.38,False,False,False,none
LD001623,Nairobi,AGO,UNKNOWN CUSTOMER,TRK-220,35300.0,1990526.6,2025830.4,2026-06-27 22:26:00,35303.799999999814,DS001602,35458.0,2026-06-27 23:25:00,Dispatched,1.0,35458.0,5564334.36,5564334.36,0.0,156.93,2026-06-30 01:25:00,3.0,5478560.0,2.0,0.0,0.0,0.0,0.0,0.0,0.0,0.0,5564334.36,False,False,False,none
LD001624,Kisumu,AGO,Mara Fuels,TRK-480,25200.0,4556048.8,4581247.3,2026-06-27 13:33:00,25198.5,DS001603,25164.0,2026-06-27 15:35:00,Dispatched,1.0,25164.0,3936811.57,3936811.57,0.0,156.45,2026-06-29 22:35:00,21.0,3911039.9999999995,2.0,0.0,0.0,0.0,0.0,0.0,0.0,0.0,3936811.57,False,False,False,none
LD001625,Kisumu,PMS,Equator Fuels,TRK-831,22600.0,1692095.5,1714692.6,2026-06-27 21:43:00,22597.100000000093,DS001604,22679.0,2026-06-27 22:14:00,Dispatched,1.0,22679.0,3687482.3,3687482.3,0.0,162.59,2026-06-29 04:14:00,1.0,3740300.0,1.0,0.0,0.0,0.0,0.0,0.0,0.0,0.0,3687482.3,False,False,False,none
LD001626,Kisumu,AGO,Mara Fuels,TRK-837,23700.0,1425647.1,1449345.3,2026-06-27 11:59:00,23698.199999999953,DS001605,23673.0,2026-06-27 13:46:00,Dispatched,2.0,47346.0,7338376.84,7338376.84,0.0,154.99,2026-06-28 13:46:00,3.0,3678239.9999999995,1.0,0.0,0.0,0.0,0.0,0.0,0.0,0.0,7338376.84,False,False,False,none
LD001627,Kisumu,AGO,Mara Fuels,TRK-253,33100.0,1555876.0,1588976.4,2026-06-27 20:00:00,33100.39999999991,DS001606,33009.0,2026-06-27 22:18:00,Dispatched,1.0,33009.0,5098206.04,5098206.04,0.0,154.45,2026-06-29 02:18:00,45.0,5137120.0,1.0,0.0,0.0,0.0,0.0,0.0,0.0,0.0,5098206.04,False,True,False,none
LD001628,Kisumu,IK,Equator Fuels,TRK-196,20100.0,4055426.0,4075526.8,2026-06-27 05:19:00,20100.799999999814,DS001607,20042.0,2026-06-27 05:56:00,Dispatched,1.0,20042.0,2777759.61,2777759.61,0.0,138.6,2026-06-30 11:56:00,3.0,2814000.0,3.0,0.0,0.0,0.0,0.0,0.0,0.0,0.0,2777759.61,False,False,False,none
LD001629,Kisumu,PMS,Kilele Fuels,TRK-168,28200.0,4117460.7,4145671.8,2026-06-27 06:39:00,28211.099999999627,DS001608,27976.0,2026-06-27 08:12:00,Dispatched,1.0,27976.0,4715783.67,4715783.67,0.0,168.57,2026-06-27 10:12:00,21.0,4667100.0,0.0,0.0,0.0,0.0,0.0,0.0,0.0,0.0,4715783.67,False,False,False,none
LD001630,Kisumu,PMS,Equator Fuels,TRK-940,32600.0,2620432.2,2653034.0,2026-06-27 05:59:00,32601.799999999814,DS001609,32684.0,2026-06-27 06:52:00,Dispatched,1.0,32684.0,5304065.81,5304065.81,0.0,162.28,2026-06-29 07:52:00,14.0,5395300.0,2.0,0.0,0.0,0.0,0.0,0.0,0.0,0.0,5304065.81,False,False,False,none
LD001631,Kisumu,PMS,Aberdare Oil Traders,TRK-756,20000.0,4399786.0,4419785.6,2026-06-27 17:59:00,19999.599999999627,DS001610,19923.0,2026-06-27 20:15:00,Dispatched,1.0,19923.0,3261203.94,3261203.94,0.0,163.69,2026-06-30 21:15:00,1.0,3310000.0,3.0,0.0,0.0,0.0,0.0,0.0,0.0,0.0,3261203.94,False,False,False,none
LD001632,Kisumu,PMS,Equator Fuels,TRK-369,20100.0,2968368.0,2988456.0,2026-06-27 09:06:00,20088.0,DS001611,20185.0,2026-06-27 11:36:00,Dispatched,1.0,20185.0,3347709.38,3347709.38,0.0,165.85,2026-06-29 15:36:00,14.0,3326550.0,2.0,0.0,0.0,0.0,0.0,0.0,0.0,0.0,3347709.38,False,False,False,none
LD001633,Eldoret,PMS,Summit Downstream Ltd,TRK-890,24500.0,2581673.1,2606177.9,2026-06-27 21:37:00,24504.799999999814,DS001612,24487.0,2026-06-28 00:19:00,Dispatched,1.0,24487.0,4087924.41,4087924.41,0.0,166.94,2026-06-29 05:19:00,14.0,4054750.0,1.0,0.0,0.0,0.0,0.0,0.0,0.0,0.0,4087924.41,False,False,False,none
LD001634,Eldoret,IK,UNKNOWN CUSTOMER,TRK-337,26700.0,2238675.5,2265378.4,2026-06-27 20:13:00,26702.899999999907,DS001613,26575.0,2026-06-27 21:23:00,Dispatched,1.0,26575.0,3669756.12,3669756.12,0.0,138.09,2026-06-28 02:23:00,30.0,3738000.0,0.0,0.0,0.0,0.0,0.0,0.0,0.0,0.0,3669756.12,False,False,False,none
LD001635,Eldoret,IK,Tsavo Energy Group,TRK-100,35000.0,3708579.9,3743572.3,2026-06-27 09:09:00,34992.39999999991,DS001614,34883.0,2026-06-27 10:07:00,Dispatched,1.0,34883.0,4842710.74,1639485.69,3203225.0500000003,138.8272436430353,2026-06-28 13:07:00,3.0,4900000.0,1.0,0.0,0.0,0.0,0.0,0.0,0.0,3203225.0500000003,1639485.69,False,False,True,collections_gap
LD001636,Eldoret,AGO,Amani Petroleum,TRK-535,24100.0,4510768.7,4534868.3,2026-06-27 06:08:00,24099.599999999627,DS001615,24114.0,2026-06-27 07:07:00,Dispatched,1.0,24114.0,3735234.14,3735234.14,0.0,154.9,2026-07-04 09:07:00,14.0,3740319.9999999995,7.0,0.0,0.0,0.0,0.0,0.0,0.0,0.0,3735234.14,True,False,False,none
LD001637,Eldoret,PMS,Horizon Oil Marketers,TRK-502,21400.0,3861456.5,3882861.0,2026-06-27 21:48:00,21404.5,DS001616,20162.0,2026-06-28 00:27:00,Cancelled,,,,,0.0,,,,3541700.0,,0.0,0.0,0.0,0.0,0.0,0.0,0.0,0.0,False,False,False,none
LD001638,Eldoret,AGO,Amani Petroleum,TRK-180,31600.0,1029567.6,1061163.6,2026-06-27 16:19:00,31596.000000000116,DS001617,31510.0,2026-06-27 16:59:00,Dispatched,1.0,31510.0,4926700.06,4926700.06,0.0,156.35,2026-06-27 19:59:00,1.0,4904320.0,0.0,0.0,0.0,0.0,0.0,0.0,0.0,0.0,4926700.06,False,False,False,none
LD001639,Eldoret,IK,Baraka Downstream,TRK-673,28100.0,1557277.9,1585370.7,2026-06-27 13:45:00,28092.800000000047,DS001618,27965.0,2026-06-27 14:53:00,Dispatched,1.0,27965.0,3860067.39,3860067.39,0.0,138.03,2026-06-27 15:53:00,3.0,3934000.0,0.0,0.0,0.0,0.0,0.0,0.0,0.0,0.0,3860067.39,False,False,False,none
LD001640,Eldoret,AGO,Horizon Oil Marketers,TRK-545,24900.0,3866425.2,3891314.7,2026-06-27 13:43:00,24889.5,DS001619,24924.0,2026-06-27 14:13:00,Dispatched,1.0,24924.0,3940033.07,3940033.07,0.0,158.08,2026-06-27 18:13:00,3.0,3864479.9999999995,0.0,0.0,0.0,0.0,0.0,0.0,0.0,0.0,3940033.07,False,False,False,none
LD001641,Eldoret,PMS,Kilele Fuels,TRK-454,25700.0,2071169.9,2096865.6,2026-06-27 16:54:00,25695.700000000186,DS001620,25688.0,2026-06-27 18:33:00,Dispatched,1.0,25688.0,4225402.41,4225402.41,0.0,164.49,2026-06-28 01:33:00,14.0,4253350.0,0.0,0.0,0.0,0.0,0.0,0.0,0.0,0.0,4225402.41,False,False,False,none
LD001642,Eldoret,PMS,Equator Fuels,TRK-283,31900.0,1050385.6,1082284.9,2026-06-27 22:56:00,31899.299999999814,DS001621,31792.0,2026-06-27 23:43:00,Dispatched,,,,,0.0,,,,5279450.0,,0.0,0.0,0.0,5261576.0,0.0,0.0,5261576.0,0.0,False,False,True,billing_gap
LD001643,Eldoret,PMS,UNKNOWN CUSTOMER,TRK-417,30300.0,1731458.1,1761761.3,2026-06-27 16:33:00,30303.199999999953,DS001622,30379.0,2026-06-27 19:02:00,Dispatched,1.0,30379.0,4929606.59,4929606.59,0.0,162.27,2026-06-27 21:02:00,3.0,5014650.0,0.0,0.0,0.0,0.0,0.0,0.0,0.0,0.0,4929606.59,False,False,False,none
LD001644,Eldoret,IK,Rift Valley Fuels Ltd,TRK-134,35900.0,4110870.0,4146763.6,2026-06-27 13:32:00,35893.60000000009,DS001623,36005.0,2026-06-27 15:45:00,Dispatched,1.0,36005.0,5111204.19,5111204.19,0.0,141.96,2026-06-27 20:45:00,14.0,5026000.0,0.0,0.0,0.0,0.0,0.0,0.0,0.0,0.0,5111204.19,False,False,False,none
LD001645,Eldoret,AGO,Aberdare Oil Traders,TRK-158,23600.0,1704099.0,1727698.2,2026-06-27 17:02:00,23599.199999999953,DS001624,23629.0,2026-06-27 17:45:00,Dispatched,1.0,23629.0,3617044.64,3617044.64,0.0,153.08,2026-07-04 22:45:00,60.0,3662719.9999999995,7.0,0.0,0.0,0.0,0.0,0.0,0.0,0.0,3617044.64,True,True,False,none
LD001646,Eldoret,AGO,Kilele Fuels,TRK-584,22200.0,4448845.7,4471051.1,2026-06-27 20:38:00,22205.39999999944,DS001625,22278.0,2026-06-27 22:35:00,Dispatched,1.0,22278.0,3522040.36,3522040.36,0.0,158.09,2026-06-29 04:35:00,21.0,3445439.9999999995,1.0,0.0,0.0,0.0,0.0,0.0,0.0,0.0,3522040.36,False,False,False,none
LD001647,Eldoret,PMS,Baraka Downstream,TRK-281,33100.0,4935625.5,4968731.2,2026-06-27 05:39:00,33105.700000000186,DS001626,33065.0,2026-06-27 08:35:00,Dispatched,1.0,33065.0,5403593.72,5403593.72,0.0,163.42,2026-06-27 10:35:00,3.0,5478050.0,0.0,0.0,0.0,0.0,0.0,0.0,0.0,0.0,5403593.72,False,False,False,none
LD001648,Nakuru,PMS,Kilele Fuels,TRK-163,22500.0,4007192.7,4029705.2,2026-06-27 08:03:00,22512.5,DS001627,22522.0,2026-06-27 09:33:00,Dispatched,1.0,22522.0,3758058.13,3758058.13,0.0,166.86,2026-06-30 09:33:00,7.0,3723750.0,3.0,0.0,0.0,0.0,0.0,0.0,0.0,0.0,3758058.13,False,False,False,none
LD001649,Nakuru,AGO,Equator Fuels,TRK-855,29100.0,2098663.5,2127753.2,2026-06-27 13:54:00,29089.700000000186,DS001628,29070.0,2026-06-27 14:46:00,Dispatched,1.0,29070.0,4492442.99,4492442.99,0.0,154.54,2026-06-27 17:46:00,3.0,4516320.0,0.0,0.0,0.0,0.0,0.0,0.0,0.0,0.0,4492442.99,False,False,False,none
LD001650,Nakuru,AGO,Tsavo Energy Group,TRK-700,29300.0,4556002.4,4585300.8,2026-06-27 15:57:00,29298.39999999944,DS001629,29168.0,2026-06-27 18:09:00,Dispatched,1.0,29168.0,4514682.1,4514682.1,0.0,154.78,2026-06-27 20:09:00,1.0,4547360.0,0.0,0.0,0.0,0.0,0.0,0.0,0.0,0.0,4514682.1,False,False,False,none
LD001651,Nakuru,AGO,Savannah Petroleum,TRK-944,29100.0,3526889.7,3555986.4,2026-06-27 17:26:00,29096.69999999972,DS001630,29119.0,2026-06-27 18:21:00,Dispatched,1.0,29119.0,4529025.37,4529025.37,0.0,155.54,2026-06-29 21:21:00,3.0,4516320.0,2.0,0.0,0.0,0.0,0.0,0.0,0.0,0.0,4529025.37,False,False,False,none
LD001652,Nakuru,AGO,Kilele Fuels,TRK-723,23700.0,2968006.9,2991707.0,2026-06-27 07:11:00,23700.100000000093,DS001631,23711.0,2026-06-27 08:08:00,Dispatched,1.0,23711.0,3654455.49,3654455.49,0.0,154.12,2026-06-28 10:08:00,7.0,3678239.9999999995,1.0,0.0,0.0,0.0,0.0,0.0,0.0,0.0,3654455.49,False,False,False,none
LD001653,Nakuru,PMS,Aberdare Oil Traders,TRK-220,25000.0,1727054.4,1752044.2,2026-06-27 05:19:00,24989.800000000047,DS001632,24998.0,2026-06-27 05:56:00,Dispatched,1.0,24998.0,4056596.26,4056596.26,0.0,162.28,2026-06-27 07:56:00,14.0,4137500.0,0.0,0.0,0.0,0.0,0.0,0.0,0.0,0.0,4056596.26,False,False,False,none
LD001654,Nakuru,AGO,Kilele Fuels,TRK-192,24100.0,2855941.7,2880041.9,2026-06-27 07:36:00,24100.19999999972,DS001633,24127.0,2026-06-27 10:29:00,Dispatched,1.0,24127.0,3764978.58,3764978.58,0.0,156.05,2026-06-29 10:29:00,45.0,3740319.9999999995,2.0,0.0,0.0,0.0,0.0,0.0,0.0,0.0,3764978.58,False,True,False,none
LD001655,Nakuru,PMS,Tsavo Energy Group,TRK-322,22100.0,4710982.9,4733084.9,2026-06-27 05:49:00,22102.0,DS001634,22194.0,2026-06-27 07:17:00,Dispatched,1.0,22194.0,3661122.97,3661122.97,0.0,164.96,2026-06-27 11:17:00,45.0,3657550.0,0.0,0.0,0.0,0.0,0.0,0.0,0.0,0.0,3661122.97,False,True,False,none
LD001656,Nakuru,AGO,Equator Fuels,TRK-855,21700.0,4103509.0,4125212.6,2026-06-27 12:19:00,21703.600000000093,DS001635,21687.0,2026-06-27 13:57:00,Dispatched,1.0,21687.0,3371032.72,3371032.72,0.0,155.44,2026-06-29 16:57:00,1.0,3367839.9999999995,2.0,0.0,0.0,0.0,0.0,0.0,0.0,0.0,3371032.72,False,False,False,none
LD001657,Nakuru,PMS,Aberdare Oil Traders,TRK-423,32900.0,4071058.5,4103960.0,2026-06-27 14:11:00,32901.5,DS001636,32806.0,2026-06-27 16:50:00,Dispatched,1.0,32806.0,5378831.13,5378831.13,0.0,163.96,2026-06-27 22:50:00,14.0,5444950.0,0.0,0.0,0.0,0.0,0.0,0.0,0.0,0.0,5378831.13,False,False,False,none
LD001658,Nakuru,AGO,Equator Fuels,TRK-402,33300.0,3309413.6,3342709.5,2026-06-27 13:56:00,33295.89999999991,DS001637,33275.0,2026-06-27 16:01:00,Dispatched,1.0,33275.0,5231153.27,5231153.27,0.0,157.21,2026-06-27 22:01:00,1.0,5168160.0,0.0,0.0,0.0,0.0,0.0,0.0,0.0,0.0,5231153.27,False,False,False,none
LD001659,Nakuru,PMS,Pioneer Fuels Kenya,TRK-890,30300.0,2833453.9,2863751.3,2026-06-27 20:22:00,30297.399999999907,DS001638,30288.0,2026-06-27 21:46:00,Dispatched,2.0,60576.0,10109202.76,10109202.76,0.0,166.88,2026-06-29 00:46:00,14.0,5014650.0,1.0,0.0,0.0,0.0,0.0,0.0,0.0,0.0,10109202.76,False,False,False,none
LD001660,Nakuru,AGO,Pioneer Fuels Kenya,TRK-650,30200.0,1325788.9,1355989.1,2026-06-27 10:02:00,30200.200000000186,DS001639,30289.0,2026-06-27 11:14:00,Dispatched,1.0,30289.0,4792399.41,4792399.41,0.0,158.22,2026-06-30 14:14:00,45.0,4687040.0,3.0,0.0,0.0,0.0,0.0,0.0,0.0,0.0,4792399.41,False,True,False,none
LD001661,Nakuru,IK,Coastline Energy Ltd,TRK-816,27000.0,2170620.4,2197614.9,2026-06-27 18:22:00,26994.5,DS001640,27009.0,2026-06-27 20:49:00,Dispatched,1.0,27009.0,3732996.37,3732996.37,0.0,138.21,2026-06-28 03:49:00,30.0,3780000.0,0.0,0.0,0.0,0.0,0.0,0.0,0.0,0.0,3732996.37,False,False,False,none
LD001662,Nakuru,PMS,Equator Fuels,TRK-132,31100.0,4180046.1,4211146.8,2026-06-27 11:16:00,31100.69999999972,DS001641,30993.0,2026-06-27 13:02:00,Dispatched,1.0,30993.0,5033950.37,5033950.37,0.0,162.42,2026-06-28 17:02:00,1.0,5147050.0,1.0,0.0,0.0,0.0,0.0,0.0,0.0,0.0,5033950.37,False,False,False,none
LD001663,Kisii,AGO,Mara Fuels,TRK-486,21700.0,3340140.7,3361856.2,2026-06-27 19:37:00,21715.5,DS001642,21752.0,2026-06-27 20:47:00,Dispatched,1.0,21752.0,3427731.97,3427731.97,0.0,157.58,2026-06-29 23:47:00,21.0,3367839.9999999995,2.0,0.0,0.0,0.0,0.0,0.0,0.0,0.0,3427731.97,False,False,False,none
LD001664,Kisii,PMS,Zenith Petroleum,TRK-108,30700.0,2068576.3,2099269.0,2026-06-27 08:40:00,30692.699999999953,DS001643,30759.0,2026-06-27 11:29:00,Dispatched,1.0,30759.0,5043372.58,5043372.58,0.0,163.96,2026-06-28 15:29:00,14.0,5080850.0,1.0,0.0,0.0,0.0,0.0,0.0,0.0,0.0,5043372.58,False,False,False,none
LD001665,Kisii,AGO,Horizon Oil Marketers,TRK-466,34600.0,2742688.3,2777290.2,2026-06-27 15:41:00,34601.90000000037,DS001644,34611.0,2026-06-27 18:11:00,Dispatched,1.0,34611.0,5346304.1,5346304.1,0.0,154.47,2026-06-27 21:11:00,7.0,5369920.0,0.0,0.0,0.0,0.0,0.0,0.0,0.0,0.0,5346304.1,False,False,False,none
LD001666,Kisii,AGO,Rift Valley Fuels Ltd,TRK-731,30300.0,2262973.6,2293270.7,2026-06-27 10:48:00,30297.100000000093,DS001645,30386.0,2026-06-27 13:16:00,Dispatched,1.0,30386.0,4687202.0,4687202.0,0.0,154.26,2026-06-29 18:16:00,14.0,4702560.0,2.0,0.0,0.0,0.0,0.0,0.0,0.0,0.0,4687202.0,False,False,False,none
LD001667,Kisii,AGO,Nyanza Petroleum Co,TRK-482,29900.0,1879447.8,1909352.4,2026-06-27 20:53:00,29904.59999999986,DS001646,30000.0,2026-06-27 22:41:00,Dispatched,1.0,30000.0,4613961.98,4613961.98,0.0,153.8,2026-06-28 02:41:00,14.0,4640480.0,0.0,0.0,0.0,0.0,0.0,0.0,0.0,0.0,4613961.98,False,False,False,none
LD001668,Kisii,AGO,Savannah Petroleum,TRK-998,22100.0,2546785.8,2568885.2,2026-06-27 17:19:00,22099.400000000373,DS001647,22075.0,2026-06-27 19:47:00,Dispatched,1.0,22075.0,3450250.97,3450250.97,0.0,156.3,2026-07-07 21:47:00,30.0,3429919.9999999995,10.0,0.0,0.0,0.0,0.0,0.0,0.0,0.0,3450250.97,True,False,False,none
LD001669,Mombasa,PMS,Summit Downstream Ltd,TRK-267,35500.0,2815704.5,2851218.3,2026-06-28 13:36:00,35513.799999999814,DS001648,35404.0,2026-06-28 14:34:00,Dispatched,1.0,35404.0,5923783.4,5923783.4,0.0,167.32,2026-07-01 21:34:00,21.0,5875250.0,3.0,0.0,0.0,0.0,0.0,0.0,0.0,0.0,5923783.4,False,False,False,none
LD001670,Mombasa,AGO,Pioneer Fuels Kenya,TRK-233,34900.0,4432827.2,4467728.5,2026-06-28 21:12:00,34901.299999999814,DS001649,34899.0,2026-06-28 23:54:00,Dispatched,1.0,34899.0,5340212.19,5340212.19,0.0,153.02,2026-06-30 04:54:00,14.0,5416480.0,1.0,0.0,0.0,0.0,0.0,0.0,0.0,0.0,5340212.19,False,False,False,none
LD001671,Mombasa,IK,Baraka Downstream,TRK-569,22700.0,2747031.3,2769738.6,2026-06-28 14:50:00,22707.30000000028,DS001650,22737.0,2026-06-28 17:46:00,Dispatched,1.0,22737.0,3193842.41,3193842.41,0.0,140.47,2026-06-28 21:46:00,30.0,3178000.0,0.0,0.0,0.0,0.0,0.0,0.0,0.0,0.0,3193842.41,False,False,False,none
LD001672,Mombasa,AGO,Tsavo Energy Group,TRK-182,29600.0,3616881.8,3646480.9,2026-06-28 09:12:00,29599.100000000093,DS001651,29591.0,2026-06-28 09:46:00,Dispatched,1.0,29591.0,4550028.59,4550028.59,0.0,153.76,2026-07-01 17:46:00,60.0,4593920.0,3.0,0.0,0.0,0.0,0.0,0.0,0.0,0.0,4550028.59,False,True,False,none
LD001673,Mombasa,AGO,Nyanza Petroleum Co,TRK-668,36000.0,1299840.2,1335837.9,2026-06-28 18:05:00,35997.69999999995,DS001652,35893.0,2026-06-28 20:22:00,Dispatched,1.0,35893.0,5583702.84,5583702.84,0.0,155.57,2026-06-28 20:22:00,3.0,5587200.0,0.0,0.0,0.0,0.0,0.0,0.0,0.0,0.0,5583702.84,False,False,False,none
LD001674,Mombasa,AGO,Delta Oil Marketers,TRK-503,25600.0,1086582.2,1112175.2,2026-06-28 16:06:00,25593.0,DS001653,25612.0,2026-06-28 16:38:00,Dispatched,1.0,25612.0,3992529.84,3992529.84,0.0,155.89,2026-06-28 21:38:00,1.0,3973119.9999999995,0.0,0.0,0.0,0.0,0.0,0.0,0.0,0.0,3992529.84,False,False,False,none
LD001675,Mombasa,AGO,Nyanza Petroleum Co,TRK-198,21500.0,3723813.2,3745313.4,2026-06-28 19:45:00,21500.19999999972,DS001654,21369.0,2026-06-28 22:17:00,Dispatched,1.0,19652.0,3037690.49,3037690.49,0.0,154.57,2026-06-29 01:17:00,21.0,3336799.9999999995,0.0,0.0,0.0,0.0,0.0,1717.0,265396.69,265396.69,3037690.49,False,False,True,underbilling
LD001676,Nairobi,PMS,Mara Fuels,TRK-939,30400.0,4929930.3,4960335.5,2026-06-28 09:25:00,30405.200000000186,DS001655,30370.0,2026-06-28 10:30:00,Dispatched,1.0,30370.0,5035346.09,5035346.09,0.0,165.8,2026-06-29 14:30:00,60.0,5031200.0,1.0,0.0,0.0,0.0,0.0,0.0,0.0,0.0,5035346.09,False,True,False,none
LD001677,Nairobi,AGO,Pioneer Fuels Kenya,TRK-723,34600.0,2756522.6,2791122.0,2026-06-28 16:31:00,34599.39999999991,DS001656,34688.0,2026-06-28 17:57:00,Dispatched,1.0,34688.0,5467801.88,5467801.88,0.0,157.63,2026-06-28 22:57:00,1.0,5369920.0,0.0,0.0,0.0,0.0,0.0,0.0,0.0,0.0,5467801.88,False,False,False,none
LD001678,Nairobi,PMS,Rift Valley Fuels Ltd,TRK-869,33200.0,3805996.4,3839194.5,2026-06-28 15:32:00,33198.10000000009,DS001657,33290.0,2026-06-28 16:23:00,Dispatched,1.0,33290.0,5408002.95,5408002.95,0.0,162.45,2026-06-28 22:23:00,7.0,5494600.0,0.0,0.0,0.0,0.0,0.0,0.0,0.0,0.0,5408002.95,False,False,False,none
LD001679,Nairobi,AGO,Equator Fuels,TRK-409,27300.0,1220406.1,1247700.8,2026-06-28 09:31:00,27294.699999999953,DS001658,26992.0,2026-06-28 11:26:00,Dispatched,1.0,26992.0,4126054.12,0.0,4126054.12,152.86,2026-06-29 13:26:00,,4236960.0,1.0,0.0,0.0,0.0,0.0,0.0,0.0,4126054.12,0.0,False,False,True,collections_gap
LD001680,Nairobi,PMS,Baraka Downstream,TRK-496,34900.0,3564344.4,3599231.9,2026-06-28 10:27:00,34887.5,DS001659,34880.0,2026-06-28 11:44:00,Dispatched,1.0,34880.0,5876956.98,5876956.98,0.0,168.49,2026-06-29 13:44:00,1.0,5775950.0,1.0,0.0,0.0,0.0,0.0,0.0,0.0,0.0,5876956.98,False,False,False,none
LD001681,Nairobi,PMS,Tsavo Energy Group,TRK-629,25000.0,3101273.1,3126271.3,2026-06-28 18:11:00,24998.19999999972,DS001660,25045.0,2026-06-28 20:05:00,Dispatched,1.0,25045.0,4164421.55,4164421.55,0.0,166.28,2026-06-29 21:05:00,21.0,4137500.0,1.0,0.0,0.0,0.0,0.0,0.0,0.0,0.0,4164421.55,False,False,False,none
LD001682,Nairobi,AGO,Horizon Oil Marketers,TRK-514,25700.0,3730046.9,3755735.8,2026-06-28 16:43:00,25688.899999999907,DS001661,25609.0,2026-06-28 17:29:00,Dispatched,1.0,25609.0,3923569.73,3923569.73,0.0,153.21,2026-06-29 21:29:00,45.0,3988639.9999999995,1.0,0.0,0.0,0.0,0.0,0.0,0.0,0.0,3923569.73,False,True,False,none
LD001683,Nairobi,PMS,Kilele Fuels,TRK-769,30600.0,3861289.2,3891884.7,2026-06-28 21:24:00,30595.5,DS001662,30566.0,2026-06-28 23:18:00,Dispatched,1.0,30566.0,5026808.12,5026808.12,0.0,164.46,2026-06-28 23:18:00,7.0,5064300.0,0.0,0.0,0.0,0.0,0.0,0.0,0.0,0.0,5026808.12,False,False,False,none
LD001684,Kisumu,AGO,Aberdare Oil Traders,TRK-218,20200.0,1558769.5,1578963.8,2026-06-28 14:27:00,20194.300000000047,DS001663,20273.0,2026-06-28 16:15:00,Dispatched,1.0,20273.0,3113939.37,3113939.37,0.0,153.6,2026-07-05 20:15:00,7.0,3135040.0,7.0,0.0,0.0,0.0,0.0,0.0,0.0,0.0,3113939.37,True,False,False,none
LD001685,Kisumu,AGO,Mara Fuels,TRK-473,31500.0,4891174.8,4922674.8,2026-06-28 20:45:00,31500.0,DS001664,31454.0,2026-06-28 22:37:00,Dispatched,1.0,31454.0,4967202.99,4967202.99,0.0,157.92,2026-06-30 03:37:00,45.0,4888800.0,1.0,0.0,0.0,0.0,0.0,0.0,0.0,0.0,4967202.99,False,True,False,none
LD001686,Kisumu,IK,Summit Downstream Ltd,TRK-181,33900.0,3947305.8,3981207.7,2026-06-28 22:48:00,33901.90000000037,DS001665,34063.0,2026-06-28 23:39:00,Dispatched,1.0,34063.0,4857427.58,4857427.58,0.0,142.6,2026-07-01 02:39:00,1.0,4746000.0,2.0,0.0,0.0,0.0,0.0,0.0,0.0,0.0,4857427.58,False,False,False,none
LD001687,Kisumu,PMS,Amani Petroleum,TRK-845,28000.0,3291042.1,3319038.4,2026-06-28 13:12:00,27996.299999999814,DS001666,27938.0,2026-06-28 14:24:00,Dispatched,1.0,27938.0,4592997.95,4592997.95,0.0,164.4,2026-06-29 17:24:00,30.0,4634000.0,1.0,0.0,0.0,0.0,0.0,0.0,0.0,0.0,4592997.95,False,False,False,none
LD001688,Kisumu,PMS,Horizon Oil Marketers,TRK-571,30700.0,2335609.9,2366299.8,2026-06-28 14:02:00,30689.899999999907,DS001667,30830.0,2026-06-28 15:32:00,Dispatched,1.0,30830.0,5059802.35,5059802.35,0.0,164.12,2026-06-30 16:32:00,7.0,5080850.0,2.0,0.0,0.0,0.0,0.0,0.0,0.0,0.0,5059802.35,False,False,False,none
LD001689,Kisumu,AGO,Uhuru Energy Partners,TRK-403,24100.0,3524197.6,3548309.9,2026-06-28 16:16:00,24112.299999999814,DS001668,24102.0,2026-06-28 19:10:00,Dispatched,1.0,24102.0,3771496.41,3771496.41,0.0,156.48,2026-06-29 00:10:00,14.0,3740319.9999999995,0.0,0.0,0.0,0.0,0.0,0.0,0.0,0.0,3771496.41,False,False,False,none
LD001690,Eldoret,PMS,Rift Valley Fuels Ltd,TRK-404,25500.0,3185905.4,3211407.0,2026-06-28 16:26:00,25501.600000000093,DS001669,25433.0,2026-06-28 18:52:00,Dispatched,1.0,25433.0,4272963.79,4272963.79,0.0,168.01,2026-06-30 00:52:00,7.0,4220250.0,1.0,0.0,0.0,0.0,0.0,0.0,0.0,0.0,4272963.79,False,False,False,none
LD001691,Eldoret,AGO,Savannah Petroleum,TRK-505,21500.0,4026586.2,4048079.8,2026-06-28 16:46:00,21493.599999999627,DS001670,21591.0,2026-06-28 19:11:00,Dispatched,1.0,21591.0,3398800.87,3398800.87,0.0,157.42,2026-07-06 01:11:00,14.0,3336799.9999999995,7.0,0.0,0.0,0.0,0.0,0.0,0.0,0.0,3398800.87,True,False,False,none
LD001692,Eldoret,PMS,Baraka Downstream,TRK-541,23000.0,1736994.6,1759996.3,2026-06-28 08:08:00,23001.699999999953,DS001671,22917.0,2026-06-28 08:51:00,Dispatched,1.0,22917.0,3817721.92,3817721.92,0.0,166.59,2026-06-28 08:51:00,45.0,3806500.0,0.0,0.0,0.0,0.0,0.0,0.0,0.0,0.0,3817721.92,False,True,False,none
LD001693,Eldoret,IK,Amani Petroleum,TRK-141,20900.0,3351193.8,3372094.3,2026-06-28 12:58:00,20900.5,DS001672,20850.0,2026-06-28 15:34:00,Dispatched,1.0,20850.0,2975270.0,2975270.0,0.0,142.7,2026-06-30 19:34:00,45.0,2926000.0,2.0,0.0,0.0,0.0,0.0,0.0,0.0,0.0,2975270.0,False,True,False,none
LD001694,Eldoret,PMS,Horizon Oil Marketers,TRK-842,33100.0,2306955.6,2340052.6,2026-06-28 09:38:00,33097.0,DS001673,33149.0,2026-06-28 12:01:00,Dispatched,1.0,33149.0,5413716.21,5413716.21,0.0,163.31,2026-06-28 16:01:00,30.0,5478050.0,0.0,0.0,0.0,0.0,0.0,0.0,0.0,0.0,5413716.21,False,False,False,none
LD001695,Eldoret,IK,Summit Downstream Ltd,TRK-864,25600.0,3385386.0,3410989.7,2026-06-28 14:27:00,25603.700000000186,DS001674,25606.0,2026-06-28 15:54:00,Dispatched,1.0,25606.0,3558665.9,3558665.9,0.0,138.98,2026-07-01 15:54:00,3.0,3584000.0,3.0,0.0,0.0,0.0,0.0,0.0,0.0,0.0,3558665.9,False,False,False,none
LD001696,Eldoret,AGO,Equator Fuels,TRK-410,29300.0,3966736.5,3996043.5,2026-06-28 18:07:00,29307.0,DS001675,29324.0,2026-06-28 20:19:00,Dispatched,1.0,29324.0,4531040.87,4531040.87,0.0,154.52,2026-06-29 20:19:00,3.0,4547360.0,1.0,0.0,0.0,0.0,0.0,0.0,0.0,0.0,4531040.87,False,False,False,none
LD001697,Nakuru,AGO,Pioneer Fuels Kenya,TRK-878,34300.0,3757668.5,3791973.4,2026-06-28 06:23:00,34304.89999999991,DS001676,34262.0,2026-06-28 07:39:00,Dispatched,1.0,34262.0,5366907.25,5366907.25,0.0,156.64,2026-06-28 07:39:00,7.0,5323360.0,0.0,0.0,0.0,0.0,0.0,0.0,0.0,0.0,5366907.25,False,False,False,none
LD001698,Nakuru,AGO,Amani Petroleum,TRK-719,24900.0,4036955.9,4061850.4,2026-06-28 10:17:00,24894.5,DS001677,24810.0,2026-06-28 13:09:00,Dispatched,1.0,24810.0,3880249.52,3880249.52,0.0,156.4,2026-06-28 14:09:00,45.0,3864479.9999999995,0.0,0.0,0.0,0.0,0.0,0.0,0.0,0.0,3880249.52,False,True,False,none
LD001699,Nakuru,AGO,Uhuru Energy Partners,TRK-900,29900.0,1309646.2,1339535.5,2026-06-28 13:00:00,29889.300000000047,DS001678,29841.0,2026-06-28 15:40:00,Dispatched,1.0,29841.0,4598838.62,4598838.62,0.0,154.11,2026-06-28 15:40:00,7.0,4640480.0,0.0,0.0,0.0,0.0,0.0,0.0,0.0,0.0,4598838.62,False,False,False,none
LD001700,Nakuru,PMS,Mara Fuels,TRK-330,25300.0,3409025.2,3434326.1,2026-06-28 19:38:00,25300.899999999907,DS001679,25400.0,2026-06-28 21:07:00,Dispatched,1.0,25400.0,4245541.16,4245541.16,0.0,167.15,2026-06-29 04:07:00,60.0,4187150.0,0.0,0.0,0.0,0.0,0.0,0.0,0.0,0.0,4245541.16,False,True,False,none
LD001701,Nakuru,PMS,Crescent Oil Ltd,TRK-702,25200.0,4107575.0,4132776.0,2026-06-28 14:46:00,25201.0,DS001680,25099.0,2026-06-28 16:14:00,Dispatched,1.0,25099.0,4176037.52,4176037.52,0.0,166.38,2026-06-28 17:14:00,60.0,4170600.0,0.0,0.0,0.0,0.0,0.0,0.0,0.0,0.0,4176037.52,False,True,False,none
LD001702,Nakuru,AGO,Highland Energy Co,TRK-448,32900.0,3691326.8,3724224.0,2026-06-28 20:59:00,32897.200000000186,DS001681,33062.0,2026-06-28 23:30:00,Dispatched,1.0,33062.0,5163739.07,5163739.07,0.0,156.18,2026-06-30 04:30:00,14.0,5106080.0,1.0,0.0,0.0,0.0,0.0,0.0,0.0,0.0,5163739.07,False,False,False,none
LD001703,Nakuru,AGO,Delta Oil Marketers,TRK-814,28000.0,4801228.1,4829225.7,2026-06-28 09:29:00,27997.60000000056,DS001682,28027.0,2026-06-28 11:56:00,Dispatched,1.0,28027.0,4334760.46,4334760.46,0.0,154.66,2026-06-29 16:56:00,30.0,4345600.0,1.0,0.0,0.0,0.0,0.0,0.0,0.0,0.0,4334760.46,False,False,False,none
LD001704,Nakuru,PMS,Pioneer Fuels Kenya,TRK-746,35300.0,1839672.2,1874971.9,2026-06-28 06:42:00,35299.69999999995,DS001683,35237.0,2026-06-28 07:30:00,Dispatched,1.0,35237.0,5846788.95,5846788.95,0.0,165.93,2026-06-28 13:30:00,60.0,5842150.0,0.0,0.0,0.0,0.0,0.0,0.0,0.0,0.0,5846788.95,False,True,False,none
LD001705,Nakuru,PMS,Coastline Energy Ltd,TRK-422,32600.0,4098288.3,4130891.1,2026-06-28 21:23:00,32602.80000000028,DS001684,32404.0,2026-06-28 22:00:00,Dispatched,1.0,32404.0,5443480.8,5443480.8,0.0,167.99,2026-06-29 01:00:00,30.0,5395300.0,0.0,0.0,0.0,0.0,0.0,0.0,0.0,0.0,5443480.8,False,False,False,none
LD001706,Nakuru,PMS,Zenith Petroleum,TRK-525,20800.0,2934298.3,2955091.9,2026-06-28 10:39:00,20793.600000000093,DS001685,20683.0,2026-06-28 13:16:00,Dispatched,,,,,0.0,,,,3442400.0,,0.0,0.0,0.0,3423036.5,0.0,0.0,3423036.5,0.0,False,False,True,billing_gap
LD001707,Kisii,AGO,Summit Downstream Ltd,TRK-234,22300.0,4035907.3,4058211.7,2026-06-28 20:15:00,22304.400000000373,DS001686,22276.0,2026-06-28 20:58:00,Dispatched,1.0,22276.0,3435991.83,3435991.83,0.0,154.25,2026-07-01 03:58:00,14.0,3460959.9999999995,2.0,0.0,0.0,0.0,0.0,0.0,0.0,0.0,3435991.83,False,False,False,none
LD001708,Kisii,PMS,Horizon Oil Marketers,TRK-282,22300.0,3583711.6,3606011.6,2026-06-28 11:13:00,22300.0,DS001687,22268.0,2026-06-28 13:23:00,Dispatched,1.0,22268.0,3749070.48,3749070.48,0.0,168.3613472247171,2026-06-29 14:23:00,30.0,3690650.0,1.0,0.0,0.0,0.0,0.0,0.0,0.0,0.0,3749070.48,False,False,False,none
LD001709,Kisii,AGO,Equator Fuels,TRK-713,23700.0,1627041.7,1650746.0,2026-06-28 16:48:00,23704.300000000047,DS001688,23708.0,2026-06-28 18:53:00,Dispatched,1.0,23708.0,3715165.99,3715165.99,0.0,156.71,2026-06-28 23:53:00,1.0,3678239.9999999995,0.0,0.0,0.0,0.0,0.0,0.0,0.0,0.0,3715165.99,False,False,False,none
LD001710,Kisii,AGO,Mara Fuels,TRK-645,32100.0,2237850.3,2269958.7,2026-06-28 08:42:00,32108.400000000373,DS001689,32266.0,2026-06-28 09:21:00,Dispatched,1.0,32266.0,5012364.81,5012364.81,0.0,155.35,2026-06-28 09:21:00,14.0,4981920.0,0.0,0.0,0.0,0.0,0.0,0.0,0.0,0.0,5012364.81,False,False,False,none
LD001711,Kisii,AGO,Kilele Fuels,TRK-560,27200.0,2621886.7,2649081.9,2026-06-28 20:48:00,27195.19999999972,DS001690,27244.0,2026-06-28 22:21:00,Dispatched,1.0,27244.0,4237014.43,4237014.43,0.0,155.52,2026-07-02 01:21:00,3.0,4221440.0,3.0,0.0,0.0,0.0,0.0,0.0,0.0,0.0,4237014.43,False,False,False,none
LD001712,Kisii,PMS,Mara Fuels,TRK-771,29000.0,2009291.0,2038284.2,2026-06-28 05:34:00,28993.199999999953,DS001691,28989.0,2026-06-28 07:33:00,Dispatched,1.0,28989.0,4875908.41,4875908.41,0.0,168.2,2026-06-29 08:33:00,1.0,4799500.0,1.0,0.0,0.0,0.0,0.0,0.0,0.0,0.0,4875908.41,False,False,False,none
LD001713,Kisii,PMS,Uhuru Energy Partners,TRK-129,34600.0,2062742.3,2097345.8,2026-06-28 18:26:00,34603.49999999977,DS001692,34726.0,2026-06-28 20:01:00,Dispatched,1.0,34726.0,5792180.72,5792180.72,0.0,166.8,2026-07-01 04:01:00,30.0,5726300.0,2.0,0.0,0.0,0.0,0.0,0.0,0.0,0.0,5792180.72,False,False,False,none
LD001714,Kisii,PMS,Crescent Oil Ltd,TRK-518,22700.0,4873307.8,4896009.1,2026-06-28 21:05:00,22701.299999999814,DS001693,22710.0,2026-06-28 23:42:00,Dispatched,1.0,22710.0,3778498.53,3778498.53,0.0,166.38,2026-06-30 01:42:00,14.0,3756850.0,1.0,0.0,0.0,0.0,0.0,0.0,0.0,0.0,3778498.53,False,False,False,none
LD001715,Kisii,AGO,Delta Oil Marketers,TRK-479,27200.0,4782860.4,4810054.5,2026-06-28 10:36:00,27194.099999999627,DS001694,27331.0,2026-06-28 12:46:00,Dispatched,1.0,27331.0,4323083.08,4323083.08,0.0,158.18,2026-06-30 13:46:00,3.0,4221440.0,2.0,0.0,0.0,0.0,0.0,0.0,0.0,0.0,4323083.08,False,False,False,none
LD001716,Kisii,AGO,Tsavo Energy Group,TRK-840,23000.0,2214940.2,2237945.5,2026-06-28 11:54:00,23005.299999999814,DS001695,22954.0,2026-06-28 14:08:00,Dispatched,1.0,22954.0,3592034.47,3592034.47,0.0,156.49,2026-06-30 17:08:00,7.0,3569599.9999999995,2.0,0.0,0.0,0.0,0.0,0.0,0.0,0.0,3592034.47,False,False,False,none
LD001717,Kisii,AGO,Baraka Downstream,TRK-131,21500.0,1575471.9,1596971.0,2026-06-28 11:20:00,21499.100000000093,DS001696,21426.0,2026-06-28 13:35:00,Dispatched,1.0,21426.0,3367490.89,3367490.89,0.0,157.17,2026-06-28 20:35:00,60.0,3336799.9999999995,0.0,0.0,0.0,0.0,0.0,0.0,0.0,0.0,3367490.89,False,True,False,none
LD001718,Kisii,AGO,Tsavo Energy Group,TRK-612,32700.0,1565534.2,1598229.6,2026-06-28 19:15:00,32695.40000000014,DS001697,32504.0,2026-06-28 21:35:00,Dispatched,1.0,32504.0,5099189.92,5099189.92,0.0,156.88,2026-07-01 05:35:00,30.0,5075040.0,2.0,0.0,0.0,0.0,0.0,0.0,0.0,0.0,5099189.92,False,False,False,none
LD001719,Kisii,AGO,Tsavo Energy Group,TRK-839,22100.0,3573715.8,3595813.4,2026-06-28 15:55:00,22097.600000000093,DS001698,22093.0,2026-06-28 16:43:00,Dispatched,1.0,22093.0,3484167.25,3484167.25,0.0,157.7,2026-06-28 23:43:00,1.0,3429919.9999999995,0.0,0.0,0.0,0.0,0.0,0.0,0.0,0.0,3484167.25,False,False,False,none
LD001720,Mombasa,AGO,Amani Petroleum,TRK-982,25900.0,1917574.0,1943479.4,2026-06-29 18:55:00,25905.399999999907,DS001699,25804.0,2026-06-29 21:48:00,Dispatched,1.0,25804.0,3965311.61,3965311.61,0.0,153.67,2026-06-30 05:48:00,60.0,4019679.9999999995,0.0,0.0,0.0,0.0,0.0,0.0,0.0,0.0,3965311.61,False,True,False,none
LD001721,Mombasa,AGO,Highland Energy Co,TRK-895,23500.0,1218772.7,1242271.4,2026-06-29 13:56:00,23498.699999999953,DS001700,23412.0,2026-06-29 16:13:00,Dispatched,,,,,0.0,,,,3647199.9999999995,,0.0,0.0,0.0,3633542.4,0.0,0.0,3633542.4,0.0,False,False,True,billing_gap
LD001722,Mombasa,AGO,Summit Downstream Ltd,TRK-842,28200.0,1562367.7,1590561.5,2026-06-29 06:18:00,28193.800000000047,DS001701,28288.0,2026-06-29 07:43:00,Dispatched,1.0,28288.0,4420803.93,4420803.93,0.0,156.28,2026-06-30 09:43:00,7.0,4376640.0,1.0,0.0,0.0,0.0,0.0,0.0,0.0,0.0,4420803.93,False,False,False,none
LD001723,Mombasa,PMS,Kilele Fuels,TRK-227,26800.0,2366995.4,2393805.1,2026-06-29 21:40:00,26809.700000000186,DS001702,26662.0,2026-06-29 22:19:00,Dispatched,1.0,26662.0,4448129.73,4448129.73,0.0,166.83,2026-06-30 01:19:00,14.0,4435400.0,0.0,0.0,0.0,0.0,0.0,0.0,0.0,0.0,4448129.73,False,False,False,none
LD001724,Mombasa,AGO,Tsavo Energy Group,TRK-772,23600.0,1527227.3,1550825.6,2026-06-29 08:46:00,23598.300000000047,DS001703,23607.0,2026-06-29 11:02:00,Dispatched,1.0,23607.0,3590555.99,3590555.99,0.0,152.1,2026-06-29 13:02:00,21.0,3662719.9999999995,0.0,0.0,0.0,0.0,0.0,0.0,0.0,0.0,3590555.99,False,False,False,none
LD001725,Mombasa,IK,Aberdare Oil Traders,TRK-757,34200.0,2100099.1,2134301.6,2026-06-29 20:13:00,34202.5,DS001704,34191.0,2026-06-29 22:47:00,Dispatched,1.0,34191.0,4859999.77,4859999.77,0.0,142.14,2026-06-30 05:47:00,45.0,4788000.0,0.0,0.0,0.0,0.0,0.0,0.0,0.0,0.0,4859999.77,False,True,False,none
LD001726,Mombasa,AGO,Nyanza Petroleum Co,TRK-450,33100.0,2793385.9,2826483.9,2026-06-29 20:48:00,33098.0,DS001705,33109.0,2026-06-29 22:11:00,Dispatched,1.0,33109.0,5058954.13,5058954.13,0.0,152.8,2026-06-30 04:11:00,30.0,5137120.0,0.0,0.0,0.0,0.0,0.0,0.0,0.0,0.0,5058954.13,False,False,False,none
LD001727,Mombasa,PMS,Aberdare Oil Traders,TRK-708,27800.0,1870994.8,1898795.5,2026-06-29 19:44:00,27800.699999999953,DS001706,27915.0,2026-06-29 21:52:00,Dispatched,2.0,55830.0,9217950.42,9217950.42,0.0,165.11,2026-06-30 22:52:00,14.0,4600900.0,1.0,0.0,0.0,0.0,0.0,0.0,0.0,0.0,9217950.42,False,False,False,none
LD001728,Mombasa,PMS,Nyanza Petroleum Co,TRK-677,21600.0,2797098.2,2818694.3,2026-06-29 14:01:00,21596.099999999627,DS001707,21546.0,2026-06-29 16:41:00,Dispatched,1.0,21546.0,3617417.52,3617417.52,0.0,167.89,2026-07-01 18:41:00,7.0,3574800.0,2.0,0.0,0.0,0.0,0.0,0.0,0.0,0.0,3617417.52,False,False,False,none
LD001729,Mombasa,PMS,Coastline Energy Ltd,TRK-550,35000.0,4811337.6,4846340.8,2026-06-29 10:36:00,35003.200000000186,DS001708,35145.0,2026-06-29 12:36:00,Dispatched,1.0,35145.0,5772992.24,5772992.24,0.0,164.26,2026-07-01 18:36:00,7.0,5792500.0,2.0,0.0,0.0,0.0,0.0,0.0,0.0,0.0,5772992.24,False,False,False,none
LD001730,Mombasa,AGO,Crescent Oil Ltd,TRK-493,27600.0,4502740.5,4530333.8,2026-06-29 09:09:00,27593.299999999814,DS001709,27454.0,2026-06-29 09:48:00,Dispatched,1.0,27454.0,4286450.12,4286450.12,0.0,156.13,2026-06-30 14:48:00,14.0,4283520.0,1.0,0.0,0.0,0.0,0.0,0.0,0.0,0.0,4286450.12,False,False,False,none
LD001731,Mombasa,PMS,Coastline Energy Ltd,TRK-112,24300.0,1014809.6,1039107.4,2026-06-29 11:37:00,24297.800000000047,DS001710,24347.0,2026-06-29 14:24:00,Dispatched,1.0,24347.0,3955464.2,2048886.53,1906577.6700000002,162.46,2026-06-29 19:24:00,7.0,4021650.0,0.0,0.0,0.0,0.0,0.0,0.0,0.0,1906577.6700000002,2048886.53,False,False,True,collections_gap
LD001732,Mombasa,AGO,Delta Oil Marketers,TRK-274,25100.0,4165451.7,4190546.7,2026-06-29 21:25:00,25095.0,DS001711,25211.0,2026-06-29 21:58:00,Dispatched,1.0,25211.0,3836498.45,3836498.45,0.0,152.18,2026-06-30 21:58:00,3.0,3895519.9999999995,1.0,0.0,0.0,0.0,0.0,0.0,0.0,0.0,3836498.45,False,False,False,none
LD001733,Mombasa,AGO,Amani Petroleum,TRK-986,30900.0,2198225.3,2229120.8,2026-06-29 21:20:00,30895.5,DS001712,30524.0,2026-06-29 21:50:00,Dispatched,1.0,30524.0,4793544.27,4793544.27,0.0,157.04,2026-07-07 05:50:00,14.0,4795680.0,7.0,0.0,0.0,0.0,0.0,0.0,0.0,0.0,4793544.27,True,False,False,none
LD001734,Nairobi,AGO,Delta Oil Marketers,TRK-114,23800.0,3609124.5,3632924.0,2026-06-29 20:11:00,23799.5,DS001713,23797.0,2026-06-29 21:55:00,Dispatched,1.0,23797.0,3661912.0,3661912.0,0.0,153.88,2026-06-30 01:55:00,21.0,3693759.9999999995,0.0,0.0,0.0,0.0,0.0,0.0,0.0,0.0,3661912.0,False,False,False,none
LD001735,Nairobi,PMS,Baraka Downstream,TRK-896,26500.0,3384174.4,3410673.2,2026-06-29 11:14:00,26498.80000000028,DS001714,26491.0,2026-06-29 13:31:00,Dispatched,1.0,26491.0,4362084.66,4362084.66,0.0,164.66,2026-07-09 19:31:00,7.0,4385750.0,10.0,0.0,0.0,0.0,0.0,0.0,0.0,0.0,4362084.66,True,False,False,none
LD001736,Nairobi,PMS,Rift Valley Fuels Ltd,TRK-966,33100.0,4997401.2,5030503.4,2026-06-29 19:36:00,33102.200000000186,DS001715,33107.0,2026-06-29 20:13:00,Dispatched,1.0,33107.0,5467552.13,5467552.13,0.0,165.15,2026-07-01 20:13:00,60.0,5478050.0,2.0,0.0,0.0,0.0,0.0,0.0,0.0,0.0,5467552.13,False,True,False,none
LD001737,Nairobi,PMS,Horizon Oil Marketers,TRK-619,23400.0,2060683.0,2084084.1,2026-06-29 06:25:00,23401.100000000093,DS001716,23520.0,2026-06-29 09:08:00,Dispatched,1.0,23520.0,3924284.91,3924284.91,0.0,166.85,2026-07-02 17:08:00,1.0,3872700.0,3.0,0.0,0.0,0.0,0.0,0.0,0.0,0.0,3924284.91,False,False,False,none
LD001738,Nairobi,AGO,Highland Energy Co,TRK-917,34700.0,3011502.1,3046202.5,2026-06-29 22:54:00,34700.39999999991,DS001717,34621.0,2026-06-30 00:29:00,Dispatched,1.0,34621.0,5328988.0,5328988.0,0.0,153.92,2026-06-30 01:29:00,14.0,5385440.0,0.0,0.0,0.0,0.0,0.0,0.0,0.0,0.0,5328988.0,False,False,False,none
LD001739,Nairobi,AGO,Aberdare Oil Traders,TRK-287,32700.0,1542983.4,1575680.9,2026-06-29 12:15:00,32697.5,DS001718,32584.0,2026-06-29 13:05:00,Dispatched,1.0,32584.0,5143243.91,5143243.91,0.0,157.85,2026-06-30 19:05:00,14.0,5075040.0,1.0,0.0,0.0,0.0,0.0,0.0,0.0,0.0,5143243.91,False,False,False,none
LD001740,Nairobi,AGO,Savannah Petroleum,TRK-372,21600.0,2086870.4,2108466.2,2026-06-29 19:11:00,21595.80000000028,DS001719,21605.0,2026-06-29 21:18:00,Dispatched,1.0,21605.0,3366664.31,3366664.31,0.0,155.83,2026-06-30 02:18:00,1.0,3352319.9999999995,0.0,0.0,0.0,0.0,0.0,0.0,0.0,0.0,3366664.31,False,False,False,none
LD001741,Nairobi,AGO,Baraka Downstream,TRK-162,33100.0,2513262.4,2546361.1,2026-06-29 07:57:00,33098.700000000186,DS001720,33212.0,2026-06-29 10:50:00,Dispatched,1.0,33212.0,5234774.04,5234774.04,0.0,157.62,2026-06-29 12:50:00,3.0,5137120.0,0.0,0.0,0.0,0.0,0.0,0.0,0.0,0.0,5234774.04,False,False,False,none
LD001742,Nairobi,PMS,Horizon Oil Marketers,TRK-900,35700.0,3518734.4,3554431.1,2026-06-29 20:29:00,35696.700000000186,DS001721,35760.0,2026-06-29 22:16:00,Dispatched,1.0,35760.0,5887434.57,5887434.57,0.0,164.64,2026-07-02 01:16:00,45.0,5908350.0,2.0,0.0,0.0,0.0,0.0,0.0,0.0,0.0,5887434.57,False,True,False,none
LD001743,Nairobi,AGO,Delta Oil Marketers,TRK-185,26700.0,1666154.1,1692852.4,2026-06-29 07:12:00,26698.299999999814,DS001722,26703.0,2026-06-29 08:35:00,Dispatched,1.0,26703.0,4063325.53,4063325.53,0.0,152.17,2026-06-29 13:35:00,7.0,4143839.9999999995,0.0,0.0,0.0,0.0,0.0,0.0,0.0,0.0,4063325.53,False,False,False,none
LD001744,Nairobi,PMS,Delta Oil Marketers,TRK-109,20900.0,1481512.6,1502411.7,2026-06-29 11:38:00,20899.09999999986,DS001723,20886.0,2026-06-29 14:00:00,Dispatched,1.0,20886.0,3443653.18,3443653.18,0.0,164.88,2026-06-30 15:00:00,7.0,3458950.0,1.0,0.0,0.0,0.0,0.0,0.0,0.0,0.0,3443653.18,False,False,False,none
LD001745,Nairobi,AGO,Equator Fuels,TRK-750,29300.0,4715053.7,4744359.8,2026-06-29 19:49:00,29306.099999999627,DS001724,29124.0,2026-06-29 20:53:00,Dispatched,1.0,29124.0,4607824.48,4607824.48,0.0,158.21,2026-06-29 22:53:00,7.0,4547360.0,0.0,0.0,0.0,0.0,0.0,0.0,0.0,0.0,4607824.48,False,False,False,none
LD001746,Kisumu,PMS,Aberdare Oil Traders,TRK-280,21000.0,3444566.1,3465566.0,2026-06-29 18:38:00,20999.899999999907,DS001725,21037.0,2026-06-29 20:02:00,Dispatched,2.0,42074.0,7032834.7,7032834.7,0.0,167.15,2026-06-30 20:02:00,30.0,3475500.0,1.0,0.0,0.0,0.0,0.0,0.0,0.0,0.0,7032834.7,False,False,False,none
LD001747,Kisumu,AGO,Highland Energy Co,TRK-381,35700.0,2443225.2,2478925.2,2026-06-29 14:16:00,35700.0,DS001726,35776.0,2026-06-29 15:47:00,Dispatched,1.0,35776.0,5444374.87,5444374.87,0.0,152.18,2026-06-29 18:47:00,30.0,5540640.0,0.0,0.0,0.0,0.0,0.0,0.0,0.0,0.0,5444374.87,False,False,False,none
LD001748,Kisumu,AGO,Tsavo Energy Group,TRK-426,22000.0,3328949.8,3350958.1,2026-06-29 08:48:00,22008.30000000028,DS001727,21954.0,2026-06-29 11:40:00,Dispatched,1.0,21954.0,3429839.33,3429839.33,0.0,156.23,2026-06-29 18:40:00,3.0,3414399.9999999995,0.0,0.0,0.0,0.0,0.0,0.0,0.0,0.0,3429839.33,False,False,False,none
LD001749,Kisumu,AGO,Uhuru Energy Partners,TRK-196,24800.0,1137612.8,1162417.6,2026-06-29 10:04:00,24804.800000000047,DS001728,24765.0,2026-06-29 11:01:00,Dispatched,1.0,24765.0,3903558.72,3903558.72,0.0,157.62,2026-06-30 12:01:00,7.0,3848959.9999999995,1.0,0.0,0.0,0.0,0.0,0.0,0.0,0.0,3903558.72,False,False,False,none
LD001750,Kisumu,AGO,Tsavo Energy Group,TRK-211,25500.0,2561182.2,2586684.0,2026-06-29 22:52:00,25501.799999999814,DS001729,25420.0,2026-06-29 23:48:00,Dispatched,1.0,25420.0,3915358.85,3915358.85,0.0,154.03,2026-06-30 03:48:00,1.0,3957599.9999999995,0.0,0.0,0.0,0.0,0.0,0.0,0.0,0.0,3915358.85,False,False,False,none
LD001751,Kisumu,PMS,Amani Petroleum,TRK-801,34300.0,4254435.3,4288730.4,2026-06-29 14:20:00,34295.10000000056,DS001730,34389.0,2026-06-29 16:04:00,Dispatched,1.0,34389.0,5670162.56,5670162.56,0.0,164.88,2026-07-02 18:04:00,30.0,5676650.0,3.0,0.0,0.0,0.0,0.0,0.0,0.0,0.0,5670162.56,False,False,False,none
LD001752,Kisumu,AGO,Tsavo Energy Group,TRK-505,34600.0,1617663.0,1652267.2,2026-06-29 09:20:00,34604.19999999995,DS001731,34562.0,2026-06-29 11:05:00,Dispatched,1.0,34562.0,5277696.2,5277696.2,0.0,152.7,2026-06-29 16:05:00,21.0,5369920.0,0.0,0.0,0.0,0.0,0.0,0.0,0.0,0.0,5277696.2,False,False,False,none
LD001753,Kisumu,AGO,Amani Petroleum,TRK-769,30000.0,1115204.7,1145198.0,2026-06-29 10:20:00,29993.300000000047,DS001732,29987.0,2026-06-29 13:20:00,Dispatched,1.0,29987.0,4714501.2,4714501.2,0.0,157.22,2026-07-01 15:20:00,7.0,4656000.0,2.0,0.0,0.0,0.0,0.0,0.0,0.0,0.0,4714501.2,False,False,False,none
LD001754,Kisumu,AGO,Aberdare Oil Traders,TRK-976,27200.0,2381058.2,2408262.5,2026-06-29 13:14:00,27204.299999999814,DS001733,27251.0,2026-06-29 15:41:00,Dispatched,1.0,27251.0,4205441.68,4205441.68,0.0,154.32,2026-06-29 16:41:00,1.0,4221440.0,0.0,0.0,0.0,0.0,0.0,0.0,0.0,0.0,4205441.68,False,False,False,none
LD001755,Kisumu,PMS,Zenith Petroleum,TRK-422,22800.0,3487923.2,3510726.3,2026-06-29 15:46:00,22803.099999999627,DS001734,22822.0,2026-06-29 16:40:00,Dispatched,1.0,22822.0,3844481.1,3844481.1,0.0,168.46,2026-07-01 19:40:00,7.0,3773400.0,2.0,0.0,0.0,0.0,0.0,0.0,0.0,0.0,3844481.1,False,False,False,none
LD001756,Kisumu,PMS,UNKNOWN CUSTOMER,TRK-513,30600.0,2373511.2,2404106.9,2026-06-29 17:48:00,30595.69999999972,DS001735,30652.0,2026-06-29 19:14:00,Dispatched,1.0,30652.0,5148401.68,5148401.68,0.0,167.96,2026-06-29 20:14:00,3.0,5064300.0,0.0,0.0,0.0,0.0,0.0,0.0,0.0,0.0,5148401.68,False,False,False,none
LD001757,Kisumu,PMS,Aberdare Oil Traders,TRK-821,20300.0,3759165.0,3779465.8,2026-06-29 09:29:00,20300.799999999814,DS001736,20311.0,2026-06-29 11:13:00,Dispatched,1.0,20311.0,3318375.73,0.0,3318375.73,163.38,2026-06-29 15:13:00,,3359650.0,0.0,0.0,0.0,0.0,0.0,0.0,0.0,3318375.73,0.0,False,False,True,collections_gap
LD001758,Kisumu,AGO,Zenith Petroleum,TRK-537,27000.0,3100615.6,3127618.2,2026-06-29 13:18:00,27002.600000000093,DS001737,27016.0,2026-06-29 14:45:00,Dispatched,1.0,27016.0,4164401.95,4164401.95,0.0,154.15,2026-06-29 17:45:00,7.0,4190399.9999999995,0.0,0.0,0.0,0.0,0.0,0.0,0.0,0.0,4164401.95,False,False,False,none
LD001759,Kisumu,AGO,Equator Fuels,TRK-550,23200.0,4002176.7,4025373.6,2026-06-29 11:51:00,23196.899999999907,DS001738,23213.0,2026-06-29 14:46:00,Dispatched,1.0,23213.0,3666801.84,3666801.84,0.0,157.96,2026-06-29 17:46:00,30.0,3600639.9999999995,0.0,0.0,0.0,0.0,0.0,0.0,0.0,0.0,3666801.84,False,False,False,none
LD001760,Kisumu,PMS,Delta Oil Marketers,TRK-707,34000.0,2076759.0,2110761.2,2026-06-29 10:20:00,34002.200000000186,DS001739,34046.0,2026-06-29 12:35:00,Dispatched,1.0,34046.0,5608069.62,5608069.62,0.0,164.72,2026-06-29 15:35:00,21.0,5627000.0,0.0,0.0,0.0,0.0,0.0,0.0,0.0,0.0,5608069.62,False,False,False,none
LD001761,Eldoret,AGO,Delta Oil Marketers,TRK-721,26100.0,1711536.2,1737632.2,2026-06-29 17:44:00,26096.0,DS001740,26139.0,2026-06-29 19:45:00,Dispatched,1.0,26139.0,4099537.63,1775403.57,2324134.0599999996,156.84,2026-06-29 21:45:00,60.0,4050719.9999999995,0.0,0.0,0.0,0.0,0.0,0.0,0.0,2324134.0599999996,1775403.57,False,True,True,collections_gap
LD001762,Eldoret,PMS,Mara Fuels,TRK-478,21100.0,3312873.5,3333963.6,2026-06-29 06:40:00,21090.100000000093,DS001741,21022.0,2026-06-29 08:36:00,Dispatched,1.0,21022.0,3442654.64,3442654.64,0.0,163.76,2026-07-02 09:36:00,45.0,3492050.0,3.0,0.0,0.0,0.0,0.0,0.0,0.0,0.0,3442654.64,False,True,False,none
LD001763,Eldoret,PMS,Lakeview Energy,TRK-893,29600.0,3955721.8,3985322.0,2026-06-29 09:56:00,29600.200000000186,DS001742,29547.0,2026-06-29 11:08:00,Dispatched,1.0,29547.0,4816113.3,4816113.3,0.0,162.9983856229059,2026-06-29 18:08:00,7.0,4898800.0,0.0,0.0,0.0,0.0,0.0,0.0,0.0,0.0,4816113.3,False,False,False,none
LD001764,Eldoret,AGO,Coastline Energy Ltd,TRK-675,20800.0,3804576.9,3825374.5,2026-06-29 09:37:00,20797.600000000093,DS001743,20787.0,2026-06-29 11:20:00,Dispatched,1.0,20787.0,3178826.82,3178826.82,0.0,152.92,2026-06-30 17:20:00,7.0,3228159.9999999995,1.0,0.0,0.0,0.0,0.0,0.0,0.0,0.0,3178826.82,False,False,False,none
LD001765,Eldoret,PMS,Aberdare Oil Traders,TRK-936,20900.0,4646911.4,4667811.7,2026-06-29 22:48:00,20900.299999999814,DS001744,20928.0,2026-06-29 23:44:00,Dispatched,1.0,20928.0,3496089.33,3496089.33,0.0,167.05,2026-07-01 04:44:00,45.0,3458950.0,1.0,0.0,0.0,0.0,0.0,0.0,0.0,0.0,3496089.33,False,True,False,none
LD001766,Eldoret,PMS,Mara Fuels,TRK-469,27100.0,1522690.5,1549800.0,2026-06-29 07:55:00,27109.5,DS001745,27230.0,2026-06-29 08:36:00,Dispatched,1.0,27230.0,4460637.62,4460637.62,0.0,163.81,2026-06-30 08:36:00,14.0,4485050.0,1.0,0.0,0.0,0.0,0.0,0.0,0.0,0.0,4460637.62,False,False,False,none
LD001767,Eldoret,PMS,Kilele Fuels,TRK-303,24700.0,4475836.4,4500544.3,2026-06-29 19:14:00,24707.89999999944,DS001746,24640.0,2026-06-29 21:53:00,Dispatched,1.0,24640.0,4100523.54,4100523.54,0.0,166.42,2026-06-30 05:53:00,7.0,4087850.0,0.0,0.0,0.0,0.0,0.0,0.0,0.0,0.0,4100523.54,False,False,False,none
LD001768,Eldoret,PMS,Horizon Oil Marketers,TRK-537,29900.0,1326719.1,1356622.5,2026-06-29 05:08:00,29903.399999999907,DS001747,29979.0,2026-06-29 07:28:00,Dispatched,1.0,29979.0,4889438.47,4889438.47,0.0,163.1,2026-06-30 13:28:00,21.0,4948450.0,1.0,0.0,0.0,0.0,0.0,0.0,0.0,0.0,4889438.47,False,False,False,none
LD001769,Eldoret,AGO,Amani Petroleum,TRK-679,23500.0,2001361.1,2024860.4,2026-06-29 21:03:00,23499.299999999814,DS001748,23460.0,2026-06-29 22:28:00,Dispatched,1.0,23460.0,3637378.52,3637378.52,0.0,155.05,2026-07-01 22:28:00,3.0,3647199.9999999995,2.0,0.0,0.0,0.0,0.0,0.0,0.0,0.0,3637378.52,False,False,False,none
LD001770,Eldoret,IK,Highland Energy Co,TRK-688,27800.0,4739572.2,4767378.5,2026-06-29 15:50:00,27806.299999999814,DS001749,27914.0,2026-06-29 18:24:00,Dispatched,1.0,27914.0,3849000.85,3849000.85,0.0,137.89,2026-06-29 21:24:00,30.0,3892000.0,0.0,0.0,0.0,0.0,0.0,0.0,0.0,0.0,3849000.85,False,False,False,none
LD001771,Eldoret,AGO,Horizon Oil Marketers,TRK-917,30200.0,4594670.8,4624865.0,2026-06-29 07:35:00,30194.200000000186,DS001750,30373.0,2026-06-29 09:51:00,Dispatched,1.0,30373.0,4672696.83,4672696.83,0.0,153.84,2026-07-06 10:51:00,7.0,4687040.0,7.0,0.0,0.0,0.0,0.0,0.0,0.0,0.0,4672696.83,True,False,False,none
LD001772,Eldoret,AGO,Equator Fuels,TRK-885,34900.0,2834820.5,2869719.8,2026-06-29 19:39:00,34899.299999999814,DS001751,34717.0,2026-06-29 22:30:00,Dispatched,1.0,34717.0,5368807.46,5368807.46,0.0,154.64,2026-07-02 23:30:00,14.0,5416480.0,3.0,0.0,0.0,0.0,0.0,0.0,0.0,0.0,5368807.46,False,False,False,none
LD001773,Nakuru,AGO,Baraka Downstream,TRK-174,32400.0,1881881.9,1914280.3,2026-06-29 19:28:00,32398.40000000014,DS001752,32368.0,2026-06-29 20:37:00,Dispatched,1.0,32368.0,5063888.38,5063888.38,0.0,156.45,2026-06-30 00:37:00,1.0,5028480.0,0.0,0.0,0.0,0.0,0.0,0.0,0.0,0.0,5063888.38,False,False,False,none
LD001774,Nakuru,AGO,Rift Valley Fuels Ltd,TRK-400,34800.0,3841687.3,3876481.5,2026-06-29 18:56:00,34794.200000000186,DS001753,34555.0,2026-06-29 20:04:00,Dispatched,1.0,34555.0,5328203.38,5328203.38,0.0,154.19,2026-06-30 00:04:00,3.0,5400960.0,0.0,0.0,0.0,0.0,0.0,0.0,0.0,0.0,5328203.38,False,False,False,none
LD001775,Nakuru,PMS,Uhuru Energy Partners,TRK-976,26700.0,3069088.7,3095782.5,2026-06-29 12:20:00,26693.799999999814,DS001754,26565.0,2026-06-29 13:08:00,Dispatched,1.0,26565.0,4461241.34,4461241.34,0.0,167.94,2026-06-29 14:08:00,7.0,4418850.0,0.0,0.0,0.0,0.0,0.0,0.0,0.0,0.0,4461241.34,False,False,False,none
LD001776,Nakuru,AGO,Pioneer Fuels Kenya,TRK-832,29400.0,1437929.5,1467334.3,2026-06-29 11:49:00,29404.800000000047,DS001755,29256.0,2026-06-29 13:52:00,Dispatched,1.0,29256.0,4515934.26,0.0,4515934.26,154.36,2026-06-30 20:52:00,,4562880.0,1.0,0.0,0.0,0.0,0.0,0.0,0.0,4515934.26,0.0,False,False,True,collections_gap
LD001777,Nakuru,PMS,Coastline Energy Ltd,TRK-126,35500.0,1699140.0,1734633.7,2026-06-29 09:13:00,35493.69999999995,DS001756,35566.0,2026-06-29 09:51:00,Dispatched,1.0,35566.0,5907483.26,5907483.26,0.0,166.1,2026-06-29 14:51:00,7.0,5875250.0,0.0,0.0,0.0,0.0,0.0,0.0,0.0,0.0,5907483.26,False,False,False,none
LD001778,Nakuru,AGO,Lakeview Energy,TRK-422,31500.0,4107285.5,4138789.2,2026-06-29 22:22:00,31503.700000000186,DS001757,31541.0,2026-06-29 23:23:00,Dispatched,1.0,31541.0,4845468.44,4845468.44,0.0,153.62,2026-06-30 06:23:00,21.0,4888800.0,0.0,0.0,0.0,0.0,0.0,0.0,0.0,0.0,4845468.44,False,False,False,none
LD001779,Nakuru,PMS,Aberdare Oil Traders,TRK-322,30800.0,3457997.8,3488791.9,2026-06-29 10:27:00,30794.100000000093,DS001758,28693.0,2026-06-29 12:41:00,Dispatched,1.0,28693.0,4769188.55,4769188.55,0.0,166.21,2026-06-29 19:41:00,3.0,5097400.0,0.0,0.0,2107.0,348708.5,0.0,0.0,0.0,348708.5,4769188.55,False,False,True,shrinkage
LD001780,Nakuru,PMS,Summit Downstream Ltd,TRK-988,35800.0,2557559.1,2593355.2,2026-06-29 19:07:00,35796.10000000009,DS001759,35886.0,2026-06-29 20:00:00,Dispatched,1.0,35886.0,5940506.91,5940506.91,0.0,165.54,2026-06-30 02:00:00,3.0,5924900.0,0.0,0.0,0.0,0.0,0.0,0.0,0.0,0.0,5940506.91,False,False,False,none
LD001781,Nakuru,PMS,Summit Downstream Ltd,TRK-889,31700.0,3738900.7,3770597.3,2026-06-29 19:28:00,31696.599999999627,DS001760,31702.0,2026-06-29 22:26:00,Dispatched,1.0,31702.0,5342437.46,5342437.46,0.0,168.52,2026-07-01 05:26:00,14.0,5246350.0,1.0,0.0,0.0,0.0,0.0,0.0,0.0,0.0,5342437.46,False,False,False,none
LD001782,Nakuru,PMS,Pioneer Fuels Kenya,TRK-224,24500.0,2644509.1,2669005.4,2026-06-29 10:32:00,24496.299999999814,DS001761,24597.0,2026-06-29 12:38:00,Dispatched,1.0,24597.0,4055376.26,4055376.26,0.0,164.87,2026-07-01 14:38:00,14.0,4054750.0,2.0,0.0,0.0,0.0,0.0,0.0,0.0,0.0,4055376.26,False,False,False,none
LD001783,Nakuru,PMS,Crescent Oil Ltd,TRK-424,23700.0,1078605.9,1102299.5,2026-06-29 20:47:00,23693.600000000093,DS001762,23695.0,2026-06-29 23:21:00,Dispatched,1.0,23695.0,3992061.93,3992061.93,0.0,168.48,2026-07-02 01:21:00,1.0,3922350.0,2.0,0.0,0.0,0.0,0.0,0.0,0.0,0.0,3992061.93,False,False,False,none
LD001784,Nakuru,PMS,Amani Petroleum,TRK-361,20100.0,3721002.8,3741096.6,2026-06-29 07:51:00,20093.80000000028,DS001763,20083.0,2026-06-29 08:32:00,Dispatched,1.0,20083.0,3311837.12,3311837.12,0.0,164.91,2026-06-30 16:32:00,1.0,3326550.0,1.0,0.0,0.0,0.0,0.0,0.0,0.0,0.0,3311837.12,False,False,False,none
LD001785,Nakuru,IK,Summit Downstream Ltd,TRK-509,33200.0,1586433.2,1619635.4,2026-06-29 05:00:00,33202.19999999995,DS001764,33399.0,2026-06-29 05:47:00,Dispatched,1.0,33399.0,4749246.76,3821752.08,927494.6799999997,142.2,2026-06-29 11:47:00,1.0,4648000.0,0.0,0.0,0.0,0.0,0.0,0.0,0.0,927494.6799999997,3821752.08,False,False,True,collections_gap
LD001786,Nakuru,PMS,Lakeview Energy,TRK-968,29900.0,1179442.2,1209339.7,2026-06-29 14:53:00,29897.5,DS001765,29927.0,2026-06-29 16:50:00,Dispatched,1.0,29927.0,4866531.26,4866531.26,0.0,162.61,2026-06-29 17:50:00,30.0,4948450.0,0.0,0.0,0.0,0.0,0.0,0.0,0.0,0.0,4866531.26,False,False,False,none
LD001787,Nakuru,PMS,Summit Downstream Ltd,TRK-116,30000.0,2235670.9,2265677.3,2026-06-29 07:41:00,30006.399999999907,DS001766,29911.0,2026-06-29 08:40:00,Dispatched,1.0,29911.0,5018762.37,5018762.37,0.0,167.79,2026-06-30 10:40:00,7.0,4965000.0,1.0,0.0,0.0,0.0,0.0,0.0,0.0,0.0,5018762.37,False,False,False,none
LD001788,Kisii,PMS,UNKNOWN CUSTOMER,TRK-631,21900.0,4376743.6,4398640.5,2026-06-29 12:11:00,21896.900000000373,DS001767,21844.0,2026-06-29 14:36:00,Dispatched,1.0,21844.0,3656115.62,3656115.62,0.0,167.37,2026-06-29 20:36:00,14.0,3624450.0,0.0,0.0,0.0,0.0,0.0,0.0,0.0,0.0,3656115.62,False,False,False,none
LD001789,Kisii,AGO,Crescent Oil Ltd,TRK-987,22200.0,3080927.8,3103133.8,2026-06-29 06:03:00,22206.0,DS001768,22201.0,2026-06-29 07:43:00,Dispatched,1.0,20838.0,3245823.76,3245823.76,0.0,155.76,2026-07-01 11:43:00,3.0,3445439.9999999995,2.0,0.0,0.0,0.0,0.0,1363.0,212300.87999999998,212300.87999999998,3245823.76,False,False,True,underbilling
LD001790,Kisii,PMS,Tsavo Energy Group,TRK-278,25500.0,1862439.1,1887944.6,2026-06-29 18:52:00,25505.5,DS001769,25317.0,2026-06-29 20:37:00,Dispatched,1.0,25317.0,4263572.09,4263572.09,0.0,168.41,2026-06-30 21:37:00,30.0,4220250.0,1.0,0.0,0.0,0.0,0.0,0.0,0.0,0.0,4263572.09,False,False,False,none
LD001791,Kisii,AGO,Horizon Oil Marketers,TRK-130,33000.0,1868412.9,1901415.4,2026-06-29 10:23:00,33002.5,DS001770,32937.0,2026-06-29 11:43:00,Dispatched,1.0,32937.0,5198793.48,0.0,5198793.48,157.84,2026-07-01 13:43:00,,5121600.0,2.0,0.0,0.0,0.0,0.0,0.0,0.0,5198793.48,0.0,False,False,True,collections_gap
LD001792,Kisii,PMS,Aberdare Oil Traders,TRK-129,22400.0,4763505.1,4785905.3,2026-06-29 16:58:00,22400.200000000186,DS001771,22393.0,2026-06-29 19:07:00,Dispatched,1.0,22393.0,3677910.7,3677910.7,0.0,164.24,2026-06-29 22:07:00,3.0,3707200.0,0.0,0.0,0.0,0.0,0.0,0.0,0.0,0.0,3677910.7,False,False,False,none
LD001793,Kisii,PMS,Baraka Downstream,TRK-147,22900.0,3269772.8,3292674.7,2026-06-29 20:02:00,22901.900000000373,DS001772,22889.0,2026-06-29 22:32:00,Dispatched,1.0,22889.0,3788115.55,3788115.55,0.0,165.5,2026-06-30 03:32:00,7.0,3789950.0,0.0,0.0,0.0,0.0,0.0,0.0,0.0,0.0,3788115.55,False,False,False,none
LD001794,Kisii,AGO,Tsavo Energy Group,TRK-457,24400.0,2598632.0,2623031.5,2026-06-29 21:10:00,24399.5,DS001773,24308.0,2026-06-29 21:46:00,Dispatched,1.0,24308.0,3746472.06,3746472.06,0.0,154.13,2026-07-03 00:46:00,3.0,3786879.9999999995,3.0,0.0,0.0,0.0,0.0,0.0,0.0,0.0,3746472.06,False,False,False,none
LD001795,Kisii,PMS,Delta Oil Marketers,TRK-525,35700.0,3145881.6,3181573.1,2026-06-29 07:07:00,35691.5,DS001774,35652.0,2026-06-29 10:05:00,Dispatched,1.0,35652.0,5798552.31,5798552.31,0.0,162.64,2026-06-29 12:05:00,30.0,5908350.0,0.0,0.0,0.0,0.0,0.0,0.0,0.0,0.0,5798552.31,False,False,False,none
LD001796,Kisii,PMS,Delta Oil Marketers,TRK-363,31200.0,1057491.8,1088691.9,2026-06-29 05:19:00,31200.09999999986,,,,,,,,,0.0,,,,5163600.0,,5163600.0,0.0,0.0,0.0,0.0,0.0,5163600.0,0.0,False,False,True,dispatch_capture_gap
LD001797,Kisii,AGO,Horizon Oil Marketers,TRK-866,20800.0,3397434.3,3418236.2,2026-06-29 16:39:00,20801.900000000373,DS001775,20874.0,2026-06-29 18:12:00,Dispatched,1.0,20874.0,3196106.79,3196106.79,0.0,153.11,2026-06-29 22:12:00,30.0,3228159.9999999995,0.0,0.0,0.0,0.0,0.0,0.0,0.0,0.0,3196106.79,False,False,False,none
LD001798,Kisii,PMS,Baraka Downstream,TRK-184,34500.0,3854825.0,3889324.3,2026-06-29 21:08:00,34499.299999999814,DS001776,34601.0,2026-06-29 22:51:00,Dispatched,1.0,34601.0,5799759.63,5799759.63,0.0,167.62,2026-06-29 22:51:00,7.0,5709750.0,0.0,0.0,0.0,0.0,0.0,0.0,0.0,0.0,5799759.63,False,False,False,none
LD001799,Kisii,AGO,Crescent Oil Ltd,TRK-331,33100.0,3669327.4,3702429.1,2026-06-29 14:56:00,33101.700000000186,DS001777,30595.0,2026-06-29 15:44:00,Dispatched,1.0,30595.0,4769212.2,4769212.2,0.0,155.88,2026-06-29 17:44:00,3.0,5137120.0,0.0,0.0,2505.0,388776.0,0.0,0.0,0.0,388776.0,4769212.2,False,False,True,shrinkage
LD001800,Kisii,AGO,Kilele Fuels,TRK-632,23400.0,2293771.4,2317169.0,2026-06-29 14:21:00,23397.600000000093,DS001778,23407.0,2026-06-29 16:46:00,Dispatched,1.0,23407.0,3664521.62,3664521.62,0.0,156.56,2026-07-01 00:46:00,21.0,3631679.9999999995,1.0,0.0,0.0,0.0,0.0,0.0,0.0,0.0,3664521.62,False,False,False,none
LD001801,Kisii,AGO,Uhuru Energy Partners,TRK-248,33100.0,3146102.4,3179200.6,2026-06-29 09:20:00,33098.200000000186,DS001779,33209.0,2026-06-29 11:31:00,Dispatched,1.0,33209.0,5240715.54,5240715.54,0.0,157.81,2026-06-29 15:31:00,30.0,5137120.0,0.0,0.0,0.0,0.0,0.0,0.0,0.0,0.0,5240715.54,False,False,False,none
LD001802,Mombasa,AGO,Savannah Petroleum,TRK-286,21300.0,3572244.0,3593546.2,2026-06-30 17:40:00,21302.200000000186,DS001780,21231.0,2026-06-30 20:26:00,Dispatched,1.0,21231.0,3264862.43,3264862.43,0.0,153.78,2026-07-02 01:26:00,14.0,3305759.9999999995,1.0,0.0,0.0,0.0,0.0,0.0,0.0,0.0,3264862.43,False,False,False,none
LD001803,Mombasa,AGO,Summit Downstream Ltd,TRK-685,32200.0,3339723.6,3371925.0,2026-06-30 12:10:00,32201.399999999907,DS001781,32060.0,2026-06-30 13:04:00,Dispatched,1.0,32060.0,4905997.41,4905997.41,0.0,153.03,2026-06-30 17:04:00,45.0,4997440.0,0.0,0.0,0.0,0.0,0.0,0.0,0.0,0.0,4905997.41,False,True,False,none
LD001804,Mombasa,AGO,Pioneer Fuels Kenya,TRK-319,35000.0,1826137.6,1861133.1,2026-06-30 11:40:00,34995.5,DS001782,34813.0,2026-06-30 13:23:00,Dispatched,1.0,34813.0,5422019.87,5422019.87,0.0,155.75,2026-07-02 21:23:00,7.0,5432000.0,2.0,0.0,0.0,0.0,0.0,0.0,0.0,0.0,5422019.87,False,False,False,none
LD001805,Mombasa,AGO,Aberdare Oil Traders,TRK-626,31800.0,4465804.3,4497614.6,2026-06-30 08:47:00,31810.299999999814,DS001783,31622.0,2026-06-30 10:59:00,Dispatched,1.0,31622.0,4874931.27,4874931.27,0.0,154.16,2026-06-30 14:59:00,3.0,4935360.0,0.0,0.0,0.0,0.0,0.0,0.0,0.0,0.0,4874931.27,False,False,False,none
LD001806,Mombasa,IK,Mara Fuels,TRK-599,33000.0,2042700.6,2075701.9,2026-06-30 10:16:00,33001.299999999814,DS001784,33107.0,2026-06-30 13:15:00,Dispatched,1.0,33107.0,4704460.67,4704460.67,0.0,142.1,2026-07-03 18:15:00,3.0,4620000.0,3.0,0.0,0.0,0.0,0.0,0.0,0.0,0.0,4704460.67,False,False,False,none
LD001807,Mombasa,AGO,Amani Petroleum,TRK-900,24800.0,1002510.1,1027309.5,2026-06-30 15:48:00,24799.400000000023,DS001785,24847.0,2026-06-30 18:17:00,Dispatched,1.0,24847.0,3860040.33,3860040.33,0.0,155.35,2026-07-02 00:17:00,14.0,3848959.9999999995,1.0,0.0,0.0,0.0,0.0,0.0,0.0,0.0,3860040.33,False,False,False,none
LD001808,Mombasa,AGO,Horizon Oil Marketers,TRK-568,27200.0,1407567.0,1434767.4,2026-06-30 22:08:00,27200.399999999907,DS001786,27138.0,2026-06-30 22:44:00,Dispatched,1.0,27138.0,4253823.77,4253823.77,0.0,156.75,2026-07-03 06:44:00,7.0,4221440.0,2.0,0.0,0.0,0.0,0.0,0.0,0.0,0.0,4253823.77,False,False,False,none
LD001809,Mombasa,AGO,Zenith Petroleum,TRK-546,20300.0,3464731.9,3485028.9,2026-06-30 14:08:00,20297.0,DS001787,20352.0,2026-06-30 14:39:00,Dispatched,1.0,20352.0,3105911.43,3105911.43,0.0,152.61,2026-06-30 15:39:00,3.0,3150560.0,0.0,0.0,0.0,0.0,0.0,0.0,0.0,0.0,3105911.43,False,False,False,none
LD001810,Mombasa,PMS,Baraka Downstream,TRK-327,24400.0,2280226.9,2304628.3,2026-06-30 21:12:00,24401.399999999907,DS001788,24356.0,2026-06-30 23:02:00,Dispatched,1.0,24356.0,3977500.44,3977500.44,0.0,163.31,2026-07-03 05:02:00,3.0,4038200.0,2.0,0.0,0.0,0.0,0.0,0.0,0.0,0.0,3977500.44,False,False,False,none
LD001811,Mombasa,AGO,Crescent Oil Ltd,TRK-676,32200.0,4208996.7,4241190.2,2026-06-30 16:33:00,32193.5,DS001789,32231.0,2026-06-30 17:12:00,Dispatched,1.0,32231.0,5070942.65,5070942.65,0.0,157.33,2026-06-30 19:12:00,7.0,4997440.0,0.0,0.0,0.0,0.0,0.0,0.0,0.0,0.0,5070942.65,False,False,False,none
LD001812,Mombasa,AGO,Zenith Petroleum,TRK-796,20700.0,2156546.9,2177237.8,2026-06-30 21:10:00,20690.899999999907,DS001790,20670.0,2026-07-01 00:06:00,Dispatched,1.0,20670.0,3258242.34,3258242.34,0.0,157.63,2026-07-02 02:06:00,1.0,3212639.9999999995,1.0,0.0,0.0,0.0,0.0,0.0,0.0,0.0,3258242.34,False,False,False,none
LD001813,Mombasa,AGO,Crescent Oil Ltd,TRK-307,27200.0,1467932.2,1495138.0,2026-06-30 09:34:00,27205.800000000047,DS001791,27190.0,2026-06-30 11:15:00,Dispatched,1.0,27190.0,4291876.1,4291876.1,0.0,157.85,2026-07-01 18:15:00,1.0,4221440.0,1.0,0.0,0.0,0.0,0.0,0.0,0.0,0.0,4291876.1,False,False,False,none
LD001814,Mombasa,IK,Summit Downstream Ltd,TRK-531,29300.0,1315719.4,1345018.6,2026-06-30 17:18:00,29299.200000000186,DS001792,29220.0,2026-06-30 19:03:00,Dispatched,1.0,29220.0,4127538.98,4127538.98,0.0,141.26,2026-07-01 02:03:00,45.0,4102000.0,0.0,0.0,0.0,0.0,0.0,0.0,0.0,0.0,4127538.98,False,True,False,none
LD001815,Mombasa,PMS,Lakeview Energy,TRK-669,23100.0,2898177.4,2921270.5,2026-06-30 14:00:00,23093.100000000093,DS001793,23047.0,2026-06-30 16:18:00,Dispatched,1.0,23047.0,3738170.47,3738170.47,0.0,162.2,2026-06-30 18:18:00,3.0,3823050.0,0.0,0.0,0.0,0.0,0.0,0.0,0.0,0.0,3738170.47,False,False,False,none
LD001816,Nairobi,IK,Uhuru Energy Partners,TRK-592,29400.0,4187446.3,4216839.6,2026-06-30 07:03:00,29393.299999999814,DS001794,29448.0,2026-06-30 09:45:00,Dispatched,1.0,29448.0,4161929.63,4161929.63,0.0,141.33,2026-06-30 16:45:00,3.0,4116000.0,0.0,0.0,0.0,0.0,0.0,0.0,0.0,0.0,4161929.63,False,False,False,none
LD001817,Nairobi,PMS,Uhuru Energy Partners,TRK-298,25500.0,4221865.1,4247362.9,2026-06-30 10:41:00,25497.800000000745,DS001795,25554.0,2026-06-30 12:38:00,Dispatched,1.0,25554.0,4229999.35,4229999.35,0.0,165.53,2026-06-30 13:38:00,14.0,4220250.0,0.0,0.0,0.0,0.0,0.0,0.0,0.0,0.0,4229999.35,False,False,False,none
LD001818,Nairobi,PMS,Summit Downstream Ltd,TRK-857,28900.0,3351609.3,3380508.5,2026-06-30 13:08:00,28899.200000000186,DS001796,28864.0,2026-06-30 13:44:00,Dispatched,1.0,28864.0,4695711.31,4695711.31,0.0,162.68,2026-06-30 21:44:00,30.0,4782950.0,0.0,0.0,0.0,0.0,0.0,0.0,0.0,0.0,4695711.31,False,False,False,none
LD001819,Nairobi,PMS,Mara Fuels,TRK-220,35000.0,3904245.3,3939248.5,2026-06-30 13:48:00,35003.200000000186,DS001797,34840.0,2026-06-30 14:18:00,Dispatched,1.0,34840.0,5870262.17,5870262.17,0.0,168.49,2026-07-01 21:18:00,14.0,5792500.0,1.0,0.0,0.0,0.0,0.0,0.0,0.0,0.0,5870262.17,False,False,False,none
LD001820,Nairobi,AGO,Kilele Fuels,TRK-227,28900.0,4913323.2,4942235.2,2026-06-30 20:14:00,28912.0,DS001798,29114.0,2026-06-30 23:13:00,Dispatched,1.0,29114.0,4533068.7,4533068.7,0.0,155.7,2026-07-01 00:13:00,3.0,4485280.0,0.0,0.0,0.0,0.0,0.0,0.0,0.0,0.0,4533068.7,False,False,False,none
LD001821,Nairobi,PMS,Aberdare Oil Traders,TRK-141,32400.0,1425063.6,1457460.7,2026-06-30 15:56:00,32397.09999999986,DS001799,32404.0,2026-06-30 17:20:00,Dispatched,1.0,32404.0,5395142.86,5395142.86,0.0,166.5,2026-07-07 20:20:00,30.0,5362200.0,7.0,0.0,0.0,0.0,0.0,0.0,0.0,0.0,5395142.86,True,False,False,none
LD001822,Nairobi,PMS,Pioneer Fuels Kenya,TRK-826,27200.0,1841838.7,1869041.2,2026-06-30 19:27:00,27202.5,DS001800,27225.0,2026-06-30 21:53:00,Dispatched,1.0,27225.0,4447870.95,4447870.95,0.0,163.37,2026-07-02 00:53:00,7.0,4501600.0,1.0,0.0,0.0,0.0,0.0,0.0,0.0,0.0,4447870.95,False,False,False,none
LD001823,Nairobi,PMS,Crescent Oil Ltd,TRK-985,31000.0,4509238.9,4540236.6,2026-06-30 08:05:00,30997.699999999255,DS001801,30883.0,2026-06-30 09:52:00,Dispatched,1.0,30883.0,5083962.17,5083962.17,0.0,164.62,2026-07-01 10:52:00,7.0,5130500.0,1.0,0.0,0.0,0.0,0.0,0.0,0.0,0.0,5083962.17,False,False,False,none
LD001824,Nairobi,AGO,Uhuru Energy Partners,TRK-753,24800.0,3689447.4,3714246.2,2026-06-30 20:53:00,24798.80000000028,DS001802,24890.0,2026-06-30 23:29:00,Dispatched,1.0,24890.0,3909410.86,3909410.86,0.0,157.07,2026-07-02 00:29:00,14.0,3848959.9999999995,1.0,0.0,0.0,0.0,0.0,0.0,0.0,0.0,3909410.86,False,False,False,none
LD001825,Kisumu,AGO,Aberdare Oil Traders,TRK-436,24400.0,1737740.8,1762131.8,2026-06-30 13:57:00,24391.0,DS001803,24500.0,2026-06-30 16:50:00,Dispatched,1.0,22181.0,3498334.14,3498334.14,0.0,157.72,2026-07-01 23:50:00,21.0,3786879.9999999995,1.0,0.0,0.0,0.0,0.0,2319.0,365752.68,365752.68,3498334.14,False,False,True,underbilling
LD001826,Kisumu,IK,Horizon Oil Marketers,TRK-597,31700.0,1306489.6,1338189.5,2026-06-30 07:00:00,31699.899999999907,DS001804,31538.0,2026-06-30 08:32:00,Dispatched,1.0,31538.0,4490291.14,4490291.14,0.0,142.38,2026-07-01 08:32:00,14.0,4438000.0,1.0,0.0,0.0,0.0,0.0,0.0,0.0,0.0,4490291.14,False,False,False,none
LD001827,Kisumu,PMS,Aberdare Oil Traders,TRK-899,30600.0,1950240.1,1980830.9,2026-06-30 18:42:00,30590.799999999814,DS001805,30591.0,2026-06-30 20:51:00,Dispatched,1.0,30591.0,4975656.51,4975656.51,0.0,162.65,2026-07-01 23:51:00,45.0,5064300.0,1.0,0.0,0.0,0.0,0.0,0.0,0.0,0.0,4975656.51,False,True,False,none
LD001828,Kisumu,AGO,Amani Petroleum,TRK-783,31600.0,4781228.2,4812827.7,2026-06-30 17:38:00,31599.5,DS001806,31583.0,2026-06-30 19:09:00,Dispatched,1.0,31583.0,4916531.53,4916531.53,0.0,155.67,2026-07-02 01:09:00,14.0,4904320.0,1.0,0.0,0.0,0.0,0.0,0.0,0.0,0.0,4916531.53,False,False,False,none
LD001829,Kisumu,AGO,Horizon Oil Marketers,TRK-882,34700.0,3333704.9,3368411.5,2026-06-30 08:36:00,34706.60000000009,DS001807,34949.0,2026-06-30 11:09:00,Dispatched,1.0,34949.0,5417799.17,5417799.17,0.0,155.02,2026-06-30 19:09:00,30.0,5385440.0,0.0,0.0,0.0,0.0,0.0,0.0,0.0,0.0,5417799.17,False,False,False,none
LD001830,Kisumu,AGO,Summit Downstream Ltd,TRK-140,30900.0,1734256.5,1765155.7,2026-06-30 18:52:00,30899.199999999953,DS001808,31034.0,2026-06-30 20:55:00,Dispatched,1.0,31034.0,4840150.0,4840150.0,0.0,155.96,2026-07-02 03:55:00,14.0,4795680.0,1.0,0.0,0.0,0.0,0.0,0.0,0.0,0.0,4840150.0,False,False,False,none
LD001831,Kisumu,AGO,Summit Downstream Ltd,TRK-743,33100.0,2715537.6,2748634.6,2026-06-30 21:02:00,33097.0,DS001809,32956.0,2026-06-30 22:53:00,Dispatched,1.0,32956.0,5131496.18,5131496.18,0.0,155.71,2026-07-01 02:53:00,3.0,5137120.0,0.0,0.0,0.0,0.0,0.0,0.0,0.0,0.0,5131496.18,False,False,False,none
LD001832,Kisumu,AGO,Pioneer Fuels Kenya,TRK-745,24300.0,3076827.9,3101123.6,2026-06-30 05:13:00,24295.700000000186,DS001810,24247.0,2026-06-30 07:09:00,Dispatched,1.0,24247.0,3755073.05,3755073.05,0.0,154.87,2026-06-30 09:09:00,7.0,3771359.9999999995,0.0,0.0,0.0,0.0,0.0,0.0,0.0,0.0,3755073.05,False,False,False,none
LD001833,Kisumu,PMS,Rift Valley Fuels Ltd,TRK-969,23700.0,1494265.9,1517967.0,2026-06-30 18:51:00,23701.100000000093,DS001811,23637.0,2026-06-30 20:55:00,Dispatched,1.0,23637.0,3839521.71,3839521.71,0.0,162.44,2026-07-01 03:55:00,1.0,3922350.0,0.0,0.0,0.0,0.0,0.0,0.0,0.0,0.0,3839521.71,False,False,False,none
LD001834,Eldoret,AGO,Nyanza Petroleum Co,TRK-902,25100.0,1138602.8,1163697.8,2026-06-30 16:22:00,25095.0,DS001812,25128.0,2026-06-30 19:08:00,Dispatched,1.0,25128.0,3864700.01,3864700.01,0.0,153.8,2026-06-30 20:08:00,3.0,3895519.9999999995,0.0,0.0,0.0,0.0,0.0,0.0,0.0,0.0,3864700.01,False,False,False,none
LD001835,Eldoret,AGO,Tsavo Energy Group,TRK-889,22000.0,4658778.2,4680763.0,2026-06-30 13:49:00,21984.799999999814,DS001813,22104.0,2026-06-30 15:42:00,Cancelled,,,,,0.0,,,,3414399.9999999995,,0.0,0.0,0.0,0.0,0.0,0.0,0.0,0.0,False,False,False,none
LD001836,Eldoret,AGO,Tsavo Energy Group,TRK-977,20600.0,3914548.1,3935146.0,2026-06-30 16:49:00,20597.899999999907,DS001814,20607.0,2026-06-30 18:19:00,Dispatched,1.0,20607.0,3257307.03,3257307.03,0.0,158.07,2026-06-30 21:19:00,21.0,3197119.9999999995,0.0,0.0,0.0,0.0,0.0,0.0,0.0,0.0,3257307.03,False,False,False,none
LD001837,Eldoret,PMS,Nyanza Petroleum Co,TRK-413,28400.0,1808323.7,1836722.4,2026-06-30 22:47:00,28398.699999999953,DS001815,28443.0,2026-07-01 00:58:00,Dispatched,1.0,28443.0,4717329.28,0.0,4717329.28,165.85,2026-07-02 05:58:00,,4700200.0,1.0,0.0,0.0,0.0,0.0,0.0,0.0,4717329.28,0.0,False,False,True,collections_gap
LD001838,Eldoret,AGO,Delta Oil Marketers,TRK-874,33400.0,4461178.2,4494573.9,2026-06-30 15:39:00,33395.700000000186,DS001816,33333.0,2026-06-30 16:41:00,Dispatched,1.0,33333.0,5260430.11,3491934.45,1768495.6600000001,157.81,2026-07-07 16:41:00,3.0,5183680.0,7.0,0.0,0.0,0.0,0.0,0.0,0.0,1768495.6600000001,3491934.45,True,False,True,collections_gap
LD001839,Eldoret,PMS,Mara Fuels,TRK-470,29600.0,3910145.7,3939746.8,2026-06-30 20:22:00,29601.099999999627,DS001817,29644.0,2026-06-30 21:36:00,Dispatched,1.0,26927.0,4480357.92,4480357.92,0.0,166.39,2026-07-03 21:36:00,7.0,4898800.0,3.0,0.0,0.0,0.0,0.0,2717.0,452081.62999999995,452081.62999999995,4480357.92,False,False,True,underbilling
LD001840,Eldoret,PMS,Pioneer Fuels Kenya,TRK-618,30700.0,1802851.4,1833546.7,2026-06-30 08:12:00,30695.300000000047,DS001818,30657.0,2026-06-30 09:10:00,Dispatched,1.0,30657.0,5141838.16,5141838.16,0.0,167.72,2026-07-02 10:10:00,1.0,5080850.0,2.0,0.0,0.0,0.0,0.0,0.0,0.0,0.0,5141838.16,False,False,False,none
LD001841,Eldoret,AGO,Summit Downstream Ltd,TRK-177,34100.0,1779987.0,1814091.9,2026-06-30 22:11:00,34104.89999999991,DS001819,33932.0,2026-07-01 00:29:00,Dispatched,1.0,33932.0,5164606.91,5164606.91,0.0,152.2,2026-07-02 00:29:00,30.0,5292320.0,1.0,0.0,0.0,0.0,0.0,0.0,0.0,0.0,5164606.91,False,False,False,none
LD001842,Eldoret,PMS,Aberdare Oil Traders,TRK-448,30200.0,3797539.0,3827731.4,2026-06-30 17:54:00,30192.399999999907,DS001820,30239.0,2026-06-30 19:30:00,Dispatched,1.0,30239.0,4998988.78,4998988.78,0.0,165.32,2026-07-08 00:30:00,1.0,4998100.0,7.0,0.0,0.0,0.0,0.0,0.0,0.0,0.0,4998988.78,True,False,False,none
LD001843,Eldoret,PMS,Coastline Energy Ltd,TRK-184,21800.0,4397857.7,4419647.4,2026-06-30 17:06:00,21789.700000000186,DS001821,21799.0,2026-06-30 17:58:00,Cancelled,,,,,0.0,,,,3607900.0,,0.0,0.0,0.0,0.0,0.0,0.0,0.0,0.0,False,False,False,none
LD001844,Eldoret,PMS,Highland Energy Co,TRK-380,35700.0,3961513.2,3997225.0,2026-06-30 06:15:00,35711.799999999814,DS001822,35582.0,2026-06-30 07:34:00,Dispatched,1.0,35582.0,5864075.87,5864075.87,0.0,164.8,2026-06-30 14:34:00,14.0,5908350.0,0.0,0.0,0.0,0.0,0.0,0.0,0.0,0.0,5864075.87,False,False,False,none
LD001845,Eldoret,PMS,Nyanza Petroleum Co,TRK-931,21900.0,4026156.7,4048059.3,2026-06-30 12:15:00,21902.599999999627,DS001823,22008.0,2026-06-30 12:58:00,Dispatched,1.0,22008.0,3604761.55,3604761.55,0.0,163.79,2026-06-30 18:58:00,14.0,3624450.0,0.0,0.0,0.0,0.0,0.0,0.0,0.0,0.0,3604761.55,False,False,False,none
LD001846,Eldoret,PMS,Crescent Oil Ltd,TRK-549,22800.0,3899147.9,3921943.0,2026-06-30 12:01:00,22795.100000000093,DS001824,22748.0,2026-06-30 13:21:00,Dispatched,1.0,22748.0,3837884.86,3837884.86,0.0,168.71,2026-06-30 18:21:00,7.0,3773400.0,0.0,0.0,0.0,0.0,0.0,0.0,0.0,0.0,3837884.86,False,False,False,none
LD001847,Eldoret,PMS,Summit Downstream Ltd,TRK-496,28100.0,3719886.8,3747990.0,2026-06-30 21:37:00,28103.200000000186,DS001825,28151.0,2026-06-30 23:14:00,Dispatched,1.0,28151.0,4663970.96,4663970.96,0.0,165.68,2026-06-30 23:14:00,3.0,4650550.0,0.0,0.0,0.0,0.0,0.0,0.0,0.0,0.0,4663970.96,False,False,False,none
LD001848,Nakuru,AGO,Aberdare Oil Traders,TRK-473,30700.0,2973920.0,3004616.1,2026-06-30 16:51:00,30696.100000000093,DS001826,30667.0,2026-06-30 18:23:00,Dispatched,1.0,30667.0,4764740.13,4764740.13,0.0,155.37,2026-07-02 21:23:00,7.0,4764640.0,2.0,0.0,0.0,0.0,0.0,0.0,0.0,0.0,4764740.13,False,False,False,none
LD001849,Nakuru,AGO,Baraka Downstream,TRK-947,34800.0,1063407.4,1098210.1,2026-06-30 07:44:00,34802.700000000186,DS001827,34961.0,2026-06-30 10:01:00,Dispatched,1.0,34961.0,5431102.06,5431102.06,0.0,155.35,2026-06-30 13:01:00,30.0,5400960.0,0.0,0.0,0.0,0.0,0.0,0.0,0.0,0.0,5431102.06,False,False,False,none
LD001850,Nakuru,AGO,Amani Petroleum,TRK-648,21000.0,2800256.7,2821258.3,2026-06-30 09:06:00,21001.599999999627,DS001828,20985.0,2026-06-30 11:51:00,Dispatched,1.0,20985.0,3208671.2,3208671.2,0.0,152.9,2026-06-30 17:51:00,21.0,3259199.9999999995,0.0,0.0,0.0,0.0,0.0,0.0,0.0,0.0,3208671.2,False,False,False,none
LD001851,Nakuru,AGO,Zenith Petroleum,TRK-760,23300.0,3266072.7,3289366.0,2026-06-30 12:46:00,23293.299999999814,DS001829,23183.0,2026-06-30 13:36:00,Dispatched,1.0,23183.0,3658082.56,3658082.56,0.0,157.79,2026-07-01 13:36:00,21.0,3616159.9999999995,1.0,0.0,0.0,0.0,0.0,0.0,0.0,0.0,3658082.56,False,False,False,none
LD001852,Nakuru,AGO,Crescent Oil Ltd,TRK-705,27400.0,2117357.9,2144763.0,2026-06-30 06:29:00,27405.100000000093,DS001830,27467.0,2026-06-30 08:37:00,Dispatched,1.0,27467.0,4190343.52,4190343.52,0.0,152.56,2026-07-02 16:37:00,21.0,4252480.0,2.0,0.0,0.0,0.0,0.0,0.0,0.0,0.0,4190343.52,False,False,False,none
LD001853,Nakuru,IK,Highland Energy Co,TRK-765,25900.0,1638159.8,1664060.7,2026-06-30 10:01:00,25900.899999999907,DS001831,26020.0,2026-06-30 11:10:00,Dispatched,1.0,26020.0,3570316.09,3570316.09,0.0,137.21,2026-06-30 18:10:00,1.0,3626000.0,0.0,0.0,0.0,0.0,0.0,0.0,0.0,0.0,3570316.09,False,False,False,none
LD001854,Nakuru,AGO,Zenith Petroleum,TRK-836,25300.0,3892228.5,3917533.4,2026-06-30 09:04:00,25304.899999999907,DS001832,25268.0,2026-06-30 11:25:00,Dispatched,1.0,25268.0,3873468.51,3873468.51,0.0,153.3,2026-07-01 12:25:00,1.0,3926559.9999999995,1.0,0.0,0.0,0.0,0.0,0.0,0.0,0.0,3873468.51,False,False,False,none
LD001855,Nakuru,IK,Crescent Oil Ltd,TRK-821,28100.0,2996434.6,3024533.3,2026-06-30 05:45:00,28098.69999999972,DS001833,28157.0,2026-06-30 06:31:00,Dispatched,1.0,28157.0,3879591.87,3879591.87,0.0,137.78,2026-07-03 13:31:00,30.0,3934000.0,3.0,0.0,0.0,0.0,0.0,0.0,0.0,0.0,3879591.87,False,False,False,none
LD001856,Kisii,PMS,Highland Energy Co,TRK-411,20300.0,2440398.5,2460694.1,2026-06-30 19:19:00,20295.600000000093,DS001834,20308.0,2026-06-30 20:51:00,Dispatched,1.0,20308.0,3354406.12,3354406.12,0.0,165.18,2026-06-30 23:51:00,30.0,3359650.0,0.0,0.0,0.0,0.0,0.0,0.0,0.0,0.0,3354406.12,False,False,False,none
LD001857,Kisii,AGO,Baraka Downstream,TRK-797,21400.0,2027320.2,2048720.5,2026-06-30 21:26:00,21400.300000000047,DS001835,21375.0,2026-06-30 22:54:00,Dispatched,1.0,21375.0,3348979.84,3348979.84,0.0,156.68,2026-06-30 23:54:00,14.0,3321279.9999999995,0.0,0.0,0.0,0.0,0.0,0.0,0.0,0.0,3348979.84,False,False,False,none
LD001858,Kisii,AGO,Zenith Petroleum,TRK-893,24200.0,4069116.7,4093321.6,2026-06-30 06:45:00,24204.899999999907,DS001836,24261.0,2026-06-30 09:31:00,Dispatched,1.0,24261.0,3696317.44,3696317.44,0.0,152.36,2026-07-03 14:31:00,14.0,3755839.9999999995,3.0,0.0,0.0,0.0,0.0,0.0,0.0,0.0,3696317.44,False,False,False,none
LD001859,Kisii,AGO,Equator Fuels,TRK-715,34800.0,2934763.3,2969568.5,2026-06-30 10:46:00,34805.200000000186,DS001837,34716.0,2026-06-30 11:42:00,Dispatched,1.0,34716.0,5494995.24,5494995.24,0.0,158.28,2026-06-30 17:42:00,7.0,5400960.0,0.0,0.0,0.0,0.0,0.0,0.0,0.0,0.0,5494995.24,False,False,False,none
LD001860,Kisii,PMS,Horizon Oil Marketers,TRK-196,30900.0,4555009.9,4585906.6,2026-06-30 20:46:00,30896.699999999255,DS001838,30903.0,2026-06-30 22:22:00,Dispatched,1.0,30903.0,5207158.66,5207158.66,0.0,168.5,2026-07-02 22:22:00,3.0,5113950.0,2.0,0.0,0.0,0.0,0.0,0.0,0.0,0.0,5207158.66,False,False,False,none
LD001861,Kisii,AGO,Delta Oil Marketers,TRK-451,31100.0,1974113.4,2005214.2,2026-06-30 17:44:00,31100.800000000047,DS001839,31124.0,2026-06-30 18:56:00,Dispatched,1.0,31124.0,4776608.25,4776608.25,0.0,153.47,2026-07-01 02:56:00,14.0,4826720.0,0.0,0.0,0.0,0.0,0.0,0.0,0.0,0.0,4776608.25,False,False,False,none
LD001862,Mombasa,PMS,Uhuru Energy Partners,TRK-611,22400.0,4193814.0,4216205.3,2026-07-01 10:45:00,22391.299999999814,DS001840,22415.0,2026-07-01 12:21:00,Dispatched,1.0,22415.0,3680356.57,3680356.57,0.0,164.19,2026-07-01 20:21:00,45.0,3707200.0,0.0,0.0,0.0,0.0,0.0,0.0,0.0,0.0,3680356.57,False,True,False,none
LD001863,Mombasa,PMS,Zenith Petroleum,TRK-748,31300.0,1761527.1,1792823.0,2026-07-01 11:14:00,31295.899999999907,DS001841,31227.0,2026-07-01 13:33:00,Dispatched,1.0,31227.0,5098805.36,5098805.36,0.0,163.28,2026-07-03 13:33:00,7.0,5180150.0,2.0,0.0,0.0,0.0,0.0,0.0,0.0,0.0,5098805.36,False,False,False,none
LD001864,Mombasa,AGO,Aberdare Oil Traders,TRK-720,30100.0,1485487.7,1515586.3,2026-07-01 08:33:00,30098.600000000093,DS001842,30286.0,2026-07-01 09:32:00,Dispatched,1.0,30286.0,4656995.09,4656995.09,0.0,153.77,2026-07-02 09:32:00,3.0,4671520.0,1.0,0.0,0.0,0.0,0.0,0.0,0.0,0.0,4656995.09,False,False,False,none
LD001865,Mombasa,AGO,Rift Valley Fuels Ltd,TRK-641,35800.0,4122728.3,4158535.0,2026-07-01 08:10:00,35806.700000000186,DS001843,35936.0,2026-07-01 10:29:00,Dispatched,1.0,35936.0,5467192.56,5467192.56,0.0,152.14,2026-07-03 10:29:00,3.0,5556160.0,2.0,0.0,0.0,0.0,0.0,0.0,0.0,0.0,5467192.56,False,False,False,none
LD001866,Mombasa,PMS,Pioneer Fuels Kenya,TRK-979,34600.0,3216397.1,3250987.8,2026-07-01 14:01:00,34590.69999999972,DS001844,34703.0,2026-07-01 16:38:00,Dispatched,1.0,34703.0,5767523.87,5767523.87,0.0,166.2,2026-07-01 17:38:00,1.0,5726300.0,0.0,0.0,0.0,0.0,0.0,0.0,0.0,0.0,5767523.87,False,False,False,none
LD001867,Mombasa,PMS,Highland Energy Co,TRK-453,22800.0,2514813.4,2537615.5,2026-07-01 20:11:00,22802.100000000093,DS001845,22898.0,2026-07-01 20:55:00,Dispatched,1.0,22898.0,3784512.45,3784512.45,0.0,165.28,2026-07-01 20:55:00,7.0,3773400.0,0.0,0.0,0.0,0.0,0.0,0.0,0.0,0.0,3784512.45,False,False,False,none
LD001868,Mombasa,AGO,Kilele Fuels,TRK-890,30400.0,4467285.9,4497690.9,2026-07-01 10:57:00,30405.0,DS001846,30406.0,2026-07-01 13:42:00,Dispatched,2.0,60812.0,9571107.2,4785553.6,4785553.6,157.39,2026-07-01 15:42:00,60.0,4718080.0,0.0,0.0,0.0,0.0,0.0,0.0,0.0,4785553.6,4785553.6,False,True,True,collections_gap
LD001869,Mombasa,AGO,Crescent Oil Ltd,TRK-650,34300.0,4679170.3,4713470.8,2026-07-01 19:01:00,34300.5,DS001847,34262.0,2026-07-01 21:58:00,Dispatched,1.0,34262.0,5347176.82,5347176.82,0.0,156.07,2026-07-02 23:58:00,30.0,5323360.0,1.0,0.0,0.0,0.0,0.0,0.0,0.0,0.0,5347176.82,False,False,False,none
LD001870,Mombasa,IK,Tsavo Energy Group,TRK-271,31800.0,4027707.4,4059502.9,2026-07-01 08:22:00,31795.5,DS001848,31696.0,2026-07-01 09:52:00,Dispatched,1.0,31696.0,4523057.81,4523057.81,0.0,142.7,2026-07-08 15:52:00,30.0,4452000.0,7.0,0.0,0.0,0.0,0.0,0.0,0.0,0.0,4523057.81,True,False,False,none
LD001871,Mombasa,PMS,Mara Fuels,TRK-774,29700.0,1667149.3,1696852.6,2026-07-01 09:39:00,29703.300000000047,DS001849,29637.0,2026-07-01 11:50:00,Dispatched,1.0,29637.0,4909240.12,4909240.12,0.0,165.65,2026-07-02 11:50:00,14.0,4915350.0,1.0,0.0,0.0,0.0,0.0,0.0,0.0,0.0,4909240.12,False,False,False,none
LD001872,Mombasa,IK,Mara Fuels,TRK-244,21400.0,2855239.3,2876643.7,2026-07-01 22:04:00,21404.400000000373,DS001850,21335.0,2026-07-02 00:44:00,Dispatched,1.0,21335.0,2972854.84,2972854.84,0.0,139.34,2026-07-03 06:44:00,7.0,2996000.0,1.0,0.0,0.0,0.0,0.0,0.0,0.0,0.0,2972854.84,False,False,False,none
LD001873,Mombasa,PMS,Zenith Petroleum,TRK-591,22800.0,2349908.2,2372707.9,2026-07-01 17:02:00,22799.69999999972,DS001851,22764.0,2026-07-01 18:53:00,Dispatched,1.0,22764.0,3798338.23,3798338.23,0.0,166.86,2026-07-11 18:53:00,60.0,3773400.0,10.0,0.0,0.0,0.0,0.0,0.0,0.0,0.0,3798338.23,True,True,False,none
LD001874,Mombasa,AGO,Amani Petroleum,TRK-819,28800.0,3478330.4,3507129.2,2026-07-01 15:58:00,28798.80000000028,DS001852,28824.0,2026-07-01 17:26:00,Dispatched,1.0,28824.0,4394351.77,4394351.77,0.0,152.45,2026-07-01 18:26:00,7.0,4469760.0,0.0,0.0,0.0,0.0,0.0,0.0,0.0,0.0,4394351.77,False,False,False,none
LD001875,Mombasa,PMS,Equator Fuels,TRK-741,30600.0,4345165.3,4375763.5,2026-07-01 09:28:00,30598.200000000186,DS001853,30684.0,2026-07-01 11:29:00,Dispatched,1.0,28150.0,4609052.55,4609052.55,0.0,163.73,2026-07-01 11:29:00,45.0,5064300.0,0.0,0.0,0.0,0.0,0.0,2534.0,414891.81999999995,414891.81999999995,4609052.55,False,True,True,underbilling
LD001876,Mombasa,PMS,Rift Valley Fuels Ltd,TRK-429,33600.0,1626451.3,1660049.9,2026-07-01 07:31:00,33598.59999999986,DS001854,33689.0,2026-07-01 08:18:00,Dispatched,1.0,33689.0,5511934.12,5511934.12,0.0,163.61,2026-07-01 14:18:00,21.0,5560800.0,0.0,0.0,0.0,0.0,0.0,0.0,0.0,0.0,5511934.12,False,False,False,none
LD001877,Nairobi,PMS,Savannah Petroleum,TRK-142,27400.0,4612111.5,4639515.1,2026-07-01 14:49:00,27403.599999999627,DS001855,27304.0,2026-07-01 17:14:00,Dispatched,1.0,27304.0,4466620.58,4466620.58,0.0,163.59,2026-07-03 00:14:00,3.0,4534700.0,1.0,0.0,0.0,0.0,0.0,0.0,0.0,0.0,4466620.58,False,False,False,none
LD001878,Nairobi,PMS,Mara Fuels,TRK-647,35100.0,3683459.5,3718558.1,2026-07-01 22:11:00,35098.60000000009,DS001856,35173.0,2026-07-01 23:36:00,Dispatched,1.0,35173.0,5814434.17,5814434.17,0.0,165.31,2026-07-02 03:36:00,7.0,5809050.0,0.0,0.0,0.0,0.0,0.0,0.0,0.0,0.0,5814434.17,False,False,False,none
LD001879,Nairobi,IK,Zenith Petroleum,TRK-153,30600.0,2811017.4,2841620.3,2026-07-01 17:12:00,30602.899999999907,DS001857,30705.0,2026-07-01 19:57:00,Dispatched,1.0,30705.0,4293250.19,4293250.19,0.0,139.82,2026-07-05 02:57:00,7.0,4284000.0,3.0,0.0,0.0,0.0,0.0,0.0,0.0,0.0,4293250.19,False,False,False,none
LD001880,Nairobi,AGO,Equator Fuels,TRK-290,29700.0,4397879.6,4427586.1,2026-07-01 06:58:00,29706.5,DS001858,29677.0,2026-07-01 09:26:00,Dispatched,1.0,29677.0,4620258.2,4620258.2,0.0,155.68,2026-07-01 09:26:00,1.0,4609440.0,0.0,0.0,0.0,0.0,0.0,0.0,0.0,0.0,4620258.2,False,False,False,none
LD001881,Nairobi,PMS,Equator Fuels,TRK-727,28700.0,4215439.5,4244135.9,2026-07-01 11:31:00,28696.400000000373,DS001859,28803.0,2026-07-01 14:23:00,Dispatched,1.0,28803.0,4738950.39,4738950.39,0.0,164.53,2026-07-01 20:23:00,7.0,4749850.0,0.0,0.0,0.0,0.0,0.0,0.0,0.0,0.0,4738950.39,False,False,False,none
LD001882,Nairobi,IK,Horizon Oil Marketers,TRK-104,26100.0,2777763.8,2803863.9,2026-07-01 11:57:00,26100.100000000093,DS001860,26169.0,2026-07-01 12:30:00,Dispatched,1.0,26169.0,3674183.5,2898692.28,775491.2200000002,140.4,2026-07-01 20:30:00,21.0,3654000.0,0.0,0.0,0.0,0.0,0.0,0.0,0.0,775491.2200000002,2898692.28,False,False,True,collections_gap
LD001883,Nairobi,IK,Nyanza Petroleum Co,TRK-957,22300.0,1409985.3,1432281.0,2026-07-01 17:52:00,22295.699999999953,DS001861,22215.0,2026-07-01 20:32:00,Dispatched,1.0,22215.0,3131708.81,3131708.81,0.0,140.97,2026-07-03 01:32:00,3.0,3122000.0,1.0,0.0,0.0,0.0,0.0,0.0,0.0,0.0,3131708.81,False,False,False,none
LD001884,Nairobi,PMS,Aberdare Oil Traders,TRK-532,24800.0,3978387.9,4003188.3,2026-07-01 12:39:00,24800.399999999907,DS001862,24963.0,2026-07-01 15:32:00,Dispatched,1.0,24963.0,4177589.78,4177589.78,0.0,167.35,2026-07-01 16:32:00,7.0,4104400.0,0.0,0.0,0.0,0.0,0.0,0.0,0.0,0.0,4177589.78,False,False,False,none
LD001885,Nairobi,IK,Rift Valley Fuels Ltd,TRK-523,35400.0,3871482.3,3906887.4,2026-07-01 13:26:00,35405.10000000009,DS001863,35324.0,2026-07-01 14:06:00,Dispatched,1.0,35324.0,4876186.59,4876186.59,0.0,138.04,2026-07-01 16:06:00,14.0,4956000.0,0.0,0.0,0.0,0.0,0.0,0.0,0.0,0.0,4876186.59,False,False,False,none
LD001886,Nairobi,AGO,Delta Oil Marketers,TRK-110,31200.0,2486907.9,2518101.8,2026-07-01 11:52:00,31193.899999999907,DS001864,31290.0,2026-07-01 14:14:00,Dispatched,1.0,31290.0,4875194.63,4875194.63,0.0,155.81,2026-07-01 16:14:00,7.0,4842240.0,0.0,0.0,0.0,0.0,0.0,0.0,0.0,0.0,4875194.63,False,False,False,none
LD001887,Nairobi,AGO,Nyanza Petroleum Co,TRK-217,20300.0,3812799.1,3833099.3,2026-07-01 19:08:00,20300.19999999972,DS001865,20356.0,2026-07-01 20:52:00,Dispatched,1.0,20356.0,3177964.98,3177964.98,0.0,156.12,2026-07-02 04:52:00,7.0,3150560.0,0.0,0.0,0.0,0.0,0.0,0.0,0.0,0.0,3177964.98,False,False,False,none
LD001888,Nairobi,IK,Tsavo Energy Group,TRK-271,22600.0,3262414.1,3285013.2,2026-07-01 20:04:00,22599.100000000093,DS001866,22517.0,2026-07-01 20:35:00,Dispatched,1.0,22517.0,3126296.01,3126296.01,0.0,138.84,2026-07-04 22:35:00,14.0,3164000.0,3.0,0.0,0.0,0.0,0.0,0.0,0.0,0.0,3126296.01,False,False,False,none
LD001889,Nairobi,PMS,Pioneer Fuels Kenya,TRK-879,28100.0,1054054.6,1082160.8,2026-07-01 14:18:00,28106.199999999953,DS001867,28115.0,2026-07-01 15:23:00,Dispatched,1.0,28115.0,4602465.28,4602465.28,0.0,163.7,2026-07-02 19:23:00,7.0,4650550.0,1.0,0.0,0.0,0.0,0.0,0.0,0.0,0.0,4602465.28,False,False,False,none
LD001890,Nairobi,AGO,Highland Energy Co,TRK-305,33600.0,4554568.5,4588160.1,2026-07-01 11:05:00,33591.59999999963,DS001868,33692.0,2026-07-01 12:16:00,Dispatched,1.0,33692.0,5129013.8,5129013.8,0.0,152.23,2026-07-01 16:16:00,3.0,5214720.0,0.0,0.0,0.0,0.0,0.0,0.0,0.0,0.0,5129013.8,False,False,False,none
LD001891,Kisumu,AGO,Nyanza Petroleum Co,TRK-497,31700.0,2265818.3,2297512.9,2026-07-01 08:07:00,31694.600000000093,DS001869,31583.0,2026-07-01 10:00:00,Dispatched,1.0,31583.0,4885190.42,4885190.42,0.0,154.68,2026-07-08 12:00:00,7.0,4919840.0,7.0,0.0,0.0,0.0,0.0,0.0,0.0,0.0,4885190.42,True,False,False,none
LD001892,Kisumu,AGO,Uhuru Energy Partners,TRK-548,29000.0,2258256.6,2287253.8,2026-07-01 07:15:00,28997.19999999972,DS001870,29009.0,2026-07-01 08:08:00,Dispatched,1.0,29009.0,4437841.22,4437841.22,0.0,152.98,2026-07-03 14:08:00,7.0,4500800.0,2.0,0.0,0.0,0.0,0.0,0.0,0.0,0.0,4437841.22,False,False,False,none
LD001893,Kisumu,PMS,Amani Petroleum,TRK-293,21300.0,3740024.3,3761319.7,2026-07-01 06:42:00,21295.400000000373,DS001871,21363.0,2026-07-01 07:20:00,Dispatched,1.0,21363.0,3586509.63,0.0,3586509.63,167.88,2026-07-03 07:20:00,,3525150.0,2.0,0.0,0.0,0.0,0.0,0.0,0.0,3586509.63,0.0,False,False,True,collections_gap
LD001894,Kisumu,PMS,Mara Fuels,TRK-356,21200.0,2705190.9,2726397.8,2026-07-01 05:09:00,21206.899999999907,DS001872,21267.0,2026-07-01 06:11:00,Dispatched,1.0,21267.0,3576455.21,3576455.21,0.0,168.17,2026-07-03 13:11:00,3.0,3508600.0,2.0,0.0,0.0,0.0,0.0,0.0,0.0,0.0,3576455.21,False,False,False,none
LD001895,Kisumu,AGO,Summit Downstream Ltd,TRK-398,27100.0,3674683.5,3701789.2,2026-07-01 06:25:00,27105.700000000186,DS001873,24977.0,2026-07-01 08:42:00,Dispatched,1.0,24977.0,3872783.74,3872783.74,0.0,155.05,2026-07-01 15:42:00,3.0,4205920.0,0.0,0.0,2123.0,329489.6,0.0,0.0,0.0,329489.6,3872783.74,False,False,True,shrinkage
LD001896,Kisumu,PMS,Kilele Fuels,TRK-551,33900.0,1949944.2,1983838.4,2026-07-01 11:21:00,33894.19999999995,DS001874,34005.0,2026-07-01 12:00:00,Dispatched,1.0,34005.0,5649481.8,5649481.8,0.0,166.14,2026-07-02 18:00:00,7.0,5610450.0,1.0,0.0,0.0,0.0,0.0,0.0,0.0,0.0,5649481.8,False,False,False,none
LD001897,Kisumu,AGO,Tsavo Energy Group,TRK-425,35700.0,2545472.5,2581169.8,2026-07-01 14:35:00,35697.299999999814,,,,,,,,,0.0,,,,5540640.0,,5540640.0,0.0,0.0,0.0,0.0,0.0,5540640.0,0.0,False,False,True,dispatch_capture_gap
LD001898,Kisumu,AGO,Highland Energy Co,TRK-837,21500.0,1502823.6,1524315.6,2026-07-01 18:33:00,21492.0,DS001875,21448.0,2026-07-01 20:12:00,Dispatched,1.0,21448.0,3290874.14,3290874.14,0.0,153.44,2026-07-05 02:12:00,30.0,3336799.9999999995,3.0,0.0,0.0,0.0,0.0,0.0,0.0,0.0,3290874.14,False,False,False,none
LD001899,Kisumu,PMS,Horizon Oil Marketers,TRK-106,26600.0,4049778.1,4076379.5,2026-07-01 09:57:00,26601.399999999907,DS001876,26740.0,2026-07-01 12:23:00,Dispatched,1.0,26740.0,4381813.37,4381813.37,0.0,163.87,2026-07-01 15:23:00,21.0,4402300.0,0.0,0.0,0.0,0.0,0.0,0.0,0.0,0.0,4381813.37,False,False,False,none
LD001900,Eldoret,AGO,Pioneer Fuels Kenya,TRK-329,30300.0,3603887.0,3634190.5,2026-07-01 17:49:00,30303.5,DS001877,30121.0,2026-07-01 20:45:00,Dispatched,1.0,30121.0,4757247.37,4757247.37,0.0,157.94,2026-07-05 00:45:00,14.0,4702560.0,3.0,0.0,0.0,0.0,0.0,0.0,0.0,0.0,4757247.37,False,False,False,none
LD001901,Eldoret,AGO,Delta Oil Marketers,TRK-760,33200.0,2670834.3,2704033.4,2026-07-01 07:01:00,33199.10000000009,DS001878,33146.0,2026-07-01 07:59:00,Dispatched,1.0,33146.0,5144541.5,5144541.5,0.0,155.21,2026-07-02 08:59:00,7.0,5152640.0,1.0,0.0,0.0,0.0,0.0,0.0,0.0,0.0,5144541.5,False,False,False,none
LD001902,Eldoret,AGO,Nyanza Petroleum Co,TRK-727,35700.0,3385034.3,3420732.7,2026-07-01 17:28:00,35698.40000000037,DS001879,35767.0,2026-07-01 19:47:00,Dispatched,1.0,35767.0,5576863.53,1678672.01,3898191.5200000005,155.92,2026-07-02 23:47:00,3.0,5540640.0,1.0,0.0,0.0,0.0,0.0,0.0,0.0,3898191.5200000005,1678672.01,False,False,True,collections_gap
LD001903,Eldoret,IK,Baraka Downstream,TRK-468,31400.0,1029431.3,1060828.5,2026-07-01 19:30:00,31397.199999999953,DS001880,29920.0,2026-07-01 21:18:00,Dispatched,1.0,29920.0,4220033.52,4220033.52,0.0,141.04,2026-07-01 23:18:00,30.0,4396000.0,0.0,0.0,1480.0,207200.0,0.0,0.0,0.0,207200.0,4220033.52,False,False,True,shrinkage
LD001904,Eldoret,PMS,Aberdare Oil Traders,TRK-476,29100.0,4683083.4,4712183.5,2026-07-01 10:24:00,29100.099999999627,DS001881,29133.0,2026-07-01 12:05:00,Dispatched,1.0,29133.0,4824863.79,4824863.79,0.0,165.62,2026-07-02 13:05:00,7.0,4816050.0,1.0,0.0,0.0,0.0,0.0,0.0,0.0,0.0,4824863.79,False,False,False,none
LD001905,Eldoret,PMS,Savannah Petroleum,TRK-827,35500.0,3162210.7,3197714.0,2026-07-01 14:09:00,35503.299999999814,DS001882,35656.0,2026-07-01 16:30:00,Dispatched,1.0,35656.0,5963514.67,5963514.67,0.0,167.25,2026-07-01 22:30:00,14.0,5875250.0,0.0,0.0,0.0,0.0,0.0,0.0,0.0,0.0,5963514.67,False,False,False,none
LD001906,Eldoret,IK,Zenith Petroleum,TRK-515,30800.0,1259597.1,1290396.8,2026-07-01 09:53:00,30799.699999999953,DS001883,30786.0,2026-07-01 12:42:00,Dispatched,1.0,30786.0,4330628.47,4330628.47,0.0,140.67,2026-07-03 13:42:00,3.0,4312000.0,2.0,0.0,0.0,0.0,0.0,0.0,0.0,0.0,4330628.47,False,False,False,none
LD001907,Eldoret,AGO,Summit Downstream Ltd,TRK-445,27500.0,1960980.1,1988467.7,2026-07-01 19:28:00,27487.59999999986,DS001884,27429.0,2026-07-01 20:23:00,Dispatched,1.0,27429.0,4260847.16,4260847.16,0.0,155.34,2026-07-04 03:23:00,45.0,4268000.0,2.0,0.0,0.0,0.0,0.0,0.0,0.0,0.0,4260847.16,False,True,False,none
LD001908,Nakuru,PMS,Nyanza Petroleum Co,TRK-295,28100.0,4320811.5,4348903.1,2026-07-01 21:13:00,28091.599999999627,DS001885,28170.0,2026-07-01 22:19:00,Dispatched,1.0,28170.0,4642474.16,4642474.16,0.0,164.8,2026-07-03 00:19:00,45.0,4650550.0,1.0,0.0,0.0,0.0,0.0,0.0,0.0,0.0,4642474.16,False,True,False,none
LD001909,Nakuru,IK,Kilele Fuels,TRK-882,30600.0,2353471.5,2384075.2,2026-07-01 16:57:00,30603.700000000186,DS001886,30616.0,2026-07-01 19:57:00,Dispatched,1.0,30616.0,4280800.06,4280800.06,0.0,139.82,2026-07-03 23:57:00,1.0,4284000.0,2.0,0.0,0.0,0.0,0.0,0.0,0.0,0.0,4280800.06,False,False,False,none
LD001910,Nakuru,AGO,Baraka Downstream,TRK-655,35500.0,4559345.6,4594848.3,2026-07-01 11:25:00,35502.700000000186,,,,,,,,,0.0,,,,5509600.0,,5509600.0,0.0,0.0,0.0,0.0,0.0,5509600.0,0.0,False,False,True,dispatch_capture_gap
LD001911,Nakuru,PMS,Equator Fuels,TRK-664,29600.0,3120209.4,3149820.3,2026-07-01 18:03:00,29610.899999999907,DS001887,29646.0,2026-07-01 20:17:00,Dispatched,1.0,29646.0,4930244.31,4930244.31,0.0,166.3,2026-07-03 04:17:00,21.0,4898800.0,1.0,0.0,0.0,0.0,0.0,0.0,0.0,0.0,4930244.31,False,False,False,none
LD001912,Nakuru,IK,Kilele Fuels,TRK-311,28900.0,3970544.0,3999440.6,2026-07-01 18:11:00,28896.600000000093,DS001888,28854.0,2026-07-01 19:30:00,Dispatched,1.0,28854.0,4085645.87,4085645.87,0.0,141.6,2026-07-03 20:30:00,1.0,4046000.0,2.0,0.0,0.0,0.0,0.0,0.0,0.0,0.0,4085645.87,False,False,False,none
LD001913,Nakuru,PMS,Summit Downstream Ltd,TRK-920,24500.0,3259810.4,3284309.5,2026-07-01 09:41:00,24499.100000000093,DS001889,24473.0,2026-07-01 11:13:00,Dispatched,1.0,24473.0,4101001.71,4101001.71,0.0,167.57,2026-07-02 11:13:00,14.0,4054750.0,1.0,0.0,0.0,0.0,0.0,0.0,0.0,0.0,4101001.71,False,False,False,none
LD001914,Nakuru,PMS,Baraka Downstream,TRK-598,32000.0,3773603.4,3805599.3,2026-07-01 19:15:00,31995.899999999907,DS001890,31949.0,2026-07-01 22:05:00,Dispatched,1.0,31949.0,5384138.75,5384138.75,0.0,168.52,2026-07-03 01:05:00,3.0,5296000.0,1.0,0.0,0.0,0.0,0.0,0.0,0.0,0.0,5384138.75,False,False,False,none
LD001915,Nakuru,AGO,UNKNOWN CUSTOMER,TRK-982,35900.0,2111564.5,2147454.1,2026-07-01 07:05:00,35889.60000000009,DS001891,35954.0,2026-07-01 08:35:00,Dispatched,1.0,35954.0,5506658.82,5506658.82,0.0,153.16,2026-07-03 16:35:00,1.0,5571680.0,2.0,0.0,0.0,0.0,0.0,0.0,0.0,0.0,5506658.82,False,False,False,none
LD001916,Nakuru,AGO,Zenith Petroleum,TRK-254,27000.0,4427800.5,4454800.4,2026-07-01 15:59:00,26999.900000000373,DS001892,26973.0,2026-07-01 17:47:00,Dispatched,1.0,26973.0,4194847.87,4194847.87,0.0,155.52,2026-07-03 23:47:00,1.0,4190399.9999999995,2.0,0.0,0.0,0.0,0.0,0.0,0.0,0.0,4194847.87,False,False,False,none
LD001917,Nakuru,AGO,Mara Fuels,TRK-948,30900.0,4529764.8,4560666.5,2026-07-01 16:39:00,30901.700000000186,DS001893,30955.0,2026-07-01 17:59:00,Dispatched,1.0,30955.0,4846266.16,4846266.16,0.0,156.56,2026-07-12 00:59:00,45.0,4795680.0,10.0,0.0,0.0,0.0,0.0,0.0,0.0,0.0,4846266.16,True,True,False,none
LD001918,Nakuru,PMS,Coastline Energy Ltd,TRK-675,21000.0,4554397.1,4575395.7,2026-07-01 10:18:00,20998.60000000056,DS001894,20961.0,2026-07-01 12:12:00,Dispatched,1.0,20961.0,3454470.02,3454470.02,0.0,164.8,2026-07-01 15:12:00,30.0,3475500.0,0.0,0.0,0.0,0.0,0.0,0.0,0.0,0.0,3454470.02,False,False,False,none
LD001919,Nakuru,PMS,Crescent Oil Ltd,TRK-675,25300.0,2258350.5,2283654.0,2026-07-01 08:34:00,25303.5,DS001895,25338.0,2026-07-01 10:55:00,Dispatched,1.0,25338.0,4250304.31,4250304.31,0.0,167.74,2026-07-02 18:55:00,1.0,4187150.0,1.0,0.0,0.0,0.0,0.0,0.0,0.0,0.0,4250304.31,False,False,False,none
LD001920,Nakuru,AGO,Nyanza Petroleum Co,TRK-779,20800.0,2408923.9,2429724.0,2026-07-01 13:44:00,20800.100000000093,DS001896,20844.0,2026-07-01 15:10:00,Dispatched,1.0,20844.0,3218084.05,3218084.05,0.0,154.39,2026-07-03 20:10:00,14.0,3228159.9999999995,2.0,0.0,0.0,0.0,0.0,0.0,0.0,0.0,3218084.05,False,False,False,none
LD001921,Kisii,PMS,Summit Downstream Ltd,TRK-588,26300.0,1796627.6,1822918.1,2026-07-01 06:08:00,26290.5,DS001897,26326.0,2026-07-01 06:43:00,Dispatched,1.0,26326.0,4370356.89,4370356.89,0.0,166.01,2026-07-02 06:43:00,3.0,4352650.0,1.0,0.0,0.0,0.0,0.0,0.0,0.0,0.0,4370356.89,False,False,False,none
LD001922,Kisii,AGO,Kilele Fuels,TRK-286,34600.0,4047737.5,4082331.3,2026-07-01 16:59:00,34593.799999999814,DS001898,34695.0,2026-07-01 19:29:00,Dispatched,1.0,34695.0,5327556.13,5327556.13,0.0,153.55,2026-07-01 23:29:00,3.0,5369920.0,0.0,0.0,0.0,0.0,0.0,0.0,0.0,0.0,5327556.13,False,False,False,none
LD001923,Kisii,IK,Mara Fuels,TRK-478,28100.0,4953482.3,4981578.8,2026-07-01 16:56:00,28096.5,DS001899,28059.0,2026-07-01 18:45:00,Dispatched,1.0,28059.0,3880411.19,3880411.19,0.0,138.29,2026-07-01 21:45:00,30.0,3934000.0,0.0,0.0,0.0,0.0,0.0,0.0,0.0,0.0,3880411.19,False,False,False,none
LD001924,Kisii,PMS,Summit Downstream Ltd,TRK-213,24200.0,2744281.9,2768481.6,2026-07-01 14:43:00,24199.700000000186,DS001900,24250.0,2026-07-01 16:37:00,Dispatched,1.0,24250.0,3942450.28,3942450.28,0.0,162.58,2026-07-01 18:37:00,1.0,4005100.0,0.0,0.0,0.0,0.0,0.0,0.0,0.0,0.0,3942450.28,False,False,False,none
LD001925,Kisii,IK,Lakeview Energy,TRK-918,22500.0,4790260.5,4812756.6,2026-07-01 15:18:00,22496.099999999627,DS001901,22516.0,2026-07-01 16:34:00,Dispatched,1.0,22516.0,3125627.96,3125627.96,0.0,138.82,2026-07-04 20:34:00,14.0,3150000.0,3.0,0.0,0.0,0.0,0.0,0.0,0.0,0.0,3125627.96,False,False,False,none
LD001926,Kisii,AGO,Zenith Petroleum,TRK-296,29500.0,3885796.6,3915301.0,2026-07-01 18:10:00,29504.399999999907,DS001902,29428.0,2026-07-01 20:33:00,Dispatched,1.0,29428.0,4513556.71,4513556.71,0.0,153.38,2026-07-02 03:33:00,7.0,4578400.0,0.0,0.0,0.0,0.0,0.0,0.0,0.0,0.0,4513556.71,False,False,False,none
LD001927,Kisii,IK,Mara Fuels,TRK-153,35100.0,4526541.4,4561649.1,2026-07-01 05:31:00,35107.699999999255,DS001903,34899.0,2026-07-01 06:49:00,Dispatched,1.0,34899.0,4888643.37,4888643.37,0.0,140.08,2026-07-02 10:49:00,3.0,4914000.0,1.0,0.0,0.0,0.0,0.0,0.0,0.0,0.0,4888643.37,False,False,False,none
LD001928,Kisii,AGO,Uhuru Energy Partners,TRK-379,29000.0,3210815.6,3239816.0,2026-07-01 13:28:00,29000.399999999907,DS001904,28853.0,2026-07-01 15:16:00,Dispatched,1.0,28853.0,4497432.66,4497432.66,0.0,155.87,2026-07-01 17:16:00,7.0,4500800.0,0.0,0.0,0.0,0.0,0.0,0.0,0.0,0.0,4497432.66,False,False,False,none
LD001929,Kisii,AGO,Savannah Petroleum,TRK-739,21800.0,1504550.6,1526341.9,2026-07-01 15:35:00,21791.299999999814,DS001905,21656.0,2026-07-01 17:09:00,Dispatched,1.0,21656.0,3344050.2,2732988.92,611061.2800000003,154.42,2026-07-03 23:09:00,21.0,3383359.9999999995,2.0,0.0,0.0,0.0,0.0,0.0,0.0,611061.2800000003,2732988.92,False,False,True,collections_gap
LD001930,Kisii,PMS,Delta Oil Marketers,TRK-136,20300.0,3891356.8,3911657.9,2026-07-01 11:57:00,20301.100000000093,DS001906,19056.0,2026-07-01 14:06:00,Dispatched,1.0,19056.0,3154058.39,3154058.39,0.0,165.52,2026-07-02 15:06:00,1.0,3359650.0,1.0,0.0,1244.0,205882.0,0.0,0.0,0.0,205882.0,3154058.39,False,False,True,shrinkage
LD001931,Kisii,AGO,Amani Petroleum,TRK-902,20500.0,3381107.4,3401609.9,2026-07-01 15:23:00,20502.5,DS001907,20526.0,2026-07-01 18:19:00,Dispatched,1.0,20526.0,3214944.44,3214944.44,0.0,156.63,2026-07-01 20:19:00,30.0,3181599.9999999995,0.0,0.0,0.0,0.0,0.0,0.0,0.0,0.0,3214944.44,False,False,False,none
LD001932,Kisii,AGO,Aberdare Oil Traders,TRK-600,27700.0,1254405.7,1282105.9,2026-07-01 09:22:00,27700.199999999953,DS001908,27743.0,2026-07-01 10:34:00,Dispatched,1.0,27743.0,4331340.02,0.0,4331340.02,156.12,2026-07-03 15:34:00,,4299040.0,2.0,0.0,0.0,0.0,0.0,0.0,0.0,4331340.02,0.0,False,False,True,collections_gap
LD001933,Mombasa,PMS,Lakeview Energy,TRK-426,29700.0,1198374.0,1228086.7,2026-07-02 19:58:00,29712.699999999953,DS001909,29504.0,2026-07-02 22:41:00,Dispatched,1.0,29504.0,4966271.61,4966271.61,0.0,168.33,2026-07-03 04:41:00,45.0,4915350.0,0.0,0.0,0.0,0.0,0.0,0.0,0.0,0.0,4966271.61,False,True,False,none
LD001934,Mombasa,AGO,Lakeview Energy,TRK-166,21000.0,3884897.9,3905897.8,2026-07-02 08:15:00,20999.899999999907,DS001910,20973.0,2026-07-02 09:35:00,Dispatched,1.0,20973.0,3224526.89,3224526.89,0.0,153.75,2026-07-03 14:35:00,3.0,3259199.9999999995,1.0,0.0,0.0,0.0,0.0,0.0,0.0,0.0,3224526.89,False,False,False,none
LD001935,Mombasa,AGO,Rift Valley Fuels Ltd,TRK-449,23700.0,3740805.8,3764515.3,2026-07-02 07:00:00,23709.5,DS001911,23795.0,2026-07-02 09:39:00,Dispatched,1.0,23795.0,3721357.21,3721357.21,0.0,156.39,2026-07-02 13:39:00,3.0,3678239.9999999995,0.0,0.0,0.0,0.0,0.0,0.0,0.0,0.0,3721357.21,False,False,False,none
LD001936,Mombasa,AGO,Mara Fuels,TRK-208,33600.0,2426435.7,2460035.1,2026-07-02 19:40:00,33599.39999999991,,,,,,,,,0.0,,,,5214720.0,,5214720.0,0.0,0.0,0.0,0.0,0.0,5214720.0,0.0,False,False,True,dispatch_capture_gap
LD001937,Mombasa,AGO,Lakeview Energy,TRK-835,24200.0,4786394.3,4810589.8,2026-07-02 11:58:00,24195.5,DS001912,24301.0,2026-07-02 14:34:00,Dispatched,1.0,24301.0,3749878.09,3749878.09,0.0,154.31,2026-07-04 14:34:00,1.0,3755839.9999999995,2.0,0.0,0.0,0.0,0.0,0.0,0.0,0.0,3749878.09,False,False,False,none
LD001938,Mombasa,PMS,Savannah Petroleum,TRK-496,27200.0,4185807.1,4213010.7,2026-07-02 12:13:00,27203.600000000093,DS001913,27225.0,2026-07-02 15:09:00,Dispatched,1.0,27225.0,4528535.29,4528535.29,0.0,166.34,2026-07-02 21:09:00,3.0,4501600.0,0.0,0.0,0.0,0.0,0.0,0.0,0.0,0.0,4528535.29,False,False,False,none
LD001939,Mombasa,AGO,Delta Oil Marketers,TRK-290,28800.0,3599808.4,3628611.7,2026-07-02 11:45:00,28803.30000000028,DS001914,28868.0,2026-07-02 13:39:00,Dispatched,1.0,28868.0,4423555.8,4423555.8,0.0,153.23,2026-07-05 20:39:00,14.0,4469760.0,3.0,0.0,0.0,0.0,0.0,0.0,0.0,0.0,4423555.8,False,False,False,none
LD001940,Mombasa,AGO,Tsavo Energy Group,TRK-181,28600.0,3998457.1,4027063.9,2026-07-02 06:28:00,28606.799999999814,DS001915,28479.0,2026-07-02 09:02:00,Dispatched,1.0,28479.0,4415805.01,4415805.01,0.0,155.05,2026-07-04 14:02:00,3.0,4438720.0,2.0,0.0,0.0,0.0,0.0,0.0,0.0,0.0,4415805.01,False,False,False,none
LD001941,Mombasa,PMS,Equator Fuels,TRK-819,31600.0,3519489.6,3551083.8,2026-07-02 22:36:00,31594.19999999972,DS001916,31651.0,2026-07-02 23:43:00,Dispatched,1.0,31651.0,5239401.54,5239401.54,0.0,165.54,2026-07-05 01:43:00,1.0,5229800.0,2.0,0.0,0.0,0.0,0.0,0.0,0.0,0.0,5239401.54,False,False,False,none
LD001942,Mombasa,PMS,Nyanza Petroleum Co,TRK-750,35500.0,1449543.7,1485035.1,2026-07-02 15:48:00,35491.40000000014,DS001917,35591.0,2026-07-02 16:44:00,Dispatched,1.0,35591.0,5936665.12,5936665.12,0.0,166.8,2026-07-02 16:44:00,3.0,5875250.0,0.0,0.0,0.0,0.0,0.0,0.0,0.0,0.0,5936665.12,False,False,False,none
LD001943,Mombasa,AGO,Uhuru Energy Partners,TRK-453,24300.0,2969607.0,2993905.4,2026-07-02 14:13:00,24298.399999999907,DS001918,24487.0,2026-07-02 16:42:00,Dispatched,1.0,24487.0,3773057.91,3773057.91,0.0,154.08,2026-07-05 21:42:00,7.0,3771359.9999999995,3.0,0.0,0.0,0.0,0.0,0.0,0.0,0.0,3773057.91,False,False,False,none
LD001944,Nairobi,AGO,Tsavo Energy Group,TRK-164,29700.0,2195704.6,2225406.2,2026-07-02 13:18:00,29701.600000000093,DS001919,29644.0,2026-07-02 15:48:00,Dispatched,1.0,29644.0,4550950.41,4550950.41,0.0,153.52,2026-07-03 21:48:00,14.0,4609440.0,1.0,0.0,0.0,0.0,0.0,0.0,0.0,0.0,4550950.41,False,False,False,none
LD001945,Nairobi,IK,Uhuru Energy Partners,TRK-882,26600.0,1870799.2,1897397.9,2026-07-02 06:39:00,26598.699999999953,DS001920,26601.0,2026-07-02 08:29:00,Dispatched,1.0,26601.0,3765536.07,3765536.07,0.0,141.56,2026-07-02 11:29:00,14.0,3724000.0,0.0,0.0,0.0,0.0,0.0,0.0,0.0,0.0,3765536.07,False,False,False,none
LD001946,Nairobi,IK,Pioneer Fuels Kenya,TRK-470,23500.0,4121884.6,4145384.3,2026-07-02 07:20:00,23499.69999999972,DS001921,23506.0,2026-07-02 09:09:00,Dispatched,1.0,23506.0,3329450.53,3329450.53,0.0,141.64,2026-07-02 09:09:00,1.0,3290000.0,0.0,0.0,0.0,0.0,0.0,0.0,0.0,0.0,3329450.53,False,False,False,none
LD001947,Nairobi,AGO,Zenith Petroleum,TRK-591,23200.0,1320253.6,1343452.2,2026-07-02 15:28:00,23198.59999999986,DS001922,23249.0,2026-07-02 18:26:00,Dispatched,1.0,23249.0,3679695.08,3679695.08,0.0,158.27,2026-07-02 23:26:00,7.0,3600639.9999999995,0.0,0.0,0.0,0.0,0.0,0.0,0.0,0.0,3679695.08,False,False,False,none
LD001948,Nairobi,PMS,Highland Energy Co,TRK-294,21400.0,4230503.5,4251903.4,2026-07-02 20:20:00,21399.900000000373,DS001923,21457.0,2026-07-02 22:17:00,Dispatched,1.0,21457.0,3493317.92,3493317.92,0.0,162.81,2026-07-03 06:17:00,3.0,3541700.0,0.0,0.0,0.0,0.0,0.0,0.0,0.0,0.0,3493317.92,False,False,False,none
LD001949,Nairobi,PMS,Kilele Fuels,TRK-432,32300.0,4660555.3,4692857.5,2026-07-02 16:26:00,32302.200000000186,DS001924,32403.0,2026-07-02 19:21:00,Dispatched,1.0,32403.0,5434646.3,5434646.3,0.0,167.72,2026-07-03 01:21:00,45.0,5345650.0,0.0,0.0,0.0,0.0,0.0,0.0,0.0,0.0,5434646.3,False,True,False,none
LD001950,Kisumu,AGO,Baraka Downstream,TRK-868,23300.0,4496436.5,4519740.7,2026-07-02 19:28:00,23304.200000000186,DS001925,23369.0,2026-07-02 22:26:00,Dispatched,1.0,23369.0,3554784.69,3554784.69,0.0,152.12,2026-07-03 04:26:00,7.0,3616159.9999999995,0.0,0.0,0.0,0.0,0.0,0.0,0.0,0.0,3554784.69,False,False,False,none
LD001951,Kisumu,IK,Mara Fuels,TRK-991,20500.0,1363506.2,1384008.0,2026-07-02 09:50:00,20501.800000000047,DS001926,20409.0,2026-07-02 12:45:00,Dispatched,1.0,20409.0,2900338.45,2900338.45,0.0,142.11,2026-07-05 15:45:00,1.0,2870000.0,3.0,0.0,0.0,0.0,0.0,0.0,0.0,0.0,2900338.45,False,False,False,none
LD001952,Kisumu,PMS,Tsavo Energy Group,TRK-288,32000.0,1837670.7,1869675.7,2026-07-02 05:27:00,32005.0,DS001927,31749.0,2026-07-02 07:17:00,Dispatched,1.0,31749.0,5201561.49,5201561.49,0.0,163.83,2026-07-04 13:17:00,1.0,5296000.0,2.0,0.0,0.0,0.0,0.0,0.0,0.0,0.0,5201561.49,False,False,False,none
LD001953,Kisumu,PMS,Aberdare Oil Traders,TRK-122,28600.0,3948876.9,3977474.4,2026-07-02 20:09:00,28597.5,DS001928,28556.0,2026-07-02 23:00:00,Dispatched,1.0,28556.0,4772319.03,4772319.03,0.0,167.12,2026-07-03 00:00:00,3.0,4733300.0,0.0,0.0,0.0,0.0,0.0,0.0,0.0,0.0,4772319.03,False,False,False,none
LD001954,Kisumu,PMS,Nyanza Petroleum Co,TRK-721,35400.0,3704629.3,3740040.6,2026-07-02 22:17:00,35411.30000000028,DS001929,35396.0,2026-07-02 23:42:00,Dispatched,1.0,35396.0,5776922.12,5776922.12,0.0,163.21,2026-07-03 23:42:00,3.0,5858700.0,1.0,0.0,0.0,0.0,0.0,0.0,0.0,0.0,5776922.12,False,False,False,none
LD001955,Kisumu,PMS,Savannah Petroleum,TRK-208,34500.0,3919082.0,3953580.3,2026-07-02 10:31:00,34498.299999999814,DS001930,34437.0,2026-07-02 11:54:00,Dispatched,1.0,34437.0,5807061.13,5807061.13,0.0,168.63,2026-07-02 18:54:00,14.0,5709750.0,0.0,0.0,0.0,0.0,0.0,0.0,0.0,0.0,5807061.13,False,False,False,none
LD001956,Kisumu,AGO,Nyanza Petroleum Co,TRK-606,25800.0,4433477.6,4459278.5,2026-07-02 14:09:00,25800.900000000373,DS001931,25764.0,2026-07-02 16:38:00,Dispatched,1.0,25764.0,4034732.81,4034732.81,0.0,156.6,2026-07-02 18:38:00,30.0,4004159.9999999995,0.0,0.0,0.0,0.0,0.0,0.0,0.0,0.0,4034732.81,False,False,False,none
LD001957,Kisumu,AGO,Tsavo Energy Group,TRK-418,23700.0,1462023.5,1485718.0,2026-07-02 14:40:00,23694.5,DS001932,23676.0,2026-07-02 15:16:00,Cancelled,,,,,0.0,,,,3678239.9999999995,,0.0,0.0,0.0,0.0,0.0,0.0,0.0,0.0,False,False,False,none
LD001958,Kisumu,AGO,Coastline Energy Ltd,TRK-482,34800.0,4471866.6,4506663.2,2026-07-02 09:33:00,34796.60000000056,DS001933,34860.0,2026-07-02 10:43:00,Dispatched,1.0,34860.0,5464072.1,5464072.1,0.0,156.74,2026-07-03 15:43:00,3.0,5400960.0,1.0,0.0,0.0,0.0,0.0,0.0,0.0,0.0,5464072.1,False,False,False,none
LD001959,Kisumu,PMS,Rift Valley Fuels Ltd,TRK-527,28000.0,1245375.5,1273379.7,2026-07-02 20:04:00,28004.199999999953,DS001934,27913.0,2026-07-02 21:34:00,Dispatched,1.0,27913.0,4608360.57,4608360.57,0.0,165.1,2026-07-03 21:34:00,14.0,4634000.0,1.0,0.0,0.0,0.0,0.0,0.0,0.0,0.0,4608360.57,False,False,False,none
LD001960,Kisumu,IK,Mara Fuels,TRK-587,35500.0,3235813.0,3271320.3,2026-07-02 12:58:00,35507.299999999814,DS001935,35492.0,2026-07-02 15:49:00,Dispatched,1.0,35492.0,5019435.22,5019435.22,0.0,141.42,2026-07-02 21:49:00,21.0,4970000.0,0.0,0.0,0.0,0.0,0.0,0.0,0.0,0.0,5019435.22,False,False,False,none
LD001961,Kisumu,AGO,Equator Fuels,TRK-429,25400.0,3076086.8,3101481.1,2026-07-02 15:44:00,25394.30000000028,DS001936,25395.0,2026-07-02 16:49:00,Dispatched,1.0,25395.0,3986671.8,3986671.8,0.0,156.99,2026-07-02 21:49:00,7.0,3942079.9999999995,0.0,0.0,0.0,0.0,0.0,0.0,0.0,0.0,3986671.8,False,False,False,none
LD001962,Eldoret,AGO,Nyanza Petroleum Co,TRK-581,27100.0,2336418.6,2363522.4,2026-07-02 12:52:00,27103.799999999814,DS001937,27145.0,2026-07-02 14:02:00,Dispatched,1.0,27145.0,4225992.51,4225992.51,0.0,155.68,2026-07-03 16:02:00,1.0,4205920.0,1.0,0.0,0.0,0.0,0.0,0.0,0.0,0.0,4225992.51,False,False,False,none
LD001963,Eldoret,AGO,Baraka Downstream,TRK-183,28300.0,3342617.3,3370912.9,2026-07-02 08:24:00,28295.600000000093,DS001938,28399.0,2026-07-02 10:06:00,Dispatched,1.0,28399.0,4355530.35,4355530.35,0.0,153.37,2026-07-02 14:06:00,3.0,4392160.0,0.0,0.0,0.0,0.0,0.0,0.0,0.0,0.0,4355530.35,False,False,False,none
LD001964,Eldoret,AGO,Kilele Fuels,TRK-297,20800.0,4019730.2,4040537.2,2026-07-02 13:04:00,20807.0,DS001939,20905.0,2026-07-02 14:06:00,Dispatched,1.0,20905.0,3191422.02,3191422.02,0.0,152.66,2026-07-04 21:06:00,30.0,3228159.9999999995,2.0,0.0,0.0,0.0,0.0,0.0,0.0,0.0,3191422.02,False,False,False,none
LD001965,Eldoret,PMS,Nyanza Petroleum Co,TRK-103,35300.0,1960606.4,1995901.4,2026-07-02 06:30:00,35295.0,DS001940,35221.0,2026-07-02 08:24:00,Dispatched,1.0,35221.0,5940701.81,4476105.82,1464595.9899999993,168.67,2026-07-09 16:24:00,1.0,5842150.0,7.0,0.0,0.0,0.0,0.0,0.0,0.0,1464595.9899999993,4476105.82,True,False,True,collections_gap
LD001966,Eldoret,AGO,Baraka Downstream,TRK-427,29200.0,1619365.6,1648562.8,2026-07-02 20:35:00,29197.199999999953,DS001941,29025.0,2026-07-02 22:33:00,Dispatched,,,,,0.0,,,,4531840.0,,0.0,0.0,0.0,4504680.0,0.0,0.0,4504680.0,0.0,False,False,True,billing_gap
LD001967,Eldoret,AGO,Equator Fuels,TRK-711,25700.0,3788052.1,3813741.8,2026-07-02 22:12:00,25689.69999999972,DS001942,25681.0,2026-07-02 23:20:00,Dispatched,1.0,25681.0,3922547.54,3922547.54,0.0,152.74,2026-07-03 02:20:00,3.0,3988639.9999999995,0.0,0.0,0.0,0.0,0.0,0.0,0.0,0.0,3922547.54,False,False,False,none
LD001968,Eldoret,PMS,Equator Fuels,TRK-616,26700.0,3248443.5,3275149.0,2026-07-02 06:47:00,26705.5,DS001943,26573.0,2026-07-02 08:06:00,Dispatched,1.0,26573.0,4479399.54,4479399.54,0.0,168.57,2026-07-02 15:06:00,21.0,4418850.0,0.0,0.0,0.0,0.0,0.0,0.0,0.0,0.0,4479399.54,False,False,False,none
LD001969,Eldoret,AGO,Rift Valley Fuels Ltd,TRK-309,20100.0,1314039.5,1334141.8,2026-07-02 18:44:00,20102.300000000047,DS001944,20265.0,2026-07-02 21:14:00,Dispatched,1.0,20265.0,3127993.61,3127993.61,0.0,154.35,2026-07-03 03:14:00,7.0,3119520.0,0.0,0.0,0.0,0.0,0.0,0.0,0.0,0.0,3127993.61,False,False,False,none
LD001970,Eldoret,PMS,Zenith Petroleum,TRK-251,24300.0,2481965.7,2506266.8,2026-07-02 18:05:00,24301.099999999627,DS001945,24236.0,2026-07-02 20:59:00,Dispatched,1.0,24236.0,3959512.89,3959512.89,0.0,163.37,2026-07-05 01:59:00,21.0,4021650.0,2.0,0.0,0.0,0.0,0.0,0.0,0.0,0.0,3959512.89,False,False,False,none
LD001971,Eldoret,AGO,Mara Fuels,TRK-380,29100.0,4526835.9,4555937.2,2026-07-02 19:48:00,29101.299999999814,DS001946,29149.0,2026-07-02 20:55:00,Dispatched,1.0,26956.0,4200562.29,4200562.29,0.0,155.83,2026-07-03 01:55:00,3.0,4516320.0,0.0,0.0,0.0,0.0,0.0,2193.0,341735.19,341735.19,4200562.29,False,False,True,underbilling
LD001972,Eldoret,PMS,Tsavo Energy Group,TRK-430,26600.0,2882804.0,2909400.9,2026-07-02 19:18:00,26596.899999999907,DS001947,26675.0,2026-07-02 21:11:00,Dispatched,1.0,26675.0,4423312.58,4423312.58,0.0,165.82,2026-07-02 23:11:00,45.0,4402300.0,0.0,0.0,0.0,0.0,0.0,0.0,0.0,0.0,4423312.58,False,True,False,none
LD001973,Eldoret,PMS,Delta Oil Marketers,TRK-422,20800.0,1764248.6,1785047.5,2026-07-02 15:35:00,20798.899999999907,DS001948,20821.0,2026-07-02 16:48:00,Dispatched,1.0,20821.0,3447828.7,3447828.7,0.0,165.59,2026-07-05 19:48:00,21.0,3442400.0,3.0,0.0,0.0,0.0,0.0,0.0,0.0,0.0,3447828.7,False,False,False,none
LD001974,Eldoret,AGO,Mara Fuels,TRK-434,24800.0,2536076.3,2560883.5,2026-07-02 18:41:00,24807.200000000186,DS001949,24955.0,2026-07-02 19:17:00,Dispatched,1.0,24955.0,3807213.15,3807213.15,0.0,152.56,2026-07-03 21:17:00,3.0,3848959.9999999995,1.0,0.0,0.0,0.0,0.0,0.0,0.0,0.0,3807213.15,False,False,False,none
LD001975,Eldoret,AGO,Pioneer Fuels Kenya,TRK-623,33700.0,3995996.1,4029693.2,2026-07-02 15:36:00,33697.10000000009,DS001950,33680.0,2026-07-02 17:36:00,Cancelled,,,,,0.0,,,,5230240.0,,0.0,0.0,0.0,0.0,0.0,0.0,0.0,0.0,False,False,False,none
LD001976,Eldoret,AGO,Baraka Downstream,TRK-267,24000.0,4683025.8,4707024.1,2026-07-02 07:08:00,23998.299999999814,DS001951,23940.0,2026-07-02 09:00:00,Dispatched,1.0,23940.0,3655281.22,3655281.22,0.0,152.69,2026-07-02 11:00:00,14.0,3724799.9999999995,0.0,0.0,0.0,0.0,0.0,0.0,0.0,0.0,3655281.22,False,False,False,none
LD001977,Nakuru,PMS,Mara Fuels,TRK-451,27100.0,3202762.0,3229849.1,2026-07-02 16:22:00,27087.100000000093,DS001952,27028.0,2026-07-02 18:36:00,Dispatched,1.0,27028.0,4433959.07,4433959.07,0.0,164.05,2026-07-04 00:36:00,1.0,4485050.0,1.0,0.0,0.0,0.0,0.0,0.0,0.0,0.0,4433959.07,False,False,False,none
LD001978,Nakuru,PMS,Uhuru Energy Partners,TRK-505,24100.0,4274372.9,4298483.2,2026-07-02 06:33:00,24110.299999999814,DS001953,24154.0,2026-07-02 09:07:00,Dispatched,1.0,24154.0,3929812.22,3929812.22,0.0,162.7,2026-07-02 16:07:00,7.0,3988550.0,0.0,0.0,0.0,0.0,0.0,0.0,0.0,0.0,3929812.22,False,False,False,none
LD001979,Nakuru,AGO,Equator Fuels,TRK-218,34400.0,4127730.3,4162127.3,2026-07-02 07:52:00,34397.0,DS001954,34380.0,2026-07-02 09:17:00,Dispatched,1.0,34380.0,5337201.12,5337201.12,0.0,155.24,2026-07-02 15:17:00,14.0,5338880.0,0.0,0.0,0.0,0.0,0.0,0.0,0.0,0.0,5337201.12,False,False,False,none
LD001980,Nakuru,PMS,Savannah Petroleum,TRK-814,30800.0,3121696.9,3152497.6,2026-07-02 22:01:00,30800.700000000186,DS001955,30718.0,2026-07-02 23:20:00,Dispatched,1.0,30718.0,4995709.07,4995709.07,0.0,162.63,2026-07-03 23:20:00,3.0,5097400.0,1.0,0.0,0.0,0.0,0.0,0.0,0.0,0.0,4995709.07,False,False,False,none
LD001981,Nakuru,PMS,Nyanza Petroleum Co,TRK-991,30600.0,3360683.1,3391276.4,2026-07-02 12:48:00,30593.299999999814,DS001956,30641.0,2026-07-02 15:03:00,Dispatched,1.0,30641.0,5068829.02,5068829.02,0.0,165.43,2026-07-03 19:03:00,14.0,5064300.0,1.0,0.0,0.0,0.0,0.0,0.0,0.0,0.0,5068829.02,False,False,False,none
LD001982,Nakuru,PMS,Amani Petroleum,TRK-604,24900.0,3098002.3,3122900.6,2026-07-02 17:01:00,24898.30000000028,DS001957,24953.0,2026-07-02 19:07:00,Dispatched,1.0,24953.0,4184695.8,1818788.92,2365906.88,167.7,2026-07-03 21:07:00,21.0,4120950.0,1.0,0.0,0.0,0.0,0.0,0.0,0.0,2365906.88,1818788.92,False,False,True,collections_gap
LD001983,Kisii,AGO,Pioneer Fuels Kenya,TRK-335,27800.0,3163308.3,3191106.2,2026-07-02 06:12:00,27797.900000000373,DS001958,27823.0,2026-07-02 08:30:00,Dispatched,1.0,27823.0,4261830.02,4261830.02,0.0,153.18,2026-07-02 13:30:00,7.0,4314560.0,0.0,0.0,0.0,0.0,0.0,0.0,0.0,0.0,4261830.02,False,False,False,none
LD001984,Kisii,PMS,Zenith Petroleum,TRK-948,32900.0,3771513.7,3804415.8,2026-07-02 07:37:00,32902.09999999963,DS001959,32989.0,2026-07-02 08:54:00,Dispatched,1.0,32989.0,5556866.58,0.0,5556866.58,168.45,2026-07-03 11:54:00,,5444950.0,1.0,0.0,0.0,0.0,0.0,0.0,0.0,5556866.58,0.0,False,False,True,collections_gap
LD001985,Kisii,PMS,Crescent Oil Ltd,TRK-669,28900.0,3798111.5,3827006.2,2026-07-02 22:00:00,28894.700000000186,DS001960,28908.0,2026-07-02 22:35:00,Dispatched,1.0,28908.0,4847792.35,4847792.35,0.0,167.7,2026-07-04 04:35:00,21.0,4782950.0,1.0,0.0,0.0,0.0,0.0,0.0,0.0,0.0,4847792.35,False,False,False,none
LD001986,Kisii,PMS,Crescent Oil Ltd,TRK-300,30700.0,3098689.2,3129387.9,2026-07-02 11:48:00,30698.69999999972,DS001961,30645.0,2026-07-02 14:16:00,Dispatched,1.0,30645.0,5075466.26,5075466.26,0.0,165.62,2026-07-04 16:16:00,1.0,5080850.0,2.0,0.0,0.0,0.0,0.0,0.0,0.0,0.0,5075466.26,False,False,False,none
LD001987,Kisii,PMS,Rift Valley Fuels Ltd,TRK-767,30200.0,2351995.1,2382196.0,2026-07-02 14:28:00,30200.899999999907,DS001962,30274.0,2026-07-02 15:42:00,Dispatched,1.0,30274.0,4991644.41,4991644.41,0.0,164.88,2026-07-03 21:42:00,7.0,4998100.0,1.0,0.0,0.0,0.0,0.0,0.0,0.0,0.0,4991644.41,False,False,False,none
LD001988,Kisii,PMS,Summit Downstream Ltd,TRK-860,21400.0,2799216.0,2820620.2,2026-07-02 08:02:00,21404.200000000186,DS001963,21343.0,2026-07-02 08:40:00,Dispatched,1.0,21343.0,3533295.91,3533295.91,0.0,165.55,2026-07-03 10:40:00,7.0,3541700.0,1.0,0.0,0.0,0.0,0.0,0.0,0.0,0.0,3533295.91,False,False,False,none
LD001989,Kisii,AGO,Equator Fuels,TRK-937,32100.0,4176538.2,4208643.1,2026-07-02 14:53:00,32104.89999999944,DS001964,31991.0,2026-07-02 17:00:00,Dispatched,1.0,31991.0,4947125.48,2637386.99,2309738.49,154.64,2026-07-05 01:00:00,7.0,4981920.0,2.0,0.0,0.0,0.0,0.0,0.0,0.0,2309738.49,2637386.99,False,False,True,collections_gap
LD001990,Kisii,AGO,Aberdare Oil Traders,TRK-124,24300.0,2642394.8,2666694.7,2026-07-02 12:36:00,24299.900000000373,DS001965,24384.0,2026-07-02 14:05:00,Dispatched,1.0,24384.0,3828100.46,2084943.65,1743156.81,156.99,2026-07-02 15:05:00,60.0,3771359.9999999995,0.0,0.0,0.0,0.0,0.0,0.0,0.0,1743156.81,2084943.65,False,True,True,collections_gap
LD001991,Kisii,PMS,Mara Fuels,TRK-837,34400.0,4585026.9,4619431.0,2026-07-02 10:55:00,34404.09999999963,DS001966,34364.0,2026-07-02 12:05:00,Dispatched,1.0,34364.0,5789640.44,5789640.44,0.0,168.48,2026-07-03 12:05:00,3.0,5693200.0,1.0,0.0,0.0,0.0,0.0,0.0,0.0,0.0,5789640.44,False,False,False,none
LD001992,Kisii,AGO,Tsavo Energy Group,TRK-591,21400.0,4459979.9,4481382.0,2026-07-02 17:38:00,21402.099999999627,DS001967,21507.0,2026-07-02 19:34:00,Dispatched,1.0,21507.0,3281570.34,3281570.34,0.0,152.58,2026-07-03 01:34:00,21.0,3321279.9999999995,0.0,0.0,0.0,0.0,0.0,0.0,0.0,0.0,3281570.34,False,False,False,none
LD001993,Kisii,AGO,Crescent Oil Ltd,TRK-100,25100.0,1713326.0,1738423.7,2026-07-02 12:04:00,25097.699999999953,DS001968,25165.0,2026-07-02 14:20:00,Dispatched,1.0,25165.0,3948307.16,3948307.16,0.0,156.9,2026-07-02 15:20:00,14.0,3895519.9999999995,0.0,0.0,0.0,0.0,0.0,0.0,0.0,0.0,3948307.16,False,False,False,none
LD001994,Mombasa,AGO,Rift Valley Fuels Ltd,TRK-490,22400.0,1262316.3,1284708.9,2026-07-03 13:59:00,22392.59999999986,DS001969,22372.0,2026-07-03 16:39:00,Dispatched,1.0,22372.0,3528775.49,3528775.49,0.0,157.73,2026-07-03 18:39:00,7.0,3476479.9999999995,0.0,0.0,0.0,0.0,0.0,0.0,0.0,0.0,3528775.49,False,False,False,none
LD001995,Mombasa,PMS,Equator Fuels,TRK-859,31700.0,3238869.7,3270575.4,2026-07-03 11:41:00,31705.69999999972,DS001970,31746.0,2026-07-03 12:24:00,Dispatched,1.0,31746.0,5337790.83,5337790.83,0.0,168.1405792855793,2026-07-03 15:24:00,14.0,5246350.0,0.0,0.0,0.0,0.0,0.0,0.0,0.0,0.0,5337790.83,False,False,False,none
LD001996,Mombasa,PMS,Savannah Petroleum,TRK-409,26200.0,4183860.4,4210057.8,2026-07-03 05:19:00,26197.399999999907,DS001971,26399.0,2026-07-03 08:07:00,Dispatched,1.0,26399.0,4433906.11,4433906.11,0.0,167.96,2026-07-05 09:07:00,30.0,4336100.0,2.0,0.0,0.0,0.0,0.0,0.0,0.0,0.0,4433906.11,False,False,False,none
LD001997,Mombasa,AGO,Rift Valley Fuels Ltd,TRK-587,24900.0,1291381.2,1316280.4,2026-07-03 11:07:00,24899.199999999953,DS001972,24956.0,2026-07-03 12:14:00,Dispatched,1.0,24956.0,3887996.69,3887996.69,0.0,155.79,2026-07-03 16:14:00,7.0,3864479.9999999995,0.0,0.0,0.0,0.0,0.0,0.0,0.0,0.0,3887996.69,False,False,False,none
LD001998,Mombasa,PMS,Pioneer Fuels Kenya,TRK-379,32700.0,2116576.5,2149279.8,2026-07-03 12:29:00,32703.299999999814,DS001973,32757.0,2026-07-03 15:11:00,Dispatched,1.0,32757.0,5356722.69,5356722.69,0.0,163.53,2026-07-03 22:11:00,30.0,5411850.0,0.0,0.0,0.0,0.0,0.0,0.0,0.0,0.0,5356722.69,False,False,False,none
LD001999,Mombasa,AGO,Baraka Downstream,TRK-507,30300.0,4493243.5,4523553.2,2026-07-03 20:04:00,30309.700000000186,DS001974,30246.0,2026-07-03 21:16:00,Dispatched,1.0,30246.0,4739395.9,4739395.9,0.0,156.69,2026-07-04 00:16:00,1.0,4702560.0,0.0,0.0,0.0,0.0,0.0,0.0,0.0,0.0,4739395.9,False,False,False,none
LD002000,Mombasa,PMS,Kilele Fuels,TRK-113,28400.0,4497900.4,4526306.8,2026-07-03 18:53:00,28406.39999999944,DS001975,28557.0,2026-07-03 20:29:00,Dispatched,1.0,28557.0,4802391.75,4802391.75,0.0,168.17,2026-07-03 23:29:00,14.0,4700200.0,0.0,0.0,0.0,0.0,0.0,0.0,0.0,0.0,4802391.75,False,False,False,none
LD002001,Mombasa,IK,Coastline Energy Ltd,TRK-307,20700.0,2044113.6,2064815.4,2026-07-03 13:45:00,20701.799999999814,DS001976,20782.0,2026-07-03 15:24:00,Dispatched,1.0,20782.0,2895106.03,2895106.03,0.0,139.31,2026-07-03 15:24:00,3.0,2898000.0,0.0,0.0,0.0,0.0,0.0,0.0,0.0,0.0,2895106.03,False,False,False,none
LD002002,Mombasa,AGO,Kilele Fuels,TRK-765,20300.0,3068025.1,3088327.7,2026-07-03 11:15:00,20302.600000000093,DS001977,20264.0,2026-07-03 11:49:00,Dispatched,1.0,20264.0,3178808.66,3178808.66,0.0,156.87,2026-07-03 17:49:00,7.0,3150560.0,0.0,0.0,0.0,0.0,0.0,0.0,0.0,0.0,3178808.66,False,False,False,none
LD002003,Mombasa,AGO,Nyanza Petroleum Co,TRK-860,28500.0,2603528.5,2632033.7,2026-07-03 20:50:00,28505.200000000186,DS001978,28661.0,2026-07-03 22:25:00,Dispatched,1.0,28661.0,4516646.03,4516646.03,0.0,157.59,2026-07-03 23:25:00,14.0,4423200.0,0.0,0.0,0.0,0.0,0.0,0.0,0.0,0.0,4516646.03,False,False,False,none
LD002004,Mombasa,PMS,Delta Oil Marketers,TRK-482,23300.0,4195794.2,4219088.4,2026-07-03 16:29:00,23294.200000000186,DS001979,23312.0,2026-07-03 17:54:00,Dispatched,1.0,23312.0,3927346.77,3927346.77,0.0,168.47,2026-07-04 22:54:00,7.0,3856150.0,1.0,0.0,0.0,0.0,0.0,0.0,0.0,0.0,3927346.77,False,False,False,none
LD002005,Mombasa,PMS,Tsavo Energy Group,TRK-481,32800.0,2661045.8,2693840.8,2026-07-03 16:26:00,32795.0,DS001980,32717.0,2026-07-03 19:16:00,Dispatched,1.0,32717.0,5404768.99,5404768.99,0.0,165.2,2026-07-04 03:16:00,7.0,5428400.0,0.0,0.0,0.0,0.0,0.0,0.0,0.0,0.0,5404768.99,False,False,False,none
LD002006,Mombasa,AGO,Delta Oil Marketers,TRK-517,27700.0,3878316.9,3906011.9,2026-07-03 09:52:00,27695.0,,,,,,,,,0.0,,,,4299040.0,,4299040.0,0.0,0.0,0.0,0.0,0.0,4299040.0,0.0,False,False,True,dispatch_capture_gap
LD002007,Mombasa,PMS,Baraka Downstream,TRK-467,25700.0,3440173.4,3465865.8,2026-07-03 13:56:00,25692.399999999907,DS001981,25654.0,2026-07-03 15:35:00,Dispatched,1.0,25654.0,4302105.67,4302105.67,0.0,167.7,2026-07-04 17:35:00,3.0,4253350.0,1.0,0.0,0.0,0.0,0.0,0.0,0.0,0.0,4302105.67,False,False,False,none
LD002008,Mombasa,AGO,Savannah Petroleum,TRK-980,20400.0,1015656.4,1036051.8,2026-07-03 10:56:00,20395.400000000023,DS001982,20454.0,2026-07-03 11:39:00,Dispatched,1.0,20454.0,3224291.27,3224291.27,0.0,157.64,2026-07-03 15:39:00,14.0,3166080.0,0.0,0.0,0.0,0.0,0.0,0.0,0.0,0.0,3224291.27,False,False,False,none
LD002009,Nairobi,AGO,Pioneer Fuels Kenya,TRK-935,26500.0,4405044.7,4431541.5,2026-07-03 10:54:00,26496.799999999814,DS001983,26434.0,2026-07-03 12:03:00,Dispatched,1.0,26434.0,4136802.44,4136802.44,0.0,156.5,2026-07-03 20:03:00,7.0,4112799.9999999995,0.0,0.0,0.0,0.0,0.0,0.0,0.0,0.0,4136802.44,False,False,False,none
LD002010,Nairobi,PMS,Horizon Oil Marketers,TRK-657,23900.0,1909288.3,1933192.5,2026-07-03 18:56:00,23904.199999999953,DS001984,23821.0,2026-07-03 20:00:00,Dispatched,1.0,23821.0,3879508.09,3879508.09,0.0,162.86,2026-07-04 00:00:00,3.0,3955450.0,0.0,0.0,0.0,0.0,0.0,0.0,0.0,0.0,3879508.09,False,False,False,none
LD002011,Nairobi,AGO,Highland Energy Co,TRK-268,25400.0,2992794.9,3018187.7,2026-07-03 13:59:00,25392.80000000028,DS001985,25367.0,2026-07-03 14:47:00,Dispatched,1.0,25367.0,3996834.12,3996834.12,0.0,157.56,2026-07-03 15:47:00,3.0,3942079.9999999995,0.0,0.0,0.0,0.0,0.0,0.0,0.0,0.0,3996834.12,False,False,False,none
LD002012,Nairobi,AGO,Zenith Petroleum,TRK-504,22100.0,1050311.2,1072409.6,2026-07-03 15:46:00,22098.40000000014,DS001986,21328.0,2026-07-03 16:22:00,Dispatched,1.0,21328.0,3295911.85,3295911.85,0.0,154.53,2026-07-13 20:22:00,21.0,3429919.9999999995,10.0,0.0,772.0,119814.4,0.0,0.0,0.0,119814.4,3295911.85,True,False,True,shrinkage
LD002013,Nairobi,AGO,Horizon Oil Marketers,TRK-759,22500.0,3821425.5,3843924.5,2026-07-03 18:44:00,22499.0,DS001987,22443.0,2026-07-03 21:26:00,Dispatched,1.0,22443.0,3484498.71,3484498.71,0.0,155.26,2026-07-07 04:26:00,21.0,3491999.9999999995,3.0,0.0,0.0,0.0,0.0,0.0,0.0,0.0,3484498.71,False,False,False,none
LD002014,Nairobi,AGO,Rift Valley Fuels Ltd,TRK-616,29500.0,4547363.6,4576855.5,2026-07-03 11:45:00,29491.900000000373,DS001988,29465.0,2026-07-03 13:56:00,Dispatched,1.0,29465.0,4489807.92,4489807.92,0.0,152.38,2026-07-05 20:56:00,3.0,4578400.0,2.0,0.0,0.0,0.0,0.0,0.0,0.0,0.0,4489807.92,False,False,False,none
LD002015,Nairobi,PMS,Coastline Energy Ltd,TRK-515,34200.0,3982934.9,4017135.3,2026-07-03 07:44:00,34200.39999999991,DS001989,34248.0,2026-07-03 09:56:00,Dispatched,1.0,34248.0,5570590.36,5570590.36,0.0,162.65,2026-07-04 11:56:00,3.0,5660100.0,1.0,0.0,0.0,0.0,0.0,0.0,0.0,0.0,5570590.36,False,False,False,none
LD002016,Nairobi,AGO,Equator Fuels,TRK-131,32600.0,1069152.2,1101749.8,2026-07-03 08:52:00,32597.600000000093,DS001990,32514.0,2026-07-03 09:58:00,Dispatched,1.0,32514.0,5059659.07,5059659.07,0.0,155.61,2026-07-03 15:58:00,3.0,5059520.0,0.0,0.0,0.0,0.0,0.0,0.0,0.0,0.0,5059659.07,False,False,False,none
LD002017,Nairobi,PMS,Aberdare Oil Traders,TRK-221,28800.0,4431056.6,4459855.8,2026-07-03 07:04:00,28799.200000000186,DS001991,28820.0,2026-07-03 08:41:00,Dispatched,1.0,28820.0,4781327.8,4781327.8,0.0,165.9,2026-07-05 08:41:00,30.0,4766400.0,2.0,0.0,0.0,0.0,0.0,0.0,0.0,0.0,4781327.8,False,False,False,none
LD002018,Nairobi,AGO,Crescent Oil Ltd,TRK-497,20200.0,2666544.1,2686744.1,2026-07-03 05:44:00,20200.0,DS001992,20214.0,2026-07-03 07:23:00,Dispatched,1.0,20214.0,3176155.96,3176155.96,0.0,157.13,2026-07-10 08:23:00,21.0,3135040.0,7.0,0.0,0.0,0.0,0.0,0.0,0.0,0.0,3176155.96,True,False,False,none
LD002019,Nairobi,PMS,Crescent Oil Ltd,TRK-795,22500.0,3657802.6,3680298.3,2026-07-03 20:40:00,22495.69999999972,DS001993,22458.0,2026-07-03 21:31:00,Dispatched,1.0,22458.0,3700290.24,3700290.24,0.0,164.76,2026-07-04 05:31:00,1.0,3723750.0,0.0,0.0,0.0,0.0,0.0,0.0,0.0,0.0,3700290.24,False,False,False,none
LD002020,Nairobi,AGO,Aberdare Oil Traders,TRK-981,34200.0,2767631.4,2801834.2,2026-07-03 16:01:00,34202.80000000028,DS001994,34173.0,2026-07-03 18:44:00,Dispatched,1.0,34173.0,5396655.68,5396655.68,0.0,157.92,2026-07-04 20:44:00,30.0,5307840.0,1.0,0.0,0.0,0.0,0.0,0.0,0.0,0.0,5396655.68,False,False,False,none
LD002021,Nairobi,PMS,Delta Oil Marketers,TRK-489,22300.0,4057006.4,4079309.3,2026-07-03 16:43:00,22302.899999999907,DS001995,22237.0,2026-07-03 19:24:00,Dispatched,1.0,22237.0,3718966.9,3718966.9,0.0,167.24,2026-07-13 19:24:00,1.0,3690650.0,10.0,0.0,0.0,0.0,0.0,0.0,0.0,0.0,3718966.9,True,False,False,none
LD002022,Nairobi,AGO,Aberdare Oil Traders,TRK-184,33700.0,3949491.9,3983197.9,2026-07-03 07:30:00,33706.0,DS001996,33840.0,2026-07-03 08:26:00,Dispatched,1.0,33840.0,5305876.24,5305876.24,0.0,156.79,2026-07-04 12:26:00,3.0,5230240.0,1.0,0.0,0.0,0.0,0.0,0.0,0.0,0.0,5305876.24,False,False,False,none
LD002023,Kisumu,AGO,Crescent Oil Ltd,TRK-135,30900.0,1296299.6,1327202.0,2026-07-03 15:15:00,30902.399999999907,DS001997,30924.0,2026-07-03 15:59:00,Dispatched,1.0,30924.0,4757861.73,4757861.73,0.0,153.86,2026-07-03 22:59:00,45.0,4795680.0,0.0,0.0,0.0,0.0,0.0,0.0,0.0,0.0,4757861.73,False,True,False,none
LD002024,Kisumu,AGO,Crescent Oil Ltd,TRK-110,24900.0,1345830.0,1370721.3,2026-07-03 19:13:00,24891.300000000047,DS001998,24822.0,2026-07-03 21:31:00,Dispatched,1.0,24822.0,3909672.39,3909672.39,0.0,157.51,2026-07-04 21:31:00,30.0,3864479.9999999995,1.0,0.0,0.0,0.0,0.0,0.0,0.0,0.0,3909672.39,False,False,False,none
LD002025,Kisumu,AGO,Amani Petroleum,TRK-614,20000.0,2798333.4,2818334.7,2026-07-03 05:59:00,20001.30000000028,DS001999,20008.0,2026-07-03 08:24:00,Dispatched,1.0,20008.0,3085533.82,3085533.82,0.0,154.22,2026-07-10 13:24:00,21.0,3104000.0,7.0,0.0,0.0,0.0,0.0,0.0,0.0,0.0,3085533.82,True,False,False,none
LD002026,Kisumu,PMS,Highland Energy Co,TRK-149,36000.0,2147386.6,2183392.6,2026-07-03 17:51:00,36006.0,DS002000,36019.0,2026-07-03 18:34:00,Dispatched,1.0,36019.0,6044965.54,6044965.54,0.0,167.83,2026-07-06 00:34:00,7.0,5958000.0,2.0,0.0,0.0,0.0,0.0,0.0,0.0,0.0,6044965.54,False,False,False,none
LD002027,Kisumu,AGO,Kilele Fuels,TRK-266,24500.0,1638997.8,1663495.2,2026-07-03 20:11:00,24497.399999999907,DS002001,24335.0,2026-07-03 23:07:00,Dispatched,1.0,24335.0,3753767.45,3753767.45,0.0,154.25,2026-07-05 04:07:00,3.0,3802399.9999999995,1.0,0.0,0.0,0.0,0.0,0.0,0.0,0.0,3753767.45,False,False,False,none
LD002028,Kisumu,AGO,Baraka Downstream,TRK-178,32700.0,4623027.2,4655723.2,2026-07-03 18:07:00,32696.0,DS002002,32831.0,2026-07-03 19:04:00,Dispatched,1.0,32831.0,5112583.14,5112583.14,0.0,155.72,2026-07-05 03:04:00,30.0,5075040.0,1.0,0.0,0.0,0.0,0.0,0.0,0.0,0.0,5112583.14,False,False,False,none
LD002029,Kisumu,AGO,Tsavo Energy Group,TRK-144,35600.0,1929158.6,1964756.9,2026-07-03 05:24:00,35598.299999999814,DS002003,35494.0,2026-07-03 05:57:00,Dispatched,1.0,35494.0,5534947.4,5534947.4,0.0,155.94,2026-07-04 09:57:00,14.0,5525120.0,1.0,0.0,0.0,0.0,0.0,0.0,0.0,0.0,5534947.4,False,False,False,none
LD002030,Kisumu,PMS,Kilele Fuels,TRK-218,21800.0,4480099.7,4501903.6,2026-07-03 20:14:00,21803.89999999944,DS002004,21937.0,2026-07-03 21:25:00,Dispatched,1.0,21937.0,3582661.77,3582661.77,0.0,163.32,2026-07-05 22:25:00,3.0,3607900.0,2.0,0.0,0.0,0.0,0.0,0.0,0.0,0.0,3582661.77,False,False,False,none
LD002031,Kisumu,PMS,Delta Oil Marketers,TRK-815,30200.0,1658923.6,1689115.1,2026-07-03 05:28:00,30191.5,DS002005,30272.0,2026-07-03 06:42:00,Dispatched,1.0,30272.0,5027250.8,5027250.8,0.0,166.07,2026-07-03 11:42:00,7.0,4998100.0,0.0,0.0,0.0,0.0,0.0,0.0,0.0,0.0,5027250.8,False,False,False,none
LD002032,Kisumu,AGO,Highland Energy Co,TRK-585,31800.0,2813664.9,2845462.1,2026-07-03 16:40:00,31797.200000000186,DS002006,31693.0,2026-07-03 19:10:00,Dispatched,1.0,31693.0,5012830.3,5012830.3,0.0,158.17,2026-07-04 01:10:00,30.0,4935360.0,0.0,0.0,0.0,0.0,0.0,0.0,0.0,0.0,5012830.3,False,False,False,none
LD002033,Kisumu,PMS,Lakeview Energy,TRK-998,35800.0,1218979.9,1254778.5,2026-07-03 18:04:00,35798.60000000009,DS002007,35766.0,2026-07-03 20:31:00,Dispatched,1.0,35766.0,5912082.0,5912082.0,0.0,165.3,2026-07-03 23:31:00,45.0,5924900.0,0.0,0.0,0.0,0.0,0.0,0.0,0.0,0.0,5912082.0,False,True,False,none
LD002034,Kisumu,AGO,Nyanza Petroleum Co,TRK-996,28100.0,2263743.3,2291832.3,2026-07-03 21:58:00,28089.0,DS002008,28178.0,2026-07-04 00:16:00,Dispatched,1.0,28178.0,4299766.55,4299766.55,0.0,152.59,2026-07-07 05:16:00,14.0,4361120.0,3.0,0.0,0.0,0.0,0.0,0.0,0.0,0.0,4299766.55,False,False,False,none
LD002035,Kisumu,PMS,Tsavo Energy Group,TRK-556,31700.0,4498988.3,4530689.1,2026-07-03 07:36:00,31700.799999999814,DS002009,31677.0,2026-07-03 09:11:00,Dispatched,1.0,31677.0,5257434.08,5257434.08,0.0,165.97,2026-07-05 13:11:00,21.0,5246350.0,2.0,0.0,0.0,0.0,0.0,0.0,0.0,0.0,5257434.08,False,False,False,none
LD002036,Kisumu,AGO,Tsavo Energy Group,TRK-218,33200.0,2214015.6,2247221.4,2026-07-03 20:04:00,33205.799999999814,DS002010,33317.0,2026-07-03 21:40:00,Dispatched,1.0,33317.0,5254133.65,5254133.65,0.0,157.7,2026-07-04 02:40:00,1.0,5152640.0,0.0,0.0,0.0,0.0,0.0,0.0,0.0,0.0,5254133.65,False,False,False,none
LD002037,Kisumu,PMS,Baraka Downstream,TRK-500,26400.0,2267652.1,2294043.1,2026-07-03 09:19:00,26391.0,DS002011,26370.0,2026-07-03 11:01:00,Dispatched,1.0,26370.0,4366891.56,4366891.56,0.0,165.6,2026-07-03 17:01:00,14.0,4369200.0,0.0,0.0,0.0,0.0,0.0,0.0,0.0,0.0,4366891.56,False,False,False,none
LD002038,Eldoret,PMS,Amani Petroleum,TRK-699,25000.0,1392178.2,1417176.8,2026-07-03 05:07:00,24998.600000000093,DS002012,24994.0,2026-07-03 05:47:00,Dispatched,1.0,24994.0,4065557.65,4065557.65,0.0,162.66,2026-07-03 05:47:00,14.0,4137500.0,0.0,0.0,0.0,0.0,0.0,0.0,0.0,0.0,4065557.65,False,False,False,none
LD002039,Eldoret,PMS,Nyanza Petroleum Co,TRK-920,28400.0,1228396.3,1256795.1,2026-07-03 09:20:00,28398.800000000047,DS002013,28481.0,2026-07-03 10:38:00,Dispatched,1.0,28481.0,4763725.37,4763725.37,0.0,167.26,2026-07-06 10:38:00,1.0,4700200.0,3.0,0.0,0.0,0.0,0.0,0.0,0.0,0.0,4763725.37,False,False,False,none
LD002040,Eldoret,AGO,Equator Fuels,TRK-497,27400.0,2733003.7,2760402.1,2026-07-03 20:30:00,27398.399999999907,DS002014,27450.0,2026-07-03 22:48:00,Dispatched,1.0,27450.0,4280768.9,4280768.9,0.0,155.95,2026-07-04 01:48:00,30.0,4252480.0,0.0,0.0,0.0,0.0,0.0,0.0,0.0,0.0,4280768.9,False,False,False,none
LD002041,Eldoret,PMS,Amani Petroleum,TRK-878,32800.0,3957898.6,3990689.4,2026-07-03 09:54:00,32790.799999999814,DS002015,32709.0,2026-07-03 10:53:00,Dispatched,1.0,32709.0,5497698.96,5497698.96,0.0,168.08,2026-07-05 15:53:00,45.0,5428400.0,2.0,0.0,0.0,0.0,0.0,0.0,0.0,0.0,5497698.96,False,True,False,none
LD002042,Eldoret,AGO,Tsavo Energy Group,TRK-871,25100.0,4095980.3,4121076.2,2026-07-03 07:36:00,25095.900000000373,DS002016,25133.0,2026-07-03 09:27:00,Dispatched,1.0,25133.0,3962661.78,3962661.78,0.0,157.67,2026-07-04 10:27:00,3.0,3895519.9999999995,1.0,0.0,0.0,0.0,0.0,0.0,0.0,0.0,3962661.78,False,False,False,none
LD002043,Eldoret,IK,Savannah Petroleum,TRK-143,20800.0,1051286.6,1072086.0,2026-07-03 13:26:00,20799.399999999907,DS002017,20810.0,2026-07-03 14:07:00,Dispatched,1.0,20810.0,2935335.34,2935335.34,0.0,141.05,2026-07-04 15:07:00,30.0,2912000.0,1.0,0.0,0.0,0.0,0.0,0.0,0.0,0.0,2935335.34,False,False,False,none
LD002044,Eldoret,PMS,Kilele Fuels,TRK-987,22100.0,1942263.7,1964370.9,2026-07-03 16:25:00,22107.199999999953,DS002018,22040.0,2026-07-03 17:15:00,Dispatched,1.0,22040.0,3609094.1,3609094.1,0.0,163.75,2026-07-10 19:15:00,14.0,3657550.0,7.0,0.0,0.0,0.0,0.0,0.0,0.0,0.0,3609094.1,True,False,False,none
LD002045,Eldoret,AGO,Uhuru Energy Partners,TRK-873,34900.0,4438011.9,4472911.1,2026-07-03 21:56:00,34899.199999999255,DS002019,34754.0,2026-07-03 23:20:00,Dispatched,1.0,32289.0,4943981.55,4943981.55,0.0,153.12,2026-07-03 23:20:00,14.0,5416480.0,0.0,0.0,0.0,0.0,0.0,2465.0,377440.8,377440.8,4943981.55,False,False,True,underbilling
LD002046,Eldoret,PMS,Delta Oil Marketers,TRK-543,28300.0,4900978.1,4929287.4,2026-07-03 21:18:00,28309.300000000745,DS002020,28136.0,2026-07-03 21:59:00,Dispatched,1.0,28136.0,4701766.52,4701766.52,0.0,167.11,2026-07-04 04:59:00,30.0,4683650.0,0.0,0.0,0.0,0.0,0.0,0.0,0.0,0.0,4701766.52,False,False,False,none
LD002047,Eldoret,PMS,Baraka Downstream,TRK-140,35500.0,1861076.2,1896573.6,2026-07-03 22:05:00,35497.40000000014,DS002021,35469.0,2026-07-04 00:59:00,Dispatched,1.0,35469.0,5840778.6,5840778.6,0.0,164.67,2026-07-05 05:59:00,3.0,5875250.0,1.0,0.0,0.0,0.0,0.0,0.0,0.0,0.0,5840778.6,False,False,False,none
LD002048,Eldoret,PMS,Mara Fuels,TRK-648,23400.0,3704372.1,3727774.8,2026-07-03 19:41:00,23402.69999999972,DS002022,23396.0,2026-07-03 21:46:00,Dispatched,1.0,23396.0,3824726.34,3824726.34,0.0,163.48,2026-07-04 04:46:00,21.0,3872700.0,0.0,0.0,0.0,0.0,0.0,0.0,0.0,0.0,3824726.34,False,False,False,none
LD002049,Eldoret,IK,Delta Oil Marketers,TRK-992,26500.0,4726177.6,4752677.7,2026-07-03 20:32:00,26500.10000000056,DS002023,26540.0,2026-07-03 21:29:00,Dispatched,1.0,26540.0,3734123.84,3734123.84,0.0,140.7,2026-07-03 23:29:00,3.0,3710000.0,0.0,0.0,0.0,0.0,0.0,0.0,0.0,0.0,3734123.84,False,False,False,none
LD002050,Nakuru,AGO,Delta Oil Marketers,TRK-645,35000.0,2453290.3,2488285.9,2026-07-03 07:44:00,34995.60000000009,DS002024,35086.0,2026-07-03 10:26:00,Dispatched,1.0,35086.0,5548332.41,5548332.41,0.0,158.14,2026-07-03 18:26:00,21.0,5432000.0,0.0,0.0,0.0,0.0,0.0,0.0,0.0,0.0,5548332.41,False,False,False,none
LD002051,Nakuru,PMS,Aberdare Oil Traders,TRK-708,26200.0,1424367.1,1450561.0,2026-07-03 13:59:00,26193.899999999907,DS002025,26167.0,2026-07-03 15:33:00,Dispatched,1.0,26167.0,4408236.77,4408236.77,0.0,168.47,2026-07-03 15:33:00,7.0,4336100.0,0.0,0.0,0.0,0.0,0.0,0.0,0.0,0.0,4408236.77,False,False,False,none
LD002052,Nakuru,PMS,Nyanza Petroleum Co,TRK-456,29400.0,3365406.8,3394811.7,2026-07-03 15:58:00,29404.900000000373,DS002026,29393.0,2026-07-03 17:10:00,Dispatched,1.0,29393.0,4916536.82,4916536.82,0.0,167.27,2026-07-03 20:10:00,1.0,4865700.0,0.0,0.0,0.0,0.0,0.0,0.0,0.0,0.0,4916536.82,False,False,False,none
LD002053,Nakuru,AGO,Uhuru Energy Partners,TRK-712,31500.0,3980965.9,4012455.5,2026-07-03 21:43:00,31489.600000000093,DS002027,31428.0,2026-07-03 23:06:00,Dispatched,1.0,31428.0,4940071.72,4940071.72,0.0,157.19,2026-07-04 23:06:00,7.0,4888800.0,1.0,0.0,0.0,0.0,0.0,0.0,0.0,0.0,4940071.72,False,False,False,none
LD002054,Nakuru,AGO,Coastline Energy Ltd,TRK-802,33400.0,2239462.6,2272863.5,2026-07-03 09:51:00,33400.89999999991,DS002028,31495.0,2026-07-03 12:37:00,Dispatched,1.0,31495.0,4978518.26,4978518.26,0.0,158.07,2026-07-04 19:37:00,3.0,5183680.0,1.0,0.0,1905.0,295656.0,0.0,0.0,0.0,295656.0,4978518.26,False,False,True,shrinkage
LD002055,Nakuru,PMS,Amani Petroleum,TRK-841,28100.0,2605010.3,2633109.2,2026-07-03 19:37:00,28098.900000000373,DS002029,28107.0,2026-07-03 21:54:00,Dispatched,1.0,28107.0,4704664.32,4704664.32,0.0,167.38,2026-07-05 00:54:00,1.0,4650550.0,1.0,0.0,0.0,0.0,0.0,0.0,0.0,0.0,4704664.32,False,False,False,none
LD002056,Nakuru,AGO,Mara Fuels,TRK-763,26200.0,3759294.8,3785500.4,2026-07-03 11:38:00,26205.600000000093,DS002030,24245.0,2026-07-03 12:42:00,Dispatched,1.0,24245.0,3795121.59,3795121.59,0.0,156.53,2026-07-06 14:42:00,1.0,4066239.9999999995,3.0,0.0,1955.0,303416.0,0.0,0.0,0.0,303416.0,3795121.59,False,False,True,shrinkage
LD002057,Nakuru,PMS,Aberdare Oil Traders,TRK-570,29600.0,1428987.3,1458596.0,2026-07-03 20:45:00,29608.699999999953,DS002031,29703.0,2026-07-03 21:56:00,Dispatched,1.0,29703.0,4871174.65,4871174.65,0.0,164.0,2026-07-04 21:56:00,21.0,4898800.0,1.0,0.0,0.0,0.0,0.0,0.0,0.0,0.0,4871174.65,False,False,False,none
LD002058,Nakuru,PMS,Horizon Oil Marketers,TRK-932,35900.0,3516587.3,3552487.6,2026-07-03 07:16:00,35900.30000000028,DS002032,36003.0,2026-07-03 10:06:00,Dispatched,1.0,36003.0,5953867.52,5953867.52,0.0,165.37,2026-07-06 17:06:00,30.0,5941450.0,3.0,0.0,0.0,0.0,0.0,0.0,0.0,0.0,5953867.52,False,False,False,none
LD002059,Nakuru,PMS,Aberdare Oil Traders,TRK-565,25900.0,1904606.4,1930507.4,2026-07-03 11:51:00,25901.0,DS002033,26013.0,2026-07-03 13:33:00,Dispatched,1.0,26013.0,4232691.76,4232691.76,0.0,162.71,2026-07-04 21:33:00,45.0,4286450.0,1.0,0.0,0.0,0.0,0.0,0.0,0.0,0.0,4232691.76,False,True,False,none
LD002060,Nakuru,AGO,Aberdare Oil Traders,TRK-537,23700.0,1802528.4,1826229.6,2026-07-03 18:12:00,23701.200000000186,DS002034,22852.0,2026-07-03 20:20:00,Dispatched,1.0,22852.0,3574742.08,3574742.08,0.0,156.43,2026-07-05 02:20:00,30.0,3678239.9999999995,1.0,0.0,848.0,131609.59999999998,0.0,0.0,0.0,131609.59999999998,3574742.08,False,False,True,shrinkage
LD002061,Nakuru,AGO,Summit Downstream Ltd,TRK-243,31400.0,2259808.2,2291204.0,2026-07-03 20:27:00,31395.799999999814,DS002035,31412.0,2026-07-03 21:23:00,Dispatched,1.0,31412.0,4865110.3,4865110.3,0.0,154.88,2026-07-05 02:23:00,30.0,4873280.0,1.0,0.0,0.0,0.0,0.0,0.0,0.0,0.0,4865110.3,False,False,False,none
LD002062,Nakuru,PMS,Lakeview Energy,TRK-661,24200.0,2710030.2,2734227.9,2026-07-03 06:02:00,24197.69999999972,DS002036,24232.0,2026-07-03 07:18:00,Dispatched,1.0,24232.0,3979864.09,3979864.09,0.0,164.24,2026-07-03 08:18:00,1.0,4005100.0,0.0,0.0,0.0,0.0,0.0,0.0,0.0,0.0,3979864.09,False,False,False,none
LD002063,Kisii,PMS,Uhuru Energy Partners,TRK-776,25400.0,2314417.4,2339816.5,2026-07-03 08:59:00,25399.100000000093,DS002037,25375.0,2026-07-03 10:55:00,Dispatched,1.0,25375.0,4153231.36,4153231.36,0.0,163.67,2026-07-05 12:55:00,21.0,4203700.0,2.0,0.0,0.0,0.0,0.0,0.0,0.0,0.0,4153231.36,False,False,False,none
LD002064,Kisii,PMS,Aberdare Oil Traders,TRK-346,22900.0,2942522.9,2965413.8,2026-07-03 15:39:00,22890.899999999907,DS002038,22843.0,2026-07-03 16:55:00,Dispatched,1.0,22843.0,3794086.68,3794086.68,0.0,166.09,2026-07-04 18:55:00,21.0,3789950.0,1.0,0.0,0.0,0.0,0.0,0.0,0.0,0.0,3794086.68,False,False,False,none
LD002065,Kisii,AGO,Highland Energy Co,TRK-342,31300.0,1119162.0,1150467.8,2026-07-03 13:59:00,31305.800000000047,DS002039,31238.0,2026-07-03 16:37:00,Dispatched,1.0,31238.0,4762962.0,4762962.0,0.0,152.47,2026-07-10 21:37:00,1.0,4857760.0,7.0,0.0,0.0,0.0,0.0,0.0,0.0,0.0,4762962.0,True,False,False,none
LD002066,Kisii,AGO,Nyanza Petroleum Co,TRK-944,20100.0,4746645.2,4766745.8,2026-07-03 15:48:00,20100.599999999627,DS002040,20125.0,2026-07-03 17:42:00,Dispatched,1.0,20125.0,3124160.04,3124160.04,0.0,155.24,2026-07-03 20:42:00,14.0,3119520.0,0.0,0.0,0.0,0.0,0.0,0.0,0.0,0.0,3124160.04,False,False,False,none
LD002067,Kisii,AGO,Lakeview Energy,TRK-728,21700.0,4367934.1,4389644.7,2026-07-03 05:10:00,21710.60000000056,DS002041,21685.0,2026-07-03 06:55:00,Dispatched,1.0,21685.0,3303576.84,3303576.84,0.0,152.34,2026-07-04 09:55:00,7.0,3367839.9999999995,1.0,0.0,0.0,0.0,0.0,0.0,0.0,0.0,3303576.84,False,False,False,none
LD002068,Kisii,PMS,Uhuru Energy Partners,TRK-570,28200.0,2908192.9,2936391.8,2026-07-03 12:54:00,28198.899999999907,DS002042,28179.0,2026-07-03 13:58:00,Dispatched,1.0,28179.0,4662640.2,4662640.2,0.0,165.47,2026-07-05 20:58:00,45.0,4667100.0,2.0,0.0,0.0,0.0,0.0,0.0,0.0,0.0,4662640.2,False,True,False,none
LD002069,Kisii,AGO,UNKNOWN CUSTOMER,TRK-787,33400.0,4023545.5,4056940.5,2026-07-03 12:17:00,33395.0,DS002043,33461.0,2026-07-03 12:47:00,Dispatched,1.0,33461.0,5155518.44,5155518.44,0.0,154.08,2026-07-03 15:47:00,14.0,5183680.0,0.0,0.0,0.0,0.0,0.0,0.0,0.0,0.0,5155518.44,False,False,False,none
LD002070,Kisii,AGO,Equator Fuels,TRK-967,21800.0,4206157.8,4227957.6,2026-07-03 17:28:00,21799.799999999814,DS002044,21867.0,2026-07-03 19:54:00,Dispatched,1.0,21867.0,3352589.78,3352589.78,0.0,153.32,2026-07-07 01:54:00,45.0,3383359.9999999995,3.0,0.0,0.0,0.0,0.0,0.0,0.0,0.0,3352589.78,False,True,False,none
LD002071,Kisii,AGO,Summit Downstream Ltd,TRK-868,28500.0,2926356.6,2954860.8,2026-07-03 19:09:00,28504.19999999972,DS002045,28602.0,2026-07-03 20:42:00,Dispatched,1.0,28602.0,4388102.03,4388102.03,0.0,153.4194122788616,2026-07-03 22:42:00,1.0,4423200.0,0.0,0.0,0.0,0.0,0.0,0.0,0.0,0.0,4388102.03,False,False,False,none
LD002072,Kisii,AGO,Delta Oil Marketers,TRK-996,30100.0,4051391.6,4081493.7,2026-07-03 13:13:00,30102.100000000093,DS002046,30045.0,2026-07-03 15:58:00,Dispatched,1.0,30045.0,4720978.62,0.0,4720978.62,157.13,2026-07-04 19:58:00,,4671520.0,1.0,0.0,0.0,0.0,0.0,0.0,0.0,4720978.62,0.0,False,False,True,collections_gap
LD002073,Mombasa,PMS,Crescent Oil Ltd,TRK-552,23700.0,4207655.8,4231355.5,2026-07-04 20:32:00,23699.700000000186,DS002047,23766.0,2026-07-04 22:31:00,Dispatched,1.0,23766.0,3881898.48,3881898.48,0.0,163.34,2026-07-04 23:31:00,1.0,3922350.0,0.0,0.0,0.0,0.0,0.0,0.0,0.0,0.0,3881898.48,False,False,False,none
LD002074,Mombasa,PMS,Summit Downstream Ltd,TRK-513,26700.0,4911414.8,4938120.7,2026-07-04 07:38:00,26705.900000000373,DS002048,26867.0,2026-07-04 09:52:00,Dispatched,1.0,26867.0,4467686.47,4467686.47,0.0,166.29,2026-07-04 11:52:00,60.0,4418850.0,0.0,0.0,0.0,0.0,0.0,0.0,0.0,0.0,4467686.47,False,True,False,none
LD002075,Mombasa,PMS,Nyanza Petroleum Co,TRK-336,23200.0,1861437.1,1884632.8,2026-07-04 17:17:00,23195.699999999953,DS002049,23209.0,2026-07-04 18:48:00,Dispatched,1.0,23209.0,3899056.19,3899056.19,0.0,168.0,2026-07-04 23:48:00,1.0,3839600.0,0.0,0.0,0.0,0.0,0.0,0.0,0.0,0.0,3899056.19,False,False,False,none
LD002076,Mombasa,IK,Lakeview Energy,TRK-919,26100.0,4643336.9,4669434.2,2026-07-04 12:41:00,26097.299999999814,DS002050,26094.0,2026-07-04 14:58:00,Dispatched,1.0,26094.0,3584826.7,3584826.7,0.0,137.38,2026-07-04 17:58:00,7.0,3654000.0,0.0,0.0,0.0,0.0,0.0,0.0,0.0,0.0,3584826.7,False,False,False,none
LD002077,Mombasa,AGO,Rift Valley Fuels Ltd,TRK-841,29800.0,2647786.2,2677587.8,2026-07-04 16:24:00,29801.599999999627,DS002051,29775.0,2026-07-04 17:53:00,Dispatched,1.0,29775.0,4684969.78,4684969.78,0.0,157.35,2026-07-05 01:53:00,14.0,4624960.0,0.0,0.0,0.0,0.0,0.0,0.0,0.0,0.0,4684969.78,False,False,False,none
LD002078,Mombasa,PMS,Nyanza Petroleum Co,TRK-366,29800.0,1158230.0,1188023.0,2026-07-04 13:22:00,29793.0,DS002052,29705.0,2026-07-04 15:08:00,Dispatched,1.0,29705.0,5006191.65,5006191.65,0.0,168.53,2026-07-05 22:08:00,30.0,4931900.0,1.0,0.0,0.0,0.0,0.0,0.0,0.0,0.0,5006191.65,False,False,False,none
LD002079,Mombasa,PMS,Amani Petroleum,TRK-966,26400.0,3596615.9,3623020.8,2026-07-04 21:38:00,26404.899999999907,DS002053,26467.0,2026-07-04 22:53:00,Dispatched,1.0,26467.0,4329946.39,4329946.39,0.0,163.6,2026-07-04 22:53:00,3.0,4369200.0,0.0,0.0,0.0,0.0,0.0,0.0,0.0,0.0,4329946.39,False,False,False,none
LD002080,Mombasa,PMS,Tsavo Energy Group,TRK-812,25100.0,1374080.5,1399187.5,2026-07-04 12:05:00,25107.0,DS002054,25095.0,2026-07-04 14:20:00,Dispatched,1.0,25095.0,4159506.87,4159506.87,0.0,165.75,2026-07-05 16:20:00,1.0,4154050.0,1.0,0.0,0.0,0.0,0.0,0.0,0.0,0.0,4159506.87,False,False,False,none
LD002081,Mombasa,PMS,Baraka Downstream,TRK-979,26800.0,1515017.7,1541817.5,2026-07-04 13:28:00,26799.800000000047,DS002055,26788.0,2026-07-04 15:28:00,Dispatched,1.0,26788.0,4406376.18,4406376.18,0.0,164.49,2026-07-05 17:28:00,7.0,4435400.0,1.0,0.0,0.0,0.0,0.0,0.0,0.0,0.0,4406376.18,False,False,False,none
LD002082,Mombasa,AGO,Uhuru Energy Partners,TRK-633,25100.0,4065216.3,4090319.6,2026-07-04 10:14:00,25103.30000000028,DS002056,25152.0,2026-07-04 11:03:00,Dispatched,1.0,25152.0,3830988.56,3830988.56,0.0,152.31,2026-07-04 15:03:00,7.0,3895519.9999999995,0.0,0.0,0.0,0.0,0.0,0.0,0.0,0.0,3830988.56,False,False,False,none
LD002083,Mombasa,AGO,Tsavo Energy Group,TRK-581,28000.0,2240136.1,2268137.6,2026-07-04 06:36:00,28001.5,DS002057,28065.0,2026-07-04 07:53:00,Dispatched,1.0,28065.0,4359740.19,4359740.19,0.0,155.34,2026-07-05 13:53:00,3.0,4345600.0,1.0,0.0,0.0,0.0,0.0,0.0,0.0,0.0,4359740.19,False,False,False,none
LD002084,Nairobi,PMS,Lakeview Energy,TRK-203,21200.0,2161472.8,2182674.0,2026-07-04 11:38:00,21201.200000000186,DS002058,21162.0,2026-07-04 13:54:00,Dispatched,1.0,21162.0,3474349.93,3474349.93,0.0,164.18,2026-07-06 13:54:00,30.0,3508600.0,2.0,0.0,0.0,0.0,0.0,0.0,0.0,0.0,3474349.93,False,False,False,none
LD002085,Nairobi,AGO,Zenith Petroleum,TRK-256,34100.0,1588059.8,1622156.5,2026-07-04 19:35:00,34096.69999999995,DS002059,34041.0,2026-07-04 22:15:00,Dispatched,1.0,34041.0,5267417.56,5267417.56,0.0,154.74,2026-07-07 03:15:00,21.0,5292320.0,2.0,0.0,0.0,0.0,0.0,0.0,0.0,0.0,5267417.56,False,False,False,none
LD002086,Nairobi,AGO,Tsavo Energy Group,TRK-625,34500.0,1372428.6,1406932.4,2026-07-04 15:54:00,34503.799999999814,DS002060,34436.0,2026-07-04 17:47:00,Dispatched,1.0,34436.0,5446634.51,5446634.51,0.0,158.17,2026-07-04 19:47:00,30.0,5354400.0,0.0,0.0,0.0,0.0,0.0,0.0,0.0,0.0,5446634.51,False,False,False,none
LD002087,Nairobi,PMS,Delta Oil Marketers,TRK-235,27500.0,4550167.6,4577662.1,2026-07-04 10:03:00,27494.5,DS002061,27674.0,2026-07-04 12:54:00,Dispatched,1.0,27674.0,4603767.71,4603767.71,0.0,166.36,2026-07-05 19:54:00,3.0,4551250.0,1.0,0.0,0.0,0.0,0.0,0.0,0.0,0.0,4603767.71,False,False,False,none
LD002088,Nairobi,AGO,Nyanza Petroleum Co,TRK-827,24700.0,2500397.6,2525106.6,2026-07-04 13:29:00,24709.0,DS002062,24809.0,2026-07-04 14:42:00,Dispatched,1.0,24809.0,3829166.32,3829166.32,0.0,154.35,2026-07-05 14:42:00,14.0,3833439.9999999995,1.0,0.0,0.0,0.0,0.0,0.0,0.0,0.0,3829166.32,False,False,False,none
LD002089,Nairobi,PMS,Summit Downstream Ltd,TRK-394,28100.0,2276175.7,2304274.6,2026-07-04 06:04:00,28098.899999999907,DS002063,28160.0,2026-07-04 06:44:00,Dispatched,1.0,28160.0,4729504.78,4729504.78,0.0,167.95,2026-07-06 12:44:00,60.0,4650550.0,2.0,0.0,0.0,0.0,0.0,0.0,0.0,0.0,4729504.78,False,True,False,none
LD002090,Nairobi,AGO,Highland Energy Co,TRK-637,31100.0,4611317.2,4642422.4,2026-07-04 17:35:00,31105.200000000186,DS002064,31065.0,2026-07-04 20:19:00,Dispatched,,,,,0.0,,,,4826720.0,,0.0,0.0,0.0,4821288.0,0.0,0.0,4821288.0,0.0,False,False,True,billing_gap
LD002091,Nairobi,AGO,Aberdare Oil Traders,TRK-517,33600.0,2657308.1,2690917.4,2026-07-04 17:48:00,33609.299999999814,DS002065,33574.0,2026-07-04 20:34:00,Dispatched,1.0,33574.0,5243408.09,5243408.09,0.0,156.17,2026-07-05 01:34:00,14.0,5214720.0,0.0,0.0,0.0,0.0,0.0,0.0,0.0,0.0,5243408.09,False,False,False,none
LD002092,Nairobi,PMS,Lakeview Energy,TRK-476,33600.0,2170060.1,2203665.1,2026-07-04 06:13:00,33605.0,DS002066,33637.0,2026-07-04 06:54:00,Dispatched,1.0,33637.0,5497921.68,5497921.68,0.0,163.45,2026-07-06 13:54:00,3.0,5560800.0,2.0,0.0,0.0,0.0,0.0,0.0,0.0,0.0,5497921.68,False,False,False,none
LD002093,Kisumu,AGO,Summit Downstream Ltd,TRK-124,25700.0,1529875.8,1555576.3,2026-07-04 18:24:00,25700.5,DS002067,25870.0,2026-07-04 21:12:00,Dispatched,1.0,25870.0,3952196.24,3952196.24,0.0,152.77140471588714,2026-07-05 03:12:00,60.0,3988639.9999999995,0.0,0.0,0.0,0.0,0.0,0.0,0.0,0.0,3952196.24,False,True,False,none
LD002094,Kisumu,PMS,Uhuru Energy Partners,TRK-868,31500.0,2410764.5,2442274.8,2026-07-04 05:13:00,31510.299999999814,DS002068,31527.0,2026-07-04 06:25:00,Dispatched,1.0,31527.0,5280526.83,5280526.83,0.0,167.49,2026-07-05 08:25:00,7.0,5213250.0,1.0,0.0,0.0,0.0,0.0,0.0,0.0,0.0,5280526.83,False,False,False,none
LD002095,Kisumu,AGO,Coastline Energy Ltd,TRK-245,25200.0,2890303.4,2915500.9,2026-07-04 09:41:00,25197.5,DS002069,25238.0,2026-07-04 12:01:00,Dispatched,1.0,25238.0,3866766.93,3866766.93,0.0,153.21,2026-07-05 12:01:00,30.0,3911039.9999999995,1.0,0.0,0.0,0.0,0.0,0.0,0.0,0.0,3866766.93,False,False,False,none
LD002096,Kisumu,IK,Summit Downstream Ltd,TRK-576,33700.0,4208812.0,4242517.9,2026-07-04 13:31:00,33705.90000000037,DS002070,33442.0,2026-07-04 15:54:00,Dispatched,1.0,33442.0,4744604.86,4744604.86,0.0,141.88,2026-07-05 17:54:00,1.0,4718000.0,1.0,0.0,0.0,0.0,0.0,0.0,0.0,0.0,4744604.86,False,False,False,none
LD002097,Kisumu,AGO,Nyanza Petroleum Co,TRK-755,25600.0,3775506.1,3801100.8,2026-07-04 18:03:00,25594.69999999972,DS002071,25620.0,2026-07-04 20:51:00,Dispatched,1.0,25620.0,4029131.88,4029131.88,0.0,157.27,2026-07-05 00:51:00,14.0,3973119.9999999995,0.0,0.0,0.0,0.0,0.0,0.0,0.0,0.0,4029131.88,False,False,False,none
LD002098,Kisumu,PMS,Summit Downstream Ltd,TRK-993,31300.0,4283360.9,4314649.6,2026-07-04 16:29:00,31288.699999999255,DS002072,31169.0,2026-07-04 19:14:00,Dispatched,1.0,31169.0,5059786.08,5059786.08,0.0,162.33,2026-07-07 00:14:00,45.0,5180150.0,2.0,0.0,0.0,0.0,0.0,0.0,0.0,0.0,5059786.08,False,True,False,none
LD002099,Kisumu,AGO,Amani Petroleum,TRK-141,23800.0,3645400.6,3669192.6,2026-07-04 16:52:00,23792.0,DS002073,23065.0,2026-07-04 18:00:00,Dispatched,1.0,23065.0,3585836.82,3585836.82,0.0,155.47,2026-07-04 19:00:00,7.0,3693759.9999999995,0.0,0.0,735.0,114071.99999999999,0.0,0.0,0.0,114071.99999999999,3585836.82,False,False,True,shrinkage
LD002100,Kisumu,PMS,Amani Petroleum,TRK-203,31000.0,2548733.1,2579726.5,2026-07-04 11:19:00,30993.399999999907,DS002074,30955.0,2026-07-04 12:46:00,Dispatched,1.0,30955.0,5201031.61,5201031.61,0.0,168.02,2026-07-06 20:46:00,3.0,5130500.0,2.0,0.0,0.0,0.0,0.0,0.0,0.0,0.0,5201031.61,False,False,False,none
LD002101,Kisumu,PMS,Amani Petroleum,TRK-559,25500.0,4343553.6,4369055.1,2026-07-04 21:13:00,25501.5,DS002075,25393.0,2026-07-04 21:44:00,Dispatched,1.0,25393.0,4182427.16,4182427.16,0.0,164.71,2026-07-06 00:44:00,1.0,4220250.0,1.0,0.0,0.0,0.0,0.0,0.0,0.0,0.0,4182427.16,False,False,False,none
LD002102,Kisumu,AGO,Crescent Oil Ltd,TRK-476,24000.0,1061993.0,1085989.6,2026-07-04 19:22:00,23996.600000000093,DS002076,24026.0,2026-07-04 21:00:00,Dispatched,1.0,24026.0,3767620.43,3767620.43,0.0,156.81,2026-07-05 02:00:00,3.0,3724799.9999999995,0.0,0.0,0.0,0.0,0.0,0.0,0.0,0.0,3767620.43,False,False,False,none
LD002103,Kisumu,AGO,Amani Petroleum,TRK-898,22700.0,3426646.1,3449349.9,2026-07-04 20:27:00,22703.799999999814,DS002077,22676.0,2026-07-04 22:24:00,Dispatched,1.0,22676.0,3546826.46,3546826.46,0.0,156.41,2026-07-05 05:24:00,7.0,3523039.9999999995,0.0,0.0,0.0,0.0,0.0,0.0,0.0,0.0,3546826.46,False,False,False,none
LD002104,Kisumu,IK,Summit Downstream Ltd,TRK-831,25000.0,4435008.1,4460003.9,2026-07-04 09:59:00,24995.800000000745,DS002078,24979.0,2026-07-04 12:24:00,Dispatched,1.0,24979.0,3439855.63,3439855.63,0.0,137.71,2026-07-04 20:24:00,21.0,3500000.0,0.0,0.0,0.0,0.0,0.0,0.0,0.0,0.0,3439855.63,False,False,False,none
LD002105,Kisumu,PMS,Crescent Oil Ltd,TRK-503,31200.0,2607253.8,2638454.7,2026-07-04 11:05:00,31200.900000000373,DS002079,31112.0,2026-07-04 12:59:00,Dispatched,1.0,31112.0,5104739.83,5104739.83,0.0,164.08,2026-07-04 13:59:00,3.0,5163600.0,0.0,0.0,0.0,0.0,0.0,0.0,0.0,0.0,5104739.83,False,False,False,none
LD002106,Kisumu,PMS,Equator Fuels,TRK-298,29900.0,1011646.9,1041545.3,2026-07-04 05:08:00,29898.400000000023,DS002080,30049.0,2026-07-04 06:10:00,Dispatched,1.0,30049.0,4905650.93,4905650.93,0.0,163.26,2026-07-05 07:10:00,1.0,4948450.0,1.0,0.0,0.0,0.0,0.0,0.0,0.0,0.0,4905650.93,False,False,False,none
LD002107,Eldoret,PMS,UNKNOWN CUSTOMER,TRK-167,30700.0,2137153.2,2167861.6,2026-07-04 13:58:00,30708.399999999907,DS002081,30884.0,2026-07-04 15:56:00,Dispatched,1.0,30884.0,5122416.36,2626860.9,2495555.4600000004,165.86,2026-07-11 21:56:00,7.0,5080850.0,7.0,0.0,0.0,0.0,0.0,0.0,0.0,2495555.4600000004,2626860.9,True,False,True,collections_gap
LD002108,Eldoret,PMS,Lakeview Energy,TRK-269,27100.0,4344474.5,4371582.8,2026-07-04 20:50:00,27108.299999999814,DS002082,27173.0,2026-07-04 22:01:00,Dispatched,1.0,27173.0,4485384.01,4485384.01,0.0,165.07,2026-07-06 03:01:00,14.0,4485050.0,1.0,0.0,0.0,0.0,0.0,0.0,0.0,0.0,4485384.01,False,False,False,none
LD002109,Eldoret,PMS,Mara Fuels,TRK-481,24200.0,2794530.4,2818740.6,2026-07-04 19:51:00,24210.200000000186,DS002083,24091.0,2026-07-04 21:47:00,Dispatched,1.0,24091.0,3910899.19,3910899.19,0.0,162.34,2026-07-06 02:47:00,21.0,4005100.0,1.0,0.0,0.0,0.0,0.0,0.0,0.0,0.0,3910899.19,False,False,False,none
LD002110,Eldoret,AGO,Mara Fuels,TRK-434,32500.0,2579229.1,2611731.4,2026-07-04 22:56:00,32502.299999999814,DS002084,32453.0,2026-07-05 01:21:00,Dispatched,1.0,32453.0,5048294.93,5048294.93,0.0,155.56,2026-07-15 05:21:00,30.0,5044000.0,10.0,0.0,0.0,0.0,0.0,0.0,0.0,0.0,5048294.93,True,False,False,none
LD002111,Eldoret,AGO,Aberdare Oil Traders,TRK-896,30300.0,1602443.8,1632742.9,2026-07-04 21:43:00,30299.09999999986,DS002085,30375.0,2026-07-04 22:39:00,Dispatched,1.0,30375.0,4731166.9,4731166.9,0.0,155.76,2026-07-05 05:39:00,3.0,4702560.0,0.0,0.0,0.0,0.0,0.0,0.0,0.0,0.0,4731166.9,False,False,False,none
LD002112,Eldoret,AGO,Aberdare Oil Traders,TRK-621,31700.0,1081364.3,1113067.5,2026-07-04 18:30:00,31703.199999999953,DS002086,31696.0,2026-07-04 21:29:00,Dispatched,1.0,31696.0,4825564.68,4825564.68,0.0,152.25,2026-07-04 22:29:00,7.0,4919840.0,0.0,0.0,0.0,0.0,0.0,0.0,0.0,0.0,4825564.68,False,False,False,none
LD002113,Eldoret,IK,Pioneer Fuels Kenya,TRK-983,23300.0,2948330.2,2971630.6,2026-07-04 17:03:00,23300.399999999907,DS002087,23363.0,2026-07-04 19:30:00,Dispatched,1.0,23363.0,3206786.09,3206786.09,0.0,137.26,2026-07-08 02:30:00,7.0,3262000.0,3.0,0.0,0.0,0.0,0.0,0.0,0.0,0.0,3206786.09,False,False,False,none
LD002114,Eldoret,AGO,Nyanza Petroleum Co,TRK-354,34900.0,2935187.6,2970092.8,2026-07-04 22:14:00,34905.19999999972,DS002088,35031.0,2026-07-04 22:46:00,Dispatched,1.0,35031.0,5537237.96,5537237.96,0.0,158.07,2026-07-05 23:46:00,1.0,5416480.0,1.0,0.0,0.0,0.0,0.0,0.0,0.0,0.0,5537237.96,False,False,False,none
LD002115,Nakuru,IK,Zenith Petroleum,TRK-509,27400.0,4551351.7,4578762.6,2026-07-04 22:32:00,27410.89999999944,DS002089,27557.0,2026-07-05 00:52:00,Dispatched,1.0,27557.0,3820045.11,3820045.11,0.0,138.62,2026-07-05 02:52:00,14.0,3836000.0,0.0,0.0,0.0,0.0,0.0,0.0,0.0,0.0,3820045.11,False,False,False,none
LD002116,Nakuru,PMS,Crescent Oil Ltd,TRK-778,26500.0,2840468.7,2866960.0,2026-07-04 12:10:00,26491.299999999814,DS002090,26448.0,2026-07-04 12:58:00,Dispatched,1.0,26448.0,4301218.27,4301218.27,0.0,162.63,2026-07-04 17:58:00,30.0,4385750.0,0.0,0.0,0.0,0.0,0.0,0.0,0.0,0.0,4301218.27,False,False,False,none
LD002117,Nakuru,IK,Summit Downstream Ltd,TRK-257,20200.0,2134982.0,2155192.0,2026-07-04 06:27:00,20210.0,DS002091,20205.0,2026-07-04 08:56:00,Dispatched,1.0,20205.0,2865207.91,2865207.91,0.0,141.81,2026-07-04 14:56:00,1.0,2828000.0,0.0,0.0,0.0,0.0,0.0,0.0,0.0,0.0,2865207.91,False,False,False,none
LD002118,Nakuru,IK,Horizon Oil Marketers,TRK-598,27200.0,2351268.2,2378463.5,2026-07-04 15:23:00,27195.299999999814,DS002092,27164.0,2026-07-04 17:41:00,Dispatched,1.0,27164.0,3837445.25,3837445.25,0.0,141.27,2026-07-06 22:41:00,1.0,3808000.0,2.0,0.0,0.0,0.0,0.0,0.0,0.0,0.0,3837445.25,False,False,False,none
LD002119,Nakuru,AGO,Nyanza Petroleum Co,TRK-725,26200.0,1969173.3,1995373.5,2026-07-04 17:27:00,26200.199999999953,DS002093,26043.0,2026-07-04 20:26:00,Dispatched,1.0,26043.0,4093812.4,4093812.4,0.0,157.19,2026-07-05 04:26:00,21.0,4066239.9999999995,0.0,0.0,0.0,0.0,0.0,0.0,0.0,0.0,4093812.4,False,False,False,none
LD002120,Nakuru,PMS,Summit Downstream Ltd,TRK-203,20200.0,1077785.0,1097989.0,2026-07-04 15:37:00,20204.0,DS002094,20243.0,2026-07-04 17:54:00,Dispatched,1.0,20243.0,3323992.38,3323992.38,0.0,164.2,2026-07-05 18:54:00,14.0,3343100.0,1.0,0.0,0.0,0.0,0.0,0.0,0.0,0.0,3323992.38,False,False,False,none
LD002121,Nakuru,AGO,Highland Energy Co,TRK-194,35600.0,1885803.6,1921402.7,2026-07-04 05:09:00,35599.09999999986,DS002095,35660.0,2026-07-04 07:01:00,Dispatched,1.0,35660.0,5438302.85,5438302.85,0.0,152.5,2026-07-04 13:01:00,7.0,5525120.0,0.0,0.0,0.0,0.0,0.0,0.0,0.0,0.0,5438302.85,False,False,False,none
LD002122,Nakuru,IK,Tsavo Energy Group,TRK-398,24100.0,2627290.6,2651390.7,2026-07-04 05:30:00,24100.100000000093,DS002096,24060.0,2026-07-04 07:02:00,Dispatched,1.0,24060.0,3384449.27,3384449.27,0.0,140.67,2026-07-11 10:02:00,14.0,3374000.0,7.0,0.0,0.0,0.0,0.0,0.0,0.0,0.0,3384449.27,True,False,False,none
LD002123,Nakuru,AGO,Tsavo Energy Group,TRK-438,27400.0,2190715.0,2218115.4,2026-07-04 07:02:00,27400.399999999907,DS002097,27269.0,2026-07-04 09:41:00,Dispatched,1.0,27269.0,4262041.88,4262041.88,0.0,156.3,2026-07-06 17:41:00,45.0,4252480.0,2.0,0.0,0.0,0.0,0.0,0.0,0.0,0.0,4262041.88,False,True,False,none
LD002124,Nakuru,IK,UNKNOWN CUSTOMER,TRK-296,28400.0,2132002.5,2160400.3,2026-07-04 07:02:00,28397.799999999814,DS002098,28367.0,2026-07-04 08:29:00,Dispatched,1.0,28367.0,3894694.4,3894694.4,0.0,137.29666161384708,2026-07-05 16:29:00,3.0,3976000.0,1.0,0.0,0.0,0.0,0.0,0.0,0.0,0.0,3894694.4,False,False,False,none
LD002125,Nakuru,AGO,Aberdare Oil Traders,TRK-730,20600.0,4978376.7,4998984.8,2026-07-04 20:06:00,20608.099999999627,DS002099,20645.0,2026-07-04 22:56:00,Dispatched,1.0,20645.0,3245335.72,3245335.72,0.0,157.2,2026-07-05 23:56:00,3.0,3197119.9999999995,1.0,0.0,0.0,0.0,0.0,0.0,0.0,0.0,3245335.72,False,False,False,none
LD002126,Kisii,AGO,Lakeview Energy,TRK-972,22000.0,2426892.7,2448892.1,2026-07-04 14:08:00,21999.399999999907,DS002100,22088.0,2026-07-04 16:11:00,Dispatched,1.0,22088.0,3490608.09,3490608.09,0.0,158.03,2026-07-04 19:11:00,3.0,3414399.9999999995,0.0,0.0,0.0,0.0,0.0,0.0,0.0,0.0,3490608.09,False,False,False,none
LD002127,Kisii,AGO,Delta Oil Marketers,TRK-805,29500.0,4342286.8,4371779.6,2026-07-04 21:06:00,29492.799999999814,DS002101,29437.0,2026-07-04 22:26:00,Dispatched,1.0,29437.0,4530226.87,4530226.87,0.0,153.9,2026-07-05 05:26:00,21.0,4578400.0,0.0,0.0,0.0,0.0,0.0,0.0,0.0,0.0,4530226.87,False,False,False,none
LD002128,Kisii,PMS,Tsavo Energy Group,TRK-929,21100.0,1112765.4,1133868.8,2026-07-04 15:42:00,21103.40000000014,DS002102,21170.0,2026-07-04 18:07:00,Dispatched,1.0,21170.0,3545848.78,3545848.78,0.0,167.49,2026-07-05 21:07:00,7.0,3492050.0,1.0,0.0,0.0,0.0,0.0,0.0,0.0,0.0,3545848.78,False,False,False,none
LD002129,Kisii,IK,Summit Downstream Ltd,TRK-340,23900.0,4525943.3,4549851.4,2026-07-04 14:18:00,23908.10000000056,DS002103,23945.0,2026-07-04 16:09:00,Dispatched,1.0,23945.0,3371757.51,3371757.51,0.0,140.81,2026-07-05 19:09:00,60.0,3346000.0,1.0,0.0,0.0,0.0,0.0,0.0,0.0,0.0,3371757.51,False,True,False,none
LD002130,Kisii,PMS,Baraka Downstream,TRK-160,34700.0,2632161.8,2666858.7,2026-07-04 19:09:00,34696.90000000037,DS002104,34743.0,2026-07-04 21:13:00,Dispatched,1.0,34743.0,5780158.94,4005979.02,1774179.9200000004,166.37,2026-07-06 01:13:00,7.0,5742850.0,1.0,0.0,0.0,0.0,0.0,0.0,0.0,1774179.9200000004,4005979.02,False,False,True,collections_gap
LD002131,Kisii,PMS,Baraka Downstream,TRK-389,23100.0,3068471.7,3091572.6,2026-07-04 19:08:00,23100.899999999907,DS002105,23010.0,2026-07-04 21:44:00,Dispatched,1.0,23010.0,3737881.35,3737881.35,0.0,162.45,2026-07-05 05:44:00,1.0,3823050.0,0.0,0.0,0.0,0.0,0.0,0.0,0.0,0.0,3737881.35,False,False,False,none
LD002132,Mombasa,AGO,Uhuru Energy Partners,TRK-759,34500.0,1489925.7,1524423.6,2026-07-05 20:27:00,34497.90000000014,DS002106,34371.0,2026-07-05 21:03:00,Dispatched,1.0,34371.0,5288682.38,5288682.38,0.0,153.87,2026-07-06 01:03:00,14.0,5354400.0,0.0,0.0,0.0,0.0,0.0,0.0,0.0,0.0,5288682.38,False,False,False,none
LD002133,Mombasa,AGO,Tsavo Energy Group,TRK-453,28500.0,4517850.8,4546348.2,2026-07-05 06:23:00,28497.400000000373,DS002107,28429.0,2026-07-05 08:32:00,Dispatched,1.0,28429.0,4432507.78,4432507.78,0.0,155.92,2026-07-05 10:32:00,3.0,4423200.0,0.0,0.0,0.0,0.0,0.0,0.0,0.0,0.0,4432507.78,False,False,False,none
LD002134,Mombasa,PMS,Tsavo Energy Group,TRK-574,21100.0,2112574.6,2133661.8,2026-07-05 13:24:00,21087.19999999972,DS002108,21079.0,2026-07-05 15:10:00,Dispatched,1.0,21079.0,3424218.95,3424218.95,0.0,162.45,2026-07-06 23:10:00,45.0,3492050.0,1.0,0.0,0.0,0.0,0.0,0.0,0.0,0.0,3424218.95,False,True,False,none
LD002135,Mombasa,PMS,Uhuru Energy Partners,TRK-869,25200.0,4780489.8,4805688.2,2026-07-05 15:47:00,25198.400000000373,DS002109,25336.0,2026-07-05 18:40:00,Dispatched,1.0,25336.0,4124439.65,4124439.65,0.0,162.79,2026-07-05 21:40:00,7.0,4170600.0,0.0,0.0,0.0,0.0,0.0,0.0,0.0,0.0,4124439.65,False,False,False,none
LD002136,Mombasa,AGO,Uhuru Energy Partners,TRK-996,30700.0,1648733.5,1679424.6,2026-07-05 10:16:00,30691.100000000093,DS002110,30639.0,2026-07-05 11:19:00,Dispatched,1.0,30639.0,4661245.38,4661245.38,0.0,152.13,2026-07-05 11:19:00,3.0,4764640.0,0.0,0.0,0.0,0.0,0.0,0.0,0.0,0.0,4661245.38,False,False,False,none
LD002137,Mombasa,PMS,Amani Petroleum,TRK-384,27800.0,3954156.2,3981957.8,2026-07-05 09:15:00,27801.599999999627,DS002111,27864.0,2026-07-05 10:00:00,Dispatched,1.0,27864.0,4585791.17,4585791.17,0.0,164.58,2026-07-06 11:00:00,14.0,4600900.0,1.0,0.0,0.0,0.0,0.0,0.0,0.0,0.0,4585791.17,False,False,False,none
LD002138,Mombasa,PMS,Zenith Petroleum,TRK-919,30700.0,1505133.9,1535838.7,2026-07-05 05:40:00,30704.800000000047,DS002112,30657.0,2026-07-05 06:29:00,Dispatched,1.0,30657.0,5118549.83,5118549.83,0.0,166.96,2026-07-06 08:29:00,1.0,5080850.0,1.0,0.0,0.0,0.0,0.0,0.0,0.0,0.0,5118549.83,False,False,False,none
LD002139,Mombasa,PMS,Amani Petroleum,TRK-251,35100.0,1530296.3,1565392.6,2026-07-05 20:49:00,35096.30000000005,DS002113,35150.0,2026-07-05 22:06:00,Dispatched,1.0,35150.0,5737530.77,5737530.77,0.0,163.23,2026-07-06 05:06:00,14.0,5809050.0,0.0,0.0,0.0,0.0,0.0,0.0,0.0,0.0,5737530.77,False,False,False,none
LD002140,Mombasa,AGO,Crescent Oil Ltd,TRK-301,34900.0,3879838.2,3914742.5,2026-07-05 21:37:00,34904.299999999814,DS002114,34893.0,2026-07-05 23:22:00,Dispatched,1.0,31409.0,4800584.24,4800584.24,0.0,152.84,2026-07-06 06:22:00,1.0,5416480.0,0.0,0.0,0.0,0.0,0.0,3484.0,532494.56,532494.56,4800584.24,False,False,True,underbilling
LD002141,Mombasa,AGO,Highland Energy Co,TRK-567,32100.0,1876236.7,1908347.1,2026-07-05 22:18:00,32110.40000000014,DS002115,32117.0,2026-07-05 23:22:00,Dispatched,1.0,29514.0,4671139.82,4671139.82,0.0,158.27,2026-07-08 03:22:00,14.0,4981920.0,2.0,0.0,0.0,0.0,0.0,2603.0,411976.81,411976.81,4671139.82,False,False,True,underbilling
LD002142,Mombasa,PMS,Lakeview Energy,TRK-999,32300.0,1415837.5,1448132.5,2026-07-05 18:37:00,32295.0,DS002116,32336.0,2026-07-05 19:13:00,Dispatched,1.0,32336.0,5413423.72,5413423.72,0.0,167.41,2026-07-06 00:13:00,7.0,5345650.0,0.0,0.0,0.0,0.0,0.0,0.0,0.0,0.0,5413423.72,False,False,False,none
LD002143,Mombasa,IK,Mara Fuels,TRK-328,35400.0,4560882.7,4596286.6,2026-07-05 12:59:00,35403.89999999944,DS002117,35374.0,2026-07-05 13:43:00,Dispatched,1.0,35374.0,4917125.37,4917125.37,0.0,139.0,2026-07-07 18:43:00,7.0,4956000.0,2.0,0.0,0.0,0.0,0.0,0.0,0.0,0.0,4917125.37,False,False,False,none
LD002144,Nairobi,PMS,Nyanza Petroleum Co,TRK-693,25000.0,3323874.3,3348871.5,2026-07-05 06:52:00,24997.200000000186,DS002118,25028.0,2026-07-05 07:45:00,Dispatched,1.0,25028.0,4152663.57,4152663.57,0.0,165.92,2026-07-05 15:45:00,14.0,4137500.0,0.0,0.0,0.0,0.0,0.0,0.0,0.0,0.0,4152663.57,False,False,False,none
LD002145,Nairobi,PMS,Savannah Petroleum,TRK-941,31700.0,2643731.6,2675438.8,2026-07-05 21:14:00,31707.19999999972,DS002119,30202.0,2026-07-05 22:57:00,Dispatched,1.0,30202.0,4975675.53,4975675.53,0.0,164.75,2026-07-08 23:57:00,1.0,5246350.0,3.0,0.0,1498.0,247919.0,0.0,0.0,0.0,247919.0,4975675.53,False,False,True,shrinkage
LD002146,Nairobi,PMS,Lakeview Energy,TRK-380,31400.0,1207864.4,1239269.1,2026-07-05 18:03:00,31404.700000000186,DS002120,31357.0,2026-07-05 20:24:00,Dispatched,1.0,31357.0,5163515.01,5163515.01,0.0,164.67,2026-07-06 00:24:00,7.0,5196700.0,0.0,0.0,0.0,0.0,0.0,0.0,0.0,0.0,5163515.01,False,False,False,none
LD002147,Nairobi,AGO,Crescent Oil Ltd,TRK-608,33800.0,2833013.3,2866808.9,2026-07-05 14:49:00,33795.60000000009,DS002121,33955.0,2026-07-05 15:42:00,Dispatched,1.0,33955.0,5362397.61,5362397.61,0.0,157.93,2026-07-05 15:42:00,7.0,5245760.0,0.0,0.0,0.0,0.0,0.0,0.0,0.0,0.0,5362397.61,False,False,False,none
LD002148,Nairobi,AGO,Summit Downstream Ltd,TRK-436,27700.0,4547326.2,4575022.2,2026-07-05 12:59:00,27696.0,DS002122,27774.0,2026-07-05 14:11:00,Dispatched,1.0,27774.0,4233078.92,4233078.92,0.0,152.41,2026-07-06 19:11:00,7.0,4299040.0,1.0,0.0,0.0,0.0,0.0,0.0,0.0,0.0,4233078.92,False,False,False,none
LD002149,Nairobi,PMS,Mara Fuels,TRK-591,26100.0,3998903.0,4025002.7,2026-07-05 18:05:00,26099.700000000186,DS002123,26057.0,2026-07-05 19:47:00,Dispatched,1.0,26057.0,4234846.95,4234846.95,0.0,162.52,2026-07-05 23:47:00,60.0,4319550.0,0.0,0.0,0.0,0.0,0.0,0.0,0.0,0.0,4234846.95,False,True,False,none
LD002150,Nairobi,PMS,Coastline Energy Ltd,TRK-525,35900.0,4081751.2,4117646.6,2026-07-05 13:10:00,35895.39999999991,DS002124,35852.0,2026-07-05 14:40:00,Dispatched,1.0,35852.0,6029936.49,6029936.49,0.0,168.19,2026-07-07 18:40:00,1.0,5941450.0,2.0,0.0,0.0,0.0,0.0,0.0,0.0,0.0,6029936.49,False,False,False,none
LD002151,Nairobi,PMS,Horizon Oil Marketers,TRK-395,23400.0,3005765.9,3029163.5,2026-07-05 10:23:00,23397.600000000093,,,,,,,,,0.0,,,,3872700.0,,3872700.0,0.0,0.0,0.0,0.0,0.0,3872700.0,0.0,False,False,True,dispatch_capture_gap
LD002152,Nairobi,PMS,Horizon Oil Marketers,TRK-103,32500.0,4084899.3,4117392.1,2026-07-05 09:55:00,32492.80000000028,DS002125,32409.0,2026-07-05 10:47:00,Dispatched,1.0,32409.0,5350878.87,5350878.87,0.0,165.1,2026-07-05 10:47:00,14.0,5378750.0,0.0,0.0,0.0,0.0,0.0,0.0,0.0,0.0,5350878.87,False,False,False,none
LD002153,Nairobi,AGO,Horizon Oil Marketers,TRK-445,23600.0,4688893.3,4712484.6,2026-07-05 13:11:00,23591.299999999814,DS002126,23490.0,2026-07-05 14:40:00,Dispatched,1.0,23490.0,3593910.67,3593910.67,0.0,153.0,2026-07-12 22:40:00,7.0,3662719.9999999995,7.0,0.0,0.0,0.0,0.0,0.0,0.0,0.0,3593910.67,True,False,False,none
LD002154,Nairobi,AGO,Crescent Oil Ltd,TRK-185,28000.0,3420285.0,3448291.7,2026-07-05 20:42:00,28006.700000000186,DS002127,28009.0,2026-07-05 22:03:00,Dispatched,1.0,28009.0,4312964.1,4312964.1,0.0,153.98,2026-07-06 05:03:00,7.0,4345600.0,0.0,0.0,0.0,0.0,0.0,0.0,0.0,0.0,4312964.1,False,False,False,none
LD002155,Kisumu,PMS,Equator Fuels,TRK-356,21800.0,4029700.4,4051504.0,2026-07-05 17:51:00,21803.600000000093,DS002128,21913.0,2026-07-05 20:19:00,Dispatched,1.0,21913.0,3559331.41,3559331.41,0.0,162.43,2026-07-05 22:19:00,21.0,3607900.0,0.0,0.0,0.0,0.0,0.0,0.0,0.0,0.0,3559331.41,False,False,False,none
LD002156,Kisumu,IK,Tsavo Energy Group,TRK-264,34200.0,2052144.7,2086347.7,2026-07-05 07:04:00,34203.0,DS002129,34378.0,2026-07-05 08:48:00,Dispatched,1.0,34378.0,4826606.52,4826606.52,0.0,140.4,2026-07-12 12:48:00,3.0,4788000.0,7.0,0.0,0.0,0.0,0.0,0.0,0.0,0.0,4826606.52,True,False,False,none
LD002157,Kisumu,AGO,Mara Fuels,TRK-911,23600.0,2862022.7,2885627.2,2026-07-05 16:01:00,23604.5,DS002130,23643.0,2026-07-05 17:13:00,Dispatched,1.0,23643.0,3651585.98,3651585.98,0.0,154.45,2026-07-05 20:13:00,21.0,3662719.9999999995,0.0,0.0,0.0,0.0,0.0,0.0,0.0,0.0,3651585.98,False,False,False,none
LD002158,Kisumu,AGO,Tsavo Energy Group,TRK-752,30200.0,4499950.8,4530146.3,2026-07-05 17:13:00,30195.5,DS002131,30145.0,2026-07-05 18:40:00,Dispatched,1.0,30145.0,4653524.01,4653524.01,0.0,154.37,2026-07-08 01:40:00,1.0,4687040.0,2.0,0.0,0.0,0.0,0.0,0.0,0.0,0.0,4653524.01,False,False,False,none
LD002159,Kisumu,IK,Delta Oil Marketers,TRK-568,21300.0,4660333.3,4681632.9,2026-07-05 12:53:00,21299.60000000056,DS002132,21207.0,2026-07-05 14:04:00,Dispatched,1.0,21207.0,2921694.52,2921694.52,0.0,137.77,2026-07-05 21:04:00,7.0,2982000.0,0.0,0.0,0.0,0.0,0.0,0.0,0.0,0.0,2921694.52,False,False,False,none
LD002160,Kisumu,AGO,Savannah Petroleum,TRK-292,27000.0,4041246.6,4068237.2,2026-07-05 11:57:00,26990.600000000093,DS002133,27085.0,2026-07-05 14:42:00,Dispatched,1.0,27085.0,4149881.03,4149881.03,0.0,153.22,2026-07-07 22:42:00,21.0,4190399.9999999995,2.0,0.0,0.0,0.0,0.0,0.0,0.0,0.0,4149881.03,False,False,False,none
LD002161,Kisumu,PMS,Mara Fuels,TRK-957,26700.0,4774212.6,4800911.2,2026-07-05 16:41:00,26698.60000000056,DS002134,26736.0,2026-07-05 18:43:00,Dispatched,1.0,26736.0,4411879.5,4411879.5,0.0,165.01643850987432,2026-07-05 20:43:00,3.0,4418850.0,0.0,0.0,0.0,0.0,0.0,0.0,0.0,0.0,4411879.5,False,False,False,none
LD002162,Kisumu,AGO,Horizon Oil Marketers,TRK-674,21700.0,1404655.2,1426356.2,2026-07-05 07:08:00,21701.0,DS002135,21679.0,2026-07-05 07:47:00,Dispatched,1.0,21679.0,3427161.74,3427161.74,0.0,158.09,2026-07-05 12:47:00,21.0,3367839.9999999995,0.0,0.0,0.0,0.0,0.0,0.0,0.0,0.0,3427161.74,False,False,False,none
LD002163,Eldoret,AGO,Mara Fuels,TRK-930,34600.0,4784302.5,4818899.8,2026-07-05 22:35:00,34597.299999999814,DS002136,34550.0,2026-07-06 00:45:00,Dispatched,1.0,34550.0,5287668.19,5287668.19,0.0,153.04,2026-07-07 02:45:00,3.0,5369920.0,1.0,0.0,0.0,0.0,0.0,0.0,0.0,0.0,5287668.19,False,False,False,none
LD002164,Eldoret,PMS,Uhuru Energy Partners,TRK-979,24800.0,4580340.7,4605138.8,2026-07-05 22:52:00,24798.099999999627,DS002137,24845.0,2026-07-06 00:00:00,Dispatched,1.0,24845.0,4123332.46,3049539.65,1073792.81,165.96,2026-07-06 08:00:00,7.0,4104400.0,0.0,0.0,0.0,0.0,0.0,0.0,0.0,1073792.81,3049539.65,False,False,True,collections_gap
LD002165,Eldoret,IK,Aberdare Oil Traders,TRK-256,35600.0,4437299.8,4472899.0,2026-07-05 09:44:00,35599.200000000186,DS002138,35512.0,2026-07-05 11:30:00,Dispatched,1.0,35512.0,5026222.66,0.0,5026222.66,141.54,2026-07-05 15:30:00,,4984000.0,0.0,0.0,0.0,0.0,0.0,0.0,0.0,5026222.66,0.0,False,False,True,collections_gap
LD002166,Eldoret,AGO,Zenith Petroleum,TRK-415,27100.0,1184276.7,1211376.6,2026-07-05 07:33:00,27099.90000000014,DS002139,25491.0,2026-07-05 08:24:00,Dispatched,1.0,25491.0,3945653.41,3945653.41,0.0,154.79,2026-07-06 08:24:00,14.0,4205920.0,1.0,0.0,1609.0,249716.8,0.0,0.0,0.0,249716.8,3945653.41,False,False,True,shrinkage
LD002167,Eldoret,PMS,Mara Fuels,TRK-195,28700.0,2354216.1,2382927.9,2026-07-05 05:18:00,28711.799999999814,DS002140,28721.0,2026-07-05 07:57:00,Dispatched,1.0,28721.0,4732549.49,4732549.49,0.0,164.78,2026-07-12 10:57:00,45.0,4749850.0,7.0,0.0,0.0,0.0,0.0,0.0,0.0,0.0,4732549.49,True,True,False,none
LD002168,Eldoret,PMS,Mara Fuels,TRK-226,33900.0,3647606.3,3681503.5,2026-07-05 08:16:00,33897.200000000186,DS002141,34053.0,2026-07-05 08:53:00,Dispatched,1.0,34053.0,5673141.72,5673141.72,0.0,166.6,2026-07-05 08:53:00,7.0,5610450.0,0.0,0.0,0.0,0.0,0.0,0.0,0.0,0.0,5673141.72,False,False,False,none
LD002169,Eldoret,AGO,Savannah Petroleum,TRK-961,26900.0,4277711.4,4304602.4,2026-07-05 07:14:00,26891.0,DS002142,26879.0,2026-07-05 08:47:00,Dispatched,1.0,26879.0,4192681.64,4192681.64,0.0,155.98,2026-07-07 11:47:00,3.0,4174879.9999999995,2.0,0.0,0.0,0.0,0.0,0.0,0.0,0.0,4192681.64,False,False,False,none
LD002170,Eldoret,AGO,Pioneer Fuels Kenya,TRK-659,20800.0,3674186.8,3694988.1,2026-07-05 22:59:00,20801.30000000028,DS002143,20786.0,2026-07-06 01:35:00,Dispatched,1.0,20786.0,3209590.35,3209590.35,0.0,154.41,2026-07-07 02:35:00,30.0,3228159.9999999995,1.0,0.0,0.0,0.0,0.0,0.0,0.0,0.0,3209590.35,False,False,False,none
LD002171,Eldoret,PMS,Savannah Petroleum,TRK-999,33800.0,1651610.6,1685412.4,2026-07-05 17:48:00,33801.799999999814,DS002144,33654.0,2026-07-05 19:46:00,Dispatched,1.0,33654.0,5502239.6,5502239.6,0.0,163.49437214001307,2026-07-06 23:46:00,3.0,5593900.0,1.0,0.0,0.0,0.0,0.0,0.0,0.0,0.0,5502239.6,False,False,False,none
LD002172,Eldoret,AGO,Savannah Petroleum,TRK-196,34600.0,2061140.4,2095742.0,2026-07-05 13:47:00,34601.60000000009,DS002145,34675.0,2026-07-05 14:56:00,Dispatched,1.0,34675.0,5321599.08,5321599.08,0.0,153.47,2026-07-06 18:56:00,14.0,5369920.0,1.0,0.0,0.0,0.0,0.0,0.0,0.0,0.0,5321599.08,False,False,False,none
LD002173,Eldoret,PMS,Delta Oil Marketers,TRK-515,34500.0,2282651.0,2317147.9,2026-07-05 20:02:00,34496.89999999991,DS002146,34588.0,2026-07-05 20:51:00,Dispatched,1.0,34588.0,5823633.62,5823633.62,0.0,168.37,2026-07-05 22:51:00,45.0,5709750.0,0.0,0.0,0.0,0.0,0.0,0.0,0.0,0.0,5823633.62,False,True,False,none
LD002174,Eldoret,PMS,Nyanza Petroleum Co,TRK-272,20700.0,3881492.9,3902193.3,2026-07-05 22:57:00,20700.399999999907,DS002147,20656.0,2026-07-05 23:33:00,Dispatched,1.0,20656.0,3377084.64,3377084.64,0.0,163.49,2026-07-05 23:33:00,14.0,3425850.0,0.0,0.0,0.0,0.0,0.0,0.0,0.0,0.0,3377084.64,False,False,False,none
LD002175,Nakuru,AGO,Equator Fuels,TRK-229,24100.0,1761654.0,1785751.8,2026-07-05 05:30:00,24097.800000000047,DS002148,24227.0,2026-07-05 06:14:00,Dispatched,1.0,24227.0,3734529.53,3734529.53,0.0,154.15,2026-07-05 10:14:00,3.0,3740319.9999999995,0.0,0.0,0.0,0.0,0.0,0.0,0.0,0.0,3734529.53,False,False,False,none
LD002176,Nakuru,IK,Amani Petroleum,TRK-690,27800.0,2419980.5,2447774.4,2026-07-05 05:43:00,27793.899999999907,DS002149,27751.0,2026-07-05 06:20:00,Dispatched,1.0,27751.0,3818214.84,3818214.84,0.0,137.59,2026-07-06 07:20:00,3.0,3892000.0,1.0,0.0,0.0,0.0,0.0,0.0,0.0,0.0,3818214.84,False,False,False,none
LD002177,Nakuru,AGO,Uhuru Energy Partners,TRK-782,25100.0,4855664.0,4880763.3,2026-07-05 12:03:00,25099.299999999814,DS002150,25147.0,2026-07-05 13:25:00,Dispatched,1.0,25147.0,3870485.17,3870485.17,0.0,153.91,2026-07-05 20:25:00,3.0,3895519.9999999995,0.0,0.0,0.0,0.0,0.0,0.0,0.0,0.0,3870485.17,False,False,False,none
LD002178,Nakuru,AGO,Baraka Downstream,TRK-704,26900.0,4500034.8,4526935.0,2026-07-05 14:22:00,26900.200000000186,DS002151,26918.0,2026-07-05 16:20:00,Dispatched,1.0,26918.0,4113779.63,4113779.63,0.0,152.83,2026-07-05 17:20:00,7.0,4174879.9999999995,0.0,0.0,0.0,0.0,0.0,0.0,0.0,0.0,4113779.63,False,False,False,none
LD002179,Nakuru,PMS,Uhuru Energy Partners,TRK-719,24800.0,1378225.4,1403028.3,2026-07-05 08:45:00,24802.90000000014,DS002152,24649.0,2026-07-05 10:17:00,Dispatched,1.0,24649.0,4044168.08,4044168.08,0.0,164.07,2026-07-05 17:17:00,3.0,4104400.0,0.0,0.0,0.0,0.0,0.0,0.0,0.0,0.0,4044168.08,False,False,False,none
LD002180,Nakuru,IK,Equator Fuels,TRK-807,29100.0,1214306.2,1243413.3,2026-07-05 17:37:00,29107.100000000093,DS002153,29147.0,2026-07-05 20:05:00,Dispatched,1.0,29147.0,4143538.58,4143538.58,0.0,142.16,2026-07-06 01:05:00,21.0,4074000.0,0.0,0.0,0.0,0.0,0.0,0.0,0.0,0.0,4143538.58,False,False,False,none
LD002181,Nakuru,AGO,Nyanza Petroleum Co,TRK-141,22200.0,3490197.6,3512397.7,2026-07-05 08:42:00,22200.100000000093,DS002154,22230.0,2026-07-05 09:14:00,Dispatched,1.0,22230.0,3409962.03,3409962.03,0.0,153.39,2026-07-08 15:14:00,7.0,3445439.9999999995,3.0,0.0,0.0,0.0,0.0,0.0,0.0,0.0,3409962.03,False,False,False,none
LD002182,Nakuru,AGO,Summit Downstream Ltd,TRK-323,28700.0,2134028.8,2162721.5,2026-07-05 07:43:00,28692.700000000186,DS002155,28548.0,2026-07-05 08:25:00,Dispatched,1.0,28548.0,4439031.11,4439031.11,0.0,155.49,2026-07-05 15:25:00,45.0,4454240.0,0.0,0.0,0.0,0.0,0.0,0.0,0.0,0.0,4439031.11,False,True,False,none
LD002183,Nakuru,AGO,Horizon Oil Marketers,TRK-114,35200.0,4369856.4,4405054.5,2026-07-05 11:45:00,35198.09999999963,DS002156,35361.0,2026-07-05 13:10:00,Dispatched,1.0,35361.0,5588467.44,5588467.44,0.0,158.04,2026-07-06 14:10:00,30.0,5463040.0,1.0,0.0,0.0,0.0,0.0,0.0,0.0,0.0,5588467.44,False,False,False,none
LD002184,Nakuru,PMS,Baraka Downstream,TRK-904,21700.0,2971125.4,2992826.4,2026-07-05 19:09:00,21701.0,DS002157,21730.0,2026-07-05 21:55:00,Dispatched,1.0,21730.0,3613318.43,2890112.91,723205.52,166.28,2026-07-06 00:55:00,3.0,3591350.0,0.0,0.0,0.0,0.0,0.0,0.0,0.0,723205.52,2890112.91,False,False,True,collections_gap
LD002185,Nakuru,PMS,Amani Petroleum,TRK-554,22600.0,4913061.9,4935661.7,2026-07-05 18:24:00,22599.799999999814,DS002158,22684.0,2026-07-05 19:37:00,Dispatched,1.0,22684.0,3746686.66,3746686.66,0.0,165.17,2026-07-08 22:37:00,14.0,3740300.0,3.0,0.0,0.0,0.0,0.0,0.0,0.0,0.0,3746686.66,False,False,False,none
LD002186,Nakuru,AGO,Summit Downstream Ltd,TRK-990,25800.0,3557545.7,3583339.5,2026-07-05 09:13:00,25793.799999999814,DS002159,25667.0,2026-07-05 11:49:00,Dispatched,1.0,25667.0,3963990.76,3963990.76,0.0,154.44,2026-07-05 19:49:00,3.0,4004159.9999999995,0.0,0.0,0.0,0.0,0.0,0.0,0.0,0.0,3963990.76,False,False,False,none
LD002187,Nakuru,AGO,Savannah Petroleum,TRK-543,22100.0,2721265.7,2743368.6,2026-07-05 13:27:00,22102.899999999907,DS002160,22073.0,2026-07-05 14:33:00,Dispatched,1.0,22073.0,3359495.1,3359495.1,0.0,152.2,2026-07-05 17:33:00,3.0,3429919.9999999995,0.0,0.0,0.0,0.0,0.0,0.0,0.0,0.0,3359495.1,False,False,False,none
LD002188,Nakuru,PMS,Kilele Fuels,TRK-308,20600.0,4654910.0,4675508.3,2026-07-05 06:47:00,20598.299999999814,DS002161,20673.0,2026-07-05 08:48:00,Dispatched,1.0,20673.0,3385583.41,3385583.41,0.0,163.77,2026-07-07 10:48:00,14.0,3409300.0,2.0,0.0,0.0,0.0,0.0,0.0,0.0,0.0,3385583.41,False,False,False,none
LD002189,Kisii,AGO,Aberdare Oil Traders,TRK-887,31400.0,2920074.0,2951468.5,2026-07-05 09:18:00,31394.5,DS002162,31252.0,2026-07-05 10:17:00,Dispatched,1.0,31252.0,4922566.9,4922566.9,0.0,157.51,2026-07-05 16:17:00,30.0,4873280.0,0.0,0.0,0.0,0.0,0.0,0.0,0.0,0.0,4922566.9,False,False,False,none
LD002190,Kisii,AGO,Pioneer Fuels Kenya,TRK-410,27100.0,4082767.9,4109866.4,2026-07-05 21:04:00,27098.5,DS002163,27069.0,2026-07-05 22:53:00,Dispatched,1.0,27069.0,4157225.68,4157225.68,0.0,153.58,2026-07-05 23:53:00,1.0,4205920.0,0.0,0.0,0.0,0.0,0.0,0.0,0.0,0.0,4157225.68,False,False,False,none
LD002191,Kisii,PMS,Delta Oil Marketers,TRK-376,24200.0,1021594.2,1045789.5,2026-07-05 13:53:00,24195.300000000047,DS002164,24230.0,2026-07-05 16:41:00,Dispatched,1.0,24230.0,3968446.6,3968446.6,0.0,163.78,2026-07-05 21:41:00,3.0,4005100.0,0.0,0.0,0.0,0.0,0.0,0.0,0.0,0.0,3968446.6,False,False,False,none
LD002192,Kisii,PMS,Nyanza Petroleum Co,TRK-493,25100.0,4470566.5,4495667.8,2026-07-05 09:01:00,25101.299999999814,DS002165,24957.0,2026-07-05 11:55:00,Dispatched,1.0,24957.0,4186759.31,4186759.31,0.0,167.76,2026-07-05 13:55:00,3.0,4154050.0,0.0,0.0,0.0,0.0,0.0,0.0,0.0,0.0,4186759.31,False,False,False,none
LD002193,Kisii,PMS,Aberdare Oil Traders,TRK-378,23700.0,3430783.6,3454477.0,2026-07-05 16:33:00,23693.399999999907,DS002166,23606.0,2026-07-05 17:11:00,Dispatched,1.0,23606.0,3916459.14,3916459.14,0.0,165.91,2026-07-05 23:11:00,21.0,3922350.0,0.0,0.0,0.0,0.0,0.0,0.0,0.0,0.0,3916459.14,False,False,False,none
LD002194,Kisii,AGO,Pioneer Fuels Kenya,TRK-209,33000.0,3971325.1,4004322.9,2026-07-05 05:04:00,32997.799999999814,DS002167,33137.0,2026-07-05 07:46:00,Dispatched,1.0,33137.0,5235335.46,5235335.46,0.0,157.99,2026-07-05 11:46:00,45.0,5121600.0,0.0,0.0,0.0,0.0,0.0,0.0,0.0,0.0,5235335.46,False,True,False,none
LD002195,Kisii,PMS,Highland Energy Co,TRK-688,30600.0,1945346.4,1975947.2,2026-07-05 12:48:00,30600.800000000047,DS002168,30605.0,2026-07-05 15:20:00,Dispatched,1.0,30605.0,5146808.25,5146808.25,0.0,168.17,2026-07-06 17:20:00,1.0,5064300.0,1.0,0.0,0.0,0.0,0.0,0.0,0.0,0.0,5146808.25,False,False,False,none
LD002196,Kisii,AGO,Baraka Downstream,TRK-435,28900.0,1753540.0,1782435.6,2026-07-05 21:00:00,28895.600000000093,DS002169,29002.0,2026-07-05 21:52:00,Dispatched,1.0,29002.0,4557045.17,4557045.17,0.0,157.13,2026-07-06 01:52:00,7.0,4485280.0,0.0,0.0,0.0,0.0,0.0,0.0,0.0,0.0,4557045.17,False,False,False,none
LD002197,Mombasa,AGO,Equator Fuels,TRK-850,28300.0,2409235.5,2437539.7,2026-07-06 05:30:00,28304.200000000186,DS002170,28315.0,2026-07-06 07:28:00,Dispatched,1.0,28315.0,4430162.33,4430162.33,0.0,156.46,2026-07-09 13:28:00,45.0,4392160.0,3.0,0.0,0.0,0.0,0.0,0.0,0.0,0.0,4430162.33,False,True,False,none
LD002198,Mombasa,PMS,Equator Fuels,TRK-785,28500.0,4776165.1,4804658.7,2026-07-06 13:37:00,28493.60000000056,DS002171,28710.0,2026-07-06 14:38:00,Dispatched,1.0,28710.0,4659531.08,4659531.08,0.0,162.3,2026-07-06 15:38:00,3.0,4716750.0,0.0,0.0,0.0,0.0,0.0,0.0,0.0,0.0,4659531.08,False,False,False,none
LD002199,Mombasa,PMS,Nyanza Petroleum Co,TRK-978,26300.0,3775453.4,3801767.5,2026-07-06 11:56:00,26314.100000000093,DS002172,26335.0,2026-07-06 12:54:00,Dispatched,1.0,26335.0,4291862.37,4291862.37,0.0,162.97,2026-07-06 17:54:00,21.0,4352650.0,0.0,0.0,0.0,0.0,0.0,0.0,0.0,0.0,4291862.37,False,False,False,none
LD002200,Mombasa,AGO,Mara Fuels,TRK-541,24300.0,2819803.1,2844091.1,2026-07-06 12:34:00,24288.0,DS002173,24393.0,2026-07-06 13:49:00,Dispatched,1.0,24393.0,3794426.24,3794426.24,0.0,155.55,2026-07-08 13:49:00,1.0,3771359.9999999995,2.0,0.0,0.0,0.0,0.0,0.0,0.0,0.0,3794426.24,False,False,False,none
LD002201,Mombasa,PMS,Uhuru Energy Partners,TRK-309,27500.0,3826570.1,3854069.2,2026-07-06 09:14:00,27499.100000000093,DS002174,27480.0,2026-07-06 10:01:00,Dispatched,1.0,27480.0,4502982.21,4502982.21,0.0,163.86,2026-07-07 10:01:00,7.0,4551250.0,1.0,0.0,0.0,0.0,0.0,0.0,0.0,0.0,4502982.21,False,False,False,none
LD002202,Mombasa,AGO,Highland Energy Co,TRK-238,20700.0,2985180.5,3005882.7,2026-07-06 07:06:00,20702.200000000186,DS002175,20713.0,2026-07-06 09:14:00,Dispatched,1.0,20713.0,3176923.69,3176923.69,0.0,153.38,2026-07-06 14:14:00,7.0,3212639.9999999995,0.0,0.0,0.0,0.0,0.0,0.0,0.0,0.0,3176923.69,False,False,False,none
LD002203,Mombasa,PMS,Aberdare Oil Traders,TRK-701,28700.0,1673762.2,1702464.1,2026-07-06 08:02:00,28701.90000000014,DS002176,28755.0,2026-07-06 10:44:00,Dispatched,1.0,28755.0,4804665.7,4804665.7,0.0,167.09,2026-07-06 18:44:00,21.0,4749850.0,0.0,0.0,0.0,0.0,0.0,0.0,0.0,0.0,4804665.7,False,False,False,none
LD002204,Mombasa,IK,Equator Fuels,TRK-342,27300.0,3162444.0,3189747.5,2026-07-06 19:57:00,27303.5,DS002177,27366.0,2026-07-06 21:54:00,Dispatched,1.0,27366.0,3861677.36,3861677.36,0.0,141.11,2026-07-07 01:54:00,3.0,3822000.0,0.0,0.0,0.0,0.0,0.0,0.0,0.0,0.0,3861677.36,False,False,False,none
LD002205,Nairobi,AGO,Nyanza Petroleum Co,TRK-805,23100.0,3926718.4,3949819.0,2026-07-06 22:47:00,23100.600000000093,DS002178,23097.0,2026-07-07 00:23:00,Dispatched,1.0,23097.0,3639921.29,3639921.29,0.0,157.59,2026-07-08 03:23:00,3.0,3585119.9999999995,1.0,0.0,0.0,0.0,0.0,0.0,0.0,0.0,3639921.29,False,False,False,none
LD002206,Nairobi,AGO,Delta Oil Marketers,TRK-321,28200.0,1422802.4,1451001.8,2026-07-06 05:59:00,28199.40000000014,DS002179,28200.0,2026-07-06 07:34:00,Dispatched,1.0,28200.0,4368036.7,4368036.7,0.0,154.89,2026-07-06 14:34:00,3.0,4376640.0,0.0,0.0,0.0,0.0,0.0,0.0,0.0,0.0,4368036.7,False,False,False,none
LD002207,Nairobi,PMS,Nyanza Petroleum Co,TRK-384,31100.0,3076652.2,3107748.9,2026-07-06 21:37:00,31096.69999999972,DS002180,31147.0,2026-07-06 22:29:00,Dispatched,1.0,31147.0,5120838.21,5120838.21,0.0,164.41,2026-07-07 04:29:00,14.0,5147050.0,0.0,0.0,0.0,0.0,0.0,0.0,0.0,0.0,5120838.21,False,False,False,none
LD002208,Nairobi,AGO,Kilele Fuels,TRK-268,24800.0,2052103.3,2076894.8,2026-07-06 16:48:00,24791.5,DS002181,24837.0,2026-07-06 18:27:00,Dispatched,1.0,24837.0,3890588.17,3890588.17,0.0,156.64485123001973,2026-07-07 19:27:00,30.0,3848959.9999999995,1.0,0.0,0.0,0.0,0.0,0.0,0.0,0.0,3890588.17,False,False,False,none
LD002209,Nairobi,IK,Aberdare Oil Traders,TRK-942,22600.0,2451068.5,2473672.6,2026-07-06 05:42:00,22604.100000000093,DS002182,22531.0,2026-07-06 07:42:00,Dispatched,1.0,22531.0,3118770.67,3118770.67,0.0,138.42,2026-07-06 11:42:00,30.0,3164000.0,0.0,0.0,0.0,0.0,0.0,0.0,0.0,0.0,3118770.67,False,False,False,none
LD002210,Nairobi,AGO,Equator Fuels,TRK-402,30900.0,3007361.0,3038255.4,2026-07-06 10:12:00,30894.399999999907,,,,,,,,,0.0,,,,4795680.0,,4795680.0,0.0,0.0,0.0,0.0,0.0,4795680.0,0.0,False,False,True,dispatch_capture_gap
LD002211,Nairobi,AGO,Baraka Downstream,TRK-843,32400.0,4365358.9,4397768.2,2026-07-06 12:39:00,32409.299999999814,DS002183,32422.0,2026-07-06 13:31:00,Dispatched,1.0,32422.0,5008236.0,5008236.0,0.0,154.47,2026-07-07 17:31:00,1.0,5028480.0,1.0,0.0,0.0,0.0,0.0,0.0,0.0,0.0,5008236.0,False,False,False,none
LD002212,Nairobi,AGO,Uhuru Energy Partners,TRK-164,24500.0,4579476.8,4603983.0,2026-07-06 14:53:00,24506.200000000186,DS002184,24524.0,2026-07-06 16:01:00,Dispatched,1.0,24524.0,3857299.65,3021906.18,835393.4699999997,157.29,2026-07-07 23:01:00,1.0,3802399.9999999995,1.0,0.0,0.0,0.0,0.0,0.0,0.0,835393.4699999997,3021906.18,False,False,True,collections_gap
LD002213,Nairobi,PMS,Savannah Petroleum,TRK-800,20400.0,2394409.9,2414807.9,2026-07-06 10:23:00,20398.0,DS002185,20340.0,2026-07-06 12:53:00,Dispatched,1.0,20340.0,3386804.16,3386804.16,0.0,166.51,2026-07-07 17:53:00,7.0,3376200.0,1.0,0.0,0.0,0.0,0.0,0.0,0.0,0.0,3386804.16,False,False,False,none
LD002214,Nairobi,PMS,Lakeview Energy,TRK-211,22900.0,3357142.9,3380044.0,2026-07-06 10:13:00,22901.100000000093,DS002186,22962.0,2026-07-06 12:36:00,Dispatched,1.0,22962.0,3846362.58,3846362.58,0.0,167.51,2026-07-07 19:36:00,21.0,3789950.0,1.0,0.0,0.0,0.0,0.0,0.0,0.0,0.0,3846362.58,False,False,False,none
LD002215,Kisumu,AGO,Amani Petroleum,TRK-793,21000.0,1649993.7,1670995.3,2026-07-06 10:17:00,21001.600000000093,DS002187,21026.0,2026-07-06 11:46:00,Dispatched,1.0,21026.0,3206430.08,3206430.08,0.0,152.5,2026-07-07 17:46:00,1.0,3259199.9999999995,1.0,0.0,0.0,0.0,0.0,0.0,0.0,0.0,3206430.08,False,False,False,none
LD002216,Kisumu,AGO,Crescent Oil Ltd,TRK-680,24000.0,1262403.1,1286406.4,2026-07-06 10:53:00,24003.299999999814,DS002188,24168.0,2026-07-06 12:46:00,Dispatched,1.0,24168.0,3824288.13,3824288.13,0.0,158.24,2026-07-06 13:46:00,1.0,3724799.9999999995,0.0,0.0,0.0,0.0,0.0,0.0,0.0,0.0,3824288.13,False,False,False,none
LD002217,Kisumu,PMS,Mara Fuels,TRK-319,31000.0,3289630.9,3320622.3,2026-07-06 19:17:00,30991.399999999907,DS002189,30998.0,2026-07-06 22:16:00,Dispatched,1.0,30998.0,5147966.39,5147966.39,0.0,166.07,2026-07-07 04:16:00,3.0,5130500.0,0.0,0.0,0.0,0.0,0.0,0.0,0.0,0.0,5147966.39,False,False,False,none
LD002218,Kisumu,PMS,Highland Energy Co,TRK-193,23500.0,3678445.0,3701939.0,2026-07-06 14:24:00,23494.0,DS002190,23580.0,2026-07-06 16:26:00,Dispatched,1.0,23580.0,3916001.76,3916001.76,0.0,166.07,2026-07-09 00:26:00,21.0,3889250.0,2.0,0.0,0.0,0.0,0.0,0.0,0.0,0.0,3916001.76,False,False,False,none
LD002219,Kisumu,AGO,Savannah Petroleum,TRK-817,35500.0,1702861.0,1738353.7,2026-07-06 09:57:00,35492.69999999995,DS002191,35557.0,2026-07-06 11:33:00,Dispatched,1.0,35557.0,5425786.95,5425786.95,0.0,152.59,2026-07-06 11:33:00,7.0,5509600.0,0.0,0.0,0.0,0.0,0.0,0.0,0.0,0.0,5425786.95,False,False,False,none
LD002220,Kisumu,AGO,Pioneer Fuels Kenya,TRK-936,27100.0,2016589.1,2043698.4,2026-07-06 17:58:00,27109.299999999814,DS002192,27256.0,2026-07-06 20:43:00,Dispatched,1.0,27256.0,4176335.35,4176335.35,0.0,153.23,2026-07-07 03:43:00,7.0,4205920.0,0.0,0.0,0.0,0.0,0.0,0.0,0.0,0.0,4176335.35,False,False,False,none
LD002221,Kisumu,AGO,Nyanza Petroleum Co,TRK-346,33200.0,2941022.4,2974213.1,2026-07-06 22:56:00,33190.700000000186,DS002193,33103.0,2026-07-07 01:27:00,Dispatched,1.0,33103.0,5181775.38,5181775.38,0.0,156.53,2026-07-14 02:27:00,30.0,5152640.0,7.0,0.0,0.0,0.0,0.0,0.0,0.0,0.0,5181775.38,True,False,False,none
LD002222,Kisumu,PMS,Mara Fuels,TRK-195,22900.0,1343641.6,1366543.7,2026-07-06 22:05:00,22902.09999999986,DS002194,22866.0,2026-07-07 00:39:00,Dispatched,1.0,22866.0,3774630.48,3774630.48,0.0,165.08,2026-07-09 04:39:00,21.0,3789950.0,2.0,0.0,0.0,0.0,0.0,0.0,0.0,0.0,3774630.48,False,False,False,none
LD002223,Kisumu,PMS,Tsavo Energy Group,TRK-602,31400.0,1784937.1,1816332.6,2026-07-06 09:52:00,31395.5,DS002195,31312.0,2026-07-06 10:53:00,Dispatched,1.0,31312.0,5133779.72,5133779.72,0.0,163.96,2026-07-06 17:53:00,21.0,5196700.0,0.0,0.0,0.0,0.0,0.0,0.0,0.0,0.0,5133779.72,False,False,False,none
LD002224,Kisumu,AGO,Lakeview Energy,TRK-739,26700.0,2876710.0,2903417.9,2026-07-06 12:44:00,26707.899999999907,DS002196,26694.0,2026-07-06 14:53:00,Dispatched,1.0,26694.0,4140717.92,4140717.92,0.0,155.12,2026-07-06 16:53:00,7.0,4143839.9999999995,0.0,0.0,0.0,0.0,0.0,0.0,0.0,0.0,4140717.92,False,False,False,none
LD002225,Eldoret,PMS,Mara Fuels,TRK-797,28400.0,3936911.2,3965306.3,2026-07-06 22:05:00,28395.099999999627,DS002197,28304.0,2026-07-07 00:36:00,Dispatched,1.0,28304.0,4671834.53,4671834.53,0.0,165.05916230921426,2026-07-08 00:36:00,1.0,4700200.0,1.0,0.0,0.0,0.0,0.0,0.0,0.0,0.0,4671834.53,False,False,False,none
LD002226,Eldoret,PMS,Rift Valley Fuels Ltd,TRK-807,22900.0,2726640.9,2749544.4,2026-07-06 05:49:00,22903.5,DS002198,22795.0,2026-07-06 06:52:00,Dispatched,1.0,22795.0,3846065.7,3846065.7,0.0,168.72,2026-07-07 13:52:00,3.0,3789950.0,1.0,0.0,0.0,0.0,0.0,0.0,0.0,0.0,3846065.7,False,False,False,none
LD002227,Eldoret,PMS,Pioneer Fuels Kenya,TRK-804,33100.0,4371800.0,4404905.7,2026-07-06 10:48:00,33105.700000000186,DS002199,32888.0,2026-07-06 11:46:00,Dispatched,1.0,32888.0,5468060.24,5468060.24,0.0,166.26,2026-07-06 12:46:00,21.0,5478050.0,0.0,0.0,0.0,0.0,0.0,0.0,0.0,0.0,5468060.24,False,False,False,none
LD002228,Eldoret,IK,Highland Energy Co,TRK-158,20100.0,1140698.5,1160798.8,2026-07-06 08:28:00,20100.300000000047,DS002200,19967.0,2026-07-06 10:52:00,Dispatched,1.0,19967.0,2791646.07,2791646.07,0.0,139.81,2026-07-06 10:52:00,21.0,2814000.0,0.0,0.0,0.0,0.0,0.0,0.0,0.0,0.0,2791646.07,False,False,False,none
LD002229,Eldoret,AGO,Summit Downstream Ltd,TRK-913,34600.0,4101327.7,4135935.7,2026-07-06 16:20:00,34608.0,DS002201,34668.0,2026-07-06 18:11:00,Dispatched,1.0,34668.0,5392997.67,5392997.67,0.0,155.56,2026-07-06 22:11:00,60.0,5369920.0,0.0,0.0,0.0,0.0,0.0,0.0,0.0,0.0,5392997.67,False,True,False,none
LD002230,Eldoret,AGO,Lakeview Energy,TRK-251,35300.0,4088358.1,4123656.5,2026-07-06 13:10:00,35298.39999999991,DS002202,35252.0,2026-07-06 14:34:00,Dispatched,1.0,35252.0,5369739.24,5369739.24,0.0,152.32,2026-07-06 21:34:00,3.0,5478560.0,0.0,0.0,0.0,0.0,0.0,0.0,0.0,0.0,5369739.24,False,False,False,none
LD002231,Eldoret,PMS,Lakeview Energy,TRK-944,33500.0,4042426.3,4075928.0,2026-07-06 21:58:00,33501.700000000186,DS002203,33376.0,2026-07-07 00:39:00,Dispatched,1.0,33376.0,5441591.29,0.0,5441591.29,163.04,2026-07-09 06:39:00,,5544250.0,2.0,0.0,0.0,0.0,0.0,0.0,0.0,5441591.29,0.0,False,False,True,collections_gap
LD002232,Eldoret,PMS,Amani Petroleum,TRK-126,23100.0,4570445.3,4593543.6,2026-07-06 20:02:00,23098.299999999814,DS002204,23054.0,2026-07-06 22:25:00,Dispatched,1.0,23054.0,3811953.9,3811953.9,0.0,165.35,2026-07-07 02:25:00,1.0,3823050.0,0.0,0.0,0.0,0.0,0.0,0.0,0.0,0.0,3811953.9,False,False,False,none
LD002233,Eldoret,PMS,Nyanza Petroleum Co,TRK-751,27300.0,3707907.0,3735202.4,2026-07-06 13:56:00,27295.399999999907,DS002205,27257.0,2026-07-06 15:38:00,Dispatched,1.0,27257.0,4551752.93,4551752.93,0.0,166.99,2026-07-06 21:38:00,1.0,4518150.0,0.0,0.0,0.0,0.0,0.0,0.0,0.0,0.0,4551752.93,False,False,False,none
LD002234,Nakuru,PMS,Amani Petroleum,TRK-486,29700.0,2618823.5,2648523.5,2026-07-06 21:17:00,29700.0,DS002206,29614.0,2026-07-06 22:48:00,Dispatched,1.0,29614.0,4861000.61,4861000.61,0.0,164.15,2026-07-08 03:48:00,3.0,4915350.0,1.0,0.0,0.0,0.0,0.0,0.0,0.0,0.0,4861000.61,False,False,False,none
LD002235,Nakuru,PMS,Aberdare Oil Traders,TRK-429,23600.0,2028384.4,2051973.1,2026-07-06 09:51:00,23588.700000000186,DS002207,23714.0,2026-07-06 10:44:00,Dispatched,1.0,23714.0,3966675.87,3966675.87,0.0,167.27,2026-07-06 12:44:00,7.0,3905800.0,0.0,0.0,0.0,0.0,0.0,0.0,0.0,0.0,3966675.87,False,False,False,none
LD002236,Nakuru,PMS,Pioneer Fuels Kenya,TRK-142,34600.0,2473181.9,2507780.1,2026-07-06 10:50:00,34598.200000000186,DS002208,34747.0,2026-07-06 12:22:00,Dispatched,1.0,34747.0,5840274.99,5840274.99,0.0,168.08,2026-07-06 14:22:00,60.0,5726300.0,0.0,0.0,0.0,0.0,0.0,0.0,0.0,0.0,5840274.99,False,True,False,none
LD002237,Nakuru,AGO,Equator Fuels,TRK-716,26000.0,2534138.0,2560140.3,2026-07-06 06:26:00,26002.299999999814,DS002209,26124.0,2026-07-06 09:14:00,Dispatched,1.0,26124.0,4089744.19,4089744.19,0.0,156.55,2026-07-06 14:14:00,14.0,4035199.9999999995,0.0,0.0,0.0,0.0,0.0,0.0,0.0,0.0,4089744.19,False,False,False,none
LD002238,Nakuru,AGO,Crescent Oil Ltd,TRK-976,29800.0,2336572.1,2366377.1,2026-07-06 05:49:00,29805.0,DS002210,29816.0,2026-07-06 08:19:00,Dispatched,1.0,29816.0,4655421.18,4655421.18,0.0,156.14,2026-07-13 10:19:00,7.0,4624960.0,7.0,0.0,0.0,0.0,0.0,0.0,0.0,0.0,4655421.18,True,False,False,none
LD002239,Nakuru,PMS,Savannah Petroleum,TRK-986,33100.0,1153455.4,1186555.6,2026-07-06 06:17:00,33100.200000000186,DS002211,33128.0,2026-07-06 09:09:00,Dispatched,1.0,33128.0,5497465.16,5497465.16,0.0,165.95,2026-07-06 14:09:00,14.0,5478050.0,0.0,0.0,0.0,0.0,0.0,0.0,0.0,0.0,5497465.16,False,False,False,none
LD002240,Nakuru,AGO,Highland Energy Co,TRK-856,26400.0,2988669.1,3015074.6,2026-07-06 08:56:00,26405.5,DS002212,26348.0,2026-07-06 10:49:00,Dispatched,1.0,26348.0,4103083.48,4103083.48,0.0,155.73,2026-07-07 16:49:00,1.0,4097279.9999999995,1.0,0.0,0.0,0.0,0.0,0.0,0.0,0.0,4103083.48,False,False,False,none
LD002241,Nakuru,AGO,Tsavo Energy Group,TRK-585,30700.0,1051061.7,1081760.9,2026-07-06 13:54:00,30699.199999999953,DS002213,30622.0,2026-07-06 14:45:00,Dispatched,1.0,30622.0,4790271.4,0.0,4790271.4,156.43,2026-07-06 22:45:00,,4764640.0,0.0,0.0,0.0,0.0,0.0,0.0,0.0,4790271.4,0.0,False,False,True,collections_gap
LD002242,Nakuru,AGO,Equator Fuels,TRK-165,25500.0,1552982.3,1578487.6,2026-07-06 17:45:00,25505.300000000047,DS002214,25502.0,2026-07-06 20:14:00,Dispatched,1.0,25502.0,3881066.28,3881066.28,0.0,152.19,2026-07-06 22:14:00,30.0,3957599.9999999995,0.0,0.0,0.0,0.0,0.0,0.0,0.0,0.0,3881066.28,False,False,False,none
LD002243,Nakuru,PMS,Summit Downstream Ltd,TRK-402,27000.0,2985291.1,3012299.5,2026-07-06 07:09:00,27008.399999999907,DS002215,27053.0,2026-07-06 07:39:00,Dispatched,1.0,27053.0,4408664.22,4408664.22,0.0,162.96,2026-07-07 07:39:00,14.0,4468500.0,1.0,0.0,0.0,0.0,0.0,0.0,0.0,0.0,4408664.22,False,False,False,none
LD002244,Nakuru,AGO,Coastline Energy Ltd,TRK-348,26700.0,4845670.3,4872365.8,2026-07-06 14:26:00,26695.5,DS002216,26796.0,2026-07-06 15:26:00,Dispatched,1.0,26796.0,4219617.48,4219617.48,0.0,157.47,2026-07-08 21:26:00,3.0,4143839.9999999995,2.0,0.0,0.0,0.0,0.0,0.0,0.0,0.0,4219617.48,False,False,False,none
LD002245,Nakuru,PMS,Equator Fuels,TRK-896,29600.0,4229911.7,4259510.5,2026-07-06 21:27:00,29598.799999999814,DS002217,29552.0,2026-07-06 22:17:00,Dispatched,1.0,29552.0,4923033.33,4923033.33,0.0,166.59,2026-07-14 00:17:00,14.0,4898800.0,7.0,0.0,0.0,0.0,0.0,0.0,0.0,0.0,4923033.33,True,False,False,none
LD002246,Kisii,AGO,Summit Downstream Ltd,TRK-746,29100.0,4444454.1,4473549.6,2026-07-06 06:52:00,29095.5,DS002218,28991.0,2026-07-06 09:49:00,Dispatched,1.0,28991.0,4472817.32,4472817.32,0.0,154.28,2026-07-07 09:49:00,14.0,4516320.0,1.0,0.0,0.0,0.0,0.0,0.0,0.0,0.0,4472817.32,False,False,False,none
LD002247,Kisii,PMS,Coastline Energy Ltd,TRK-143,21300.0,1290299.2,1311597.2,2026-07-06 16:48:00,21298.0,DS002219,21347.0,2026-07-06 18:35:00,Dispatched,1.0,21347.0,3489169.96,0.0,3489169.96,163.45,2026-07-07 23:35:00,,3525150.0,1.0,0.0,0.0,0.0,0.0,0.0,0.0,3489169.96,0.0,False,False,True,collections_gap
LD002248,Kisii,AGO,Highland Energy Co,TRK-400,30700.0,3171512.5,3202214.9,2026-07-06 16:21:00,30702.399999999907,DS002220,30533.0,2026-07-06 17:38:00,Dispatched,1.0,30533.0,4780030.08,4780030.08,0.0,156.55,2026-07-06 22:38:00,1.0,4764640.0,0.0,0.0,0.0,0.0,0.0,0.0,0.0,0.0,4780030.08,False,False,False,none
LD002249,Kisii,AGO,Coastline Energy Ltd,TRK-386,33300.0,1500355.6,1533656.4,2026-07-06 20:24:00,33300.799999999814,DS002221,33296.0,2026-07-06 23:17:00,Dispatched,1.0,33296.0,5118771.51,5118771.51,0.0,153.74,2026-07-07 01:17:00,3.0,5168160.0,0.0,0.0,0.0,0.0,0.0,0.0,0.0,0.0,5118771.51,False,False,False,none
LD002250,Kisii,AGO,Nyanza Petroleum Co,TRK-612,35100.0,2659991.0,2695085.7,2026-07-06 08:23:00,35094.700000000186,DS002222,35109.0,2026-07-06 09:07:00,Dispatched,1.0,35109.0,5378698.99,5378698.99,0.0,153.2,2026-07-08 12:07:00,7.0,5447520.0,2.0,0.0,0.0,0.0,0.0,0.0,0.0,0.0,5378698.99,False,False,False,none
LD002251,Kisii,AGO,Baraka Downstream,TRK-951,25200.0,3426757.3,3451958.6,2026-07-06 13:21:00,25201.30000000028,DS002223,25171.0,2026-07-06 15:18:00,Dispatched,1.0,25171.0,3831150.43,3831150.43,0.0,152.2,2026-07-06 20:18:00,3.0,3911039.9999999995,0.0,0.0,0.0,0.0,0.0,0.0,0.0,0.0,3831150.43,False,False,False,none
LD002252,Kisii,AGO,Coastline Energy Ltd,TRK-158,33100.0,2140977.4,2174072.9,2026-07-06 15:02:00,33095.5,DS002224,32947.0,2026-07-06 17:54:00,Dispatched,1.0,32947.0,5137489.8,5137489.8,0.0,155.93,2026-07-08 21:54:00,3.0,5137120.0,2.0,0.0,0.0,0.0,0.0,0.0,0.0,0.0,5137489.8,False,False,False,none
LD002253,Kisii,PMS,Zenith Petroleum,TRK-638,23800.0,4147903.2,4171702.4,2026-07-06 11:13:00,23799.19999999972,DS002225,23774.0,2026-07-06 13:26:00,Dispatched,1.0,23774.0,3889636.79,3889636.79,0.0,163.61,2026-07-07 13:26:00,14.0,3938900.0,1.0,0.0,0.0,0.0,0.0,0.0,0.0,0.0,3889636.79,False,False,False,none
LD002254,Kisii,AGO,Nyanza Petroleum Co,TRK-925,28100.0,3241394.7,3269492.0,2026-07-06 08:25:00,28097.299999999814,DS002226,28238.0,2026-07-06 10:38:00,Dispatched,1.0,28238.0,4399432.57,4399432.57,0.0,155.8,2026-07-07 14:38:00,7.0,4361120.0,1.0,0.0,0.0,0.0,0.0,0.0,0.0,0.0,4399432.57,False,False,False,none
LD002255,Kisii,PMS,Kilele Fuels,TRK-906,31700.0,2419382.9,2451089.7,2026-07-06 19:33:00,31706.80000000028,DS002227,31756.0,2026-07-06 20:55:00,Dispatched,1.0,31756.0,5242547.45,5242547.45,0.0,165.09,2026-07-06 23:55:00,14.0,5246350.0,0.0,0.0,0.0,0.0,0.0,0.0,0.0,0.0,5242547.45,False,False,False,none
LD002256,Kisii,AGO,Pioneer Fuels Kenya,TRK-795,28800.0,3561933.2,3590742.2,2026-07-06 11:15:00,28809.0,DS002228,28900.0,2026-07-06 13:29:00,Dispatched,1.0,28900.0,4484076.54,4484076.54,0.0,155.16,2026-07-07 15:29:00,45.0,4469760.0,1.0,0.0,0.0,0.0,0.0,0.0,0.0,0.0,4484076.54,False,True,False,none
LD002257,Kisii,PMS,Mara Fuels,TRK-140,24200.0,1338595.0,1362793.5,2026-07-06 17:41:00,24198.5,DS002229,24112.0,2026-07-06 18:11:00,Dispatched,1.0,24112.0,3939613.5,3939613.5,0.0,163.39,2026-07-07 23:11:00,14.0,4005100.0,1.0,0.0,0.0,0.0,0.0,0.0,0.0,0.0,3939613.5,False,False,False,none
LD002258,Mombasa,AGO,Crescent Oil Ltd,TRK-608,33400.0,3805173.4,3838571.4,2026-07-07 07:58:00,33398.0,,,,,,,,,0.0,,,,5183680.0,,5183680.0,0.0,0.0,0.0,0.0,0.0,5183680.0,0.0,False,False,True,dispatch_capture_gap
LD002259,Mombasa,PMS,Uhuru Energy Partners,TRK-837,32600.0,2403902.5,2436494.2,2026-07-07 21:54:00,32591.700000000186,DS002230,32625.0,2026-07-07 22:29:00,Dispatched,1.0,30611.0,5058221.51,5058221.51,0.0,165.24,2026-07-09 06:29:00,14.0,5395300.0,1.0,0.0,0.0,0.0,0.0,2014.0,332793.36000000004,332793.36000000004,5058221.51,False,False,True,underbilling
LD002260,Mombasa,IK,Rift Valley Fuels Ltd,TRK-130,23100.0,1244866.6,1267959.1,2026-07-07 11:52:00,23092.5,DS002231,23106.0,2026-07-07 12:37:00,Dispatched,1.0,23106.0,3284200.03,3284200.03,0.0,142.14,2026-07-08 13:37:00,30.0,3234000.0,1.0,0.0,0.0,0.0,0.0,0.0,0.0,0.0,3284200.03,False,False,False,none
LD002261,Mombasa,AGO,Baraka Downstream,TRK-636,29500.0,4956866.7,4986363.1,2026-07-07 08:35:00,29496.39999999944,DS002232,29510.0,2026-07-07 10:56:00,Dispatched,1.0,29510.0,4603688.97,4603688.97,0.0,156.0,2026-07-09 11:56:00,14.0,4578400.0,2.0,0.0,0.0,0.0,0.0,0.0,0.0,0.0,4603688.97,False,False,False,none
LD002262,Mombasa,AGO,Delta Oil Marketers,TRK-390,33300.0,3815746.7,3849050.7,2026-07-07 15:30:00,33304.0,DS002233,33356.0,2026-07-07 18:07:00,Dispatched,1.0,33356.0,5082177.49,5082177.49,0.0,152.36,2026-07-09 21:07:00,3.0,5168160.0,2.0,0.0,0.0,0.0,0.0,0.0,0.0,0.0,5082177.49,False,False,False,none
LD002263,Mombasa,IK,Zenith Petroleum,TRK-454,35100.0,2635708.9,2670806.7,2026-07-07 11:25:00,35097.80000000028,DS002234,35116.0,2026-07-07 14:06:00,Dispatched,1.0,35116.0,4913519.29,4913519.29,0.0,139.92,2026-07-09 20:06:00,3.0,4914000.0,2.0,0.0,0.0,0.0,0.0,0.0,0.0,0.0,4913519.29,False,False,False,none
LD002264,Nairobi,PMS,Horizon Oil Marketers,TRK-754,27200.0,1754529.0,1781739.3,2026-07-07 07:51:00,27210.300000000047,DS002235,27103.0,2026-07-07 10:12:00,Dispatched,1.0,27103.0,4420914.61,4420914.61,0.0,163.12,2026-07-07 15:12:00,21.0,4501600.0,0.0,0.0,0.0,0.0,0.0,0.0,0.0,0.0,4420914.61,False,False,False,none
LD002265,Nairobi,AGO,Summit Downstream Ltd,TRK-451,28100.0,3114336.8,3142439.8,2026-07-07 12:14:00,28103.0,DS002236,28152.0,2026-07-07 13:29:00,Dispatched,1.0,28152.0,4289651.16,4289651.16,0.0,152.37,2026-07-07 14:29:00,21.0,4361120.0,0.0,0.0,0.0,0.0,0.0,0.0,0.0,0.0,4289651.16,False,False,False,none
LD002266,Nairobi,AGO,Tsavo Energy Group,TRK-261,30600.0,1453548.4,1484152.4,2026-07-07 18:12:00,30604.0,DS002237,30677.0,2026-07-07 19:50:00,Dispatched,1.0,30677.0,4671589.66,4671589.66,0.0,152.28313264008867,2026-07-07 23:50:00,60.0,4749120.0,0.0,0.0,0.0,0.0,0.0,0.0,0.0,0.0,4671589.66,False,True,False,none
LD002267,Nairobi,PMS,Mara Fuels,TRK-178,31500.0,3001220.6,3032720.1,2026-07-07 19:17:00,31499.5,DS002238,31625.0,2026-07-07 21:47:00,Dispatched,1.0,31625.0,5181307.98,5181307.98,0.0,163.84,2026-07-10 03:47:00,14.0,5213250.0,2.0,0.0,0.0,0.0,0.0,0.0,0.0,0.0,5181307.98,False,False,False,none
LD002268,Nairobi,IK,Amani Petroleum,TRK-865,28700.0,1592403.2,1621101.3,2026-07-07 14:08:00,28698.100000000093,DS002239,28817.0,2026-07-07 16:48:00,Dispatched,1.0,28817.0,4086458.39,4086458.39,0.0,141.81,2026-07-08 00:48:00,30.0,4018000.0,0.0,0.0,0.0,0.0,0.0,0.0,0.0,0.0,4086458.39,False,False,False,none
LD002269,Nairobi,AGO,Delta Oil Marketers,TRK-538,31900.0,1033418.8,1065320.3,2026-07-07 15:15:00,31901.5,DS002240,31946.0,2026-07-07 18:12:00,Dispatched,1.0,31946.0,5024574.47,5024574.47,0.0,157.28,2026-07-07 21:12:00,1.0,4950880.0,0.0,0.0,0.0,0.0,0.0,0.0,0.0,0.0,5024574.47,False,False,False,none
LD002270,Nairobi,AGO,Baraka Downstream,TRK-966,31400.0,4666572.4,4697966.4,2026-07-07 08:07:00,31394.0,DS002241,31292.0,2026-07-07 10:02:00,Dispatched,1.0,31292.0,4825830.94,4825830.94,0.0,154.22,2026-07-08 13:02:00,14.0,4873280.0,1.0,0.0,0.0,0.0,0.0,0.0,0.0,0.0,4825830.94,False,False,False,none
LD002271,Nairobi,IK,Equator Fuels,TRK-507,31300.0,3687117.1,3718417.6,2026-07-07 06:33:00,31300.5,DS002242,31156.0,2026-07-07 07:48:00,Dispatched,1.0,31156.0,4290566.26,4290566.26,0.0,137.71,2026-07-07 11:48:00,45.0,4382000.0,0.0,0.0,0.0,0.0,0.0,0.0,0.0,0.0,4290566.26,False,True,False,none
LD002272,Nairobi,PMS,Mara Fuels,TRK-317,30800.0,2669793.1,2700587.9,2026-07-07 19:04:00,30794.799999999814,DS002243,30779.0,2026-07-07 20:06:00,Dispatched,1.0,30779.0,5020641.67,5020641.67,0.0,163.12,2026-07-08 02:06:00,3.0,5097400.0,0.0,0.0,0.0,0.0,0.0,0.0,0.0,0.0,5020641.67,False,False,False,none
LD002273,Nairobi,AGO,Mara Fuels,TRK-937,31700.0,3087449.2,3119151.7,2026-07-07 13:57:00,31702.5,DS002244,31787.0,2026-07-07 16:02:00,Dispatched,1.0,31787.0,4845125.52,4845125.52,0.0,152.42,2026-07-07 19:02:00,3.0,4919840.0,0.0,0.0,0.0,0.0,0.0,0.0,0.0,0.0,4845125.52,False,False,False,none
LD002274,Kisumu,PMS,Delta Oil Marketers,TRK-674,36000.0,4547768.4,4583772.2,2026-07-07 08:31:00,36003.799999999814,DS002245,36092.0,2026-07-07 09:09:00,Dispatched,1.0,36092.0,5888472.16,5888472.16,0.0,163.15,2026-07-08 11:09:00,7.0,5958000.0,1.0,0.0,0.0,0.0,0.0,0.0,0.0,0.0,5888472.16,False,False,False,none
LD002275,Kisumu,AGO,Aberdare Oil Traders,TRK-141,33000.0,2497224.0,2530227.8,2026-07-07 21:53:00,33003.799999999814,DS002246,33027.0,2026-07-07 22:33:00,Dispatched,1.0,33027.0,5068007.36,3728684.51,1339322.8500000006,153.45,2026-07-10 02:33:00,1.0,5121600.0,2.0,0.0,0.0,0.0,0.0,0.0,0.0,1339322.8500000006,3728684.51,False,False,True,collections_gap
LD002276,Kisumu,PMS,Amani Petroleum,TRK-898,24900.0,1704158.7,1729054.3,2026-07-07 22:00:00,24895.600000000093,DS002247,24897.0,2026-07-07 23:57:00,Dispatched,1.0,24897.0,4069340.43,4069340.43,0.0,163.45,2026-07-10 07:57:00,14.0,4120950.0,2.0,0.0,0.0,0.0,0.0,0.0,0.0,0.0,4069340.43,False,False,False,none
LD002277,Kisumu,PMS,Highland Energy Co,TRK-641,32600.0,2250174.6,2282776.8,2026-07-07 20:55:00,32602.19999999972,DS002248,32786.0,2026-07-07 23:27:00,Dispatched,1.0,32786.0,5389852.97,5389852.97,0.0,164.39,2026-07-10 07:27:00,1.0,5395300.0,2.0,0.0,0.0,0.0,0.0,0.0,0.0,0.0,5389852.97,False,False,False,none
LD002278,Kisumu,PMS,Zenith Petroleum,TRK-227,34100.0,4222987.6,4257090.4,2026-07-07 12:41:00,34102.800000000745,DS002249,34159.0,2026-07-07 15:38:00,Dispatched,2.0,68318.0,11097981.82,11097981.82,0.0,162.45,2026-07-08 15:38:00,60.0,5643550.0,1.0,0.0,0.0,0.0,0.0,0.0,0.0,0.0,11097981.82,False,True,False,none
LD002279,Kisumu,AGO,Rift Valley Fuels Ltd,TRK-148,29600.0,2183290.9,2212888.1,2026-07-07 19:44:00,29597.200000000186,DS002250,29592.0,2026-07-07 21:07:00,Dispatched,1.0,29592.0,4528139.86,4528139.86,0.0,153.02,2026-07-09 04:07:00,3.0,4593920.0,1.0,0.0,0.0,0.0,0.0,0.0,0.0,0.0,4528139.86,False,False,False,none
LD002280,Kisumu,IK,Coastline Energy Ltd,TRK-286,30200.0,1202387.4,1232587.2,2026-07-07 07:51:00,30199.800000000047,DS002251,30142.0,2026-07-07 09:14:00,Dispatched,1.0,30142.0,4159343.14,4159343.14,0.0,137.99,2026-07-08 09:14:00,1.0,4228000.0,1.0,0.0,0.0,0.0,0.0,0.0,0.0,0.0,4159343.14,False,False,False,none
LD002281,Eldoret,IK,Crescent Oil Ltd,TRK-738,35500.0,2752134.6,2787635.6,2026-07-07 10:25:00,35501.0,DS002252,35393.0,2026-07-07 12:01:00,Dispatched,1.0,35393.0,4877844.74,4877844.74,0.0,137.82,2026-07-07 18:01:00,7.0,4970000.0,0.0,0.0,0.0,0.0,0.0,0.0,0.0,0.0,4877844.74,False,False,False,none
LD002282,Eldoret,AGO,Coastline Energy Ltd,TRK-757,22500.0,3762491.0,3784996.5,2026-07-07 17:55:00,22505.5,DS002253,22425.0,2026-07-07 19:05:00,Dispatched,1.0,22425.0,3493596.36,3493596.36,0.0,155.79,2026-07-07 19:05:00,14.0,3491999.9999999995,0.0,0.0,0.0,0.0,0.0,0.0,0.0,0.0,3493596.36,False,False,False,none
LD002283,Eldoret,PMS,Baraka Downstream,TRK-474,28200.0,3602426.1,3630625.4,2026-07-07 21:18:00,28199.299999999814,DS002254,28115.0,2026-07-07 22:44:00,Dispatched,1.0,28115.0,4643574.7,4643574.7,0.0,165.16,2026-07-15 03:44:00,3.0,4667100.0,7.0,0.0,0.0,0.0,0.0,0.0,0.0,0.0,4643574.7,True,False,False,none
LD002284,Eldoret,AGO,Mara Fuels,TRK-401,34400.0,4002676.1,4037080.9,2026-07-07 12:09:00,34404.799999999814,DS002255,34429.0,2026-07-07 13:32:00,Dispatched,1.0,34429.0,5351807.24,5351807.24,0.0,155.44,2026-07-08 20:32:00,7.0,5338880.0,1.0,0.0,0.0,0.0,0.0,0.0,0.0,0.0,5351807.24,False,False,False,none
LD002285,Eldoret,AGO,Equator Fuels,TRK-959,27800.0,3412888.5,3440686.9,2026-07-07 11:11:00,27798.399999999907,DS002256,25731.0,2026-07-07 11:54:00,Dispatched,1.0,25731.0,3923917.9,3923917.9,0.0,152.5,2026-07-08 18:54:00,45.0,4314560.0,1.0,0.0,2069.0,321108.8,0.0,0.0,0.0,321108.8,3923917.9,False,True,True,shrinkage
LD002286,Eldoret,AGO,Pioneer Fuels Kenya,TRK-156,25200.0,3493257.7,3518458.3,2026-07-07 18:25:00,25200.599999999627,DS002257,25199.0,2026-07-07 19:48:00,Dispatched,1.0,25199.0,3970808.59,3970808.59,0.0,157.58,2026-07-08 02:48:00,3.0,3911039.9999999995,0.0,0.0,0.0,0.0,0.0,0.0,0.0,0.0,3970808.59,False,False,False,none
LD002287,Eldoret,IK,Summit Downstream Ltd,TRK-568,20900.0,1095536.8,1116427.0,2026-07-07 20:09:00,20890.199999999953,DS002258,20849.0,2026-07-07 20:41:00,Dispatched,1.0,20849.0,2932208.82,2932208.82,0.0,140.64,2026-07-07 22:41:00,3.0,2926000.0,0.0,0.0,0.0,0.0,0.0,0.0,0.0,0.0,2932208.82,False,False,False,none
LD002288,Eldoret,AGO,Equator Fuels,TRK-841,27000.0,2050773.2,2077770.3,2026-07-07 10:47:00,26997.100000000093,DS002259,26854.0,2026-07-07 13:34:00,Dispatched,1.0,26854.0,4147549.33,4147549.33,0.0,154.45,2026-07-08 21:34:00,7.0,4190399.9999999995,1.0,0.0,0.0,0.0,0.0,0.0,0.0,0.0,4147549.33,False,False,False,none
LD002289,Eldoret,PMS,Nyanza Petroleum Co,TRK-632,22600.0,3756573.4,3779166.3,2026-07-07 16:41:00,22592.899999999907,DS002260,22608.0,2026-07-07 17:32:00,Dispatched,1.0,22608.0,3749925.17,3749925.17,0.0,165.87,2026-07-07 20:32:00,7.0,3740300.0,0.0,0.0,0.0,0.0,0.0,0.0,0.0,0.0,3749925.17,False,False,False,none
LD002290,Eldoret,AGO,Rift Valley Fuels Ltd,TRK-517,25100.0,3367231.6,3392331.9,2026-07-07 14:52:00,25100.299999999814,DS002261,25108.0,2026-07-07 16:18:00,Dispatched,1.0,25108.0,3879188.61,3879188.61,0.0,154.5,2026-07-07 20:18:00,1.0,3895519.9999999995,0.0,0.0,0.0,0.0,0.0,0.0,0.0,0.0,3879188.61,False,False,False,none
LD002291,Nakuru,IK,Rift Valley Fuels Ltd,TRK-969,20300.0,4561878.3,4582184.8,2026-07-07 18:21:00,20306.5,DS002262,20279.0,2026-07-07 19:20:00,Dispatched,1.0,20279.0,2894152.1,2894152.1,0.0,142.72,2026-07-08 02:20:00,14.0,2842000.0,0.0,0.0,0.0,0.0,0.0,0.0,0.0,0.0,2894152.1,False,False,False,none
LD002292,Nakuru,AGO,Baraka Downstream,TRK-372,32900.0,1759410.6,1792312.1,2026-07-07 16:34:00,32901.5,DS002263,32998.0,2026-07-07 18:42:00,Dispatched,1.0,31506.0,4818813.57,4818813.57,0.0,152.95,2026-07-07 20:42:00,60.0,5106080.0,0.0,0.0,0.0,0.0,0.0,1492.0,228201.4,228201.4,4818813.57,False,True,True,underbilling
LD002293,Nakuru,AGO,Lakeview Energy,TRK-321,21800.0,3885149.1,3906950.1,2026-07-07 16:26:00,21801.0,DS002264,21781.0,2026-07-07 17:32:00,Dispatched,1.0,21781.0,3430649.79,3430649.79,0.0,157.51,2026-07-08 00:32:00,3.0,3383359.9999999995,0.0,0.0,0.0,0.0,0.0,0.0,0.0,0.0,3430649.79,False,False,False,none
LD002294,Nakuru,AGO,Baraka Downstream,TRK-926,31600.0,4367301.5,4398900.5,2026-07-07 08:43:00,31599.0,DS002265,31598.0,2026-07-07 09:53:00,Dispatched,1.0,31598.0,4868210.19,4868210.19,0.0,154.07,2026-07-09 15:53:00,14.0,4904320.0,2.0,0.0,0.0,0.0,0.0,0.0,0.0,0.0,4868210.19,False,False,False,none
LD002295,Nakuru,AGO,Equator Fuels,TRK-508,24800.0,2266392.2,2291191.8,2026-07-07 08:16:00,24799.599999999627,DS002266,24733.0,2026-07-07 10:41:00,Dispatched,1.0,24733.0,3782632.86,3782632.86,0.0,152.94,2026-07-08 15:41:00,1.0,3848959.9999999995,1.0,0.0,0.0,0.0,0.0,0.0,0.0,0.0,3782632.86,False,False,False,none
LD002296,Nakuru,PMS,Amani Petroleum,TRK-141,31600.0,4343132.3,4374732.5,2026-07-07 14:54:00,31600.200000000186,DS002267,31382.0,2026-07-07 16:56:00,Dispatched,1.0,31382.0,5104457.68,5104457.68,0.0,162.66,2026-07-10 00:56:00,14.0,5229800.0,2.0,0.0,0.0,0.0,0.0,0.0,0.0,0.0,5104457.68,False,False,False,none
LD002297,Nakuru,AGO,Rift Valley Fuels Ltd,TRK-626,26600.0,4059515.3,4086112.7,2026-07-07 12:00:00,26597.400000000373,DS002268,26588.0,2026-07-07 14:52:00,Dispatched,1.0,26588.0,4134188.35,4134188.35,0.0,155.49,2026-07-09 15:52:00,7.0,4128319.9999999995,2.0,0.0,0.0,0.0,0.0,0.0,0.0,0.0,4134188.35,False,False,False,none
LD002298,Nakuru,IK,Savannah Petroleum,TRK-881,35600.0,4945312.7,4980907.9,2026-07-07 17:04:00,35595.200000000186,DS002269,35571.0,2026-07-07 19:30:00,Dispatched,1.0,35571.0,5052163.94,5052163.94,0.0,142.03,2026-07-08 00:30:00,7.0,4984000.0,0.0,0.0,0.0,0.0,0.0,0.0,0.0,0.0,5052163.94,False,False,False,none
LD002299,Nakuru,PMS,Crescent Oil Ltd,TRK-943,28200.0,4737079.2,4765269.9,2026-07-07 11:52:00,28190.700000000186,DS002270,28345.0,2026-07-07 12:42:00,Dispatched,1.0,28345.0,4645002.61,4645002.61,0.0,163.87,2026-07-17 14:42:00,7.0,4667100.0,10.0,0.0,0.0,0.0,0.0,0.0,0.0,0.0,4645002.61,True,False,False,none
LD002300,Nakuru,IK,Savannah Petroleum,TRK-385,24300.0,4718022.8,4742323.8,2026-07-07 17:33:00,24301.0,DS002271,24349.0,2026-07-07 20:13:00,Dispatched,1.0,24349.0,3442971.28,3442971.28,0.0,141.4,2026-07-10 02:13:00,3.0,3402000.0,2.0,0.0,0.0,0.0,0.0,0.0,0.0,0.0,3442971.28,False,False,False,none
LD002301,Nakuru,AGO,Mara Fuels,TRK-517,22800.0,3318529.8,3341338.0,2026-07-07 07:54:00,22808.200000000186,DS002272,22772.0,2026-07-07 09:56:00,Dispatched,1.0,22772.0,3598853.15,3598853.15,0.0,158.04,2026-07-09 11:56:00,21.0,3538559.9999999995,2.0,0.0,0.0,0.0,0.0,0.0,0.0,0.0,3598853.15,False,False,False,none
LD002302,Nakuru,AGO,Uhuru Energy Partners,TRK-151,28000.0,2089142.6,2117144.5,2026-07-07 19:41:00,28001.899999999907,DS002273,28012.0,2026-07-07 20:13:00,Dispatched,1.0,28012.0,4377749.96,4377749.96,0.0,156.28,2026-07-08 20:13:00,14.0,4345600.0,1.0,0.0,0.0,0.0,0.0,0.0,0.0,0.0,4377749.96,False,False,False,none
LD002303,Nakuru,PMS,Rift Valley Fuels Ltd,TRK-551,22700.0,3483275.2,3505977.9,2026-07-07 13:17:00,22702.69999999972,DS002274,22762.0,2026-07-07 13:56:00,Dispatched,1.0,22762.0,3764027.46,3764027.46,0.0,165.36,2026-07-09 21:56:00,3.0,3756850.0,2.0,0.0,0.0,0.0,0.0,0.0,0.0,0.0,3764027.46,False,False,False,none
LD002304,Kisii,PMS,Kilele Fuels,TRK-843,22300.0,4529880.8,4552189.2,2026-07-07 06:45:00,22308.400000000373,DS002275,22335.0,2026-07-07 09:15:00,Dispatched,1.0,22335.0,3669629.21,3669629.21,0.0,164.3,2026-07-08 13:15:00,45.0,3690650.0,1.0,0.0,0.0,0.0,0.0,0.0,0.0,0.0,3669629.21,False,True,False,none
LD002305,Kisii,AGO,Rift Valley Fuels Ltd,TRK-194,29300.0,1507375.7,1536681.7,2026-07-07 09:22:00,29306.0,DS002276,29447.0,2026-07-07 12:15:00,Dispatched,1.0,29447.0,4604212.29,4604212.29,0.0,156.36,2026-07-09 16:15:00,1.0,4547360.0,2.0,0.0,0.0,0.0,0.0,0.0,0.0,0.0,4604212.29,False,False,False,none
LD002306,Kisii,AGO,Summit Downstream Ltd,TRK-264,34400.0,2058598.0,2092997.3,2026-07-07 20:59:00,34399.30000000005,DS002277,34319.0,2026-07-07 21:29:00,Dispatched,1.0,34319.0,5309123.29,5309123.29,0.0,154.7,2026-07-08 22:29:00,21.0,5338880.0,1.0,0.0,0.0,0.0,0.0,0.0,0.0,0.0,5309123.29,False,False,False,none
LD002307,Kisii,AGO,Summit Downstream Ltd,TRK-790,31400.0,1399941.0,1431341.3,2026-07-07 13:01:00,31400.300000000047,DS002278,31492.0,2026-07-07 15:31:00,Dispatched,1.0,31492.0,4791078.22,4791078.22,0.0,152.14,2026-07-07 18:31:00,7.0,4873280.0,0.0,0.0,0.0,0.0,0.0,0.0,0.0,0.0,4791078.22,False,False,False,none
LD002308,Kisii,PMS,Equator Fuels,TRK-191,31100.0,4183146.9,4214244.4,2026-07-07 11:12:00,31097.500000000466,DS002279,31061.0,2026-07-07 13:24:00,Dispatched,1.0,31061.0,5123630.07,5123630.07,0.0,164.95,2026-07-08 19:24:00,7.0,5147050.0,1.0,0.0,0.0,0.0,0.0,0.0,0.0,0.0,5123630.07,False,False,False,none
LD002309,Kisii,PMS,Zenith Petroleum,TRK-510,25400.0,1026101.6,1051499.8,2026-07-07 10:12:00,25398.20000000007,DS002280,25415.0,2026-07-07 12:28:00,Dispatched,1.0,25415.0,4213358.93,4213358.93,0.0,165.78,2026-07-09 12:28:00,3.0,4203700.0,2.0,0.0,0.0,0.0,0.0,0.0,0.0,0.0,4213358.93,False,False,False,none
LD002310,Kisii,AGO,Rift Valley Fuels Ltd,TRK-268,21500.0,2306756.1,2328256.0,2026-07-07 07:29:00,21499.899999999907,DS002281,20726.0,2026-07-07 09:12:00,Dispatched,1.0,18999.0,3006455.97,3006455.97,0.0,158.24,2026-07-14 14:12:00,3.0,3336799.9999999995,7.0,0.0,774.0,120124.79999999999,0.0,1727.0,273280.48000000004,393405.28,3006455.97,True,False,True,underbilling
LD002311,Kisii,PMS,Summit Downstream Ltd,TRK-868,27000.0,2117877.8,2144874.7,2026-07-07 10:00:00,26996.900000000373,DS002282,26955.0,2026-07-07 11:43:00,Dispatched,1.0,26955.0,4486466.93,1383363.58,3103103.3499999996,166.44,2026-07-07 19:43:00,21.0,4468500.0,0.0,0.0,0.0,0.0,0.0,0.0,0.0,3103103.3499999996,1383363.58,False,False,True,collections_gap
LD002312,Kisii,AGO,Kilele Fuels,TRK-687,22300.0,3781033.6,3803334.2,2026-07-07 15:08:00,22300.600000000093,DS002283,22317.0,2026-07-07 17:38:00,Dispatched,1.0,22317.0,3444143.56,3444143.56,0.0,154.33,2026-07-08 21:38:00,21.0,3460959.9999999995,1.0,0.0,0.0,0.0,0.0,0.0,0.0,0.0,3444143.56,False,False,False,none
LD002313,Kisii,PMS,Lakeview Energy,TRK-658,22300.0,3559100.8,3581400.2,2026-07-07 11:28:00,22299.400000000373,DS002284,22199.0,2026-07-07 12:21:00,Dispatched,1.0,22199.0,3620270.68,3620270.68,0.0,163.08,2026-07-07 12:21:00,14.0,3690650.0,0.0,0.0,0.0,0.0,0.0,0.0,0.0,0.0,3620270.68,False,False,False,none
LD002314,Kisii,PMS,Tsavo Energy Group,TRK-430,22800.0,1438545.1,1461342.1,2026-07-07 06:46:00,22797.0,DS002285,22800.0,2026-07-07 08:53:00,Dispatched,2.0,45600.0,7509863.36,7509863.36,0.0,164.69,2026-07-09 11:53:00,45.0,3773400.0,2.0,0.0,0.0,0.0,0.0,0.0,0.0,0.0,7509863.36,False,True,False,none
LD002315,Kisii,AGO,Savannah Petroleum,TRK-196,29100.0,4713343.1,4742442.5,2026-07-07 14:32:00,29099.400000000373,DS002286,29154.0,2026-07-07 16:41:00,Dispatched,,,,,0.0,,,,4516320.0,,0.0,0.0,0.0,4524700.8,0.0,0.0,4524700.8,0.0,False,False,True,billing_gap
LD002316,Kisii,PMS,Kilele Fuels,TRK-356,31300.0,2850751.3,2882048.2,2026-07-07 06:15:00,31296.900000000373,DS002287,31264.0,2026-07-07 07:37:00,Dispatched,1.0,31264.0,5138106.87,5138106.87,0.0,164.35,2026-07-14 08:37:00,14.0,5180150.0,7.0,0.0,0.0,0.0,0.0,0.0,0.0,0.0,5138106.87,True,False,False,none
LD002317,Kisii,AGO,Baraka Downstream,TRK-858,32900.0,1718581.3,1751480.7,2026-07-07 08:59:00,32899.39999999991,DS002288,32658.0,2026-07-07 09:45:00,Dispatched,1.0,32658.0,5008798.86,5008798.86,0.0,153.37,2026-07-17 11:45:00,14.0,5106080.0,10.0,0.0,0.0,0.0,0.0,0.0,0.0,0.0,5008798.86,True,False,False,none
LD002318,Mombasa,IK,Tsavo Energy Group,TRK-999,21400.0,3535399.3,3556801.6,2026-07-08 07:00:00,21402.30000000028,DS002289,21393.0,2026-07-08 07:38:00,Dispatched,2.0,42786.0,5945131.4,5945131.4,0.0,138.95,2026-07-08 15:38:00,30.0,2996000.0,0.0,0.0,0.0,0.0,0.0,0.0,0.0,0.0,5945131.4,False,False,False,none
LD002319,Mombasa,PMS,Amani Petroleum,TRK-529,34600.0,1834607.7,1869204.8,2026-07-08 11:16:00,34597.10000000009,DS002290,34752.0,2026-07-08 11:51:00,Dispatched,1.0,34752.0,5756483.22,5756483.22,0.0,165.64,2026-07-11 16:51:00,30.0,5726300.0,3.0,0.0,0.0,0.0,0.0,0.0,0.0,0.0,5756483.22,False,False,False,none
LD002320,Mombasa,AGO,Crescent Oil Ltd,TRK-876,29700.0,1655726.9,1685428.1,2026-07-08 20:50:00,29701.200000000186,DS002291,29669.0,2026-07-08 22:37:00,Dispatched,1.0,29669.0,4549833.54,4549833.54,0.0,153.35,2026-07-09 05:37:00,1.0,4609440.0,0.0,0.0,0.0,0.0,0.0,0.0,0.0,0.0,4549833.54,False,False,False,none
LD002321,Mombasa,AGO,Horizon Oil Marketers,TRK-281,31800.0,2204925.2,2236736.9,2026-07-08 22:15:00,31811.69999999972,DS002292,31936.0,2026-07-09 00:56:00,Dispatched,1.0,31936.0,4974343.54,4974343.54,0.0,155.76,2026-07-09 01:56:00,7.0,4935360.0,0.0,0.0,0.0,0.0,0.0,0.0,0.0,0.0,4974343.54,False,False,False,none
LD002322,Mombasa,PMS,Kilele Fuels,TRK-123,22700.0,3966551.3,3989247.0,2026-07-08 12:36:00,22695.700000000186,DS002293,22645.0,2026-07-08 14:56:00,Dispatched,1.0,22645.0,3784783.35,3784783.35,0.0,167.14,2026-07-08 20:56:00,45.0,3756850.0,0.0,0.0,0.0,0.0,0.0,0.0,0.0,0.0,3784783.35,False,True,False,none
LD002323,Mombasa,PMS,Delta Oil Marketers,TRK-512,24800.0,3649487.4,3674289.8,2026-07-08 08:29:00,24802.399999999907,DS002294,24714.0,2026-07-08 11:05:00,Dispatched,1.0,24714.0,4151327.06,4151327.06,0.0,167.97,2026-07-09 14:05:00,3.0,4104400.0,1.0,0.0,0.0,0.0,0.0,0.0,0.0,0.0,4151327.06,False,False,False,none
LD002324,Mombasa,IK,Baraka Downstream,TRK-115,22100.0,2701426.0,2723521.6,2026-07-08 21:49:00,22095.600000000093,DS002295,22100.0,2026-07-09 00:42:00,Dispatched,1.0,22100.0,3073106.39,3073106.39,0.0,139.05,2026-07-10 05:42:00,7.0,3094000.0,1.0,0.0,0.0,0.0,0.0,0.0,0.0,0.0,3073106.39,False,False,False,none
LD002325,Nairobi,PMS,Tsavo Energy Group,TRK-744,29000.0,3678735.9,3707736.4,2026-07-08 09:05:00,29000.5,DS002296,28928.0,2026-07-08 10:44:00,Dispatched,1.0,28928.0,4759937.3,4759937.3,0.0,164.54,2026-07-18 15:44:00,3.0,4799500.0,10.0,0.0,0.0,0.0,0.0,0.0,0.0,0.0,4759937.3,True,False,False,none
LD002326,Nairobi,AGO,Zenith Petroleum,TRK-443,29000.0,1058136.5,1087138.8,2026-07-08 07:25:00,29002.300000000047,DS002297,29029.0,2026-07-08 10:01:00,Dispatched,1.0,29029.0,4561009.25,4561009.25,0.0,157.12,2026-07-08 12:01:00,7.0,4500800.0,0.0,0.0,0.0,0.0,0.0,0.0,0.0,0.0,4561009.25,False,False,False,none
LD002327,Nairobi,AGO,Baraka Downstream,TRK-635,21300.0,3308686.5,3329986.6,2026-07-08 17:36:00,21300.100000000093,DS002298,21276.0,2026-07-08 20:26:00,Dispatched,1.0,21276.0,3287042.65,3287042.65,0.0,154.5,2026-07-08 21:26:00,1.0,3305759.9999999995,0.0,0.0,0.0,0.0,0.0,0.0,0.0,0.0,3287042.65,False,False,False,none
LD002328,Nairobi,IK,Pioneer Fuels Kenya,TRK-567,32600.0,4361601.3,4394203.1,2026-07-08 09:20:00,32601.799999999814,DS002299,32744.0,2026-07-08 12:16:00,Dispatched,1.0,32744.0,4518020.82,4518020.82,0.0,137.98,2026-07-08 14:16:00,3.0,4564000.0,0.0,0.0,0.0,0.0,0.0,0.0,0.0,0.0,4518020.82,False,False,False,none
LD002329,Nairobi,PMS,Highland Energy Co,TRK-262,30400.0,2354999.6,2385405.3,2026-07-08 22:18:00,30405.69999999972,DS002300,30360.0,2026-07-08 23:10:00,Dispatched,1.0,30360.0,4926006.64,4926006.64,0.0,162.25,2026-07-09 04:10:00,3.0,5031200.0,0.0,0.0,0.0,0.0,0.0,0.0,0.0,0.0,4926006.64,False,False,False,none
LD002330,Nairobi,AGO,Nyanza Petroleum Co,TRK-655,24800.0,4694972.5,4719772.0,2026-07-08 06:38:00,24799.5,DS002301,24807.0,2026-07-08 09:01:00,Dispatched,1.0,24807.0,3897658.2,3897658.2,0.0,157.12,2026-07-08 17:01:00,30.0,3848959.9999999995,0.0,0.0,0.0,0.0,0.0,0.0,0.0,0.0,3897658.2,False,False,False,none
LD002331,Kisumu,AGO,Baraka Downstream,TRK-720,20400.0,2364191.5,2384591.6,2026-07-08 14:41:00,20400.100000000093,DS002302,20436.0,2026-07-08 16:21:00,Dispatched,1.0,20436.0,3188783.3,3188783.3,0.0,156.04,2026-07-09 20:21:00,7.0,3166080.0,1.0,0.0,0.0,0.0,0.0,0.0,0.0,0.0,3188783.3,False,False,False,none
LD002332,Kisumu,AGO,Kilele Fuels,TRK-619,28300.0,2822006.8,2850306.9,2026-07-08 14:22:00,28300.100000000093,DS002303,28381.0,2026-07-08 16:35:00,Dispatched,1.0,28381.0,4461075.31,4461075.31,0.0,157.19,2026-07-09 18:35:00,7.0,4392160.0,1.0,0.0,0.0,0.0,0.0,0.0,0.0,0.0,4461075.31,False,False,False,none
LD002333,Kisumu,AGO,Zenith Petroleum,TRK-340,20500.0,4516817.4,4537306.7,2026-07-08 19:05:00,20489.299999999814,DS002304,20591.0,2026-07-08 20:57:00,Dispatched,1.0,20591.0,3240430.18,3240430.18,0.0,157.37,2026-07-12 03:57:00,7.0,3181599.9999999995,3.0,0.0,0.0,0.0,0.0,0.0,0.0,0.0,3240430.18,False,False,False,none
LD002334,Kisumu,PMS,Highland Energy Co,TRK-772,34800.0,1097564.0,1132363.3,2026-07-08 20:12:00,34799.30000000005,DS002305,34775.0,2026-07-08 21:24:00,Dispatched,1.0,34775.0,5682219.72,5682219.72,0.0,163.4,2026-07-10 22:24:00,1.0,5759400.0,2.0,0.0,0.0,0.0,0.0,0.0,0.0,0.0,5682219.72,False,False,False,none
LD002335,Kisumu,IK,Summit Downstream Ltd,TRK-728,29300.0,3195730.1,3225028.3,2026-07-08 19:17:00,29298.19999999972,DS002306,29265.0,2026-07-08 22:02:00,Dispatched,1.0,29265.0,4110565.23,4110565.23,0.0,140.46,2026-07-10 03:02:00,60.0,4102000.0,1.0,0.0,0.0,0.0,0.0,0.0,0.0,0.0,4110565.23,False,True,False,none
LD002336,Kisumu,AGO,Summit Downstream Ltd,TRK-977,30400.0,3908524.8,3938917.6,2026-07-08 22:31:00,30392.80000000028,DS002307,30225.0,2026-07-08 23:27:00,Dispatched,1.0,30225.0,4687319.77,4687319.77,0.0,155.08,2026-07-10 03:27:00,30.0,4718080.0,1.0,0.0,0.0,0.0,0.0,0.0,0.0,0.0,4687319.77,False,False,False,none
LD002337,Kisumu,AGO,Baraka Downstream,TRK-690,20000.0,4747413.7,4767411.3,2026-07-08 09:53:00,19997.599999999627,DS002308,19384.0,2026-07-08 10:39:00,Dispatched,1.0,19384.0,2960522.77,2960522.77,0.0,152.73,2026-07-08 18:39:00,7.0,3104000.0,0.0,0.0,616.0,95603.2,0.0,0.0,0.0,95603.2,2960522.77,False,False,True,shrinkage
LD002338,Kisumu,IK,Highland Energy Co,TRK-636,24200.0,1151280.5,1175477.4,2026-07-08 06:50:00,24196.899999999907,DS002309,24348.0,2026-07-08 08:39:00,Dispatched,1.0,24348.0,3426470.76,3426470.76,0.0,140.73,2026-07-11 08:39:00,7.0,3388000.0,3.0,0.0,0.0,0.0,0.0,0.0,0.0,0.0,3426470.76,False,False,False,none
LD002339,Eldoret,AGO,Savannah Petroleum,TRK-130,27300.0,3682162.0,3709457.0,2026-07-08 12:23:00,27295.0,,,,,,,,,0.0,,,,4236960.0,,4236960.0,0.0,0.0,0.0,0.0,0.0,4236960.0,0.0,False,False,True,dispatch_capture_gap
LD002340,Eldoret,AGO,Crescent Oil Ltd,TRK-567,35900.0,1990468.3,2026360.7,2026-07-08 17:24:00,35892.39999999991,DS002310,35909.0,2026-07-08 18:09:00,Dispatched,1.0,35909.0,5523877.76,5523877.76,0.0,153.83,2026-07-09 01:09:00,14.0,5571680.0,0.0,0.0,0.0,0.0,0.0,0.0,0.0,0.0,5523877.76,False,False,False,none
LD002341,Eldoret,PMS,Aberdare Oil Traders,TRK-280,28100.0,4377609.4,4405707.0,2026-07-08 08:10:00,28097.599999999627,DS002311,28106.0,2026-07-08 10:30:00,Dispatched,1.0,28106.0,4634227.16,4634227.16,0.0,164.88,2026-07-09 16:30:00,3.0,4650550.0,1.0,0.0,0.0,0.0,0.0,0.0,0.0,0.0,4634227.16,False,False,False,none
LD002342,Eldoret,AGO,Tsavo Energy Group,TRK-502,29800.0,2924752.6,2954545.2,2026-07-08 13:16:00,29792.600000000093,DS002312,29839.0,2026-07-08 14:33:00,Dispatched,1.0,29839.0,4549627.38,4549627.38,0.0,152.47,2026-07-08 21:33:00,1.0,4624960.0,0.0,0.0,0.0,0.0,0.0,0.0,0.0,0.0,4549627.38,False,False,False,none
LD002343,Eldoret,PMS,Crescent Oil Ltd,TRK-753,27400.0,2450038.9,2477447.9,2026-07-08 16:52:00,27409.0,DS002313,27559.0,2026-07-08 18:22:00,Dispatched,1.0,27559.0,4541557.29,4541557.29,0.0,164.79,2026-07-08 19:22:00,7.0,4534700.0,0.0,0.0,0.0,0.0,0.0,0.0,0.0,0.0,4541557.29,False,False,False,none
LD002344,Eldoret,AGO,Summit Downstream Ltd,TRK-327,30500.0,1281472.4,1311978.6,2026-07-08 13:50:00,30506.200000000186,DS002314,30446.0,2026-07-08 15:49:00,Dispatched,1.0,30446.0,4639792.04,4639792.04,0.0,152.39,2026-07-09 19:49:00,60.0,4733600.0,1.0,0.0,0.0,0.0,0.0,0.0,0.0,0.0,4639792.04,False,True,False,none
LD002345,Eldoret,PMS,Lakeview Energy,TRK-435,30100.0,4812948.7,4843057.6,2026-07-08 10:16:00,30108.89999999944,DS002315,30134.0,2026-07-08 10:57:00,Dispatched,1.0,30134.0,5026091.33,5026091.33,0.0,166.79,2026-07-08 17:57:00,3.0,4981550.0,0.0,0.0,0.0,0.0,0.0,0.0,0.0,0.0,5026091.33,False,False,False,none
LD002346,Eldoret,AGO,Mara Fuels,TRK-689,28900.0,4418962.5,4447864.2,2026-07-08 20:11:00,28901.700000000186,DS002316,29013.0,2026-07-08 21:37:00,Dispatched,1.0,29013.0,4447022.41,4447022.41,0.0,153.28,2026-07-11 03:37:00,7.0,4485280.0,2.0,0.0,0.0,0.0,0.0,0.0,0.0,0.0,4447022.41,False,False,False,none
LD002347,Eldoret,IK,Nyanza Petroleum Co,TRK-722,34900.0,1736879.6,1771769.4,2026-07-08 12:55:00,34889.799999999814,DS002317,32567.0,2026-07-08 15:07:00,Dispatched,1.0,32567.0,4642435.8,4642435.8,0.0,142.55,2026-07-10 19:07:00,1.0,4886000.0,2.0,0.0,2333.0,326620.0,0.0,0.0,0.0,326620.0,4642435.8,False,False,True,shrinkage
LD002348,Eldoret,PMS,Highland Energy Co,TRK-478,26500.0,1502096.7,1528590.7,2026-07-08 21:06:00,26494.0,DS002318,26357.0,2026-07-08 21:36:00,Dispatched,1.0,26357.0,4412574.8,4412574.8,0.0,167.42,2026-07-12 01:36:00,1.0,4385750.0,3.0,0.0,0.0,0.0,0.0,0.0,0.0,0.0,4412574.8,False,False,False,none
LD002349,Eldoret,IK,Aberdare Oil Traders,TRK-970,33000.0,1143065.0,1176075.4,2026-07-08 20:33:00,33010.39999999991,DS002319,33196.0,2026-07-08 23:06:00,Dispatched,1.0,33196.0,4598202.85,4598202.85,0.0,138.52,2026-07-11 06:06:00,14.0,4620000.0,2.0,0.0,0.0,0.0,0.0,0.0,0.0,0.0,4598202.85,False,False,False,none
LD002350,Eldoret,PMS,Delta Oil Marketers,TRK-394,23300.0,4623400.8,4646702.6,2026-07-08 15:48:00,23301.799999999814,DS002320,23461.0,2026-07-08 16:25:00,Dispatched,1.0,23461.0,3905047.64,3905047.64,0.0,166.45,2026-07-09 20:25:00,3.0,3856150.0,1.0,0.0,0.0,0.0,0.0,0.0,0.0,0.0,3905047.64,False,False,False,none
LD002351,Eldoret,PMS,Crescent Oil Ltd,TRK-791,33400.0,2884334.9,2917727.6,2026-07-08 14:40:00,33392.700000000186,DS002321,33259.0,2026-07-08 15:34:00,Dispatched,1.0,33259.0,5502826.68,5502826.68,0.0,165.45,2026-07-08 17:34:00,45.0,5527700.0,0.0,0.0,0.0,0.0,0.0,0.0,0.0,0.0,5502826.68,False,True,False,none
LD002352,Nakuru,IK,Delta Oil Marketers,TRK-268,22100.0,3720951.0,3743048.6,2026-07-08 08:58:00,22097.600000000093,DS002322,22165.0,2026-07-08 11:06:00,Dispatched,1.0,22165.0,3159216.65,3159216.65,0.0,142.53,2026-07-09 14:06:00,7.0,3094000.0,1.0,0.0,0.0,0.0,0.0,0.0,0.0,0.0,3159216.65,False,False,False,none
LD002353,Nakuru,AGO,Nyanza Petroleum Co,TRK-138,33500.0,1913886.3,1947379.9,2026-07-08 15:37:00,33493.59999999986,DS002323,33364.0,2026-07-08 18:32:00,Dispatched,1.0,33364.0,5125558.59,5125558.59,0.0,153.63,2026-07-09 02:32:00,3.0,5199200.0,0.0,0.0,0.0,0.0,0.0,0.0,0.0,0.0,5125558.59,False,False,False,none
LD002354,Nakuru,PMS,Mara Fuels,TRK-210,33400.0,3049201.4,3082605.1,2026-07-08 14:05:00,33403.700000000186,DS002324,33418.0,2026-07-08 16:10:00,Dispatched,1.0,33418.0,5449001.74,5449001.74,0.0,163.06,2026-07-09 18:10:00,7.0,5527700.0,1.0,0.0,0.0,0.0,0.0,0.0,0.0,0.0,5449001.74,False,False,False,none
LD002355,Nakuru,PMS,Tsavo Energy Group,TRK-319,22200.0,3283966.3,3306174.9,2026-07-08 11:46:00,22208.600000000093,DS002325,22221.0,2026-07-08 13:12:00,Dispatched,1.0,22221.0,3617094.31,3617094.31,0.0,162.78,2026-07-09 15:12:00,21.0,3674100.0,1.0,0.0,0.0,0.0,0.0,0.0,0.0,0.0,3617094.31,False,False,False,none
LD002356,Nakuru,AGO,Nyanza Petroleum Co,TRK-558,34100.0,2637556.5,2671651.6,2026-07-08 21:06:00,34095.10000000009,DS002326,33968.0,2026-07-08 23:26:00,Dispatched,1.0,33968.0,5297225.78,5297225.78,0.0,155.95,2026-07-10 04:26:00,1.0,5292320.0,1.0,0.0,0.0,0.0,0.0,0.0,0.0,0.0,5297225.78,False,False,False,none
LD002357,Nakuru,PMS,Baraka Downstream,TRK-758,24600.0,1058060.4,1082651.0,2026-07-08 13:54:00,24590.600000000093,,,,,,,,,0.0,,,,4071300.0,,4071300.0,0.0,0.0,0.0,0.0,0.0,4071300.0,0.0,False,False,True,dispatch_capture_gap
LD002358,Nakuru,IK,Zenith Petroleum,TRK-492,26000.0,1731741.3,1757748.5,2026-07-08 07:02:00,26007.199999999953,DS002327,25942.0,2026-07-08 08:51:00,Dispatched,1.0,25942.0,3589307.56,3589307.56,0.0,138.36,2026-07-08 13:51:00,7.0,3640000.0,0.0,0.0,0.0,0.0,0.0,0.0,0.0,0.0,3589307.56,False,False,False,none
LD002359,Nakuru,AGO,Highland Energy Co,TRK-850,26900.0,4937767.8,4964671.7,2026-07-08 21:30:00,26903.900000000373,DS002328,26929.0,2026-07-09 00:22:00,Dispatched,1.0,26929.0,4157413.76,3015723.94,1141689.8199999998,154.38,2026-07-09 00:22:00,1.0,4174879.9999999995,0.0,0.0,0.0,0.0,0.0,0.0,0.0,1141689.8199999998,3015723.94,False,False,True,collections_gap
LD002360,Kisii,PMS,Nyanza Petroleum Co,TRK-639,35000.0,4568297.4,4603289.4,2026-07-08 16:08:00,34992.0,DS002329,35019.0,2026-07-08 17:03:00,Dispatched,1.0,35019.0,5802372.39,5802372.39,0.0,165.69,2026-07-09 17:03:00,45.0,5792500.0,1.0,0.0,0.0,0.0,0.0,0.0,0.0,0.0,5802372.39,False,True,False,none
LD002361,Kisii,PMS,Mara Fuels,TRK-928,28600.0,3174382.3,3202976.5,2026-07-08 09:59:00,28594.200000000186,DS002330,28513.0,2026-07-08 11:04:00,Dispatched,1.0,28513.0,4709591.34,4709591.34,0.0,165.17,2026-07-08 13:04:00,3.0,4733300.0,0.0,0.0,0.0,0.0,0.0,0.0,0.0,0.0,4709591.34,False,False,False,none
LD002362,Kisii,PMS,Pioneer Fuels Kenya,TRK-911,30400.0,1179073.6,1209481.5,2026-07-08 15:55:00,30407.899999999907,DS002331,30336.0,2026-07-08 16:59:00,Dispatched,1.0,30336.0,5074936.06,5074936.06,0.0,167.29,2026-07-08 19:59:00,3.0,5031200.0,0.0,0.0,0.0,0.0,0.0,0.0,0.0,0.0,5074936.06,False,False,False,none
LD002363,Kisii,PMS,Delta Oil Marketers,TRK-622,20900.0,2828921.7,2849826.6,2026-07-08 10:08:00,20904.899999999907,DS002332,20806.0,2026-07-08 10:51:00,Dispatched,1.0,20806.0,3488751.78,3488751.78,0.0,167.68,2026-07-08 11:51:00,14.0,3458950.0,0.0,0.0,0.0,0.0,0.0,0.0,0.0,0.0,3488751.78,False,False,False,none
LD002364,Kisii,AGO,Pioneer Fuels Kenya,TRK-472,21700.0,4290591.7,4312292.3,2026-07-08 15:46:00,21700.599999999627,DS002333,21622.0,2026-07-08 16:34:00,Dispatched,1.0,21622.0,3359468.55,3359468.55,0.0,155.37,2026-07-09 21:34:00,3.0,3367839.9999999995,1.0,0.0,0.0,0.0,0.0,0.0,0.0,0.0,3359468.55,False,False,False,none
LD002365,Kisii,PMS,Crescent Oil Ltd,TRK-184,23400.0,2576334.6,2599730.1,2026-07-08 09:19:00,23395.5,DS002334,23374.0,2026-07-08 11:18:00,Dispatched,1.0,23374.0,3924033.76,3924033.76,0.0,167.88,2026-07-10 11:18:00,14.0,3872700.0,2.0,0.0,0.0,0.0,0.0,0.0,0.0,0.0,3924033.76,False,False,False,none
LD002366,Kisii,IK,Rift Valley Fuels Ltd,TRK-143,22400.0,3014280.3,3036672.1,2026-07-08 05:08:00,22391.80000000028,DS002335,22466.0,2026-07-08 07:17:00,Dispatched,1.0,22466.0,3150696.35,3150696.35,0.0,140.24,2026-07-15 14:17:00,7.0,3136000.0,7.0,0.0,0.0,0.0,0.0,0.0,0.0,0.0,3150696.35,True,False,False,none
LD002367,Kisii,PMS,Nyanza Petroleum Co,TRK-342,32800.0,2766136.0,2798942.0,2026-07-08 12:37:00,32806.0,DS002336,32910.0,2026-07-08 13:40:00,Dispatched,1.0,32910.0,5529095.12,5529095.12,0.0,168.01,2026-07-08 16:40:00,1.0,5428400.0,0.0,0.0,0.0,0.0,0.0,0.0,0.0,0.0,5529095.12,False,False,False,none
LD002368,Kisii,AGO,UNKNOWN CUSTOMER,TRK-448,31300.0,2961817.6,2993117.4,2026-07-08 15:04:00,31299.799999999814,DS002337,31472.0,2026-07-08 17:08:00,Dispatched,1.0,31472.0,4944501.38,4944501.38,0.0,157.11,2026-07-09 00:08:00,45.0,4857760.0,0.0,0.0,0.0,0.0,0.0,0.0,0.0,0.0,4944501.38,False,True,False,none
LD002369,Kisii,AGO,Tsavo Energy Group,TRK-390,24100.0,4539707.0,4563799.9,2026-07-08 18:35:00,24092.900000000373,DS002338,24131.0,2026-07-08 19:48:00,Dispatched,1.0,24131.0,3805761.52,3805761.52,0.0,157.71,2026-07-10 02:48:00,14.0,3740319.9999999995,1.0,0.0,0.0,0.0,0.0,0.0,0.0,0.0,3805761.52,False,False,False,none
LD002370,Kisii,AGO,Summit Downstream Ltd,TRK-734,24300.0,4212532.4,4236834.4,2026-07-08 21:39:00,24302.0,DS002339,24314.0,2026-07-08 22:25:00,Dispatched,1.0,24314.0,3706085.29,3706085.29,0.0,152.43,2026-07-12 00:25:00,7.0,3771359.9999999995,3.0,0.0,0.0,0.0,0.0,0.0,0.0,0.0,3706085.29,False,False,False,none
LD002371,Kisii,PMS,Kilele Fuels,TRK-907,20700.0,4968368.7,4989070.2,2026-07-08 12:27:00,20701.5,DS002340,20731.0,2026-07-08 13:55:00,Dispatched,1.0,20731.0,3379470.7,3379470.7,0.0,163.02,2026-07-09 15:55:00,7.0,3425850.0,1.0,0.0,0.0,0.0,0.0,0.0,0.0,0.0,3379470.7,False,False,False,none
LD002372,Mombasa,AGO,Rift Valley Fuels Ltd,TRK-966,21400.0,4222701.5,4244099.7,2026-07-09 09:47:00,21398.200000000186,DS002341,21431.0,2026-07-09 11:03:00,Dispatched,1.0,21431.0,3319209.8,3319209.8,0.0,154.88,2026-07-09 18:03:00,1.0,3321279.9999999995,0.0,0.0,0.0,0.0,0.0,0.0,0.0,0.0,3319209.8,False,False,False,none
LD002373,Mombasa,PMS,Equator Fuels,TRK-277,30700.0,3929765.8,3960475.0,2026-07-09 07:33:00,30709.200000000186,DS002342,30551.0,2026-07-09 08:37:00,Dispatched,1.0,30551.0,5102283.21,5102283.21,0.0,167.01,2026-07-09 12:37:00,21.0,5080850.0,0.0,0.0,0.0,0.0,0.0,0.0,0.0,0.0,5102283.21,False,False,False,none
LD002374,Mombasa,PMS,Equator Fuels,TRK-999,29700.0,4075920.8,4105617.3,2026-07-09 07:08:00,29696.5,DS002343,29868.0,2026-07-09 08:50:00,Dispatched,1.0,29868.0,4956912.37,4956912.37,0.0,165.96,2026-07-16 13:50:00,30.0,4915350.0,7.0,0.0,0.0,0.0,0.0,0.0,0.0,0.0,4956912.37,True,False,False,none
LD002375,Mombasa,AGO,Rift Valley Fuels Ltd,TRK-632,27100.0,2891302.5,2918398.5,2026-07-09 06:24:00,27096.0,DS002344,26943.0,2026-07-09 09:03:00,Dispatched,1.0,26943.0,4238959.04,4238959.04,0.0,157.33,2026-07-09 15:03:00,1.0,4205920.0,0.0,0.0,0.0,0.0,0.0,0.0,0.0,0.0,4238959.04,False,False,False,none
LD002376,Mombasa,PMS,Highland Energy Co,TRK-124,27000.0,4887803.4,4914804.9,2026-07-09 10:13:00,27001.5,DS002345,27093.0,2026-07-09 13:12:00,Dispatched,1.0,27093.0,4525642.98,4525642.98,0.0,167.04,2026-07-12 16:12:00,7.0,4468500.0,3.0,0.0,0.0,0.0,0.0,0.0,0.0,0.0,4525642.98,False,False,False,none
LD002377,Mombasa,PMS,Kilele Fuels,TRK-285,20600.0,2264018.9,2284624.1,2026-07-09 07:42:00,20605.200000000186,DS002346,20603.0,2026-07-09 08:24:00,Dispatched,1.0,20603.0,3459960.4,3459960.4,0.0,167.93,2026-07-10 15:24:00,7.0,3409300.0,1.0,0.0,0.0,0.0,0.0,0.0,0.0,0.0,3459960.4,False,False,False,none
LD002378,Mombasa,AGO,Zenith Petroleum,TRK-372,21700.0,3514176.1,3535868.9,2026-07-09 13:47:00,21692.799999999814,DS002347,21629.0,2026-07-09 14:33:00,Dispatched,1.0,21629.0,3414772.97,3414772.97,0.0,157.88,2026-07-09 15:33:00,3.0,3367839.9999999995,0.0,0.0,0.0,0.0,0.0,0.0,0.0,0.0,3414772.97,False,False,False,none
LD002379,Mombasa,PMS,Baraka Downstream,TRK-623,21500.0,1379814.6,1401310.1,2026-07-09 06:20:00,21495.5,DS002348,21534.0,2026-07-09 06:51:00,Dispatched,,,,,0.0,,,,3558250.0,,0.0,0.0,0.0,3563877.0,0.0,0.0,3563877.0,0.0,False,False,True,billing_gap
LD002380,Mombasa,AGO,Horizon Oil Marketers,TRK-662,35600.0,1149411.7,1185017.6,2026-07-09 22:15:00,35605.90000000014,DS002349,35587.0,2026-07-10 01:07:00,Dispatched,1.0,35587.0,5605284.48,5605284.48,0.0,157.51,2026-07-17 08:07:00,21.0,5525120.0,7.0,0.0,0.0,0.0,0.0,0.0,0.0,0.0,5605284.48,True,False,False,none
LD002381,Mombasa,IK,Lakeview Energy,TRK-320,27100.0,1452543.8,1479653.6,2026-07-09 20:11:00,27109.800000000047,DS002350,27045.0,2026-07-09 22:59:00,Dispatched,1.0,27045.0,3840546.83,1362400.89,2478145.9400000004,142.01,2026-07-10 06:59:00,3.0,3794000.0,0.0,0.0,0.0,0.0,0.0,0.0,0.0,2478145.9400000004,1362400.89,False,False,True,collections_gap
LD002382,Mombasa,AGO,Pioneer Fuels Kenya,TRK-290,23400.0,1580422.3,1603826.5,2026-07-09 11:59:00,23404.199999999953,DS002351,23303.0,2026-07-09 13:34:00,Dispatched,1.0,23303.0,3630358.69,3630358.69,0.0,155.79,2026-07-10 21:34:00,1.0,3631679.9999999995,1.0,0.0,0.0,0.0,0.0,0.0,0.0,0.0,3630358.69,False,False,False,none
LD002383,Mombasa,PMS,Pioneer Fuels Kenya,TRK-319,34500.0,4875265.8,4909759.7,2026-07-09 09:36:00,34493.90000000037,DS002352,34348.0,2026-07-09 12:30:00,Dispatched,1.0,34348.0,5577628.78,5577628.78,0.0,162.39,2026-07-11 16:30:00,7.0,5709750.0,2.0,0.0,0.0,0.0,0.0,0.0,0.0,0.0,5577628.78,False,False,False,none
LD002384,Nairobi,IK,Mara Fuels,TRK-699,21000.0,3412055.5,3433062.0,2026-07-09 18:51:00,21006.5,DS002353,19342.0,2026-07-09 21:04:00,Dispatched,1.0,19342.0,2742074.39,2742074.39,0.0,141.77,2026-07-10 01:04:00,3.0,2940000.0,0.0,0.0,1658.0,232120.0,0.0,0.0,0.0,232120.0,2742074.39,False,False,True,shrinkage
LD002385,Nairobi,PMS,Nyanza Petroleum Co,TRK-432,20900.0,4575096.8,4596007.0,2026-07-09 22:09:00,20910.200000000186,DS002354,20833.0,2026-07-10 00:47:00,Dispatched,,,,,0.0,,,,3458950.0,,0.0,0.0,0.0,3447861.5,0.0,0.0,3447861.5,0.0,False,False,True,billing_gap
LD002386,Nairobi,AGO,Mara Fuels,TRK-415,33300.0,1601242.5,1634544.3,2026-07-09 22:13:00,33301.80000000005,DS002355,33210.0,2026-07-10 00:24:00,Dispatched,1.0,33210.0,5226080.18,5226080.18,0.0,157.36,2026-07-12 02:24:00,30.0,5168160.0,2.0,0.0,0.0,0.0,0.0,0.0,0.0,0.0,5226080.18,False,False,False,none
LD002387,Nairobi,PMS,Delta Oil Marketers,TRK-927,20600.0,4515524.6,4536120.7,2026-07-09 19:47:00,20596.10000000056,DS002356,20602.0,2026-07-09 20:27:00,Dispatched,1.0,20602.0,3437710.9,3437710.9,0.0,166.86,2026-07-10 03:27:00,21.0,3409300.0,0.0,0.0,0.0,0.0,0.0,0.0,0.0,0.0,3437710.9,False,False,False,none
LD002388,Nairobi,PMS,Mara Fuels,TRK-359,27500.0,3393224.3,3420722.4,2026-07-09 05:36:00,27498.100000000093,DS002357,27410.0,2026-07-09 06:42:00,Dispatched,1.0,27410.0,4588087.23,4588087.23,0.0,167.39,2026-07-09 10:42:00,1.0,4551250.0,0.0,0.0,0.0,0.0,0.0,0.0,0.0,0.0,4588087.23,False,False,False,none
LD002389,Nairobi,PMS,Pioneer Fuels Kenya,TRK-291,20500.0,2099582.6,2120082.2,2026-07-09 19:38:00,20499.600000000093,DS002358,20522.0,2026-07-09 22:04:00,Dispatched,1.0,20522.0,3428699.88,3428699.88,0.0,167.07,2026-07-10 02:04:00,21.0,3392750.0,0.0,0.0,0.0,0.0,0.0,0.0,0.0,0.0,3428699.88,False,False,False,none
LD002390,Nairobi,PMS,Nyanza Petroleum Co,TRK-710,34300.0,4930609.6,4964907.3,2026-07-09 06:21:00,34297.700000000186,DS002359,34191.0,2026-07-09 07:36:00,Dispatched,1.0,34191.0,5768673.52,5768673.52,0.0,168.72,2026-07-10 12:36:00,14.0,5676650.0,1.0,0.0,0.0,0.0,0.0,0.0,0.0,0.0,5768673.52,False,False,False,none
LD002391,Nairobi,AGO,Mara Fuels,TRK-671,30200.0,1646550.8,1676751.0,2026-07-09 11:31:00,30200.199999999953,DS002360,30223.0,2026-07-09 13:40:00,Dispatched,1.0,30223.0,4715484.72,4715484.72,0.0,156.02,2026-07-10 16:40:00,3.0,4687040.0,1.0,0.0,0.0,0.0,0.0,0.0,0.0,0.0,4715484.72,False,False,False,none
LD002392,Kisumu,PMS,Zenith Petroleum,TRK-909,34700.0,4029876.2,4064580.8,2026-07-09 08:08:00,34704.59999999963,DS002361,34580.0,2026-07-09 09:02:00,Dispatched,1.0,34580.0,5776676.26,0.0,5776676.26,167.05,2026-07-09 16:02:00,,5742850.0,0.0,0.0,0.0,0.0,0.0,0.0,0.0,5776676.26,0.0,False,False,True,collections_gap
LD002393,Kisumu,AGO,Savannah Petroleum,TRK-667,31700.0,3836722.8,3868419.8,2026-07-09 10:02:00,31697.0,DS002362,31591.0,2026-07-09 12:46:00,Dispatched,1.0,31591.0,4808407.91,4808407.91,0.0,152.21,2026-07-10 16:46:00,1.0,4919840.0,1.0,0.0,0.0,0.0,0.0,0.0,0.0,0.0,4808407.91,False,False,False,none
LD002394,Kisumu,AGO,Pioneer Fuels Kenya,TRK-800,31000.0,1878891.0,1909887.9,2026-07-09 21:55:00,30996.899999999907,DS002363,30780.0,2026-07-10 00:01:00,Dispatched,1.0,30780.0,4840200.96,4840200.96,0.0,157.25,2026-07-11 00:01:00,1.0,4811200.0,1.0,0.0,0.0,0.0,0.0,0.0,0.0,0.0,4840200.96,False,False,False,none
LD002395,Kisumu,AGO,Nyanza Petroleum Co,TRK-503,27000.0,4128007.3,4155006.1,2026-07-09 16:11:00,26998.80000000028,DS002364,26987.0,2026-07-09 18:20:00,Dispatched,1.0,26987.0,4141650.73,4141650.73,0.0,153.47,2026-07-10 02:20:00,3.0,4190399.9999999995,0.0,0.0,0.0,0.0,0.0,0.0,0.0,0.0,4141650.73,False,False,False,none
LD002396,Kisumu,PMS,Nyanza Petroleum Co,TRK-760,32700.0,4354487.2,4387194.5,2026-07-09 13:19:00,32707.299999999814,DS002365,32843.0,2026-07-09 15:28:00,Dispatched,1.0,32843.0,5504651.76,5504651.76,0.0,167.61,2026-07-10 21:28:00,30.0,5411850.0,1.0,0.0,0.0,0.0,0.0,0.0,0.0,0.0,5504651.76,False,False,False,none
LD002397,Kisumu,PMS,Tsavo Energy Group,TRK-992,30500.0,1913703.4,1944198.8,2026-07-09 07:22:00,30495.40000000014,DS002366,30628.0,2026-07-09 08:40:00,Dispatched,1.0,30628.0,5156578.43,5156578.43,0.0,168.36,2026-07-09 11:40:00,7.0,5047750.0,0.0,0.0,0.0,0.0,0.0,0.0,0.0,0.0,5156578.43,False,False,False,none
LD002398,Eldoret,PMS,Pioneer Fuels Kenya,TRK-847,35400.0,3509586.2,3544980.5,2026-07-09 09:41:00,35394.299999999814,DS002367,35434.0,2026-07-09 11:53:00,Dispatched,1.0,35434.0,5794080.96,5794080.96,0.0,163.52,2026-07-12 14:53:00,45.0,5858700.0,3.0,0.0,0.0,0.0,0.0,0.0,0.0,0.0,5794080.96,False,True,False,none
LD002399,Eldoret,AGO,Equator Fuels,TRK-769,24200.0,2169564.1,2193769.3,2026-07-09 07:19:00,24205.19999999972,DS002368,24055.0,2026-07-09 08:00:00,Dispatched,1.0,24055.0,3763292.11,3763292.11,0.0,156.45,2026-07-09 15:00:00,21.0,3755839.9999999995,0.0,0.0,0.0,0.0,0.0,0.0,0.0,0.0,3763292.11,False,False,False,none
LD002400,Eldoret,PMS,Rift Valley Fuels Ltd,TRK-581,24900.0,2381375.9,2406280.4,2026-07-09 11:58:00,24904.5,DS002369,24963.0,2026-07-09 14:33:00,Dispatched,1.0,24963.0,4166060.68,4166060.68,0.0,166.89,2026-07-16 16:33:00,3.0,4120950.0,7.0,0.0,0.0,0.0,0.0,0.0,0.0,0.0,4166060.68,True,False,False,none
LD002401,Eldoret,AGO,Crescent Oil Ltd,TRK-248,35900.0,1407810.2,1443707.0,2026-07-09 20:05:00,35896.80000000005,DS002370,35924.0,2026-07-09 22:08:00,Dispatched,1.0,35924.0,5501586.74,5501586.74,0.0,153.15,2026-07-10 01:08:00,30.0,5571680.0,0.0,0.0,0.0,0.0,0.0,0.0,0.0,0.0,5501586.74,False,False,False,none
LD002402,Eldoret,AGO,Equator Fuels,TRK-987,33100.0,1369383.4,1402482.7,2026-07-09 09:07:00,33099.30000000005,DS002371,33060.0,2026-07-09 10:14:00,Dispatched,1.0,33060.0,5152824.65,5152824.65,0.0,155.86,2026-07-10 16:14:00,1.0,5137120.0,1.0,0.0,0.0,0.0,0.0,0.0,0.0,0.0,5152824.65,False,False,False,none
LD002403,Eldoret,PMS,Horizon Oil Marketers,TRK-863,30800.0,1225933.7,1256738.3,2026-07-09 09:03:00,30804.600000000093,DS002372,30912.0,2026-07-09 11:00:00,Dispatched,1.0,30912.0,5118035.13,5118035.13,0.0,165.57,2026-07-09 16:00:00,1.0,5097400.0,0.0,0.0,0.0,0.0,0.0,0.0,0.0,0.0,5118035.13,False,False,False,none
LD002404,Eldoret,PMS,Horizon Oil Marketers,TRK-285,26400.0,3088506.0,3114908.3,2026-07-09 17:25:00,26402.299999999814,,,,,,,,,0.0,,,,4369200.0,,4369200.0,0.0,0.0,0.0,0.0,0.0,4369200.0,0.0,False,False,True,dispatch_capture_gap
LD002405,Eldoret,AGO,Baraka Downstream,TRK-777,26400.0,2201955.0,2228351.8,2026-07-09 06:28:00,26396.799999999814,DS002373,26449.0,2026-07-09 09:11:00,Dispatched,1.0,26449.0,4097034.31,4097034.31,0.0,154.9,2026-07-09 11:11:00,14.0,4097279.9999999995,0.0,0.0,0.0,0.0,0.0,0.0,0.0,0.0,4097034.31,False,False,False,none
LD002406,Eldoret,IK,Crescent Oil Ltd,TRK-319,31600.0,1824788.3,1856392.5,2026-07-09 11:59:00,31604.199999999953,DS002374,31786.0,2026-07-09 14:24:00,Dispatched,1.0,31786.0,4369777.08,4369777.08,0.0,137.47,2026-07-09 22:24:00,3.0,4424000.0,0.0,0.0,0.0,0.0,0.0,0.0,0.0,0.0,4369777.08,False,False,False,none
LD002407,Eldoret,AGO,Mara Fuels,TRK-113,24000.0,2345844.7,2369838.9,2026-07-09 18:24:00,23994.19999999972,DS002375,22862.0,2026-07-09 19:32:00,Dispatched,1.0,22862.0,3506325.43,3506325.43,0.0,153.37,2026-07-13 03:32:00,3.0,3724799.9999999995,3.0,0.0,1138.0,176617.59999999998,0.0,0.0,0.0,176617.59999999998,3506325.43,False,False,True,shrinkage
LD002408,Eldoret,AGO,Amani Petroleum,TRK-882,31900.0,1854269.2,1886180.5,2026-07-09 14:49:00,31911.300000000047,DS002376,31765.0,2026-07-09 15:41:00,Dispatched,1.0,31765.0,4860708.41,4860708.41,0.0,153.02,2026-07-10 18:41:00,14.0,4950880.0,1.0,0.0,0.0,0.0,0.0,0.0,0.0,0.0,4860708.41,False,False,False,none
LD002409,Eldoret,PMS,Highland Energy Co,TRK-740,20200.0,4106229.9,4126422.1,2026-07-09 14:01:00,20192.200000000186,DS002377,20270.0,2026-07-09 16:16:00,Dispatched,1.0,20270.0,3336078.5,3336078.5,0.0,164.58,2026-07-09 20:16:00,30.0,3343100.0,0.0,0.0,0.0,0.0,0.0,0.0,0.0,0.0,3336078.5,False,False,False,none
LD002410,Eldoret,IK,Mara Fuels,TRK-253,32700.0,4497658.2,4530365.3,2026-07-09 05:36:00,32707.099999999627,DS002378,32624.0,2026-07-09 06:44:00,Dispatched,1.0,32624.0,4484409.85,4484409.85,0.0,137.46,2026-07-09 13:44:00,3.0,4578000.0,0.0,0.0,0.0,0.0,0.0,0.0,0.0,0.0,4484409.85,False,False,False,none
LD002411,Eldoret,PMS,Pioneer Fuels Kenya,TRK-967,33600.0,4108817.0,4142421.0,2026-07-09 05:53:00,33604.0,,,,,,,,,0.0,,,,5560800.0,,5560800.0,0.0,0.0,0.0,0.0,0.0,5560800.0,0.0,False,False,True,dispatch_capture_gap
LD002412,Nakuru,AGO,Rift Valley Fuels Ltd,TRK-319,35700.0,2073104.1,2108801.1,2026-07-09 07:51:00,35697.0,DS002379,35545.0,2026-07-09 08:58:00,Dispatched,1.0,35545.0,5408863.39,5408863.39,0.0,152.17,2026-07-12 16:58:00,3.0,5540640.0,3.0,0.0,0.0,0.0,0.0,0.0,0.0,0.0,5408863.39,False,False,False,none
LD002413,Nakuru,PMS,Rift Valley Fuels Ltd,TRK-334,20700.0,3820253.1,3840948.5,2026-07-09 20:52:00,20695.399999999907,DS002380,20686.0,2026-07-09 22:19:00,Dispatched,1.0,20686.0,3465309.98,3465309.98,0.0,167.52,2026-07-10 01:19:00,7.0,3425850.0,0.0,0.0,0.0,0.0,0.0,0.0,0.0,0.0,3465309.98,False,False,False,none
LD002414,Nakuru,PMS,Zenith Petroleum,TRK-652,31300.0,1124699.6,1155999.0,2026-07-09 11:27:00,31299.399999999907,DS002381,31338.0,2026-07-09 12:16:00,Dispatched,1.0,31338.0,5232664.76,5232664.76,0.0,166.98,2026-07-09 20:16:00,14.0,5180150.0,0.0,0.0,0.0,0.0,0.0,0.0,0.0,0.0,5232664.76,False,False,False,none
LD002415,Nakuru,PMS,Rift Valley Fuels Ltd,TRK-176,33900.0,1554610.1,1588509.4,2026-07-09 09:13:00,33899.299999999814,DS002382,33866.0,2026-07-09 10:50:00,Dispatched,1.0,33866.0,5545923.43,5545923.43,0.0,163.76,2026-07-09 18:50:00,3.0,5610450.0,0.0,0.0,0.0,0.0,0.0,0.0,0.0,0.0,5545923.43,False,False,False,none
LD002416,Nakuru,PMS,Savannah Petroleum,TRK-470,35400.0,3772677.4,3808076.6,2026-07-09 20:59:00,35399.200000000186,DS002383,35453.0,2026-07-09 23:28:00,Dispatched,1.0,35453.0,5982153.77,5982153.77,0.0,168.73,2026-07-10 23:28:00,45.0,5858700.0,1.0,0.0,0.0,0.0,0.0,0.0,0.0,0.0,5982153.77,False,True,False,none
LD002417,Nakuru,AGO,Aberdare Oil Traders,TRK-713,32800.0,2590539.9,2623334.1,2026-07-09 22:31:00,32794.200000000186,DS002384,32991.0,2026-07-10 00:18:00,Dispatched,1.0,32991.0,5099835.97,5099835.97,0.0,154.58,2026-07-10 02:18:00,14.0,5090560.0,0.0,0.0,0.0,0.0,0.0,0.0,0.0,0.0,5099835.97,False,False,False,none
LD002418,Nakuru,PMS,Uhuru Energy Partners,TRK-122,27700.0,3207314.9,3235011.3,2026-07-09 07:27:00,27696.399999999907,DS002385,27587.0,2026-07-09 10:12:00,Dispatched,1.0,27587.0,4510719.45,4510719.45,0.0,163.51,2026-07-09 11:12:00,14.0,4584350.0,0.0,0.0,0.0,0.0,0.0,0.0,0.0,0.0,4510719.45,False,False,False,none
LD002419,Nakuru,PMS,Horizon Oil Marketers,TRK-367,30100.0,2028474.0,2058563.6,2026-07-09 14:33:00,30089.600000000093,DS002386,29924.0,2026-07-09 17:27:00,Dispatched,1.0,29924.0,4872482.01,4872482.01,0.0,162.83,2026-07-13 00:27:00,45.0,4981550.0,3.0,0.0,0.0,0.0,0.0,0.0,0.0,0.0,4872482.01,False,True,False,none
LD002420,Nakuru,PMS,Nyanza Petroleum Co,TRK-117,27200.0,3282658.3,3309857.1,2026-07-09 14:02:00,27198.80000000028,DS002387,27194.0,2026-07-09 14:35:00,Dispatched,1.0,27194.0,4442603.76,4442603.76,0.0,163.37,2026-07-12 18:35:00,45.0,4501600.0,3.0,0.0,0.0,0.0,0.0,0.0,0.0,0.0,4442603.76,False,True,False,none
LD002421,Nakuru,IK,Pioneer Fuels Kenya,TRK-755,27000.0,2659387.4,2686391.9,2026-07-09 17:31:00,27004.5,DS002388,26945.0,2026-07-09 19:20:00,Dispatched,1.0,26945.0,3778037.21,3778037.21,0.0,140.21,2026-07-13 02:20:00,1.0,3780000.0,3.0,0.0,0.0,0.0,0.0,0.0,0.0,0.0,3778037.21,False,False,False,none
LD002422,Nakuru,PMS,Lakeview Energy,TRK-704,33300.0,1999835.9,2033141.5,2026-07-09 14:39:00,33305.60000000009,DS002389,33252.0,2026-07-09 17:00:00,Dispatched,1.0,33252.0,5426536.14,5426536.14,0.0,163.19,2026-07-12 18:00:00,1.0,5511150.0,3.0,0.0,0.0,0.0,0.0,0.0,0.0,0.0,5426536.14,False,False,False,none
LD002423,Nakuru,PMS,Tsavo Energy Group,TRK-357,29800.0,3340779.1,3370577.9,2026-07-09 18:53:00,29798.799999999814,DS002390,29913.0,2026-07-09 21:18:00,Dispatched,1.0,29913.0,4986384.17,4986384.17,0.0,166.7,2026-07-11 23:18:00,21.0,4931900.0,2.0,0.0,0.0,0.0,0.0,0.0,0.0,0.0,4986384.17,False,False,False,none
LD002424,Kisii,PMS,UNKNOWN CUSTOMER,TRK-145,25800.0,4110721.5,4136510.0,2026-07-09 13:29:00,25788.5,DS002391,25791.0,2026-07-09 15:45:00,Dispatched,1.0,25791.0,4321439.07,4321439.07,0.0,167.56,2026-07-10 22:45:00,45.0,4269900.0,1.0,0.0,0.0,0.0,0.0,0.0,0.0,0.0,4321439.07,False,True,False,none
LD002425,Kisii,AGO,Savannah Petroleum,TRK-925,31800.0,4571858.4,4603665.7,2026-07-09 21:07:00,31807.299999999814,DS002392,31797.0,2026-07-09 23:43:00,Dispatched,1.0,31797.0,5009321.87,0.0,5009321.87,157.54,2026-07-11 04:43:00,,4935360.0,1.0,0.0,0.0,0.0,0.0,0.0,0.0,5009321.87,0.0,False,False,True,collections_gap
LD002426,Kisii,AGO,Summit Downstream Ltd,TRK-192,26700.0,4401507.7,4428195.1,2026-07-09 08:28:00,26687.39999999944,DS002393,26665.0,2026-07-09 09:45:00,Dispatched,1.0,26665.0,4153293.55,4153293.55,0.0,155.76,2026-07-09 10:45:00,14.0,4143839.9999999995,0.0,0.0,0.0,0.0,0.0,0.0,0.0,0.0,4153293.55,False,False,False,none
LD002427,Kisii,PMS,Rift Valley Fuels Ltd,TRK-931,23700.0,1958836.3,1982529.8,2026-07-09 06:34:00,23693.5,DS002394,23697.0,2026-07-09 09:03:00,Dispatched,1.0,23697.0,3877115.2,3877115.2,0.0,163.61206903827488,2026-07-12 16:03:00,7.0,3922350.0,3.0,0.0,0.0,0.0,0.0,0.0,0.0,0.0,3877115.2,False,False,False,none
LD002428,Kisii,PMS,Rift Valley Fuels Ltd,TRK-210,29000.0,1537960.4,1566957.3,2026-07-09 09:37:00,28996.90000000014,DS002395,29023.0,2026-07-09 11:31:00,Dispatched,1.0,29023.0,4891829.87,0.0,4891829.87,168.55,2026-07-10 16:31:00,,4799500.0,1.0,0.0,0.0,0.0,0.0,0.0,0.0,4891829.87,0.0,False,False,True,collections_gap
LD002429,Kisii,AGO,Savannah Petroleum,TRK-204,25100.0,4653778.8,4678886.3,2026-07-09 11:32:00,25107.5,DS002396,25310.0,2026-07-09 14:23:00,Dispatched,1.0,25310.0,3889275.46,3889275.46,0.0,153.67,2026-07-10 18:23:00,14.0,3895519.9999999995,1.0,0.0,0.0,0.0,0.0,0.0,0.0,0.0,3889275.46,False,False,False,none
LD002430,Kisii,AGO,Lakeview Energy,TRK-932,21800.0,1990258.0,2012055.3,2026-07-09 12:21:00,21797.300000000047,DS002397,21818.0,2026-07-09 13:58:00,Dispatched,1.0,21818.0,3438311.76,1464192.57,1974119.1899999997,157.59,2026-07-09 21:58:00,60.0,3383359.9999999995,0.0,0.0,0.0,0.0,0.0,0.0,0.0,1974119.1899999997,1464192.57,False,True,True,collections_gap
LD002431,Kisii,IK,Coastline Energy Ltd,TRK-510,32900.0,4051971.7,4084874.2,2026-07-09 13:31:00,32902.5,DS002398,33015.0,2026-07-09 14:12:00,Dispatched,1.0,33015.0,4705317.7,4705317.7,0.0,142.52,2026-07-16 19:12:00,7.0,4606000.0,7.0,0.0,0.0,0.0,0.0,0.0,0.0,0.0,4705317.7,True,False,False,none
LD002432,Kisii,AGO,Pioneer Fuels Kenya,TRK-457,34600.0,4849203.0,4883802.4,2026-07-09 05:01:00,34599.40000000037,DS002399,34619.0,2026-07-09 07:39:00,Dispatched,1.0,34619.0,5374932.39,5374932.39,0.0,155.26,2026-07-10 15:39:00,45.0,5369920.0,1.0,0.0,0.0,0.0,0.0,0.0,0.0,0.0,5374932.39,False,True,False,none
LD002433,Kisii,PMS,Aberdare Oil Traders,TRK-309,26800.0,1789894.3,1816701.7,2026-07-09 18:38:00,26807.399999999907,DS002400,26637.0,2026-07-09 21:08:00,Dispatched,1.0,26637.0,4341983.45,4341983.45,0.0,163.01,2026-07-10 03:08:00,7.0,4435400.0,0.0,0.0,0.0,0.0,0.0,0.0,0.0,0.0,4341983.45,False,False,False,none
LD002434,Kisii,PMS,Summit Downstream Ltd,TRK-929,22000.0,4145932.1,4167937.2,2026-07-09 11:38:00,22005.100000000093,DS002401,21963.0,2026-07-09 13:47:00,Dispatched,1.0,21963.0,3564754.63,2889151.21,675603.4199999999,162.31,2026-07-09 14:47:00,3.0,3641000.0,0.0,0.0,0.0,0.0,0.0,0.0,0.0,675603.4199999999,2889151.21,False,False,True,collections_gap
LD002435,Kisii,AGO,Baraka Downstream,TRK-699,20300.0,2930913.5,2951219.5,2026-07-09 17:27:00,20306.0,DS002402,20317.0,2026-07-09 18:31:00,Dispatched,1.0,20317.0,3192182.82,3192182.82,0.0,157.12,2026-07-13 02:31:00,21.0,3150560.0,3.0,0.0,0.0,0.0,0.0,0.0,0.0,0.0,3192182.82,False,False,False,none
LD002436,Mombasa,AGO,Savannah Petroleum,TRK-372,23900.0,1686840.0,1710735.8,2026-07-10 20:01:00,23895.800000000047,DS002403,23952.0,2026-07-10 21:46:00,Dispatched,1.0,23952.0,3791507.56,3791507.56,0.0,158.3,2026-07-12 00:46:00,45.0,3709279.9999999995,1.0,0.0,0.0,0.0,0.0,0.0,0.0,0.0,3791507.56,False,True,False,none
LD002437,Mombasa,PMS,Pioneer Fuels Kenya,TRK-169,28500.0,2159949.6,2188445.2,2026-07-10 14:21:00,28495.600000000093,DS002404,28518.0,2026-07-10 15:58:00,Dispatched,1.0,28518.0,4749011.89,4749011.89,0.0,166.53,2026-07-17 23:58:00,14.0,4716750.0,7.0,0.0,0.0,0.0,0.0,0.0,0.0,0.0,4749011.89,True,False,False,none
LD002438,Mombasa,PMS,Kilele Fuels,TRK-358,30500.0,2133186.1,2163687.6,2026-07-10 20:42:00,30501.5,DS002405,30584.0,2026-07-10 22:51:00,Dispatched,1.0,27921.0,4623807.81,4623807.81,0.0,165.6,2026-07-12 01:51:00,14.0,5047750.0,1.0,0.0,0.0,0.0,0.0,2663.0,440992.8,440992.8,4623807.81,False,False,True,underbilling
LD002439,Mombasa,AGO,Nyanza Petroleum Co,TRK-665,20000.0,1507744.2,1527747.9,2026-07-10 13:37:00,20003.699999999953,DS002406,19912.0,2026-07-10 15:44:00,Dispatched,1.0,19912.0,3077789.59,0.0,3077789.59,154.57,2026-07-10 20:44:00,,3104000.0,0.0,0.0,0.0,0.0,0.0,0.0,0.0,3077789.59,0.0,False,False,True,collections_gap
LD002440,Mombasa,AGO,Lakeview Energy,TRK-276,29700.0,4883618.8,4913315.3,2026-07-10 15:15:00,29696.5,DS002407,29704.0,2026-07-10 16:37:00,Dispatched,1.0,29704.0,4580921.34,4580921.34,0.0,154.22,2026-07-17 18:37:00,1.0,4609440.0,7.0,0.0,0.0,0.0,0.0,0.0,0.0,0.0,4580921.34,True,False,False,none
LD002441,Mombasa,AGO,Pioneer Fuels Kenya,TRK-950,26000.0,3725842.5,3751841.7,2026-07-10 21:02:00,25999.200000000186,DS002408,26104.0,2026-07-10 22:03:00,Dispatched,1.0,26104.0,4064693.47,4064693.47,0.0,155.71,2026-07-11 04:03:00,7.0,4035199.9999999995,0.0,0.0,0.0,0.0,0.0,0.0,0.0,0.0,4064693.47,False,False,False,none
LD002442,Mombasa,AGO,Nyanza Petroleum Co,TRK-303,35400.0,3155923.5,3191320.3,2026-07-10 21:31:00,35396.799999999814,DS002409,35297.0,2026-07-10 23:11:00,Dispatched,1.0,35297.0,5410999.63,5410999.63,0.0,153.3,2026-07-12 02:11:00,30.0,5494080.0,1.0,0.0,0.0,0.0,0.0,0.0,0.0,0.0,5410999.63,False,False,False,none
LD002443,Mombasa,AGO,Crescent Oil Ltd,TRK-399,24600.0,1481083.9,1505688.7,2026-07-10 18:24:00,24604.800000000047,DS002410,24683.0,2026-07-10 20:53:00,Dispatched,1.0,24683.0,3905816.32,3905816.32,0.0,158.24,2026-07-10 22:53:00,3.0,3817919.9999999995,0.0,0.0,0.0,0.0,0.0,0.0,0.0,0.0,3905816.32,False,False,False,none
LD002444,Mombasa,IK,Equator Fuels,TRK-150,26000.0,4803765.4,4829772.2,2026-07-10 08:09:00,26006.799999999814,DS002411,26083.0,2026-07-10 09:56:00,Dispatched,1.0,26083.0,3701017.95,3701017.95,0.0,141.89,2026-07-10 17:56:00,21.0,3640000.0,0.0,0.0,0.0,0.0,0.0,0.0,0.0,0.0,3701017.95,False,False,False,none
LD002445,Mombasa,AGO,Tsavo Energy Group,TRK-547,20400.0,2214895.4,2235294.2,2026-07-10 12:14:00,20398.80000000028,DS002412,20324.0,2026-07-10 15:02:00,Dispatched,1.0,20324.0,3146082.3,3146082.3,0.0,154.8,2026-07-11 15:02:00,14.0,3166080.0,1.0,0.0,0.0,0.0,0.0,0.0,0.0,0.0,3146082.3,False,False,False,none
LD002446,Mombasa,AGO,Pioneer Fuels Kenya,TRK-696,24000.0,3136881.6,3160884.3,2026-07-10 21:42:00,24002.69999999972,DS002413,24024.0,2026-07-11 00:27:00,Dispatched,1.0,24024.0,3769363.45,3769363.45,0.0,156.9,2026-07-11 01:27:00,3.0,3724799.9999999995,0.0,0.0,0.0,0.0,0.0,0.0,0.0,0.0,3769363.45,False,False,False,none
LD002447,Mombasa,AGO,Aberdare Oil Traders,TRK-541,33200.0,1412587.0,1445789.9,2026-07-10 07:45:00,33202.89999999991,DS002414,33216.0,2026-07-10 08:28:00,Dispatched,1.0,33216.0,5105866.51,5105866.51,0.0,153.72,2026-07-13 14:28:00,3.0,5152640.0,3.0,0.0,0.0,0.0,0.0,0.0,0.0,0.0,5105866.51,False,False,False,none
LD002448,Mombasa,PMS,Kilele Fuels,TRK-653,26200.0,2609178.7,2635374.4,2026-07-10 06:32:00,26195.69999999972,DS002415,26186.0,2026-07-10 09:28:00,Dispatched,1.0,26186.0,4270842.53,4270842.53,0.0,163.1,2026-07-10 09:28:00,7.0,4336100.0,0.0,0.0,0.0,0.0,0.0,0.0,0.0,0.0,4270842.53,False,False,False,none
LD002449,Mombasa,PMS,Tsavo Energy Group,TRK-775,32500.0,4851139.2,4883638.1,2026-07-10 06:53:00,32498.89999999944,DS002416,32351.0,2026-07-10 09:14:00,Dispatched,1.0,32351.0,5340346.96,5340346.96,0.0,165.08,2026-07-12 15:14:00,1.0,5378750.0,2.0,0.0,0.0,0.0,0.0,0.0,0.0,0.0,5340346.96,False,False,False,none
LD002450,Nairobi,PMS,Lakeview Energy,TRK-800,35000.0,1365006.6,1400001.5,2026-07-10 22:51:00,34994.89999999991,DS002417,34972.0,2026-07-11 00:34:00,Dispatched,1.0,34972.0,5750890.38,5750890.38,0.0,164.44,2026-07-11 01:34:00,45.0,5792500.0,0.0,0.0,0.0,0.0,0.0,0.0,0.0,0.0,5750890.38,False,True,False,none
LD002451,Nairobi,AGO,Rift Valley Fuels Ltd,TRK-650,20300.0,4222819.2,4243126.9,2026-07-10 07:28:00,20307.700000000186,DS002418,20290.0,2026-07-10 08:39:00,Dispatched,1.0,20290.0,3193352.54,3193352.54,0.0,157.39,2026-07-11 08:39:00,21.0,3150560.0,1.0,0.0,0.0,0.0,0.0,0.0,0.0,0.0,3193352.54,False,False,False,none
LD002452,Nairobi,AGO,Summit Downstream Ltd,TRK-411,23200.0,1961249.2,1984455.3,2026-07-10 07:34:00,23206.100000000093,DS002419,23082.0,2026-07-10 08:14:00,Dispatched,1.0,23082.0,3535904.15,3535904.15,0.0,153.19,2026-07-11 09:14:00,7.0,3600639.9999999995,1.0,0.0,0.0,0.0,0.0,0.0,0.0,0.0,3535904.15,False,False,False,none
LD002453,Nairobi,AGO,Zenith Petroleum,TRK-855,30500.0,4638907.4,4669405.4,2026-07-10 19:56:00,30498.0,DS002420,30381.0,2026-07-10 20:56:00,Dispatched,1.0,30381.0,4698596.97,4698596.97,0.0,154.66,2026-07-11 00:56:00,3.0,4733600.0,0.0,0.0,0.0,0.0,0.0,0.0,0.0,0.0,4698596.97,False,False,False,none
LD002454,Nairobi,IK,Rift Valley Fuels Ltd,TRK-163,20000.0,1895272.3,1915275.9,2026-07-10 16:28:00,20003.59999999986,DS002421,19944.0,2026-07-10 19:20:00,Dispatched,1.0,19944.0,2820704.5,2820704.5,0.0,141.43,2026-07-10 19:20:00,14.0,2800000.0,0.0,0.0,0.0,0.0,0.0,0.0,0.0,0.0,2820704.5,False,False,False,none
LD002455,Nairobi,AGO,Mara Fuels,TRK-195,25400.0,4963944.7,4989337.5,2026-07-10 18:30:00,25392.799999999814,DS002422,25320.0,2026-07-10 20:57:00,Dispatched,2.0,50640.0,7809978.9,7809978.9,0.0,154.23,2026-07-11 04:57:00,7.0,3942079.9999999995,0.0,0.0,0.0,0.0,0.0,0.0,0.0,0.0,7809978.9,False,False,False,none
LD002456,Nairobi,PMS,Crescent Oil Ltd,TRK-882,25400.0,2321230.8,2346631.4,2026-07-10 07:19:00,25400.600000000093,DS002423,25425.0,2026-07-10 09:19:00,Cancelled,,,,,0.0,,,,4203700.0,,0.0,0.0,0.0,0.0,0.0,0.0,0.0,0.0,False,False,False,none
LD002457,Nairobi,AGO,Pioneer Fuels Kenya,TRK-269,20300.0,1540732.2,1561028.7,2026-07-10 20:43:00,20296.5,DS002424,20356.0,2026-07-10 21:48:00,Dispatched,1.0,20356.0,3185657.08,3185657.08,0.0,156.5,2026-07-12 01:48:00,7.0,3150560.0,1.0,0.0,0.0,0.0,0.0,0.0,0.0,0.0,3185657.08,False,False,False,none
LD002458,Nairobi,AGO,Delta Oil Marketers,TRK-151,23700.0,2402949.2,2426651.0,2026-07-10 17:37:00,23701.799999999814,DS002425,23678.0,2026-07-10 18:53:00,Dispatched,1.0,23678.0,3719276.7,0.0,3719276.7,157.08,2026-07-11 21:53:00,,3678239.9999999995,1.0,0.0,0.0,0.0,0.0,0.0,0.0,3719276.7,0.0,False,False,True,collections_gap
LD002459,Nairobi,AGO,Horizon Oil Marketers,TRK-909,32100.0,3329603.9,3361707.1,2026-07-10 12:45:00,32103.200000000186,DS002426,32174.0,2026-07-10 14:09:00,Dispatched,1.0,32174.0,5050922.88,5050922.88,0.0,156.99,2026-07-11 20:09:00,30.0,4981920.0,1.0,0.0,0.0,0.0,0.0,0.0,0.0,0.0,5050922.88,False,False,False,none
LD002460,Nairobi,PMS,Delta Oil Marketers,TRK-757,30900.0,1011368.6,1042277.6,2026-07-10 18:02:00,30909.0,DS002427,30988.0,2026-07-10 19:38:00,Dispatched,1.0,30988.0,5065561.05,1710810.42,3354750.63,163.47,2026-07-12 03:38:00,7.0,5113950.0,1.0,0.0,0.0,0.0,0.0,0.0,0.0,3354750.63,1710810.42,False,False,True,collections_gap
LD002461,Nairobi,AGO,Nyanza Petroleum Co,TRK-486,34900.0,1443680.9,1478587.9,2026-07-10 22:35:00,34907.0,DS002428,34891.0,2026-07-11 00:00:00,Dispatched,1.0,34891.0,5502460.29,5502460.29,0.0,157.7,2026-07-11 03:00:00,60.0,5416480.0,0.0,0.0,0.0,0.0,0.0,0.0,0.0,0.0,5502460.29,False,True,False,none
LD002462,Nairobi,AGO,Summit Downstream Ltd,TRK-755,27000.0,4787370.2,4814367.8,2026-07-10 19:37:00,26997.599999999627,DS002429,27033.0,2026-07-10 21:39:00,Dispatched,1.0,27033.0,4233605.57,4233605.57,0.0,156.61,2026-07-18 01:39:00,1.0,4190399.9999999995,7.0,0.0,0.0,0.0,0.0,0.0,0.0,0.0,4233605.57,True,False,False,none
LD002463,Nairobi,AGO,Crescent Oil Ltd,TRK-659,27500.0,4499757.6,4527253.7,2026-07-10 14:53:00,27496.10000000056,DS002430,27482.0,2026-07-10 15:32:00,Dispatched,1.0,27482.0,4225991.59,4225991.59,0.0,153.77,2026-07-12 15:32:00,30.0,4268000.0,2.0,0.0,0.0,0.0,0.0,0.0,0.0,0.0,4225991.59,False,False,False,none
LD002464,Kisumu,IK,Aberdare Oil Traders,TRK-419,29000.0,2253470.8,2282477.7,2026-07-10 18:01:00,29006.900000000373,DS002431,28902.0,2026-07-10 19:40:00,Dispatched,1.0,28902.0,4125949.58,4125949.58,0.0,142.76,2026-07-11 20:40:00,7.0,4060000.0,1.0,0.0,0.0,0.0,0.0,0.0,0.0,0.0,4125949.58,False,False,False,none
LD002465,Kisumu,PMS,Mara Fuels,TRK-245,24700.0,3933607.4,3958306.2,2026-07-10 09:35:00,24698.80000000028,DS002432,24645.0,2026-07-10 11:09:00,Dispatched,1.0,24645.0,4046834.46,4046834.46,0.0,164.21,2026-07-13 12:09:00,3.0,4087850.0,3.0,0.0,0.0,0.0,0.0,0.0,0.0,0.0,4046834.46,False,False,False,none
LD002466,Kisumu,AGO,Uhuru Energy Partners,TRK-659,21600.0,4591183.2,4612784.7,2026-07-10 12:52:00,21601.5,DS002433,21621.0,2026-07-10 14:32:00,Dispatched,1.0,20348.0,3145958.47,0.0,3145958.47,154.61,2026-07-10 14:32:00,,3352319.9999999995,0.0,0.0,0.0,0.0,0.0,1273.0,196818.53000000003,3342777.0,0.0,False,False,True,collections_gap
LD002467,Kisumu,AGO,Highland Energy Co,TRK-813,25600.0,3205269.6,3230865.2,2026-07-10 12:17:00,25595.600000000093,DS002434,25591.0,2026-07-10 15:00:00,Dispatched,1.0,25591.0,3991895.09,3991895.09,0.0,155.99,2026-07-10 21:00:00,1.0,3973119.9999999995,0.0,0.0,0.0,0.0,0.0,0.0,0.0,0.0,3991895.09,False,False,False,none
LD002468,Kisumu,AGO,Aberdare Oil Traders,TRK-254,29400.0,3100563.4,3129961.7,2026-07-10 18:08:00,29398.30000000028,DS002435,29465.0,2026-07-10 19:17:00,Dispatched,1.0,29465.0,4621137.75,4621137.75,0.0,156.83,2026-07-11 01:17:00,1.0,4562880.0,0.0,0.0,0.0,0.0,0.0,0.0,0.0,0.0,4621137.75,False,False,False,none
LD002469,Kisumu,AGO,Rift Valley Fuels Ltd,TRK-164,23200.0,2807476.2,2830678.2,2026-07-10 07:27:00,23202.0,DS002436,23069.0,2026-07-10 08:57:00,Dispatched,1.0,23069.0,3627615.52,3627615.52,0.0,157.25,2026-07-12 13:57:00,3.0,3600639.9999999995,2.0,0.0,0.0,0.0,0.0,0.0,0.0,0.0,3627615.52,False,False,False,none
LD002470,Kisumu,PMS,Nyanza Petroleum Co,TRK-873,21600.0,3192086.0,3213692.6,2026-07-10 08:37:00,21606.600000000093,DS002437,21493.0,2026-07-10 09:11:00,Dispatched,1.0,21493.0,3566539.09,3566539.09,0.0,165.94,2026-07-12 11:11:00,1.0,3574800.0,2.0,0.0,0.0,0.0,0.0,0.0,0.0,0.0,3566539.09,False,False,False,none
LD002471,Kisumu,IK,Uhuru Energy Partners,TRK-318,31200.0,4170813.6,4202008.5,2026-07-10 11:45:00,31194.899999999907,DS002438,31057.0,2026-07-10 13:19:00,Dispatched,1.0,31057.0,4346657.37,4346657.37,0.0,139.96,2026-07-12 17:19:00,3.0,4368000.0,2.0,0.0,0.0,0.0,0.0,0.0,0.0,0.0,4346657.37,False,False,False,none
LD002472,Kisumu,AGO,Nyanza Petroleum Co,TRK-360,31400.0,3709367.4,3740769.3,2026-07-10 15:11:00,31401.899999999907,DS002439,31416.0,2026-07-10 17:07:00,Dispatched,1.0,31416.0,4815439.97,4815439.97,0.0,153.28,2026-07-17 19:07:00,1.0,4873280.0,7.0,0.0,0.0,0.0,0.0,0.0,0.0,0.0,4815439.97,True,False,False,none
LD002473,Kisumu,PMS,Tsavo Energy Group,TRK-385,20400.0,2646990.7,2667396.8,2026-07-10 05:58:00,20406.099999999627,DS002440,20316.0,2026-07-10 07:34:00,Dispatched,1.0,20316.0,3329822.28,3329822.28,0.0,163.9,2026-07-13 12:34:00,14.0,3376200.0,3.0,0.0,0.0,0.0,0.0,0.0,0.0,0.0,3329822.28,False,False,False,none
LD002474,Kisumu,PMS,Horizon Oil Marketers,TRK-765,23500.0,3363487.7,3386981.6,2026-07-10 08:39:00,23493.899999999907,DS002441,23523.0,2026-07-10 09:59:00,Dispatched,1.0,23523.0,3883573.71,3883573.71,0.0,165.1,2026-07-10 12:59:00,30.0,3889250.0,0.0,0.0,0.0,0.0,0.0,0.0,0.0,0.0,3883573.71,False,False,False,none
LD002475,Kisumu,AGO,Pioneer Fuels Kenya,TRK-965,34600.0,4191209.5,4225814.8,2026-07-10 13:01:00,34605.299999999814,DS002442,34678.0,2026-07-10 15:11:00,Dispatched,1.0,34678.0,5324112.82,5324112.82,0.0,153.53,2026-07-11 23:11:00,30.0,5369920.0,1.0,0.0,0.0,0.0,0.0,0.0,0.0,0.0,5324112.82,False,False,False,none
LD002476,Kisumu,AGO,Lakeview Energy,TRK-229,24000.0,4924118.0,4948116.7,2026-07-10 20:57:00,23998.700000000186,DS002443,24109.0,2026-07-10 23:16:00,Dispatched,1.0,24109.0,3787798.79,3787798.79,0.0,157.11,2026-07-12 02:16:00,7.0,3724799.9999999995,1.0,0.0,0.0,0.0,0.0,0.0,0.0,0.0,3787798.79,False,False,False,none
LD002477,Kisumu,AGO,Savannah Petroleum,TRK-846,29800.0,4174149.6,4203943.5,2026-07-10 22:40:00,29793.899999999907,DS002444,29926.0,2026-07-11 00:42:00,Dispatched,1.0,29926.0,4659437.52,4659437.52,0.0,155.7,2026-07-11 06:42:00,45.0,4624960.0,0.0,0.0,0.0,0.0,0.0,0.0,0.0,0.0,4659437.52,False,True,False,none
LD002478,Kisumu,AGO,Horizon Oil Marketers,TRK-553,29800.0,3784125.6,3813932.7,2026-07-10 22:09:00,29807.100000000093,DS002445,29738.0,2026-07-10 23:58:00,Dispatched,1.0,29738.0,4620833.26,4620833.26,0.0,155.38,2026-07-11 03:58:00,1.0,4624960.0,0.0,0.0,0.0,0.0,0.0,0.0,0.0,0.0,4620833.26,False,False,False,none
LD002479,Eldoret,AGO,Nyanza Petroleum Co,TRK-737,33000.0,2979017.0,3012011.9,2026-07-10 08:50:00,32994.89999999991,DS002446,32835.0,2026-07-10 10:16:00,Dispatched,1.0,30530.0,4831975.46,4831975.46,0.0,158.27,2026-07-11 14:16:00,1.0,5121600.0,1.0,0.0,0.0,0.0,0.0,2305.0,364812.35000000003,364812.35000000003,4831975.46,False,False,True,underbilling
LD002480,Eldoret,AGO,Uhuru Energy Partners,TRK-651,20500.0,1564438.6,1584940.8,2026-07-10 13:34:00,20502.199999999953,DS002447,20461.0,2026-07-10 16:23:00,Dispatched,1.0,20461.0,3216760.92,3216760.92,0.0,157.21,2026-07-11 23:23:00,3.0,3181599.9999999995,1.0,0.0,0.0,0.0,0.0,0.0,0.0,0.0,3216760.92,False,False,False,none
LD002481,Eldoret,AGO,Crescent Oil Ltd,TRK-419,29700.0,1717184.9,1746889.1,2026-07-10 17:44:00,29704.200000000186,DS002448,29787.0,2026-07-10 19:03:00,Dispatched,1.0,29787.0,4688182.35,4688182.35,0.0,157.39,2026-07-13 02:03:00,21.0,4609440.0,2.0,0.0,0.0,0.0,0.0,0.0,0.0,0.0,4688182.35,False,False,False,none
LD002482,Eldoret,AGO,Mara Fuels,TRK-421,32700.0,1510272.6,1542975.6,2026-07-10 07:20:00,32703.0,DS002449,32662.0,2026-07-10 08:19:00,Dispatched,1.0,32662.0,5012885.81,5012885.81,0.0,153.48,2026-07-10 12:19:00,30.0,5075040.0,0.0,0.0,0.0,0.0,0.0,0.0,0.0,0.0,5012885.81,False,False,False,none
LD002483,Eldoret,PMS,Crescent Oil Ltd,TRK-159,34500.0,3689115.3,3723614.7,2026-07-10 09:46:00,34499.40000000037,DS002450,34497.0,2026-07-10 11:13:00,Dispatched,1.0,34497.0,5789714.85,5789714.85,0.0,167.83,2026-07-11 16:13:00,14.0,5709750.0,1.0,0.0,0.0,0.0,0.0,0.0,0.0,0.0,5789714.85,False,False,False,none
LD002484,Eldoret,IK,Summit Downstream Ltd,TRK-145,27000.0,4138146.1,4165150.8,2026-07-10 12:44:00,27004.69999999972,DS002451,26955.0,2026-07-10 14:00:00,Dispatched,1.0,26955.0,3844806.45,3844806.45,0.0,142.64,2026-07-10 22:00:00,7.0,3780000.0,0.0,0.0,0.0,0.0,0.0,0.0,0.0,0.0,3844806.45,False,False,False,none
LD002485,Eldoret,PMS,Savannah Petroleum,TRK-710,21500.0,3083496.1,3104997.8,2026-07-10 07:27:00,21501.69999999972,DS002452,21602.0,2026-07-10 08:37:00,Dispatched,1.0,21602.0,3528665.44,3528665.44,0.0,163.35,2026-07-10 09:37:00,14.0,3558250.0,0.0,0.0,0.0,0.0,0.0,0.0,0.0,0.0,3528665.44,False,False,False,none
LD002486,Eldoret,PMS,Uhuru Energy Partners,TRK-763,35300.0,3793090.4,3828392.1,2026-07-10 15:15:00,35301.700000000186,DS002453,35193.0,2026-07-10 17:59:00,Dispatched,1.0,35193.0,5844478.97,5844478.97,0.0,166.07,2026-07-10 21:59:00,3.0,5842150.0,0.0,0.0,0.0,0.0,0.0,0.0,0.0,0.0,5844478.97,False,False,False,none
LD002487,Eldoret,AGO,Zenith Petroleum,TRK-488,23300.0,1081121.3,1104430.9,2026-07-10 13:20:00,23309.59999999986,DS002454,23305.0,2026-07-10 14:54:00,Dispatched,1.0,23305.0,3581506.14,3581506.14,0.0,153.68,2026-07-13 19:54:00,7.0,3616159.9999999995,3.0,0.0,0.0,0.0,0.0,0.0,0.0,0.0,3581506.14,False,False,False,none
LD002488,Eldoret,PMS,Baraka Downstream,TRK-694,23800.0,1498789.8,1522575.4,2026-07-10 14:51:00,23785.59999999986,DS002455,23879.0,2026-07-10 17:47:00,Dispatched,1.0,23879.0,3900720.95,3900720.95,0.0,163.35,2026-07-11 18:47:00,7.0,3938900.0,1.0,0.0,0.0,0.0,0.0,0.0,0.0,0.0,3900720.95,False,False,False,none
LD002489,Eldoret,PMS,Aberdare Oil Traders,TRK-858,29400.0,4057022.7,4086425.2,2026-07-10 17:24:00,29402.5,DS002456,29562.0,2026-07-10 18:00:00,Dispatched,1.0,29562.0,4818780.14,1723577.29,3095202.8499999996,163.01,2026-07-11 18:00:00,1.0,4865700.0,1.0,0.0,0.0,0.0,0.0,0.0,0.0,3095202.8499999996,1723577.29,False,False,True,collections_gap
LD002490,Nakuru,PMS,Mara Fuels,TRK-368,30200.0,4441013.1,4471219.4,2026-07-10 18:03:00,30206.300000000745,DS002457,30137.0,2026-07-10 19:32:00,Dispatched,1.0,30137.0,5018633.35,5018633.35,0.0,166.53,2026-07-11 19:32:00,21.0,4998100.0,1.0,0.0,0.0,0.0,0.0,0.0,0.0,0.0,5018633.35,False,False,False,none
LD002491,Nakuru,AGO,Uhuru Energy Partners,TRK-601,35100.0,4719434.0,4754530.5,2026-07-10 14:20:00,35096.5,DS002458,35201.0,2026-07-10 16:30:00,Dispatched,1.0,35201.0,5384525.29,5384525.29,0.0,152.97,2026-07-11 21:30:00,7.0,5447520.0,1.0,0.0,0.0,0.0,0.0,0.0,0.0,0.0,5384525.29,False,False,False,none
LD002492,Nakuru,AGO,Kilele Fuels,TRK-415,22700.0,1236893.2,1259592.2,2026-07-10 05:36:00,22699.0,DS002459,22657.0,2026-07-10 07:56:00,Dispatched,1.0,22657.0,3540473.34,3540473.34,0.0,156.26,2026-07-10 15:56:00,3.0,3523039.9999999995,0.0,0.0,0.0,0.0,0.0,0.0,0.0,0.0,3540473.34,False,False,False,none
LD002493,Nakuru,PMS,Crescent Oil Ltd,TRK-233,21700.0,1738605.0,1760307.8,2026-07-10 21:51:00,21702.800000000047,DS002460,21790.0,2026-07-11 00:00:00,Dispatched,1.0,21790.0,3665109.65,3665109.65,0.0,168.2,2026-07-13 01:00:00,7.0,3591350.0,2.0,0.0,0.0,0.0,0.0,0.0,0.0,0.0,3665109.65,False,False,False,none
LD002494,Nakuru,PMS,Summit Downstream Ltd,TRK-974,31400.0,1843709.3,1875099.1,2026-07-10 17:56:00,31389.800000000047,DS002461,31563.0,2026-07-10 19:58:00,Dispatched,1.0,31563.0,5322701.5,5322701.5,0.0,168.64,2026-07-12 20:58:00,45.0,5196700.0,2.0,0.0,0.0,0.0,0.0,0.0,0.0,0.0,5322701.5,False,True,False,none
LD002495,Nakuru,AGO,Coastline Energy Ltd,TRK-506,30800.0,3817036.3,3847840.8,2026-07-10 15:44:00,30804.5,DS002462,30718.0,2026-07-10 18:07:00,Dispatched,1.0,30718.0,4735237.36,4735237.36,0.0,154.15,2026-07-10 18:07:00,7.0,4780160.0,0.0,0.0,0.0,0.0,0.0,0.0,0.0,0.0,4735237.36,False,False,False,none
LD002496,Nakuru,AGO,UNKNOWN CUSTOMER,TRK-791,21800.0,1708485.8,1730286.4,2026-07-10 16:14:00,21800.59999999986,DS002463,21843.0,2026-07-10 17:14:00,Dispatched,1.0,21843.0,3383239.41,3383239.41,0.0,154.89,2026-07-10 23:14:00,1.0,3383359.9999999995,0.0,0.0,0.0,0.0,0.0,0.0,0.0,0.0,3383239.41,False,False,False,none
LD002497,Kisii,AGO,Baraka Downstream,TRK-880,32800.0,2727220.4,2760019.4,2026-07-10 08:11:00,32799.0,DS002464,32910.0,2026-07-10 10:40:00,Dispatched,,,,,0.0,,,,5090560.0,,0.0,0.0,0.0,5107632.0,0.0,0.0,5107632.0,0.0,False,False,True,billing_gap
LD002498,Kisii,IK,Delta Oil Marketers,TRK-237,35100.0,2945488.4,2980595.8,2026-07-10 20:44:00,35107.39999999991,DS002465,32468.0,2026-07-10 22:59:00,Dispatched,1.0,32468.0,4602867.85,4602867.85,0.0,141.77,2026-07-11 23:59:00,7.0,4914000.0,1.0,0.0,2632.0,368480.0,0.0,0.0,0.0,368480.0,4602867.85,False,False,True,shrinkage
LD002499,Kisii,PMS,Tsavo Energy Group,TRK-202,27400.0,4140287.4,4167688.5,2026-07-10 08:05:00,27401.100000000093,DS002466,27445.0,2026-07-10 10:19:00,Dispatched,1.0,27445.0,4544616.84,4544616.84,0.0,165.59,2026-07-10 12:19:00,14.0,4534700.0,0.0,0.0,0.0,0.0,0.0,0.0,0.0,0.0,4544616.84,False,False,False,none
LD002500,Kisii,IK,Aberdare Oil Traders,TRK-629,22900.0,2871032.9,2893939.3,2026-07-10 21:52:00,22906.399999999907,DS002467,22880.0,2026-07-10 22:30:00,Dispatched,1.0,22880.0,3209811.77,3209811.77,0.0,140.29,2026-07-12 00:30:00,1.0,3206000.0,1.0,0.0,0.0,0.0,0.0,0.0,0.0,0.0,3209811.77,False,False,False,none
LD002501,Kisii,IK,Highland Energy Co,TRK-585,35500.0,4011944.8,4047455.5,2026-07-10 05:48:00,35510.700000000186,DS002468,35539.0,2026-07-10 07:46:00,Dispatched,1.0,35539.0,5034425.66,5034425.66,0.0,141.66,2026-07-10 09:46:00,3.0,4970000.0,0.0,0.0,0.0,0.0,0.0,0.0,0.0,0.0,5034425.66,False,False,False,none
LD002502,Kisii,AGO,Baraka Downstream,TRK-181,33300.0,1197094.6,1230392.3,2026-07-10 20:35:00,33297.69999999995,DS002469,33214.0,2026-07-10 22:20:00,Dispatched,1.0,33214.0,5238316.61,5238316.61,0.0,157.71,2026-07-11 01:20:00,7.0,5168160.0,0.0,0.0,0.0,0.0,0.0,0.0,0.0,0.0,5238316.61,False,False,False,none
LD002503,Kisii,PMS,Aberdare Oil Traders,TRK-835,33600.0,3193603.7,3227200.7,2026-07-10 05:59:00,33597.0,DS002470,33565.0,2026-07-10 08:14:00,Dispatched,1.0,33565.0,5525137.84,5525137.84,0.0,164.61,2026-07-17 13:14:00,7.0,5560800.0,7.0,0.0,0.0,0.0,0.0,0.0,0.0,0.0,5525137.84,True,False,False,none
LD002504,Kisii,AGO,Baraka Downstream,TRK-268,24500.0,3123436.1,3147931.1,2026-07-10 18:04:00,24495.0,DS002471,24724.0,2026-07-10 19:25:00,Dispatched,1.0,24724.0,3874504.75,0.0,3874504.75,156.71,2026-07-10 20:25:00,,3802399.9999999995,0.0,0.0,0.0,0.0,0.0,0.0,0.0,3874504.75,0.0,False,False,True,collections_gap
LD002505,Kisii,AGO,Delta Oil Marketers,TRK-540,20800.0,1634144.6,1654943.2,2026-07-10 12:47:00,20798.59999999986,DS002472,20802.0,2026-07-10 14:46:00,Dispatched,1.0,20802.0,3167595.67,3167595.67,0.0,152.27,2026-07-11 20:46:00,3.0,3228159.9999999995,1.0,0.0,0.0,0.0,0.0,0.0,0.0,0.0,3167595.67,False,False,False,none
LD002506,Kisii,AGO,Kilele Fuels,TRK-938,23700.0,2813482.4,2837183.6,2026-07-10 22:03:00,23701.200000000186,DS002473,23560.0,2026-07-11 00:45:00,Dispatched,1.0,23560.0,3646383.51,3646383.51,0.0,154.77,2026-07-14 00:45:00,14.0,3678239.9999999995,3.0,0.0,0.0,0.0,0.0,0.0,0.0,0.0,3646383.51,False,False,False,none
LD002507,Mombasa,PMS,Tsavo Energy Group,TRK-226,31300.0,3603210.8,3634507.3,2026-07-11 13:32:00,31296.5,DS002474,31262.0,2026-07-11 16:31:00,Dispatched,1.0,31262.0,5185380.93,5185380.93,0.0,165.87,2026-07-11 20:31:00,45.0,5180150.0,0.0,0.0,0.0,0.0,0.0,0.0,0.0,0.0,5185380.93,False,True,False,none
LD002508,Mombasa,AGO,Aberdare Oil Traders,TRK-792,27600.0,3756976.1,3784575.7,2026-07-11 16:51:00,27599.600000000093,DS002475,27512.0,2026-07-11 18:22:00,Dispatched,1.0,27512.0,4219652.58,4219652.58,0.0,153.37,2026-07-12 00:22:00,45.0,4283520.0,0.0,0.0,0.0,0.0,0.0,0.0,0.0,0.0,4219652.58,False,True,False,none
LD002509,Mombasa,PMS,Kilele Fuels,TRK-249,29700.0,3152548.3,3182239.1,2026-07-11 16:18:00,29690.80000000028,DS002476,29714.0,2026-07-11 16:57:00,Dispatched,1.0,29714.0,4896234.29,4896234.29,0.0,164.78,2026-07-12 18:57:00,14.0,4915350.0,1.0,0.0,0.0,0.0,0.0,0.0,0.0,0.0,4896234.29,False,False,False,none
LD002510,Mombasa,PMS,Kilele Fuels,TRK-650,24400.0,3000925.9,3025324.5,2026-07-11 11:09:00,24398.600000000093,DS002477,24335.0,2026-07-11 12:40:00,Dispatched,1.0,24335.0,4107479.94,4107479.94,0.0,168.79,2026-07-12 15:40:00,7.0,4038200.0,1.0,0.0,0.0,0.0,0.0,0.0,0.0,0.0,4107479.94,False,False,False,none
LD002511,Mombasa,AGO,Equator Fuels,TRK-400,22600.0,2362741.7,2385346.0,2026-07-11 17:48:00,22604.299999999814,DS002478,22586.0,2026-07-11 19:27:00,Dispatched,1.0,22586.0,3436315.81,3436315.81,0.0,152.14,2026-07-14 23:27:00,30.0,3507519.9999999995,3.0,0.0,0.0,0.0,0.0,0.0,0.0,0.0,3436315.81,False,False,False,none
LD002512,Mombasa,PMS,Highland Energy Co,TRK-801,21100.0,4318674.7,4339766.0,2026-07-11 11:55:00,21091.299999999814,DS002479,21053.0,2026-07-11 13:23:00,Dispatched,1.0,21053.0,3499613.37,3499613.37,0.0,166.23,2026-07-11 17:23:00,30.0,3492050.0,0.0,0.0,0.0,0.0,0.0,0.0,0.0,0.0,3499613.37,False,False,False,none
LD002513,Mombasa,AGO,Rift Valley Fuels Ltd,TRK-162,29000.0,3683306.7,3712301.4,2026-07-11 16:45:00,28994.69999999972,DS002480,29017.0,2026-07-11 18:44:00,Dispatched,1.0,29017.0,4571564.77,4571564.77,0.0,157.55,2026-07-12 23:44:00,30.0,4500800.0,1.0,0.0,0.0,0.0,0.0,0.0,0.0,0.0,4571564.77,False,False,False,none
LD002514,Mombasa,IK,Mara Fuels,TRK-299,27500.0,4824983.8,4852488.9,2026-07-11 06:16:00,27505.10000000056,DS002481,27448.0,2026-07-11 08:49:00,Dispatched,1.0,27448.0,3800867.33,3800867.33,0.0,138.48,2026-07-12 11:49:00,3.0,3850000.0,1.0,0.0,0.0,0.0,0.0,0.0,0.0,0.0,3800867.33,False,False,False,none
LD002515,Mombasa,AGO,Highland Energy Co,TRK-248,32300.0,4878227.5,4910523.9,2026-07-11 12:20:00,32296.400000000373,DS002482,32335.0,2026-07-11 15:06:00,Dispatched,1.0,32335.0,5080416.39,5080416.39,0.0,157.12,2026-07-12 15:06:00,1.0,5012960.0,1.0,0.0,0.0,0.0,0.0,0.0,0.0,0.0,5080416.39,False,False,False,none
LD002516,Mombasa,PMS,Coastline Energy Ltd,TRK-978,21000.0,3310645.7,3331648.4,2026-07-11 12:56:00,21002.69999999972,DS002483,21123.0,2026-07-11 13:56:00,Dispatched,1.0,21123.0,3459068.22,3459068.22,0.0,163.76,2026-07-14 21:56:00,60.0,3475500.0,3.0,0.0,0.0,0.0,0.0,0.0,0.0,0.0,3459068.22,False,True,False,none
LD002517,Nairobi,AGO,Delta Oil Marketers,TRK-626,27200.0,4433493.5,4460693.5,2026-07-11 17:28:00,27200.0,DS002484,27106.0,2026-07-11 20:12:00,Dispatched,1.0,27106.0,4149457.56,4149457.56,0.0,153.08,2026-07-13 04:12:00,45.0,4221440.0,1.0,0.0,0.0,0.0,0.0,0.0,0.0,0.0,4149457.56,False,True,False,none
LD002518,Nairobi,PMS,Aberdare Oil Traders,TRK-786,34900.0,3333331.6,3368234.6,2026-07-11 10:17:00,34903.0,DS002485,34976.0,2026-07-11 12:44:00,Dispatched,1.0,34976.0,5693622.56,5693622.56,0.0,162.79,2026-07-12 20:44:00,14.0,5775950.0,1.0,0.0,0.0,0.0,0.0,0.0,0.0,0.0,5693622.56,False,False,False,none
LD002519,Nairobi,PMS,Highland Energy Co,TRK-647,28600.0,2817930.9,2846531.2,2026-07-11 06:52:00,28600.30000000028,DS002486,28390.0,2026-07-11 07:22:00,Dispatched,1.0,28390.0,4724491.58,4724491.58,0.0,166.41,2026-07-18 09:22:00,60.0,4733300.0,7.0,0.0,0.0,0.0,0.0,0.0,0.0,0.0,4724491.58,True,True,False,none
LD002520,Nairobi,AGO,Highland Energy Co,TRK-757,26100.0,2793940.9,2820032.8,2026-07-11 11:28:00,26091.899999999907,DS002487,26082.0,2026-07-11 13:03:00,Dispatched,1.0,26082.0,4128608.89,4128608.89,0.0,158.29,2026-07-14 18:03:00,21.0,4050719.9999999995,3.0,0.0,0.0,0.0,0.0,0.0,0.0,0.0,4128608.89,False,False,False,none
LD002521,Nairobi,AGO,Highland Energy Co,TRK-614,35700.0,2401089.5,2436784.0,2026-07-11 08:09:00,35694.5,DS002488,35725.0,2026-07-11 09:15:00,Dispatched,1.0,35725.0,5587577.28,5587577.28,0.0,156.41,2026-07-11 15:15:00,7.0,5540640.0,0.0,0.0,0.0,0.0,0.0,0.0,0.0,0.0,5587577.28,False,False,False,none
LD002522,Nairobi,AGO,Amani Petroleum,TRK-258,20800.0,4101638.1,4122437.4,2026-07-11 18:37:00,20799.299999999814,DS002489,20753.0,2026-07-11 20:57:00,Dispatched,1.0,20753.0,3230649.07,3230649.07,0.0,155.67,2026-07-14 22:57:00,7.0,3228159.9999999995,3.0,0.0,0.0,0.0,0.0,0.0,0.0,0.0,3230649.07,False,False,False,none
LD002523,Nairobi,IK,Pioneer Fuels Kenya,TRK-957,29100.0,4042819.2,4071920.4,2026-07-11 15:30:00,29101.19999999972,DS002490,28944.0,2026-07-11 17:49:00,Dispatched,1.0,27053.0,3813895.71,3813895.71,0.0,140.98,2026-07-12 18:49:00,14.0,4074000.0,1.0,0.0,0.0,0.0,0.0,1891.0,266593.18,266593.18,3813895.71,False,False,True,underbilling
LD002524,Nairobi,PMS,Baraka Downstream,TRK-338,24100.0,1912247.3,1936341.6,2026-07-11 19:43:00,24094.300000000047,DS002491,24097.0,2026-07-11 20:22:00,Dispatched,1.0,24097.0,3984323.81,3984323.81,0.0,165.35,2026-07-11 22:22:00,7.0,3988550.0,0.0,0.0,0.0,0.0,0.0,0.0,0.0,0.0,3984323.81,False,False,False,none
LD002525,Nairobi,AGO,Summit Downstream Ltd,TRK-279,20200.0,1521362.9,1541559.4,2026-07-11 22:47:00,20196.5,DS002492,20293.0,2026-07-12 00:07:00,Dispatched,1.0,20293.0,3087467.82,3087467.82,0.0,152.14,2026-07-12 01:07:00,60.0,3135040.0,0.0,0.0,0.0,0.0,0.0,0.0,0.0,0.0,3087467.82,False,True,False,none
LD002526,Nairobi,IK,Nyanza Petroleum Co,TRK-266,35800.0,2234530.6,2270328.8,2026-07-11 22:41:00,35798.19999999972,DS002493,35784.0,2026-07-12 00:36:00,Dispatched,1.0,35784.0,4948144.29,4948144.29,0.0,138.28,2026-07-12 04:36:00,7.0,5012000.0,0.0,0.0,0.0,0.0,0.0,0.0,0.0,0.0,4948144.29,False,False,False,none
LD002527,Nairobi,AGO,Horizon Oil Marketers,TRK-775,22100.0,1796329.3,1818425.9,2026-07-11 08:09:00,22096.59999999986,DS002494,22137.0,2026-07-11 08:56:00,Dispatched,1.0,22137.0,3369834.29,3369834.29,0.0,152.23,2026-07-12 14:56:00,30.0,3429919.9999999995,1.0,0.0,0.0,0.0,0.0,0.0,0.0,0.0,3369834.29,False,False,False,none
LD002528,Nairobi,PMS,Pioneer Fuels Kenya,TRK-276,33800.0,4845998.7,4879799.4,2026-07-11 10:56:00,33800.700000000186,DS002495,33914.0,2026-07-11 13:17:00,Dispatched,1.0,33914.0,5675954.32,5675954.32,0.0,167.36,2026-07-11 14:17:00,30.0,5593900.0,0.0,0.0,0.0,0.0,0.0,0.0,0.0,0.0,5675954.32,False,False,False,none
LD002529,Nairobi,PMS,Horizon Oil Marketers,TRK-335,23900.0,2800381.1,2824281.3,2026-07-11 08:02:00,23900.19999999972,DS002496,24077.0,2026-07-11 09:55:00,Dispatched,1.0,24077.0,4030923.54,4030923.54,0.0,167.42,2026-07-13 16:55:00,1.0,3955450.0,2.0,0.0,0.0,0.0,0.0,0.0,0.0,0.0,4030923.54,False,False,False,none
LD002530,Kisumu,PMS,Kilele Fuels,TRK-217,20800.0,3171705.6,3192505.0,2026-07-11 21:24:00,20799.399999999907,DS002497,20734.0,2026-07-11 23:52:00,Dispatched,1.0,20734.0,3379191.04,3379191.04,0.0,162.98,2026-07-15 00:52:00,1.0,3442400.0,3.0,0.0,0.0,0.0,0.0,0.0,0.0,0.0,3379191.04,False,False,False,none
LD002531,Kisumu,AGO,Delta Oil Marketers,TRK-224,24200.0,3350760.5,3374955.1,2026-07-11 22:58:00,24194.600000000093,DS002498,24131.0,2026-07-12 00:28:00,Dispatched,1.0,24131.0,3720196.66,3720196.66,0.0,154.17,2026-07-12 06:28:00,14.0,3755839.9999999995,0.0,0.0,0.0,0.0,0.0,0.0,0.0,0.0,3720196.66,False,False,False,none
LD002532,Kisumu,AGO,Summit Downstream Ltd,TRK-395,24500.0,4585891.4,4610387.4,2026-07-11 11:23:00,24496.0,DS002499,24479.0,2026-07-11 12:48:00,Dispatched,1.0,24479.0,3841003.95,3841003.95,0.0,156.91,2026-07-14 15:48:00,3.0,3802399.9999999995,3.0,0.0,0.0,0.0,0.0,0.0,0.0,0.0,3841003.95,False,False,False,none
LD002533,Kisumu,AGO,Mara Fuels,TRK-756,30200.0,3922736.4,3952932.4,2026-07-11 14:59:00,30196.0,DS002500,30256.0,2026-07-11 17:30:00,Dispatched,1.0,30256.0,4618277.15,4618277.15,0.0,152.64,2026-07-11 19:30:00,14.0,4687040.0,0.0,0.0,0.0,0.0,0.0,0.0,0.0,0.0,4618277.15,False,False,False,none
LD002534,Kisumu,AGO,Highland Energy Co,TRK-299,33500.0,1815104.1,1848607.3,2026-07-11 13:26:00,33503.19999999995,DS002501,33267.0,2026-07-11 15:24:00,Dispatched,2.0,66534.0,10225632.64,10225632.64,0.0,153.69,2026-07-12 23:24:00,7.0,5199200.0,1.0,0.0,0.0,0.0,0.0,0.0,0.0,0.0,10225632.64,False,False,False,none
LD002535,Kisumu,PMS,Horizon Oil Marketers,TRK-303,31900.0,3742412.3,3774313.3,2026-07-11 15:53:00,31901.0,DS002502,31963.0,2026-07-11 17:10:00,Dispatched,1.0,31963.0,5383359.91,5383359.91,0.0,168.42,2026-07-12 21:10:00,1.0,5279450.0,1.0,0.0,0.0,0.0,0.0,0.0,0.0,0.0,5383359.91,False,False,False,none
LD002536,Kisumu,AGO,UNKNOWN CUSTOMER,TRK-936,30200.0,4813280.3,4843488.3,2026-07-11 17:58:00,30208.0,DS002503,30213.0,2026-07-11 20:28:00,Dispatched,1.0,29564.0,4568701.85,4568701.85,0.0,154.54,2026-07-13 01:28:00,3.0,4687040.0,1.0,0.0,0.0,0.0,0.0,649.0,100296.45999999999,100296.45999999999,4568701.85,False,False,True,underbilling
LD002537,Kisumu,IK,Lakeview Energy,TRK-805,21600.0,2235389.1,2256991.2,2026-07-11 17:28:00,21602.100000000093,DS002504,21565.0,2026-07-11 20:16:00,Dispatched,1.0,21565.0,3066667.73,3066667.73,0.0,142.21,2026-07-12 23:16:00,1.0,3024000.0,1.0,0.0,0.0,0.0,0.0,0.0,0.0,0.0,3066667.73,False,False,False,none
LD002538,Kisumu,PMS,Aberdare Oil Traders,TRK-113,21500.0,1090196.9,1111697.4,2026-07-11 17:27:00,21500.5,DS002505,21527.0,2026-07-11 18:58:00,Dispatched,1.0,21527.0,3579092.57,3579092.57,0.0,166.26,2026-07-12 22:58:00,60.0,3558250.0,1.0,0.0,0.0,0.0,0.0,0.0,0.0,0.0,3579092.57,False,True,False,none
LD002539,Kisumu,IK,Lakeview Energy,TRK-820,20900.0,1209622.7,1230524.0,2026-07-11 14:55:00,20901.300000000047,DS002506,20956.0,2026-07-11 17:50:00,Dispatched,1.0,20956.0,2978681.72,2978681.72,0.0,142.14,2026-07-13 18:50:00,7.0,2926000.0,2.0,0.0,0.0,0.0,0.0,0.0,0.0,0.0,2978681.72,False,False,False,none
LD002540,Eldoret,PMS,Mara Fuels,TRK-728,28400.0,4127810.5,4156212.9,2026-07-11 19:34:00,28402.399999999907,DS002507,28488.0,2026-07-11 22:34:00,Dispatched,1.0,28488.0,4683997.22,4683997.22,0.0,164.42,2026-07-12 05:34:00,45.0,4700200.0,0.0,0.0,0.0,0.0,0.0,0.0,0.0,0.0,4683997.22,False,True,False,none
LD002541,Eldoret,AGO,Amani Petroleum,TRK-476,22500.0,2567764.8,2590259.8,2026-07-11 20:02:00,22495.0,DS002508,22501.0,2026-07-11 21:25:00,Dispatched,1.0,22501.0,3549385.99,3549385.99,0.0,157.74,2026-07-12 00:25:00,60.0,3491999.9999999995,0.0,0.0,0.0,0.0,0.0,0.0,0.0,0.0,3549385.99,False,True,False,none
LD002542,Eldoret,PMS,Coastline Energy Ltd,TRK-486,26700.0,2266007.1,2292707.0,2026-07-11 22:12:00,26699.899999999907,DS002509,24796.0,2026-07-12 00:36:00,Dispatched,1.0,24796.0,4041423.64,4041423.64,0.0,162.99,2026-07-19 06:36:00,45.0,4418850.0,7.0,0.0,1904.0,315112.0,0.0,0.0,0.0,315112.0,4041423.64,True,True,True,shrinkage
LD002543,Eldoret,PMS,Rift Valley Fuels Ltd,TRK-652,20600.0,1546941.6,1567542.0,2026-07-11 19:50:00,20600.399999999907,DS002510,20620.0,2026-07-11 20:36:00,Dispatched,1.0,20620.0,3471970.55,3471970.55,0.0,168.38,2026-07-12 00:36:00,7.0,3409300.0,0.0,0.0,0.0,0.0,0.0,0.0,0.0,0.0,3471970.55,False,False,False,none
LD002544,Eldoret,AGO,Crescent Oil Ltd,TRK-131,35100.0,4469908.1,4505008.4,2026-07-11 20:50:00,35100.300000000745,DS002511,35207.0,2026-07-11 22:53:00,Dispatched,1.0,35207.0,5407696.05,5407696.05,0.0,153.6,2026-07-12 04:53:00,21.0,5447520.0,0.0,0.0,0.0,0.0,0.0,0.0,0.0,0.0,5407696.05,False,False,False,none
LD002545,Eldoret,PMS,Lakeview Energy,TRK-486,24600.0,2332348.5,2356943.1,2026-07-11 19:54:00,24594.600000000093,DS002512,24615.0,2026-07-11 22:30:00,Dispatched,1.0,24615.0,4037215.57,4037215.57,0.0,164.01,2026-07-12 04:30:00,3.0,4071300.0,0.0,0.0,0.0,0.0,0.0,0.0,0.0,0.0,4037215.57,False,False,False,none
LD002546,Eldoret,PMS,Uhuru Energy Partners,TRK-882,20400.0,4476486.5,4496885.4,2026-07-11 07:08:00,20398.900000000373,DS002513,20453.0,2026-07-11 08:55:00,Dispatched,1.0,20453.0,3374956.88,3374956.88,0.0,165.01,2026-07-12 15:55:00,1.0,3376200.0,1.0,0.0,0.0,0.0,0.0,0.0,0.0,0.0,3374956.88,False,False,False,none
LD002547,Eldoret,AGO,Highland Energy Co,TRK-291,28900.0,3434891.8,3463792.9,2026-07-11 21:36:00,28901.100000000093,DS002514,29017.0,2026-07-11 23:04:00,Dispatched,1.0,29017.0,4578609.0,4578609.0,0.0,157.79,2026-07-13 06:04:00,30.0,4485280.0,1.0,0.0,0.0,0.0,0.0,0.0,0.0,0.0,4578609.0,False,False,False,none
LD002548,Eldoret,PMS,Rift Valley Fuels Ltd,TRK-685,31100.0,4147874.6,4178977.4,2026-07-11 07:35:00,31102.799999999814,DS002515,31257.0,2026-07-11 09:55:00,Dispatched,1.0,31257.0,5084314.05,5084314.05,0.0,162.66,2026-07-11 12:55:00,1.0,5147050.0,0.0,0.0,0.0,0.0,0.0,0.0,0.0,0.0,5084314.05,False,False,False,none
LD002549,Eldoret,IK,Mara Fuels,TRK-220,21900.0,2440648.6,2462548.0,2026-07-11 19:23:00,21899.399999999907,DS002516,21932.0,2026-07-11 19:54:00,Dispatched,1.0,21932.0,3104237.57,3104237.57,0.0,141.54,2026-07-14 23:54:00,60.0,3066000.0,3.0,0.0,0.0,0.0,0.0,0.0,0.0,0.0,3104237.57,False,True,False,none
LD002550,Eldoret,AGO,Baraka Downstream,TRK-494,33700.0,1193583.5,1227288.5,2026-07-11 07:42:00,33705.0,DS002517,33612.0,2026-07-11 10:23:00,Cancelled,,,,,0.0,,,,5230240.0,,0.0,0.0,0.0,0.0,0.0,0.0,0.0,0.0,False,False,False,none
LD002551,Eldoret,AGO,Highland Energy Co,TRK-194,22400.0,2655870.8,2678262.2,2026-07-11 08:34:00,22391.400000000373,DS002518,22388.0,2026-07-11 11:25:00,Dispatched,1.0,22388.0,3450188.83,3450188.83,0.0,154.11,2026-07-11 19:25:00,14.0,3476479.9999999995,0.0,0.0,0.0,0.0,0.0,0.0,0.0,0.0,3450188.83,False,False,False,none
LD002552,Eldoret,IK,Tsavo Energy Group,TRK-717,25700.0,1651104.4,1676803.8,2026-07-11 18:17:00,25699.40000000014,DS002519,25698.0,2026-07-11 19:52:00,Dispatched,1.0,25698.0,3618990.99,3618990.99,0.0,140.83,2026-07-11 20:52:00,7.0,3598000.0,0.0,0.0,0.0,0.0,0.0,0.0,0.0,0.0,3618990.99,False,False,False,none
LD002553,Eldoret,AGO,Savannah Petroleum,TRK-370,27800.0,4175373.2,4203169.4,2026-07-11 07:28:00,27796.200000000186,DS002520,27752.0,2026-07-11 10:10:00,Dispatched,1.0,27752.0,4305284.46,4305284.46,0.0,155.13,2026-07-11 14:10:00,1.0,4314560.0,0.0,0.0,0.0,0.0,0.0,0.0,0.0,0.0,4305284.46,False,False,False,none
LD002554,Eldoret,PMS,Highland Energy Co,TRK-400,27800.0,3790585.5,3818387.0,2026-07-11 09:06:00,27801.5,DS002521,27738.0,2026-07-11 10:44:00,Dispatched,,,,,0.0,,,,4600900.0,,0.0,0.0,0.0,4590639.0,0.0,0.0,4590639.0,0.0,False,False,True,billing_gap
LD002555,Nakuru,AGO,Uhuru Energy Partners,TRK-229,26300.0,3487657.7,3513950.5,2026-07-11 06:20:00,26292.799999999814,DS002522,26314.0,2026-07-11 09:20:00,Dispatched,1.0,26314.0,4136164.43,4136164.43,0.0,157.18,2026-07-11 12:20:00,21.0,4081759.9999999995,0.0,0.0,0.0,0.0,0.0,0.0,0.0,0.0,4136164.43,False,False,False,none
LD002556,Nakuru,PMS,Rift Valley Fuels Ltd,TRK-118,29200.0,1608698.4,1637889.9,2026-07-11 16:31:00,29191.5,DS002523,29114.0,2026-07-11 17:09:00,Dispatched,1.0,29114.0,4823681.12,4823681.12,0.0,165.68,2026-07-11 20:09:00,14.0,4832600.0,0.0,0.0,0.0,0.0,0.0,0.0,0.0,0.0,4823681.12,False,False,False,none
LD002557,Nakuru,PMS,Mara Fuels,TRK-154,22800.0,2141445.5,2164250.7,2026-07-11 17:14:00,22805.200000000186,,,,,,,,,0.0,,,,3773400.0,,3773400.0,0.0,0.0,0.0,0.0,0.0,3773400.0,0.0,False,False,True,dispatch_capture_gap
LD002558,Nakuru,PMS,Delta Oil Marketers,TRK-615,22000.0,4437331.3,4459334.0,2026-07-11 09:17:00,22002.700000000186,DS002524,21922.0,2026-07-11 11:14:00,Dispatched,1.0,21922.0,3563984.71,3563984.71,0.0,162.58,2026-07-11 13:14:00,21.0,3641000.0,0.0,0.0,0.0,0.0,0.0,0.0,0.0,0.0,3563984.71,False,False,False,none
LD002559,Nakuru,AGO,Savannah Petroleum,TRK-632,29500.0,2341316.0,2370818.5,2026-07-11 13:00:00,29502.5,DS002525,29350.0,2026-07-11 15:02:00,Dispatched,1.0,28328.0,4433442.5,4433442.5,0.0,156.5,2026-07-12 21:02:00,7.0,4578400.0,1.0,0.0,0.0,0.0,0.0,1022.0,159943.0,159943.0,4433442.5,False,False,True,underbilling
LD002560,Nakuru,PMS,Kilele Fuels,TRK-239,33500.0,1462071.6,1495574.2,2026-07-11 13:45:00,33502.59999999986,DS002526,33548.0,2026-07-11 15:57:00,Dispatched,1.0,33548.0,5464384.91,5464384.91,0.0,162.88,2026-07-13 19:57:00,1.0,5544250.0,2.0,0.0,0.0,0.0,0.0,0.0,0.0,0.0,5464384.91,False,False,False,none
LD002561,Nakuru,PMS,UNKNOWN CUSTOMER,TRK-167,35500.0,4838504.6,4874001.7,2026-07-11 22:59:00,35497.10000000056,DS002527,35536.0,2026-07-12 01:00:00,Dispatched,1.0,35536.0,5806339.65,5806339.65,0.0,163.39,2026-07-13 03:00:00,3.0,5875250.0,1.0,0.0,0.0,0.0,0.0,0.0,0.0,0.0,5806339.65,False,False,False,none
LD002562,Nakuru,IK,Horizon Oil Marketers,TRK-101,22700.0,4971323.3,4994022.4,2026-07-11 06:05:00,22699.10000000056,DS002528,22678.0,2026-07-11 07:37:00,Dispatched,1.0,22678.0,3207578.6,3207578.6,0.0,141.44,2026-07-11 15:37:00,3.0,3178000.0,0.0,0.0,0.0,0.0,0.0,0.0,0.0,0.0,3207578.6,False,False,False,none
LD002563,Nakuru,AGO,Lakeview Energy,TRK-537,29000.0,2426487.2,2455482.2,2026-07-11 08:52:00,28995.0,DS002529,29086.0,2026-07-11 10:32:00,Dispatched,2.0,58172.0,9106555.24,5940996.15,3165559.09,156.55,2026-07-14 12:32:00,3.0,4500800.0,3.0,0.0,0.0,0.0,0.0,0.0,0.0,3165559.09,5940996.15,False,False,True,collections_gap
LD002564,Kisii,AGO,Kilele Fuels,TRK-683,22700.0,4589676.2,4612371.8,2026-07-11 12:52:00,22695.599999999627,DS002530,22632.0,2026-07-11 14:15:00,Dispatched,1.0,22632.0,3581484.02,3581484.02,0.0,158.25,2026-07-13 14:15:00,21.0,3523039.9999999995,2.0,0.0,0.0,0.0,0.0,0.0,0.0,0.0,3581484.02,False,False,False,none
LD002565,Kisii,PMS,Uhuru Energy Partners,TRK-796,30500.0,4527419.2,4557933.9,2026-07-11 19:04:00,30514.700000000186,DS002531,30535.0,2026-07-11 21:05:00,Dispatched,1.0,30535.0,5147569.23,5147569.23,0.0,168.58,2026-07-11 22:05:00,14.0,5047750.0,0.0,0.0,0.0,0.0,0.0,0.0,0.0,0.0,5147569.23,False,False,False,none
LD002566,Kisii,IK,Lakeview Energy,TRK-687,34700.0,4599638.2,4634333.1,2026-07-11 13:57:00,34694.89999999944,,,,,,,,,0.0,,,,4858000.0,,4858000.0,0.0,0.0,0.0,0.0,0.0,4858000.0,0.0,False,False,True,dispatch_capture_gap
LD002567,Kisii,AGO,Baraka Downstream,TRK-634,27200.0,2097650.5,2124842.7,2026-07-11 12:51:00,27192.200000000186,DS002532,27204.0,2026-07-11 14:12:00,Dispatched,1.0,27204.0,4274963.76,4274963.76,0.0,157.14,2026-07-12 19:12:00,3.0,4221440.0,1.0,0.0,0.0,0.0,0.0,0.0,0.0,0.0,4274963.76,False,False,False,none
LD002568,Kisii,AGO,Uhuru Energy Partners,TRK-709,24600.0,2074318.4,2098910.9,2026-07-11 11:55:00,24592.5,DS002533,24545.0,2026-07-11 14:03:00,Dispatched,1.0,24545.0,3820056.03,3820056.03,0.0,155.63,2026-07-12 17:03:00,14.0,3817919.9999999995,1.0,0.0,0.0,0.0,0.0,0.0,0.0,0.0,3820056.03,False,False,False,none
LD002569,Kisii,IK,Lakeview Energy,TRK-912,33800.0,1279447.7,1313242.9,2026-07-11 08:26:00,33795.19999999995,DS002534,33750.0,2026-07-11 09:27:00,Dispatched,1.0,33750.0,4691028.89,4691028.89,0.0,138.99,2026-07-13 16:27:00,14.0,4732000.0,2.0,0.0,0.0,0.0,0.0,0.0,0.0,0.0,4691028.89,False,False,False,none
LD002570,Kisii,IK,Coastline Energy Ltd,TRK-184,25500.0,1246172.1,1271674.7,2026-07-11 11:51:00,25502.59999999986,DS002535,25456.0,2026-07-11 12:35:00,Dispatched,1.0,25456.0,3508998.57,3508998.57,0.0,137.85,2026-07-14 12:35:00,7.0,3570000.0,3.0,0.0,0.0,0.0,0.0,0.0,0.0,0.0,3508998.57,False,False,False,none
LD002571,Kisii,PMS,Baraka Downstream,TRK-674,24300.0,4073684.3,4097983.0,2026-07-11 15:02:00,24298.700000000186,DS002536,24318.0,2026-07-11 16:27:00,Dispatched,1.0,24318.0,3949153.1,3949153.1,0.0,162.4,2026-07-11 20:27:00,7.0,4021650.0,0.0,0.0,0.0,0.0,0.0,0.0,0.0,0.0,3949153.1,False,False,False,none
LD002572,Kisii,PMS,Kilele Fuels,TRK-318,27400.0,2881296.2,2908698.0,2026-07-11 10:04:00,27401.799999999814,DS002537,27449.0,2026-07-11 11:26:00,Dispatched,1.0,27449.0,4491605.33,4491605.33,0.0,163.63,2026-07-11 12:26:00,7.0,4534700.0,0.0,0.0,0.0,0.0,0.0,0.0,0.0,0.0,4491605.33,False,False,False,none
LD002573,Kisii,PMS,Nyanza Petroleum Co,TRK-255,34000.0,4051196.2,4085206.5,2026-07-11 21:48:00,34010.299999999814,DS002538,33957.0,2026-07-11 23:42:00,Dispatched,1.0,33957.0,5618034.35,5618034.35,0.0,165.45,2026-07-12 03:42:00,1.0,5627000.0,0.0,0.0,0.0,0.0,0.0,0.0,0.0,0.0,5618034.35,False,False,False,none
LD002574,Kisii,PMS,Uhuru Energy Partners,TRK-539,33600.0,1038155.8,1071756.6,2026-07-11 13:34:00,33600.80000000005,DS002539,33528.0,2026-07-11 14:25:00,Dispatched,1.0,33528.0,5455162.34,5455162.34,0.0,162.7,2026-07-12 14:25:00,7.0,5560800.0,1.0,0.0,0.0,0.0,0.0,0.0,0.0,0.0,5455162.34,False,False,False,none
LD002575,Kisii,AGO,Aberdare Oil Traders,TRK-654,26400.0,4628972.7,4655374.2,2026-07-11 12:45:00,26401.5,DS002540,26411.0,2026-07-11 13:50:00,Dispatched,1.0,26411.0,4173313.67,4173313.67,0.0,158.01,2026-07-11 17:50:00,3.0,4097279.9999999995,0.0,0.0,0.0,0.0,0.0,0.0,0.0,0.0,4173313.67,False,False,False,none
LD002576,Kisii,AGO,Nyanza Petroleum Co,TRK-916,28500.0,2391080.4,2419588.7,2026-07-11 10:20:00,28508.30000000028,DS002541,28359.0,2026-07-11 11:15:00,Dispatched,1.0,28359.0,4366989.81,4366989.81,0.0,153.99,2026-07-11 17:15:00,14.0,4423200.0,0.0,0.0,0.0,0.0,0.0,0.0,0.0,0.0,4366989.81,False,False,False,none
LD002577,Kisii,PMS,Savannah Petroleum,TRK-154,28300.0,3621532.8,3649841.1,2026-07-11 09:34:00,28308.30000000028,DS002542,28303.0,2026-07-11 12:03:00,Dispatched,1.0,28303.0,4618359.95,4618359.95,0.0,163.18,2026-07-11 17:03:00,30.0,4683650.0,0.0,0.0,0.0,0.0,0.0,0.0,0.0,0.0,4618359.95,False,False,False,none
LD002578,Mombasa,IK,Zenith Petroleum,TRK-443,33200.0,4517588.0,4550784.9,2026-07-12 06:25:00,33196.90000000037,DS002543,33356.0,2026-07-12 08:21:00,Dispatched,1.0,33356.0,4644943.5,4644943.5,0.0,139.25,2026-07-13 11:21:00,7.0,4648000.0,1.0,0.0,0.0,0.0,0.0,0.0,0.0,0.0,4644943.5,False,False,False,none
LD002579,Mombasa,PMS,Equator Fuels,TRK-846,27800.0,3522544.8,3550344.7,2026-07-12 17:10:00,27799.900000000373,DS002544,27741.0,2026-07-12 19:04:00,Dispatched,1.0,27741.0,4528141.15,4528141.15,0.0,163.23,2026-07-13 21:04:00,21.0,4600900.0,1.0,0.0,0.0,0.0,0.0,0.0,0.0,0.0,4528141.15,False,False,False,none
LD002580,Mombasa,AGO,Mara Fuels,TRK-605,22500.0,2478572.5,2501068.3,2026-07-12 15:57:00,22495.799999999814,DS002545,22488.0,2026-07-12 17:53:00,Dispatched,1.0,22488.0,3525251.4,3525251.4,0.0,156.76,2026-07-13 23:53:00,30.0,3491999.9999999995,1.0,0.0,0.0,0.0,0.0,0.0,0.0,0.0,3525251.4,False,False,False,none
LD002581,Mombasa,AGO,Nyanza Petroleum Co,TRK-185,25300.0,2694162.3,2719466.7,2026-07-12 08:56:00,25304.400000000373,DS002546,25378.0,2026-07-12 10:38:00,Dispatched,1.0,25378.0,3866980.86,3866980.86,0.0,152.38,2026-07-12 12:38:00,3.0,3926559.9999999995,0.0,0.0,0.0,0.0,0.0,0.0,0.0,0.0,3866980.86,False,False,False,none
LD002582,Mombasa,AGO,Crescent Oil Ltd,TRK-119,26300.0,4924524.8,4950825.6,2026-07-12 17:06:00,26300.799999999814,DS002547,26360.0,2026-07-12 19:46:00,Dispatched,1.0,26360.0,4116771.42,4116771.42,0.0,156.17,2026-07-12 23:46:00,45.0,4081759.9999999995,0.0,0.0,0.0,0.0,0.0,0.0,0.0,0.0,4116771.42,False,True,False,none
LD002583,Mombasa,AGO,Summit Downstream Ltd,TRK-819,32100.0,3045924.2,3078020.4,2026-07-12 19:43:00,32096.19999999972,DS002548,32106.0,2026-07-12 21:27:00,Dispatched,1.0,32106.0,4981639.14,4981639.14,0.0,155.16,2026-07-13 01:27:00,1.0,4981920.0,0.0,0.0,0.0,0.0,0.0,0.0,0.0,0.0,4981639.14,False,False,False,none
LD002584,Mombasa,AGO,Crescent Oil Ltd,TRK-339,33500.0,3329429.8,3362931.2,2026-07-12 17:45:00,33501.40000000037,DS002549,33494.0,2026-07-12 20:00:00,Dispatched,,,,,0.0,,,,5199200.0,,0.0,0.0,0.0,5198268.8,0.0,0.0,5198268.8,0.0,False,False,True,billing_gap
LD002585,Mombasa,AGO,Tsavo Energy Group,TRK-184,35800.0,3545715.0,3581517.2,2026-07-12 07:43:00,35802.200000000186,DS002550,35667.0,2026-07-12 09:06:00,Dispatched,1.0,35667.0,5462482.34,5462482.34,0.0,153.15,2026-07-12 11:06:00,45.0,5556160.0,0.0,0.0,0.0,0.0,0.0,0.0,0.0,0.0,5462482.34,False,True,False,none
LD002586,Mombasa,PMS,Pioneer Fuels Kenya,TRK-160,25500.0,2038442.5,2063944.9,2026-07-12 15:50:00,25502.399999999907,DS002551,25538.0,2026-07-12 18:29:00,Dispatched,1.0,25538.0,4196247.27,4196247.27,0.0,164.31,2026-07-12 18:29:00,3.0,4220250.0,0.0,0.0,0.0,0.0,0.0,0.0,0.0,0.0,4196247.27,False,False,False,none
LD002587,Mombasa,AGO,Mara Fuels,TRK-319,26900.0,2868965.4,2895867.4,2026-07-12 06:05:00,26902.0,DS002552,26792.0,2026-07-12 07:59:00,Dispatched,1.0,26792.0,4140481.54,4140481.54,0.0,154.54,2026-07-12 11:59:00,3.0,4174879.9999999995,0.0,0.0,0.0,0.0,0.0,0.0,0.0,0.0,4140481.54,False,False,False,none
LD002588,Mombasa,IK,Crescent Oil Ltd,TRK-548,28700.0,4913777.6,4942476.3,2026-07-12 13:28:00,28698.700000000186,DS002553,28522.0,2026-07-12 16:04:00,Dispatched,1.0,28522.0,3971921.78,3971921.78,0.0,139.26,2026-07-13 20:04:00,14.0,4018000.0,1.0,0.0,0.0,0.0,0.0,0.0,0.0,0.0,3971921.78,False,False,False,none
LD002589,Mombasa,IK,Kilele Fuels,TRK-964,33000.0,3222819.4,3255819.4,2026-07-12 20:06:00,33000.0,DS002554,33100.0,2026-07-12 21:06:00,Dispatched,1.0,33100.0,4678755.5,3734235.72,944519.7799999998,141.35,2026-07-15 04:06:00,3.0,4620000.0,2.0,0.0,0.0,0.0,0.0,0.0,0.0,944519.7799999998,3734235.72,False,False,True,collections_gap
LD002590,Nairobi,AGO,Zenith Petroleum,TRK-704,33200.0,2700009.7,2733213.0,2026-07-12 06:59:00,33203.299999999814,DS002555,33239.0,2026-07-12 09:59:00,Dispatched,1.0,33239.0,5248807.64,3778961.22,1469846.4199999995,157.91,2026-07-13 11:59:00,21.0,5152640.0,1.0,0.0,0.0,0.0,0.0,0.0,0.0,1469846.4199999995,3778961.22,False,False,True,collections_gap
LD002591,Nairobi,IK,Rift Valley Fuels Ltd,TRK-394,24400.0,2060139.7,2084527.9,2026-07-12 07:03:00,24388.199999999953,DS002556,24464.0,2026-07-12 07:37:00,Dispatched,1.0,24464.0,3382416.03,3382416.03,0.0,138.26,2026-07-12 10:37:00,3.0,3416000.0,0.0,0.0,0.0,0.0,0.0,0.0,0.0,0.0,3382416.03,False,False,False,none
LD002592,Nairobi,AGO,Pioneer Fuels Kenya,TRK-384,27000.0,1364549.4,1391557.8,2026-07-12 05:13:00,27008.40000000014,DS002557,26940.0,2026-07-12 06:55:00,Dispatched,1.0,26940.0,4196955.57,4196955.57,0.0,155.79,2026-07-13 06:55:00,7.0,4190399.9999999995,1.0,0.0,0.0,0.0,0.0,0.0,0.0,0.0,4196955.57,False,False,False,none
LD002593,Nairobi,IK,Savannah Petroleum,TRK-815,31500.0,1854946.8,1886444.9,2026-07-12 11:27:00,31498.09999999986,DS002558,31544.0,2026-07-12 13:04:00,Dispatched,1.0,31544.0,4328605.78,4328605.78,0.0,137.22,2026-07-13 14:04:00,7.0,4410000.0,1.0,0.0,0.0,0.0,0.0,0.0,0.0,0.0,4328605.78,False,False,False,none
LD002594,Nairobi,PMS,Crescent Oil Ltd,TRK-326,23600.0,3335433.1,3359026.6,2026-07-12 14:40:00,23593.5,DS002559,23569.0,2026-07-12 15:43:00,Dispatched,1.0,23569.0,3968197.59,3968197.59,0.0,168.37,2026-07-13 20:43:00,3.0,3905800.0,1.0,0.0,0.0,0.0,0.0,0.0,0.0,0.0,3968197.59,False,False,False,none
LD002595,Nairobi,IK,Nyanza Petroleum Co,TRK-802,25900.0,2795646.9,2821539.8,2026-07-12 16:22:00,25892.899999999907,DS002560,25875.0,2026-07-12 18:57:00,Dispatched,1.0,25875.0,3690255.12,3690255.12,0.0,142.62,2026-07-12 23:57:00,21.0,3626000.0,0.0,0.0,0.0,0.0,0.0,0.0,0.0,0.0,3690255.12,False,False,False,none
LD002596,Nairobi,PMS,Savannah Petroleum,TRK-598,22500.0,4521687.6,4544188.5,2026-07-12 17:04:00,22500.900000000373,DS002561,22566.0,2026-07-12 17:41:00,Dispatched,1.0,22566.0,3680871.97,3680871.97,0.0,163.12,2026-07-12 19:41:00,45.0,3723750.0,0.0,0.0,0.0,0.0,0.0,0.0,0.0,0.0,3680871.97,False,True,False,none
LD002597,Nairobi,PMS,Highland Energy Co,TRK-659,26900.0,2648374.4,2675274.4,2026-07-12 18:58:00,26900.0,DS002562,26888.0,2026-07-12 19:33:00,Dispatched,1.0,26888.0,4449004.82,4449004.82,0.0,165.46,2026-07-12 19:33:00,21.0,4451950.0,0.0,0.0,0.0,0.0,0.0,0.0,0.0,0.0,4449004.82,False,False,False,none
LD002598,Nairobi,AGO,Nyanza Petroleum Co,TRK-612,28900.0,3235363.5,3264260.8,2026-07-12 06:49:00,28897.299999999814,DS002563,28840.0,2026-07-12 07:58:00,Dispatched,1.0,28840.0,4476841.38,4476841.38,0.0,155.23,2026-07-13 10:58:00,60.0,4485280.0,1.0,0.0,0.0,0.0,0.0,0.0,0.0,0.0,4476841.38,False,True,False,none
LD002599,Nairobi,AGO,Equator Fuels,TRK-395,31300.0,1709927.3,1741231.0,2026-07-12 11:42:00,31303.699999999953,DS002564,31172.0,2026-07-12 12:28:00,Dispatched,1.0,31172.0,4745793.86,4745793.86,0.0,152.24540805851407,2026-07-13 12:28:00,1.0,4857760.0,1.0,0.0,0.0,0.0,0.0,0.0,0.0,0.0,4745793.86,False,False,False,none
LD002600,Nairobi,AGO,Summit Downstream Ltd,TRK-486,35200.0,1543731.0,1578928.0,2026-07-12 05:00:00,35197.0,DS002565,35238.0,2026-07-12 06:21:00,Dispatched,1.0,35238.0,5427526.07,5427526.07,0.0,154.02,2026-07-12 13:21:00,1.0,5463040.0,0.0,0.0,0.0,0.0,0.0,0.0,0.0,0.0,5427526.07,False,False,False,none
LD002601,Nairobi,PMS,Zenith Petroleum,TRK-174,28000.0,1856705.0,1884704.1,2026-07-12 11:10:00,27999.100000000093,DS002566,28089.0,2026-07-12 12:52:00,Dispatched,1.0,28089.0,4610715.49,4610715.49,0.0,164.15,2026-07-22 19:52:00,30.0,4634000.0,10.0,0.0,0.0,0.0,0.0,0.0,0.0,0.0,4610715.49,True,False,False,none
LD002602,Nairobi,IK,Baraka Downstream,TRK-288,22300.0,3839732.3,3862030.1,2026-07-12 15:16:00,22297.80000000028,DS002567,22248.0,2026-07-12 17:16:00,Dispatched,1.0,22248.0,3090392.32,3090392.32,0.0,138.91,2026-07-15 22:16:00,30.0,3122000.0,3.0,0.0,0.0,0.0,0.0,0.0,0.0,0.0,3090392.32,False,False,False,none
LD002603,Nairobi,AGO,Pioneer Fuels Kenya,TRK-291,28500.0,1575337.9,1603839.8,2026-07-12 13:11:00,28501.90000000014,DS002568,28559.0,2026-07-12 14:28:00,Dispatched,1.0,28559.0,4387610.81,4387610.81,0.0,153.63,2026-07-12 16:28:00,1.0,4423200.0,0.0,0.0,0.0,0.0,0.0,0.0,0.0,0.0,4387610.81,False,False,False,none
LD002604,Nairobi,AGO,Horizon Oil Marketers,TRK-854,25400.0,3341943.8,3367337.9,2026-07-12 14:21:00,25394.100000000093,DS002569,25328.0,2026-07-12 16:54:00,Dispatched,1.0,25328.0,4006103.6,4006103.6,0.0,158.17,2026-07-12 21:54:00,7.0,3942079.9999999995,0.0,0.0,0.0,0.0,0.0,0.0,0.0,0.0,4006103.6,False,False,False,none
LD002605,Kisumu,AGO,Savannah Petroleum,TRK-105,30400.0,2237729.9,2268132.6,2026-07-12 18:53:00,30402.700000000186,DS002570,30468.0,2026-07-12 19:36:00,Dispatched,1.0,30468.0,4810284.05,4810284.05,0.0,157.88,2026-07-13 22:36:00,30.0,4718080.0,1.0,0.0,0.0,0.0,0.0,0.0,0.0,0.0,4810284.05,False,False,False,none
LD002606,Kisumu,AGO,Baraka Downstream,TRK-219,20400.0,4162811.6,4183223.7,2026-07-12 12:00:00,20412.100000000093,DS002571,20402.0,2026-07-12 13:47:00,Dispatched,1.0,20402.0,3176345.34,3176345.34,0.0,155.69,2026-07-14 20:47:00,1.0,3166080.0,2.0,0.0,0.0,0.0,0.0,0.0,0.0,0.0,3176345.34,False,False,False,none
LD002607,Kisumu,PMS,Baraka Downstream,TRK-106,20200.0,2172623.8,2192818.2,2026-07-12 12:50:00,20194.400000000373,DS002572,20216.0,2026-07-12 15:06:00,Dispatched,1.0,20216.0,3362454.95,3362454.95,0.0,166.32642214087852,2026-07-13 17:06:00,3.0,3343100.0,1.0,0.0,0.0,0.0,0.0,0.0,0.0,0.0,3362454.95,False,False,False,none
LD002608,Kisumu,IK,Pioneer Fuels Kenya,TRK-656,25600.0,3510024.6,3535612.9,2026-07-12 19:21:00,25588.299999999814,DS002573,25546.0,2026-07-12 20:13:00,Dispatched,1.0,25546.0,3542789.09,3542789.09,0.0,138.68,2026-07-14 02:13:00,14.0,3584000.0,1.0,0.0,0.0,0.0,0.0,0.0,0.0,0.0,3542789.09,False,False,False,none
LD002609,Kisumu,AGO,Tsavo Energy Group,TRK-707,32600.0,3592587.0,3625188.9,2026-07-12 10:05:00,32601.899999999907,DS002574,32635.0,2026-07-12 11:15:00,Dispatched,1.0,32635.0,5083715.79,5083715.79,0.0,155.77,2026-07-12 15:15:00,60.0,5059520.0,0.0,0.0,0.0,0.0,0.0,0.0,0.0,0.0,5083715.79,False,True,False,none
LD002610,Kisumu,PMS,Nyanza Petroleum Co,TRK-923,33800.0,3696233.8,3730035.0,2026-07-12 06:14:00,33801.200000000186,DS002575,33739.0,2026-07-12 07:41:00,Dispatched,1.0,33739.0,5579970.64,5579970.64,0.0,165.39,2026-07-12 07:41:00,21.0,5593900.0,0.0,0.0,0.0,0.0,0.0,0.0,0.0,0.0,5579970.64,False,False,False,none
LD002611,Kisumu,AGO,Zenith Petroleum,TRK-291,23400.0,3550811.4,3574220.5,2026-07-12 09:29:00,23409.100000000093,DS002576,23371.0,2026-07-12 11:01:00,Dispatched,1.0,23371.0,3626071.86,3626071.86,0.0,155.15,2026-07-15 12:01:00,21.0,3631679.9999999995,3.0,0.0,0.0,0.0,0.0,0.0,0.0,0.0,3626071.86,False,False,False,none
LD002612,Kisumu,AGO,Rift Valley Fuels Ltd,TRK-229,33300.0,3970886.0,4004186.3,2026-07-12 19:56:00,33300.299999999814,DS002577,33148.0,2026-07-12 22:53:00,Dispatched,1.0,33148.0,5083226.81,5083226.81,0.0,153.35,2026-07-13 23:53:00,3.0,5168160.0,1.0,0.0,0.0,0.0,0.0,0.0,0.0,0.0,5083226.81,False,False,False,none
LD002613,Kisumu,PMS,Tsavo Energy Group,TRK-869,33500.0,1255465.5,1288971.3,2026-07-12 16:53:00,33505.80000000005,DS002578,33422.0,2026-07-12 17:29:00,Dispatched,1.0,33422.0,5500117.31,5500117.31,0.0,164.57,2026-07-14 18:29:00,14.0,5544250.0,2.0,0.0,0.0,0.0,0.0,0.0,0.0,0.0,5500117.31,False,False,False,none
LD002614,Eldoret,PMS,Tsavo Energy Group,TRK-914,35100.0,4328764.6,4363869.9,2026-07-12 18:44:00,35105.300000000745,DS002579,35045.0,2026-07-12 21:35:00,Dispatched,1.0,35045.0,5914488.3,5914488.3,0.0,168.77,2026-07-20 04:35:00,1.0,5809050.0,7.0,0.0,0.0,0.0,0.0,0.0,0.0,0.0,5914488.3,True,False,False,none
LD002615,Eldoret,PMS,Horizon Oil Marketers,TRK-600,30000.0,3662861.7,3692864.8,2026-07-12 21:50:00,30003.099999999627,DS002580,30028.0,2026-07-12 23:12:00,Dispatched,1.0,30028.0,4887113.57,4887113.57,0.0,162.75,2026-07-16 03:12:00,60.0,4965000.0,3.0,0.0,0.0,0.0,0.0,0.0,0.0,0.0,4887113.57,False,True,False,none
LD002616,Eldoret,AGO,Horizon Oil Marketers,TRK-615,26800.0,1611847.5,1638641.8,2026-07-12 08:27:00,26794.300000000047,DS002581,26848.0,2026-07-12 09:45:00,Dispatched,1.0,26848.0,4241001.75,4241001.75,0.0,157.96,2026-07-12 16:45:00,7.0,4159359.9999999995,0.0,0.0,0.0,0.0,0.0,0.0,0.0,0.0,4241001.75,False,False,False,none
LD002617,Eldoret,AGO,Highland Energy Co,TRK-702,32900.0,3040988.4,3073874.5,2026-07-12 15:35:00,32886.10000000009,DS002582,32840.0,2026-07-12 17:55:00,Dispatched,1.0,32840.0,5180596.29,5180596.29,0.0,157.75,2026-07-14 21:55:00,14.0,5106080.0,2.0,0.0,0.0,0.0,0.0,0.0,0.0,0.0,5180596.29,False,False,False,none
LD002618,Eldoret,AGO,Horizon Oil Marketers,TRK-629,21900.0,2704461.1,2726355.9,2026-07-12 20:10:00,21894.799999999814,DS002583,21889.0,2026-07-12 21:40:00,Dispatched,1.0,21889.0,3394509.09,3394509.09,0.0,155.08,2026-07-14 03:40:00,30.0,3398879.9999999995,1.0,0.0,0.0,0.0,0.0,0.0,0.0,0.0,3394509.09,False,False,False,none
LD002619,Eldoret,AGO,Nyanza Petroleum Co,TRK-883,24600.0,1641281.9,1665877.2,2026-07-12 15:58:00,24595.300000000047,DS002584,24724.0,2026-07-12 16:44:00,Dispatched,1.0,24724.0,3889269.13,3889269.13,0.0,157.31,2026-07-12 22:44:00,1.0,3817919.9999999995,0.0,0.0,0.0,0.0,0.0,0.0,0.0,0.0,3889269.13,False,False,False,none
LD002620,Nakuru,PMS,Baraka Downstream,TRK-695,20500.0,3469851.0,3490347.1,2026-07-12 17:38:00,20496.100000000093,DS002585,20508.0,2026-07-12 20:03:00,Dispatched,1.0,20508.0,3334185.78,3334185.78,0.0,162.58,2026-07-15 01:03:00,60.0,3392750.0,2.0,0.0,0.0,0.0,0.0,0.0,0.0,0.0,3334185.78,False,True,False,none
LD002621,Nakuru,AGO,Coastline Energy Ltd,TRK-773,32200.0,2922893.8,2955094.7,2026-07-12 13:21:00,32200.900000000373,DS002586,32148.0,2026-07-12 15:41:00,Dispatched,1.0,32148.0,5000800.76,5000800.76,0.0,155.56,2026-07-12 17:41:00,7.0,4997440.0,0.0,0.0,0.0,0.0,0.0,0.0,0.0,0.0,5000800.76,False,False,False,none
LD002622,Nakuru,PMS,Rift Valley Fuels Ltd,TRK-664,32000.0,1787733.9,1819735.8,2026-07-12 20:10:00,32001.90000000014,DS002587,31839.0,2026-07-12 21:14:00,Dispatched,1.0,31839.0,5192984.75,5192984.75,0.0,163.1,2026-07-14 05:14:00,3.0,5296000.0,1.0,0.0,0.0,0.0,0.0,0.0,0.0,0.0,5192984.75,False,False,False,none
LD002623,Nakuru,AGO,Baraka Downstream,TRK-190,32400.0,4328378.9,4360772.9,2026-07-12 12:08:00,32394.0,DS002588,32317.0,2026-07-12 13:01:00,Dispatched,1.0,32317.0,4954028.96,1881465.07,3072563.8899999997,153.29,2026-07-12 14:01:00,30.0,5028480.0,0.0,0.0,0.0,0.0,0.0,0.0,0.0,3072563.8899999997,1881465.07,False,False,True,collections_gap
LD002624,Nakuru,AGO,Equator Fuels,TRK-867,26200.0,3958431.9,3984629.0,2026-07-12 13:41:00,26197.100000000093,DS002589,26130.0,2026-07-12 16:14:00,Dispatched,1.0,26130.0,4123622.0,4123622.0,0.0,157.81,2026-07-12 23:14:00,30.0,4066239.9999999995,0.0,0.0,0.0,0.0,0.0,0.0,0.0,0.0,4123622.0,False,False,False,none
LD002625,Nakuru,PMS,Crescent Oil Ltd,TRK-817,26700.0,3946607.5,3973308.2,2026-07-12 16:36:00,26700.700000000186,DS002590,26858.0,2026-07-12 17:13:00,Dispatched,1.0,26858.0,4487156.61,4487156.61,0.0,167.07,2026-07-14 17:13:00,1.0,4418850.0,2.0,0.0,0.0,0.0,0.0,0.0,0.0,0.0,4487156.61,False,False,False,none
LD002626,Nakuru,AGO,Savannah Petroleum,TRK-151,24100.0,1995716.0,2019815.1,2026-07-12 05:08:00,24099.100000000093,DS002591,24039.0,2026-07-12 06:20:00,Dispatched,1.0,24039.0,3709448.61,0.0,3709448.61,154.31,2026-07-14 11:20:00,,3740319.9999999995,2.0,0.0,0.0,0.0,0.0,0.0,0.0,3709448.61,0.0,False,False,True,collections_gap
LD002627,Nakuru,PMS,Kilele Fuels,TRK-970,29400.0,1280472.2,1309876.7,2026-07-12 09:08:00,29404.5,DS002592,29405.0,2026-07-12 11:31:00,Dispatched,1.0,29405.0,4959655.98,4959655.98,0.0,168.67,2026-07-14 11:31:00,1.0,4865700.0,2.0,0.0,0.0,0.0,0.0,0.0,0.0,0.0,4959655.98,False,False,False,none
LD002628,Kisii,PMS,Baraka Downstream,TRK-527,27800.0,1148208.0,1176008.4,2026-07-12 11:02:00,27800.399999999907,DS002593,27831.0,2026-07-12 13:52:00,Dispatched,1.0,27831.0,4590692.99,4590692.99,0.0,164.95,2026-07-13 19:52:00,45.0,4600900.0,1.0,0.0,0.0,0.0,0.0,0.0,0.0,0.0,4590692.99,False,True,False,none
LD002629,Kisii,PMS,Rift Valley Fuels Ltd,TRK-944,28600.0,3819182.4,3847778.6,2026-07-12 17:12:00,28596.200000000186,DS002594,28695.0,2026-07-12 20:07:00,Dispatched,1.0,28695.0,4825157.82,4825157.82,0.0,168.15,2026-07-14 22:07:00,1.0,4733300.0,2.0,0.0,0.0,0.0,0.0,0.0,0.0,0.0,4825157.82,False,False,False,none
LD002630,Kisii,AGO,Kilele Fuels,TRK-464,24500.0,4086355.5,4110853.9,2026-07-12 12:59:00,24498.399999999907,DS002595,24501.0,2026-07-12 14:47:00,Dispatched,1.0,24501.0,3766856.0,3766856.0,0.0,153.74,2026-07-12 20:47:00,14.0,3802399.9999999995,0.0,0.0,0.0,0.0,0.0,0.0,0.0,0.0,3766856.0,False,False,False,none
LD002631,Kisii,AGO,Lakeview Energy,TRK-767,25600.0,4247926.0,4273521.4,2026-07-12 12:08:00,25595.400000000373,DS002596,25561.0,2026-07-12 15:03:00,Dispatched,1.0,25561.0,4037876.64,4037876.64,0.0,157.97,2026-07-15 23:03:00,14.0,3973119.9999999995,3.0,0.0,0.0,0.0,0.0,0.0,0.0,0.0,4037876.64,False,False,False,none
LD002632,Kisii,PMS,Coastline Energy Ltd,TRK-722,27000.0,2809098.0,2836095.5,2026-07-12 07:30:00,26997.5,DS002597,26953.0,2026-07-12 09:24:00,Dispatched,1.0,26953.0,4438337.77,4438337.77,0.0,164.67,2026-07-13 12:24:00,30.0,4468500.0,1.0,0.0,0.0,0.0,0.0,0.0,0.0,0.0,4438337.77,False,False,False,none
LD002633,Kisii,AGO,Horizon Oil Marketers,TRK-129,20300.0,1468180.3,1488479.9,2026-07-12 21:13:00,20299.59999999986,DS002598,19466.0,2026-07-12 22:54:00,Dispatched,1.0,18345.0,2896630.91,2896630.91,0.0,157.9,2026-07-12 23:54:00,14.0,3150560.0,0.0,0.0,834.0,129436.79999999999,0.0,1121.0,177005.9,306442.69999999995,2896630.91,False,False,True,underbilling
LD002634,Kisii,AGO,Aberdare Oil Traders,TRK-496,25500.0,4858491.4,4883991.1,2026-07-12 22:52:00,25499.699999999255,DS002599,25527.0,2026-07-13 01:51:00,Dispatched,1.0,25527.0,3949085.83,3949085.83,0.0,154.7,2026-07-13 09:51:00,7.0,3957599.9999999995,0.0,0.0,0.0,0.0,0.0,0.0,0.0,0.0,3949085.83,False,False,False,none
LD002635,Kisii,PMS,Equator Fuels,TRK-529,28100.0,3510224.1,3538317.2,2026-07-12 07:51:00,28093.100000000093,DS002600,28008.0,2026-07-12 10:51:00,Dispatched,1.0,28008.0,4607348.76,4607348.76,0.0,164.5,2026-07-15 14:51:00,60.0,4650550.0,3.0,0.0,0.0,0.0,0.0,0.0,0.0,0.0,4607348.76,False,True,False,none
LD002636,Kisii,AGO,Highland Energy Co,TRK-961,20400.0,3001334.6,3021729.0,2026-07-12 16:25:00,20394.399999999907,DS002601,20359.0,2026-07-12 17:26:00,Dispatched,1.0,20359.0,3145720.49,3145720.49,0.0,154.51,2026-07-14 20:26:00,3.0,3166080.0,2.0,0.0,0.0,0.0,0.0,0.0,0.0,0.0,3145720.49,False,False,False,none
LD002637,Kisii,AGO,Nyanza Petroleum Co,TRK-256,27700.0,1631322.9,1659022.7,2026-07-12 06:24:00,27699.800000000047,DS002602,27794.0,2026-07-12 07:31:00,Dispatched,1.0,27794.0,4396623.42,4396623.42,0.0,158.19,2026-07-14 09:31:00,3.0,4299040.0,2.0,0.0,0.0,0.0,0.0,0.0,0.0,0.0,4396623.42,False,False,False,none
LD002638,Kisii,PMS,Pioneer Fuels Kenya,TRK-881,25400.0,1587635.6,1613043.6,2026-07-12 06:19:00,25408.0,DS002603,25242.0,2026-07-12 09:12:00,Dispatched,1.0,25242.0,4235217.69,4235217.69,0.0,167.78,2026-07-12 16:12:00,1.0,4203700.0,0.0,0.0,0.0,0.0,0.0,0.0,0.0,0.0,4235217.69,False,False,False,none
LD002639,Kisii,AGO,Summit Downstream Ltd,TRK-801,28800.0,4011268.1,4040063.5,2026-07-12 19:27:00,28795.399999999907,DS002604,28806.0,2026-07-12 20:50:00,Dispatched,,,,,0.0,,,,4469760.0,,0.0,0.0,0.0,4470691.199999999,0.0,0.0,4470691.199999999,0.0,False,False,True,billing_gap
LD002640,Mombasa,AGO,Rift Valley Fuels Ltd,TRK-719,20600.0,1491644.7,1512241.1,2026-07-13 18:22:00,20596.40000000014,DS002605,20602.0,2026-07-13 20:31:00,Dispatched,1.0,20602.0,3259310.93,3259310.93,0.0,158.2,2026-07-24 01:31:00,60.0,3197119.9999999995,10.0,0.0,0.0,0.0,0.0,0.0,0.0,0.0,3259310.93,True,True,False,none
LD002641,Mombasa,AGO,Tsavo Energy Group,TRK-544,23200.0,2607807.7,2631005.6,2026-07-13 09:54:00,23197.899999999907,DS002606,23208.0,2026-07-13 11:41:00,Dispatched,1.0,23208.0,3599830.13,3599830.13,0.0,155.11160504998276,2026-07-13 17:41:00,21.0,3600639.9999999995,0.0,0.0,0.0,0.0,0.0,0.0,0.0,0.0,3599830.13,False,False,False,none
LD002642,Mombasa,PMS,Equator Fuels,TRK-781,30500.0,3837257.2,3867762.0,2026-07-13 09:16:00,30504.799999999814,DS002607,30567.0,2026-07-13 10:48:00,Dispatched,1.0,30567.0,5021204.54,5021204.54,0.0,164.27,2026-07-13 18:48:00,1.0,5047750.0,0.0,0.0,0.0,0.0,0.0,0.0,0.0,0.0,5021204.54,False,False,False,none
LD002643,Mombasa,IK,Mara Fuels,TRK-254,29400.0,2428967.9,2458358.7,2026-07-13 22:44:00,29390.80000000028,DS002608,29405.0,2026-07-14 00:52:00,Dispatched,1.0,29405.0,4067385.0,4067385.0,0.0,138.32,2026-07-15 08:52:00,21.0,4116000.0,1.0,0.0,0.0,0.0,0.0,0.0,0.0,0.0,4067385.0,False,False,False,none
LD002644,Mombasa,AGO,Crescent Oil Ltd,TRK-737,21300.0,4971215.9,4992520.4,2026-07-13 20:38:00,21304.5,DS002609,21271.0,2026-07-13 23:03:00,Dispatched,1.0,21271.0,3306053.76,3306053.76,0.0,155.43,2026-07-16 05:03:00,7.0,3305759.9999999995,2.0,0.0,0.0,0.0,0.0,0.0,0.0,0.0,3306053.76,False,False,False,none
LD002645,Mombasa,AGO,Lakeview Energy,TRK-684,22000.0,1289393.5,1311391.7,2026-07-13 14:58:00,21998.199999999953,DS002610,21957.0,2026-07-13 17:25:00,Dispatched,1.0,21957.0,3450061.6,3450061.6,0.0,157.13,2026-07-16 19:25:00,60.0,3414399.9999999995,3.0,0.0,0.0,0.0,0.0,0.0,0.0,0.0,3450061.6,False,True,False,none
LD002646,Mombasa,PMS,Nyanza Petroleum Co,TRK-837,30400.0,2316022.9,2346426.4,2026-07-13 22:21:00,30403.5,DS002611,30518.0,2026-07-14 00:21:00,Dispatched,1.0,30518.0,5051901.7,5051901.7,0.0,165.54,2026-07-14 06:21:00,3.0,5031200.0,0.0,0.0,0.0,0.0,0.0,0.0,0.0,0.0,5051901.7,False,False,False,none
LD002647,Mombasa,IK,Zenith Petroleum,TRK-473,26300.0,2048451.9,2074746.9,2026-07-13 10:56:00,26295.0,DS002612,26382.0,2026-07-13 13:28:00,Dispatched,1.0,24177.0,3321362.45,3321362.45,0.0,137.38,2026-07-15 19:28:00,21.0,3682000.0,2.0,0.0,0.0,0.0,0.0,2205.0,302922.89999999997,302922.89999999997,3321362.45,False,False,True,underbilling
LD002648,Mombasa,PMS,Savannah Petroleum,TRK-346,31500.0,3046144.8,3077636.0,2026-07-13 11:52:00,31491.200000000186,DS002613,31772.0,2026-07-13 13:29:00,Dispatched,1.0,31772.0,5182031.71,5182031.71,0.0,163.1,2026-07-16 15:29:00,14.0,5213250.0,3.0,0.0,0.0,0.0,0.0,0.0,0.0,0.0,5182031.71,False,False,False,none
LD002649,Mombasa,AGO,Amani Petroleum,TRK-128,35100.0,1167521.6,1202634.9,2026-07-13 16:54:00,35113.299999999814,DS002614,35070.0,2026-07-13 17:33:00,Dispatched,1.0,35070.0,5532912.49,5532912.49,0.0,157.77,2026-07-16 23:33:00,1.0,5447520.0,3.0,0.0,0.0,0.0,0.0,0.0,0.0,0.0,5532912.49,False,False,False,none
LD002650,Mombasa,PMS,Summit Downstream Ltd,TRK-677,34700.0,1196634.1,1231334.6,2026-07-13 19:49:00,34700.5,DS002615,34634.0,2026-07-13 21:23:00,Dispatched,1.0,34634.0,5802265.02,5802265.02,0.0,167.53,2026-07-15 05:23:00,30.0,5742850.0,1.0,0.0,0.0,0.0,0.0,0.0,0.0,0.0,5802265.02,False,False,False,none
LD002651,Mombasa,PMS,Pioneer Fuels Kenya,TRK-837,29200.0,4414519.7,4443722.2,2026-07-13 19:25:00,29202.5,DS002616,29240.0,2026-07-13 20:17:00,Dispatched,1.0,29240.0,4908568.84,4908568.84,0.0,167.87,2026-07-13 20:17:00,1.0,4832600.0,0.0,0.0,0.0,0.0,0.0,0.0,0.0,0.0,4908568.84,False,False,False,none
LD002652,Mombasa,IK,Uhuru Energy Partners,TRK-583,20300.0,3929818.5,3950116.8,2026-07-13 16:15:00,20298.299999999814,DS002617,20326.0,2026-07-13 17:10:00,Dispatched,1.0,20326.0,2797664.6,2797664.6,0.0,137.64,2026-07-15 19:10:00,14.0,2842000.0,2.0,0.0,0.0,0.0,0.0,0.0,0.0,0.0,2797664.6,False,False,False,none
LD002653,Mombasa,PMS,Lakeview Energy,TRK-387,34900.0,3628790.6,3663687.7,2026-07-13 21:24:00,34897.10000000009,DS002618,34967.0,2026-07-14 00:21:00,Dispatched,1.0,34967.0,5819445.66,5819445.66,0.0,166.43,2026-07-15 01:21:00,21.0,5775950.0,1.0,0.0,0.0,0.0,0.0,0.0,0.0,0.0,5819445.66,False,False,False,none
LD002654,Nairobi,PMS,Rift Valley Fuels Ltd,TRK-108,28400.0,2986580.8,3014980.4,2026-07-13 14:23:00,28399.600000000093,DS002619,28472.0,2026-07-13 14:58:00,Dispatched,1.0,28472.0,4802573.23,4802573.23,0.0,168.68,2026-07-13 15:58:00,14.0,4700200.0,0.0,0.0,0.0,0.0,0.0,0.0,0.0,0.0,4802573.23,False,False,False,none
LD002655,Nairobi,AGO,Summit Downstream Ltd,TRK-430,22300.0,4681089.5,4703390.1,2026-07-13 15:11:00,22300.599999999627,DS002620,22342.0,2026-07-13 17:02:00,Dispatched,1.0,22342.0,3469883.89,3469883.89,0.0,155.31,2026-07-13 17:02:00,1.0,3460959.9999999995,0.0,0.0,0.0,0.0,0.0,0.0,0.0,0.0,3469883.89,False,False,False,none
LD002656,Nairobi,PMS,Horizon Oil Marketers,TRK-345,26700.0,3431830.8,3458530.7,2026-07-13 19:11:00,26699.900000000373,DS002621,26786.0,2026-07-13 20:48:00,Dispatched,1.0,26786.0,4452751.45,4452751.45,0.0,166.23,2026-07-14 03:48:00,60.0,4418850.0,0.0,0.0,0.0,0.0,0.0,0.0,0.0,0.0,4452751.45,False,True,False,none
LD002657,Nairobi,AGO,Nyanza Petroleum Co,TRK-834,21700.0,2816911.3,2838614.5,2026-07-13 13:08:00,21703.200000000186,DS002622,21779.0,2026-07-13 15:46:00,Dispatched,1.0,21779.0,3391713.79,3391713.79,0.0,155.73,2026-07-15 20:46:00,3.0,3367839.9999999995,2.0,0.0,0.0,0.0,0.0,0.0,0.0,0.0,3391713.79,False,False,False,none
LD002658,Nairobi,PMS,Coastline Energy Ltd,TRK-783,32500.0,4296720.0,4329217.5,2026-07-13 08:59:00,32497.5,DS002623,32620.0,2026-07-13 10:21:00,Dispatched,1.0,32620.0,5448516.47,5448516.47,0.0,167.03,2026-07-15 13:21:00,14.0,5378750.0,2.0,0.0,0.0,0.0,0.0,0.0,0.0,0.0,5448516.47,False,False,False,none
LD002659,Nairobi,PMS,Horizon Oil Marketers,TRK-424,31600.0,4330732.9,4362331.8,2026-07-13 10:26:00,31598.89999999944,DS002624,31386.0,2026-07-13 11:28:00,Dispatched,1.0,31386.0,5181046.49,5181046.49,0.0,165.08,2026-07-13 17:28:00,21.0,5229800.0,0.0,0.0,0.0,0.0,0.0,0.0,0.0,0.0,5181046.49,False,False,False,none
LD002660,Nairobi,AGO,Pioneer Fuels Kenya,TRK-773,31100.0,3549570.0,3580663.0,2026-07-13 06:28:00,31093.0,DS002625,31122.0,2026-07-13 09:07:00,Dispatched,1.0,31122.0,4741633.95,4741633.95,0.0,152.36,2026-07-13 12:07:00,45.0,4826720.0,0.0,0.0,0.0,0.0,0.0,0.0,0.0,0.0,4741633.95,False,True,False,none
LD002661,Nairobi,PMS,Highland Energy Co,TRK-848,31500.0,1897033.5,1928527.6,2026-07-13 05:01:00,31494.100000000093,DS002626,31413.0,2026-07-13 07:04:00,Dispatched,1.0,31413.0,5290871.16,5290871.16,0.0,168.42934963231784,2026-07-13 08:04:00,14.0,5213250.0,0.0,0.0,0.0,0.0,0.0,0.0,0.0,0.0,5290871.16,False,False,False,none
LD002662,Nairobi,IK,Tsavo Energy Group,TRK-223,32700.0,4659719.7,4692420.7,2026-07-13 16:58:00,32701.0,DS002627,32804.0,2026-07-13 18:43:00,Dispatched,1.0,29788.0,4142828.16,1833117.7,2309710.46,139.07708338928427,2026-07-23 21:43:00,30.0,4578000.0,10.0,0.0,0.0,0.0,0.0,3016.0,419456.48350208136,2729166.9435020816,1833117.7,True,False,True,collections_gap
LD002663,Nairobi,AGO,Highland Energy Co,TRK-260,22700.0,4269649.8,4292350.3,2026-07-13 19:05:00,22700.5,DS002628,22545.0,2026-07-13 19:40:00,Dispatched,1.0,22545.0,3545762.45,3545762.45,0.0,157.27,2026-07-14 01:40:00,3.0,3523039.9999999995,0.0,0.0,0.0,0.0,0.0,0.0,0.0,0.0,3545762.45,False,False,False,none
LD002664,Kisumu,AGO,Tsavo Energy Group,TRK-617,20100.0,1243648.9,1263753.1,2026-07-13 13:47:00,20104.200000000186,DS002629,20189.0,2026-07-13 15:46:00,Dispatched,1.0,20189.0,3148530.94,3148530.94,0.0,155.95,2026-07-14 20:46:00,1.0,3119520.0,1.0,0.0,0.0,0.0,0.0,0.0,0.0,0.0,3148530.94,False,False,False,none
LD002665,Kisumu,PMS,Horizon Oil Marketers,TRK-758,26900.0,2597304.6,2624202.6,2026-07-13 20:03:00,26898.0,DS002630,26830.0,2026-07-13 21:28:00,Dispatched,1.0,26830.0,4477709.11,4477709.11,0.0,166.89,2026-07-14 21:28:00,45.0,4451950.0,1.0,0.0,0.0,0.0,0.0,0.0,0.0,0.0,4477709.11,False,True,False,none
LD002666,Kisumu,AGO,Mara Fuels,TRK-940,22800.0,4395165.0,4417958.9,2026-07-13 18:50:00,22793.900000000373,DS002631,22725.0,2026-07-13 19:21:00,Dispatched,1.0,22725.0,3475778.72,3475778.72,0.0,152.95,2026-07-13 23:21:00,14.0,3538559.9999999995,0.0,0.0,0.0,0.0,0.0,0.0,0.0,0.0,3475778.72,False,False,False,none
LD002667,Kisumu,IK,Baraka Downstream,TRK-509,24800.0,3394257.4,3419054.1,2026-07-13 19:28:00,24796.700000000186,DS002632,24827.0,2026-07-13 20:08:00,Dispatched,1.0,24827.0,3468229.62,3468229.62,0.0,139.7,2026-07-14 04:08:00,1.0,3472000.0,0.0,0.0,0.0,0.0,0.0,0.0,0.0,0.0,3468229.62,False,False,False,none
LD002668,Kisumu,PMS,Rift Valley Fuels Ltd,TRK-163,35100.0,3108903.9,3144003.9,2026-07-13 11:29:00,35100.0,DS002633,35061.0,2026-07-13 12:34:00,Dispatched,1.0,35061.0,5757397.12,5757397.12,0.0,164.21,2026-07-16 18:34:00,14.0,5809050.0,3.0,0.0,0.0,0.0,0.0,0.0,0.0,0.0,5757397.12,False,False,False,none
LD002669,Kisumu,IK,Baraka Downstream,TRK-649,25200.0,1632506.3,1657708.8,2026-07-13 16:52:00,25202.5,DS002634,25335.0,2026-07-13 18:13:00,Dispatched,1.0,25335.0,3607345.24,3607345.24,0.0,142.39,2026-07-13 19:13:00,1.0,3528000.0,0.0,0.0,0.0,0.0,0.0,0.0,0.0,0.0,3607345.24,False,False,False,none
LD002670,Kisumu,IK,Amani Petroleum,TRK-146,33900.0,3749497.7,3783386.7,2026-07-13 16:20:00,33889.0,DS002635,34039.0,2026-07-13 17:29:00,Dispatched,1.0,34039.0,4680025.03,4680025.03,0.0,137.49,2026-07-13 21:29:00,1.0,4746000.0,0.0,0.0,0.0,0.0,0.0,0.0,0.0,0.0,4680025.03,False,False,False,none
LD002671,Kisumu,IK,Tsavo Energy Group,TRK-167,21800.0,1590985.3,1612778.6,2026-07-13 20:54:00,21793.300000000047,DS002636,21767.0,2026-07-13 22:27:00,Dispatched,1.0,21767.0,3071869.89,3071869.89,0.0,141.13,2026-07-17 06:27:00,1.0,3052000.0,3.0,0.0,0.0,0.0,0.0,0.0,0.0,0.0,3071869.89,False,False,False,none
LD002672,Kisumu,PMS,Uhuru Energy Partners,TRK-408,20400.0,4220059.5,4240457.9,2026-07-13 11:07:00,20398.400000000373,DS002637,20464.0,2026-07-13 13:18:00,Dispatched,1.0,20464.0,3420977.46,3420977.46,0.0,167.17,2026-07-13 15:18:00,21.0,3376200.0,0.0,0.0,0.0,0.0,0.0,0.0,0.0,0.0,3420977.46,False,False,False,none
LD002673,Kisumu,AGO,Summit Downstream Ltd,TRK-742,20300.0,4322758.4,4343065.9,2026-07-13 11:48:00,20307.5,DS002638,20267.0,2026-07-13 14:03:00,Dispatched,1.0,20267.0,3087569.95,3087569.95,0.0,152.34,2026-07-15 22:03:00,21.0,3150560.0,2.0,0.0,0.0,0.0,0.0,0.0,0.0,0.0,3087569.95,False,False,False,none
LD002674,Kisumu,AGO,Savannah Petroleum,TRK-302,21800.0,4448416.3,4470219.6,2026-07-13 10:58:00,21803.299999999814,DS002639,21764.0,2026-07-13 12:05:00,Dispatched,1.0,21764.0,3396806.2,3396806.2,0.0,156.07,2026-07-14 16:05:00,14.0,3383359.9999999995,1.0,0.0,0.0,0.0,0.0,0.0,0.0,0.0,3396806.2,False,False,False,none
LD002675,Kisumu,PMS,Summit Downstream Ltd,TRK-838,33400.0,3611970.9,3645379.9,2026-07-13 09:33:00,33409.0,DS002640,33472.0,2026-07-13 11:59:00,Dispatched,1.0,33472.0,5643012.4,5643012.4,0.0,168.59,2026-07-20 16:59:00,3.0,5527700.0,7.0,0.0,0.0,0.0,0.0,0.0,0.0,0.0,5643012.4,True,False,False,none
LD002676,Kisumu,AGO,Nyanza Petroleum Co,TRK-836,20100.0,3369763.0,3389863.1,2026-07-13 20:50:00,20100.100000000093,DS002641,20188.0,2026-07-13 23:21:00,Dispatched,1.0,20188.0,3144437.23,2221330.72,923106.5099999998,155.76,2026-07-14 06:21:00,7.0,3119520.0,0.0,0.0,0.0,0.0,0.0,0.0,0.0,923106.5099999998,2221330.72,False,False,True,collections_gap
LD002677,Kisumu,AGO,Nyanza Petroleum Co,TRK-254,33600.0,2427599.5,2461198.6,2026-07-13 11:58:00,33599.10000000009,DS002642,33556.0,2026-07-13 12:29:00,Dispatched,1.0,33556.0,5117577.31,5117577.31,0.0,152.51,2026-07-13 13:29:00,7.0,5214720.0,0.0,0.0,0.0,0.0,0.0,0.0,0.0,0.0,5117577.31,False,False,False,none
LD002678,Kisumu,PMS,Amani Petroleum,TRK-278,31600.0,1429204.8,1460800.2,2026-07-13 11:57:00,31595.399999999907,DS002643,31565.0,2026-07-13 12:37:00,Cancelled,,,,,0.0,,,,5229800.0,,0.0,0.0,0.0,0.0,0.0,0.0,0.0,0.0,False,False,False,none
LD002679,Eldoret,PMS,Nyanza Petroleum Co,TRK-330,29800.0,3574208.5,3604000.6,2026-07-13 20:44:00,29792.100000000093,DS002644,29827.0,2026-07-13 21:32:00,Dispatched,1.0,29827.0,4973861.6,4973861.6,0.0,166.76,2026-07-13 23:32:00,30.0,4931900.0,0.0,0.0,0.0,0.0,0.0,0.0,0.0,0.0,4973861.6,False,False,False,none
LD002680,Eldoret,PMS,Zenith Petroleum,TRK-580,27400.0,2560264.3,2587659.6,2026-07-13 07:32:00,27395.30000000028,DS002645,27327.0,2026-07-13 09:58:00,Dispatched,1.0,27327.0,4509893.1,4509893.1,0.0,165.03,2026-07-14 13:58:00,7.0,4534700.0,1.0,0.0,0.0,0.0,0.0,0.0,0.0,0.0,4509893.1,False,False,False,none
LD002681,Eldoret,IK,Savannah Petroleum,TRK-498,33800.0,4717043.9,4750847.7,2026-07-13 22:29:00,33803.799999999814,DS002646,33959.0,2026-07-14 00:32:00,Dispatched,1.0,33959.0,4810251.39,4810251.39,0.0,141.65,2026-07-16 02:32:00,14.0,4732000.0,2.0,0.0,0.0,0.0,0.0,0.0,0.0,0.0,4810251.39,False,False,False,none
LD002682,Eldoret,AGO,Amani Petroleum,TRK-949,32500.0,4723230.7,4755728.6,2026-07-13 08:48:00,32497.89999999944,DS002647,32412.0,2026-07-13 10:17:00,Dispatched,1.0,32412.0,4945235.5,4945235.5,0.0,152.57,2026-07-15 10:17:00,60.0,5044000.0,2.0,0.0,0.0,0.0,0.0,0.0,0.0,0.0,4945235.5,False,True,False,none
LD002683,Eldoret,PMS,Horizon Oil Marketers,TRK-202,23900.0,3307836.6,3331740.6,2026-07-13 05:31:00,23904.0,DS002648,23855.0,2026-07-13 08:30:00,Dispatched,1.0,23855.0,4014237.56,4014237.56,0.0,168.28,2026-07-15 11:30:00,7.0,3955450.0,2.0,0.0,0.0,0.0,0.0,0.0,0.0,0.0,4014237.56,False,False,False,none
LD002684,Eldoret,AGO,Highland Energy Co,TRK-287,20100.0,3259276.7,3279373.9,2026-07-13 22:43:00,20097.19999999972,DS002649,20207.0,2026-07-13 23:27:00,Dispatched,1.0,20207.0,3123791.56,3123791.56,0.0,154.59,2026-07-14 03:27:00,14.0,3119520.0,0.0,0.0,0.0,0.0,0.0,0.0,0.0,0.0,3123791.56,False,False,False,none
LD002685,Eldoret,IK,Uhuru Energy Partners,TRK-880,25400.0,2290734.8,2316139.6,2026-07-13 20:42:00,25404.80000000028,DS002650,25416.0,2026-07-13 21:39:00,Dispatched,1.0,25416.0,3572364.63,3572364.63,0.0,140.56,2026-07-24 00:39:00,14.0,3556000.0,10.0,0.0,0.0,0.0,0.0,0.0,0.0,0.0,3572364.63,True,False,False,none
LD002686,Eldoret,AGO,Mara Fuels,TRK-368,29700.0,4412691.9,4442393.9,2026-07-13 20:12:00,29702.0,DS002651,29873.0,2026-07-13 22:23:00,Dispatched,1.0,29873.0,4576471.48,4576471.48,0.0,153.2,2026-07-15 06:23:00,3.0,4609440.0,1.0,0.0,0.0,0.0,0.0,0.0,0.0,0.0,4576471.48,False,False,False,none
LD002687,Eldoret,PMS,Baraka Downstream,TRK-265,24200.0,3078007.4,3102206.0,2026-07-13 11:44:00,24198.600000000093,DS002652,24184.0,2026-07-13 13:38:00,Dispatched,1.0,24184.0,3992692.94,3992692.94,0.0,165.1,2026-07-14 13:38:00,21.0,4005100.0,1.0,0.0,0.0,0.0,0.0,0.0,0.0,0.0,3992692.94,False,False,False,none
LD002688,Eldoret,AGO,Baraka Downstream,TRK-786,28900.0,3646097.3,3674997.2,2026-07-13 14:16:00,28899.900000000373,DS002653,29118.0,2026-07-13 16:03:00,Dispatched,1.0,29118.0,4512666.21,4512666.21,0.0,154.98,2026-07-13 22:03:00,21.0,4485280.0,0.0,0.0,0.0,0.0,0.0,0.0,0.0,0.0,4512666.21,False,False,False,none
LD002689,Eldoret,AGO,Zenith Petroleum,TRK-486,29500.0,3945119.6,3974616.0,2026-07-13 10:11:00,29496.399999999907,DS002654,29554.0,2026-07-13 11:59:00,Dispatched,1.0,29554.0,4629100.94,4629100.94,0.0,156.63,2026-07-13 11:59:00,3.0,4578400.0,0.0,0.0,0.0,0.0,0.0,0.0,0.0,0.0,4629100.94,False,False,False,none
LD002690,Nakuru,PMS,Summit Downstream Ltd,TRK-750,30900.0,3430836.4,3461737.0,2026-07-13 06:57:00,30900.600000000093,DS002655,30830.0,2026-07-13 08:23:00,Dispatched,1.0,30830.0,5096155.84,5096155.84,0.0,165.3,2026-07-20 08:23:00,1.0,5113950.0,7.0,0.0,0.0,0.0,0.0,0.0,0.0,0.0,5096155.84,True,False,False,none
LD002691,Nakuru,AGO,Horizon Oil Marketers,TRK-378,26300.0,2061252.4,2087555.0,2026-07-13 12:04:00,26302.600000000093,DS002656,26239.0,2026-07-13 13:31:00,Dispatched,1.0,26239.0,4061049.29,4061049.29,0.0,154.77,2026-07-14 19:31:00,60.0,4081759.9999999995,1.0,0.0,0.0,0.0,0.0,0.0,0.0,0.0,4061049.29,False,True,False,none
LD002692,Nakuru,PMS,Delta Oil Marketers,TRK-334,30300.0,3749489.9,3779785.5,2026-07-13 12:00:00,30295.600000000093,,,,,,,,,0.0,,,,5014650.0,,5014650.0,0.0,0.0,0.0,0.0,0.0,5014650.0,0.0,False,False,True,dispatch_capture_gap
LD002693,Nakuru,AGO,Baraka Downstream,TRK-775,26000.0,2049631.3,2075635.1,2026-07-13 22:20:00,26003.800000000047,DS002657,25886.0,2026-07-14 00:24:00,Dispatched,1.0,25886.0,4093125.57,4093125.57,0.0,158.12,2026-07-14 06:24:00,14.0,4035199.9999999995,0.0,0.0,0.0,0.0,0.0,0.0,0.0,0.0,4093125.57,False,False,False,none
LD002694,Nakuru,AGO,Savannah Petroleum,TRK-393,27300.0,3447616.3,3474920.0,2026-07-13 10:25:00,27303.700000000186,,,,,,,,,0.0,,,,4236960.0,,4236960.0,0.0,0.0,0.0,0.0,0.0,4236960.0,0.0,False,False,True,dispatch_capture_gap
LD002695,Nakuru,PMS,Zenith Petroleum,TRK-421,26000.0,3807788.8,3833791.3,2026-07-13 20:42:00,26002.5,DS002658,25895.0,2026-07-13 22:24:00,Dispatched,1.0,25895.0,4219045.66,4219045.66,0.0,162.93,2026-07-14 06:24:00,3.0,4303000.0,0.0,0.0,0.0,0.0,0.0,0.0,0.0,0.0,4219045.66,False,False,False,none
LD002696,Kisii,AGO,Mara Fuels,TRK-174,29400.0,2008727.9,2038132.4,2026-07-13 06:23:00,29404.5,DS002659,29342.0,2026-07-13 08:47:00,Dispatched,1.0,29342.0,4582820.53,4582820.53,0.0,156.19,2026-07-14 09:47:00,3.0,4562880.0,1.0,0.0,0.0,0.0,0.0,0.0,0.0,0.0,4582820.53,False,False,False,none
LD002697,Kisii,PMS,Aberdare Oil Traders,TRK-679,23300.0,2361539.4,2384830.0,2026-07-13 18:46:00,23290.600000000093,DS002660,23231.0,2026-07-13 19:18:00,Dispatched,1.0,21288.0,3568114.41,3568114.41,0.0,167.61,2026-07-13 21:18:00,14.0,3856150.0,0.0,0.0,0.0,0.0,0.0,1943.0,325666.23000000004,325666.23000000004,3568114.41,False,False,True,underbilling
LD002698,Kisii,PMS,Pioneer Fuels Kenya,TRK-193,28200.0,1661481.7,1689680.6,2026-07-13 13:01:00,28198.90000000014,DS002661,27982.0,2026-07-13 14:18:00,Dispatched,1.0,27982.0,4574396.76,4574396.76,0.0,163.48,2026-07-13 16:18:00,1.0,4667100.0,0.0,0.0,0.0,0.0,0.0,0.0,0.0,0.0,4574396.76,False,False,False,none
LD002699,Kisii,AGO,Mara Fuels,TRK-608,35600.0,1431698.2,1467307.0,2026-07-13 11:37:00,35608.80000000005,DS002662,35690.0,2026-07-13 13:04:00,Dispatched,1.0,35690.0,5475843.63,5475843.63,0.0,153.43,2026-07-13 17:04:00,1.0,5525120.0,0.0,0.0,0.0,0.0,0.0,0.0,0.0,0.0,5475843.63,False,False,False,none
LD002700,Kisii,PMS,Baraka Downstream,TRK-272,27000.0,3520138.3,3547139.3,2026-07-13 05:51:00,27001.0,DS002663,27063.0,2026-07-13 08:39:00,Dispatched,1.0,27063.0,4509076.73,4509076.73,0.0,166.61,2026-07-14 12:39:00,21.0,4468500.0,1.0,0.0,0.0,0.0,0.0,0.0,0.0,0.0,4509076.73,False,False,False,none
LD002701,Kisii,AGO,Delta Oil Marketers,TRK-846,25400.0,2204636.1,2230035.8,2026-07-13 07:39:00,25399.69999999972,DS002664,25423.0,2026-07-13 10:02:00,Dispatched,1.0,25423.0,3902651.81,3902651.81,0.0,153.51,2026-07-15 17:02:00,21.0,3942079.9999999995,2.0,0.0,0.0,0.0,0.0,0.0,0.0,0.0,3902651.81,False,False,False,none
LD002702,Kisii,PMS,Pioneer Fuels Kenya,TRK-833,29300.0,2146642.3,2175955.9,2026-07-13 07:12:00,29313.600000000093,DS002665,29200.0,2026-07-13 08:42:00,Dispatched,1.0,29200.0,4739737.42,4739737.42,0.0,162.32,2026-07-13 15:42:00,3.0,4849150.0,0.0,0.0,0.0,0.0,0.0,0.0,0.0,0.0,4739737.42,False,False,False,none
LD002703,Kisii,AGO,Savannah Petroleum,TRK-635,25900.0,1335591.8,1361485.5,2026-07-13 19:25:00,25893.699999999953,DS002666,26028.0,2026-07-13 20:12:00,Dispatched,1.0,26028.0,3962617.36,3962617.36,0.0,152.24,2026-07-14 00:12:00,1.0,4019679.9999999995,0.0,0.0,0.0,0.0,0.0,0.0,0.0,0.0,3962617.36,False,False,False,none
LD002704,Kisii,PMS,Delta Oil Marketers,TRK-917,33900.0,2939969.1,2973873.5,2026-07-13 18:31:00,33904.39999999991,DS002667,33882.0,2026-07-13 21:31:00,Dispatched,1.0,33882.0,5528000.37,5528000.37,0.0,163.15,2026-07-14 05:31:00,7.0,5610450.0,0.0,0.0,0.0,0.0,0.0,0.0,0.0,0.0,5528000.37,False,False,False,none
LD002705,Kisii,PMS,Rift Valley Fuels Ltd,TRK-447,24900.0,3070555.7,3095461.2,2026-07-13 17:43:00,24905.5,DS002668,24838.0,2026-07-13 18:31:00,Dispatched,1.0,24838.0,4091570.47,4091570.47,0.0,164.73,2026-07-14 21:31:00,3.0,4120950.0,1.0,0.0,0.0,0.0,0.0,0.0,0.0,0.0,4091570.47,False,False,False,none
LD002706,Mombasa,AGO,Nyanza Petroleum Co,TRK-312,25900.0,1500312.9,1526202.8,2026-07-14 18:22:00,25889.90000000014,DS002669,25918.0,2026-07-14 20:59:00,Dispatched,1.0,25918.0,4006362.22,4006362.22,0.0,154.58,2026-07-14 21:59:00,7.0,4019679.9999999995,0.0,0.0,0.0,0.0,0.0,0.0,0.0,0.0,4006362.22,False,False,False,none
LD002707,Mombasa,PMS,Summit Downstream Ltd,TRK-292,20700.0,2126038.5,2146740.3,2026-07-14 07:40:00,20701.799999999814,DS002670,20711.0,2026-07-14 08:21:00,Dispatched,1.0,20711.0,3452374.04,3452374.04,0.0,166.69,2026-07-14 14:21:00,3.0,3425850.0,0.0,0.0,0.0,0.0,0.0,0.0,0.0,0.0,3452374.04,False,False,False,none
LD002708,Mombasa,PMS,Savannah Petroleum,TRK-700,20300.0,3082282.2,3102574.4,2026-07-14 08:09:00,20292.19999999972,DS002671,20148.0,2026-07-14 10:09:00,Dispatched,1.0,20148.0,3287414.95,3287414.95,0.0,163.16,2026-07-14 13:09:00,3.0,3359650.0,0.0,0.0,0.0,0.0,0.0,0.0,0.0,0.0,3287414.95,False,False,False,none
LD002709,Mombasa,AGO,Summit Downstream Ltd,TRK-389,26300.0,3308489.1,3334793.8,2026-07-14 16:31:00,26304.69999999972,DS002672,26298.0,2026-07-14 18:35:00,Dispatched,1.0,26298.0,4036452.16,4036452.16,0.0,153.49,2026-07-15 00:35:00,7.0,4081759.9999999995,0.0,0.0,0.0,0.0,0.0,0.0,0.0,0.0,4036452.16,False,False,False,none
LD002710,Mombasa,AGO,Baraka Downstream,TRK-674,35800.0,1553061.4,1588868.5,2026-07-14 06:00:00,35807.10000000009,DS002673,35813.0,2026-07-14 06:31:00,Dispatched,1.0,35813.0,5665643.31,4706403.26,959240.0499999998,158.2,2026-07-16 10:31:00,3.0,5556160.0,2.0,0.0,0.0,0.0,0.0,0.0,0.0,959240.0499999998,4706403.26,False,False,True,collections_gap
LD002711,Mombasa,PMS,Uhuru Energy Partners,TRK-404,26900.0,2699322.9,2726231.8,2026-07-14 22:42:00,26908.899999999907,DS002674,26869.0,2026-07-15 00:34:00,Dispatched,1.0,26869.0,4480618.91,4480618.91,0.0,166.76,2026-07-15 07:34:00,3.0,4451950.0,0.0,0.0,0.0,0.0,0.0,0.0,0.0,0.0,4480618.91,False,False,False,none
LD002712,Mombasa,IK,Equator Fuels,TRK-455,27800.0,3069730.2,3097525.7,2026-07-14 07:26:00,27795.5,DS002675,27690.0,2026-07-14 10:24:00,Dispatched,1.0,27690.0,3809365.59,3809365.59,0.0,137.57,2026-07-14 16:24:00,3.0,3892000.0,0.0,0.0,0.0,0.0,0.0,0.0,0.0,0.0,3809365.59,False,False,False,none
LD002713,Mombasa,PMS,Rift Valley Fuels Ltd,TRK-461,26900.0,4966797.8,4993696.8,2026-07-14 15:02:00,26899.0,DS002676,26796.0,2026-07-14 17:10:00,Dispatched,1.0,26796.0,4502325.12,4502325.12,0.0,168.02,2026-07-14 18:10:00,7.0,4451950.0,0.0,0.0,0.0,0.0,0.0,0.0,0.0,0.0,4502325.12,False,False,False,none
LD002714,Mombasa,AGO,Summit Downstream Ltd,TRK-678,21800.0,4359058.9,4380861.2,2026-07-14 06:37:00,21802.299999999814,DS002677,21834.0,2026-07-14 08:58:00,Dispatched,1.0,21834.0,3455669.99,3455669.99,0.0,158.27,2026-07-14 16:58:00,30.0,3383359.9999999995,0.0,0.0,0.0,0.0,0.0,0.0,0.0,0.0,3455669.99,False,False,False,none
LD002715,Mombasa,IK,Horizon Oil Marketers,TRK-679,36000.0,2170435.6,2206438.2,2026-07-14 19:05:00,36002.60000000009,DS002678,36082.0,2026-07-14 20:31:00,Cancelled,,,,,0.0,,,,5040000.0,,0.0,0.0,0.0,0.0,0.0,0.0,0.0,0.0,False,False,False,none
LD002716,Mombasa,AGO,Mara Fuels,TRK-811,31400.0,2182553.3,2213952.5,2026-07-14 17:14:00,31399.200000000186,DS002679,28890.0,2026-07-14 20:10:00,Dispatched,1.0,28890.0,4427698.93,4427698.93,0.0,153.26,2026-07-14 21:10:00,7.0,4873280.0,0.0,0.0,2510.0,389552.0,0.0,0.0,0.0,389552.0,4427698.93,False,False,True,shrinkage
LD002717,Nairobi,AGO,Zenith Petroleum,TRK-641,34800.0,4410664.6,4445462.0,2026-07-14 10:23:00,34797.40000000037,DS002680,34753.0,2026-07-14 11:43:00,Dispatched,1.0,34753.0,5485679.86,4077952.27,1407727.5900000003,157.85,2026-07-16 11:43:00,1.0,5400960.0,2.0,0.0,0.0,0.0,0.0,0.0,0.0,1407727.5900000003,4077952.27,False,False,True,collections_gap
LD002718,Nairobi,PMS,Coastline Energy Ltd,TRK-180,28100.0,2857327.0,2885433.8,2026-07-14 11:27:00,28106.799999999814,DS002681,28027.0,2026-07-14 14:12:00,Dispatched,1.0,28027.0,4683962.46,4683962.46,0.0,167.12,2026-07-16 19:12:00,30.0,4650550.0,2.0,0.0,0.0,0.0,0.0,0.0,0.0,0.0,4683962.46,False,False,False,none
LD002719,Nairobi,IK,Pioneer Fuels Kenya,TRK-726,24100.0,3020112.2,3044213.7,2026-07-14 22:53:00,24101.5,DS002682,24068.0,2026-07-15 01:28:00,Dispatched,1.0,24068.0,3310821.66,3310821.66,0.0,137.56,2026-07-15 07:28:00,3.0,3374000.0,0.0,0.0,0.0,0.0,0.0,0.0,0.0,0.0,3310821.66,False,False,False,none
LD002720,Nairobi,IK,Uhuru Energy Partners,TRK-438,26800.0,3068601.4,3095403.8,2026-07-14 18:42:00,26802.399999999907,DS002683,26836.0,2026-07-14 21:42:00,Dispatched,2.0,53672.0,7498093.12,7498093.12,0.0,139.7,2026-07-15 00:42:00,3.0,3752000.0,0.0,0.0,0.0,0.0,0.0,0.0,0.0,0.0,7498093.12,False,False,False,none
LD002721,Nairobi,AGO,Aberdare Oil Traders,TRK-910,25900.0,3963119.5,3989022.9,2026-07-14 14:45:00,25903.399999999907,DS002684,26002.0,2026-07-14 15:40:00,Dispatched,1.0,26002.0,4071483.61,4071483.61,0.0,156.58,2026-07-21 22:40:00,3.0,4019679.9999999995,7.0,0.0,0.0,0.0,0.0,0.0,0.0,0.0,4071483.61,True,False,False,none
LD002722,Nairobi,PMS,Crescent Oil Ltd,TRK-822,31600.0,1818017.4,1849621.1,2026-07-14 12:48:00,31603.700000000186,DS002685,31619.0,2026-07-14 13:25:00,Dispatched,1.0,31619.0,5186328.15,5186328.15,0.0,164.03,2026-07-16 17:25:00,7.0,5229800.0,2.0,0.0,0.0,0.0,0.0,0.0,0.0,0.0,5186328.15,False,False,False,none
LD002723,Nairobi,AGO,Pioneer Fuels Kenya,TRK-998,25400.0,2879381.7,2904787.5,2026-07-14 14:14:00,25405.799999999814,DS002686,25348.0,2026-07-14 16:16:00,Dispatched,1.0,25348.0,3991043.01,3991043.01,0.0,157.45,2026-07-15 21:16:00,7.0,3942079.9999999995,1.0,0.0,0.0,0.0,0.0,0.0,0.0,0.0,3991043.01,False,False,False,none
LD002724,Nairobi,PMS,Baraka Downstream,TRK-707,25300.0,1552928.3,1578224.4,2026-07-14 22:10:00,25296.09999999986,DS002687,25417.0,2026-07-14 23:22:00,Dispatched,1.0,25417.0,4194717.07,4194717.07,0.0,165.04,2026-07-16 00:22:00,21.0,4187150.0,1.0,0.0,0.0,0.0,0.0,0.0,0.0,0.0,4194717.07,False,False,False,none
LD002725,Kisumu,PMS,Equator Fuels,TRK-785,35700.0,1903525.7,1939219.8,2026-07-14 20:46:00,35694.10000000009,DS002688,35478.0,2026-07-14 22:50:00,Dispatched,1.0,35478.0,5885680.12,5885680.12,0.0,165.9,2026-07-17 01:50:00,1.0,5908350.0,2.0,0.0,0.0,0.0,0.0,0.0,0.0,0.0,5885680.12,False,False,False,none
LD002726,Kisumu,PMS,Rift Valley Fuels Ltd,TRK-878,21100.0,2951506.4,2972616.3,2026-07-14 10:06:00,21109.899999999907,DS002689,21143.0,2026-07-14 12:51:00,Dispatched,1.0,21143.0,3488683.39,3488683.39,0.0,165.0,2026-07-24 20:51:00,7.0,3492050.0,10.0,0.0,0.0,0.0,0.0,0.0,0.0,0.0,3488683.39,True,False,False,none
LD002727,Kisumu,PMS,Delta Oil Marketers,TRK-590,31200.0,3052879.9,3084078.0,2026-07-14 10:07:00,31198.100000000093,DS002690,31104.0,2026-07-14 12:43:00,Dispatched,1.0,31104.0,5141933.19,5141933.19,0.0,165.31,2026-07-14 19:43:00,3.0,5163600.0,0.0,0.0,0.0,0.0,0.0,0.0,0.0,0.0,5141933.19,False,False,False,none
LD002728,Kisumu,AGO,Equator Fuels,TRK-826,21400.0,4746262.4,4767665.8,2026-07-14 21:22:00,21403.39999999944,DS002691,21397.0,2026-07-15 00:06:00,Dispatched,1.0,21397.0,3328950.9,3328950.9,0.0,155.58,2026-07-15 03:06:00,14.0,3321279.9999999995,0.0,0.0,0.0,0.0,0.0,0.0,0.0,0.0,3328950.9,False,False,False,none
LD002729,Kisumu,PMS,Baraka Downstream,TRK-110,26100.0,3305622.2,3331719.0,2026-07-14 09:54:00,26096.799999999814,DS002692,26144.0,2026-07-14 12:45:00,Dispatched,1.0,26144.0,4404710.87,4404710.87,0.0,168.48,2026-07-14 16:45:00,1.0,4319550.0,0.0,0.0,0.0,0.0,0.0,0.0,0.0,0.0,4404710.87,False,False,False,none
LD002730,Kisumu,PMS,Coastline Energy Ltd,TRK-165,31500.0,1541675.4,1573180.7,2026-07-14 18:54:00,31505.300000000047,DS002693,31348.0,2026-07-14 21:19:00,Dispatched,1.0,31348.0,5116615.64,5116615.64,0.0,163.22,2026-07-17 21:19:00,1.0,5213250.0,3.0,0.0,0.0,0.0,0.0,0.0,0.0,0.0,5116615.64,False,False,False,none
LD002731,Kisumu,AGO,Zenith Petroleum,TRK-897,24700.0,1578842.5,1603539.7,2026-07-14 05:09:00,24697.199999999953,DS002694,24710.0,2026-07-14 07:14:00,Dispatched,1.0,24710.0,3836900.09,3836900.09,0.0,155.28,2026-07-14 13:14:00,7.0,3833439.9999999995,0.0,0.0,0.0,0.0,0.0,0.0,0.0,0.0,3836900.09,False,False,False,none
LD002732,Kisumu,AGO,Summit Downstream Ltd,TRK-641,31500.0,4773193.6,4804696.8,2026-07-14 19:21:00,31503.200000000186,DS002695,31521.0,2026-07-14 21:09:00,Dispatched,1.0,31521.0,4837087.98,4837087.98,0.0,153.46,2026-07-17 01:09:00,30.0,4888800.0,2.0,0.0,0.0,0.0,0.0,0.0,0.0,0.0,4837087.98,False,False,False,none
LD002733,Kisumu,PMS,Delta Oil Marketers,TRK-668,28400.0,3160116.8,3188506.9,2026-07-14 15:40:00,28390.100000000093,DS002696,28525.0,2026-07-14 18:10:00,Dispatched,1.0,28525.0,4729485.99,4729485.99,0.0,165.8,2026-07-14 20:10:00,14.0,4700200.0,0.0,0.0,0.0,0.0,0.0,0.0,0.0,0.0,4729485.99,False,False,False,none
LD002734,Kisumu,IK,Aberdare Oil Traders,TRK-665,27600.0,3411230.1,3438827.9,2026-07-14 11:04:00,27597.799999999814,DS002697,27825.0,2026-07-14 11:54:00,Dispatched,1.0,27825.0,3855667.03,3855667.03,0.0,138.57,2026-07-15 11:54:00,1.0,3864000.0,1.0,0.0,0.0,0.0,0.0,0.0,0.0,0.0,3855667.03,False,False,False,none
LD002735,Kisumu,PMS,Summit Downstream Ltd,TRK-174,35800.0,4751058.2,4786868.6,2026-07-14 15:25:00,35810.39999999944,DS002698,35633.0,2026-07-14 17:44:00,Dispatched,1.0,35633.0,6003564.07,6003564.07,0.0,168.48,2026-07-16 18:44:00,3.0,5924900.0,2.0,0.0,0.0,0.0,0.0,0.0,0.0,0.0,6003564.07,False,False,False,none
LD002736,Eldoret,PMS,Tsavo Energy Group,TRK-517,34300.0,3876712.1,3911010.0,2026-07-14 11:18:00,34297.89999999991,DS002699,34446.0,2026-07-14 12:16:00,Dispatched,1.0,34446.0,5703327.99,5703327.99,0.0,165.57,2026-07-14 16:16:00,3.0,5676650.0,0.0,0.0,0.0,0.0,0.0,0.0,0.0,0.0,5703327.99,False,False,False,none
LD002737,Eldoret,PMS,Coastline Energy Ltd,TRK-287,29400.0,3757046.5,3786456.1,2026-07-14 12:12:00,29409.600000000093,DS002700,29397.0,2026-07-14 13:43:00,Dispatched,1.0,29397.0,4808117.34,4808117.34,0.0,163.55809572405346,2026-07-14 16:43:00,7.0,4865700.0,0.0,0.0,0.0,0.0,0.0,0.0,0.0,0.0,4808117.34,False,False,False,none
LD002738,Eldoret,PMS,Coastline Energy Ltd,TRK-561,30900.0,2009115.8,2040017.6,2026-07-14 08:01:00,30901.800000000047,DS002701,30825.0,2026-07-14 10:53:00,Dispatched,1.0,30825.0,5081948.95,5081948.95,0.0,164.86,2026-07-14 10:53:00,14.0,5113950.0,0.0,0.0,0.0,0.0,0.0,0.0,0.0,0.0,5081948.95,False,False,False,none
LD002739,Eldoret,AGO,Highland Energy Co,TRK-133,29400.0,4183652.6,4213059.9,2026-07-14 17:50:00,29407.30000000028,DS002702,29433.0,2026-07-14 20:35:00,Dispatched,1.0,29433.0,4582094.88,4582094.88,0.0,155.68,2026-07-17 03:35:00,3.0,4562880.0,2.0,0.0,0.0,0.0,0.0,0.0,0.0,0.0,4582094.88,False,False,False,none
LD002740,Eldoret,AGO,Aberdare Oil Traders,TRK-696,25800.0,4755040.5,4780839.9,2026-07-14 09:36:00,25799.400000000373,DS002703,25699.0,2026-07-14 11:06:00,Dispatched,1.0,25699.0,3915114.33,1998207.11,1916907.22,152.35,2026-07-14 15:06:00,14.0,4004159.9999999995,0.0,0.0,0.0,0.0,0.0,0.0,0.0,1916907.22,1998207.11,False,False,True,collections_gap
LD002741,Eldoret,AGO,Delta Oil Marketers,TRK-392,28500.0,3383791.8,3412286.2,2026-07-14 07:41:00,28494.400000000373,DS002704,28394.0,2026-07-14 08:24:00,Dispatched,1.0,28394.0,4342021.89,4342021.89,0.0,152.92,2026-07-15 10:24:00,7.0,4423200.0,1.0,0.0,0.0,0.0,0.0,0.0,0.0,0.0,4342021.89,False,False,False,none
LD002742,Nakuru,PMS,Equator Fuels,TRK-159,21000.0,4336541.0,4357550.3,2026-07-14 06:19:00,21009.299999999814,DS002705,20891.0,2026-07-14 08:58:00,Dispatched,1.0,20891.0,3458870.07,3458870.07,0.0,165.57,2026-07-14 14:58:00,1.0,3475500.0,0.0,0.0,0.0,0.0,0.0,0.0,0.0,0.0,3458870.07,False,False,False,none
LD002743,Nakuru,AGO,Tsavo Energy Group,TRK-672,32600.0,1741415.9,1774021.5,2026-07-14 16:03:00,32605.600000000093,DS002706,32653.0,2026-07-14 19:03:00,Dispatched,1.0,32653.0,4982977.08,4982977.08,0.0,152.6,2026-07-17 20:03:00,7.0,5059520.0,3.0,0.0,0.0,0.0,0.0,0.0,0.0,0.0,4982977.08,False,False,False,none
LD002744,Nakuru,PMS,Kilele Fuels,TRK-847,30300.0,2241592.4,2271894.8,2026-07-14 15:11:00,30302.399999999907,DS002707,30330.0,2026-07-14 18:07:00,Dispatched,1.0,30330.0,4922050.01,4922050.01,0.0,162.28,2026-07-16 02:07:00,3.0,5014650.0,1.0,0.0,0.0,0.0,0.0,0.0,0.0,0.0,4922050.01,False,False,False,none
LD002745,Nakuru,PMS,Crescent Oil Ltd,TRK-109,30500.0,1841847.0,1872341.5,2026-07-14 21:09:00,30494.5,DS002708,30425.0,2026-07-14 22:00:00,Dispatched,1.0,30425.0,5045716.84,5045716.84,0.0,165.84,2026-07-16 00:00:00,30.0,5047750.0,1.0,0.0,0.0,0.0,0.0,0.0,0.0,0.0,5045716.84,False,False,False,none
LD002746,Nakuru,PMS,Horizon Oil Marketers,TRK-998,28900.0,1432906.6,1461802.7,2026-07-14 17:36:00,28896.09999999986,DS002709,29032.0,2026-07-14 18:08:00,Dispatched,1.0,29032.0,4810881.27,4810881.27,0.0,165.71,2026-07-16 21:08:00,21.0,4782950.0,2.0,0.0,0.0,0.0,0.0,0.0,0.0,0.0,4810881.27,False,False,False,none
LD002747,Nakuru,PMS,Uhuru Energy Partners,TRK-169,34900.0,2334049.4,2368949.3,2026-07-14 11:16:00,34899.89999999991,DS002710,34831.0,2026-07-14 13:38:00,Dispatched,1.0,34831.0,5705213.68,5705213.68,0.0,163.8,2026-07-14 20:38:00,3.0,5775950.0,0.0,0.0,0.0,0.0,0.0,0.0,0.0,0.0,5705213.68,False,False,False,none
LD002748,Nakuru,AGO,Kilele Fuels,TRK-935,24400.0,3139616.3,3164008.7,2026-07-14 18:50:00,24392.400000000373,DS002711,24494.0,2026-07-14 21:23:00,Dispatched,1.0,24494.0,3806731.96,3806731.96,0.0,155.41,2026-07-14 23:23:00,3.0,3786879.9999999995,0.0,0.0,0.0,0.0,0.0,0.0,0.0,0.0,3806731.96,False,False,False,none
LD002749,Nakuru,AGO,Delta Oil Marketers,TRK-455,25600.0,1528267.2,1553865.0,2026-07-14 09:49:00,25597.800000000047,DS002712,25609.0,2026-07-14 12:43:00,Dispatched,1.0,25609.0,3976860.89,3976860.89,0.0,155.29,2026-07-17 19:43:00,3.0,3973119.9999999995,3.0,0.0,0.0,0.0,0.0,0.0,0.0,0.0,3976860.89,False,False,False,none
LD002750,Nakuru,AGO,Aberdare Oil Traders,TRK-315,20500.0,4082570.1,4103061.9,2026-07-14 06:11:00,20491.799999999814,DS002713,20458.0,2026-07-14 07:58:00,Dispatched,1.0,20458.0,3149482.18,3149482.18,0.0,153.95,2026-07-16 13:58:00,7.0,3181599.9999999995,2.0,0.0,0.0,0.0,0.0,0.0,0.0,0.0,3149482.18,False,False,False,none
LD002751,Nakuru,IK,Nyanza Petroleum Co,TRK-669,29900.0,3405438.4,3435349.7,2026-07-14 10:58:00,29911.30000000028,DS002714,29890.0,2026-07-14 13:36:00,Dispatched,1.0,29890.0,4155241.38,4155241.38,0.0,139.02,2026-07-14 17:36:00,45.0,4186000.0,0.0,0.0,0.0,0.0,0.0,0.0,0.0,0.0,4155241.38,False,True,False,none
LD002752,Nakuru,PMS,Aberdare Oil Traders,TRK-911,35000.0,1034276.8,1069282.5,2026-07-14 05:13:00,35005.69999999995,DS002715,34868.0,2026-07-14 05:51:00,Dispatched,1.0,34868.0,5751492.8,5751492.8,0.0,164.95,2026-07-14 11:51:00,3.0,5792500.0,0.0,0.0,0.0,0.0,0.0,0.0,0.0,0.0,5751492.8,False,False,False,none
LD002753,Nakuru,PMS,Lakeview Energy,TRK-918,20800.0,1765973.6,1786771.6,2026-07-14 14:29:00,20798.0,DS002716,20814.0,2026-07-14 16:08:00,Dispatched,1.0,20814.0,3430245.74,3430245.74,0.0,164.8,2026-07-16 16:08:00,30.0,3442400.0,2.0,0.0,0.0,0.0,0.0,0.0,0.0,0.0,3430245.74,False,False,False,none
LD002754,Nakuru,PMS,Baraka Downstream,TRK-482,30800.0,2837933.2,2868731.1,2026-07-14 10:10:00,30797.899999999907,DS002717,30803.0,2026-07-14 12:15:00,Dispatched,1.0,30803.0,5150632.3,5150632.3,0.0,167.21,2026-07-15 14:15:00,7.0,5097400.0,1.0,0.0,0.0,0.0,0.0,0.0,0.0,0.0,5150632.3,False,False,False,none
LD002755,Nakuru,AGO,Aberdare Oil Traders,TRK-659,35900.0,1907543.7,1943443.1,2026-07-14 18:58:00,35899.40000000014,DS002718,35957.0,2026-07-14 20:33:00,Dispatched,1.0,35957.0,5646937.91,5646937.91,0.0,157.05,2026-07-14 22:33:00,30.0,5571680.0,0.0,0.0,0.0,0.0,0.0,0.0,0.0,0.0,5646937.91,False,False,False,none
LD002756,Kisii,AGO,Delta Oil Marketers,TRK-366,33500.0,2923921.0,2957427.3,2026-07-14 20:41:00,33506.299999999814,DS002719,33588.0,2026-07-14 23:08:00,Dispatched,1.0,33588.0,5162002.43,5162002.43,0.0,153.69,2026-07-15 01:08:00,21.0,5199200.0,0.0,0.0,0.0,0.0,0.0,0.0,0.0,0.0,5162002.43,False,False,False,none
LD002757,Kisii,AGO,Aberdare Oil Traders,TRK-468,23300.0,4313778.2,4337072.2,2026-07-14 10:59:00,23294.0,DS002720,23308.0,2026-07-14 13:11:00,Dispatched,1.0,23308.0,3573978.91,3573978.91,0.0,153.34,2026-07-14 19:11:00,21.0,3616159.9999999995,0.0,0.0,0.0,0.0,0.0,0.0,0.0,0.0,3573978.91,False,False,False,none
LD002758,Kisii,AGO,Delta Oil Marketers,TRK-447,28100.0,2652813.5,2680914.1,2026-07-14 19:09:00,28100.600000000093,DS002721,27976.0,2026-07-14 20:06:00,Dispatched,1.0,27976.0,4409175.87,4409175.87,0.0,157.61,2026-07-17 02:06:00,7.0,4361120.0,2.0,0.0,0.0,0.0,0.0,0.0,0.0,0.0,4409175.87,False,False,False,none
LD002759,Kisii,PMS,Savannah Petroleum,TRK-698,34000.0,1504221.7,1538221.9,2026-07-14 15:38:00,34000.19999999995,DS002722,34095.0,2026-07-14 18:12:00,Dispatched,1.0,34095.0,5549107.54,5549107.54,0.0,162.75,2026-07-14 19:12:00,30.0,5627000.0,0.0,0.0,0.0,0.0,0.0,0.0,0.0,0.0,5549107.54,False,False,False,none
LD002760,Kisii,PMS,Aberdare Oil Traders,TRK-842,26500.0,1647868.7,1674374.1,2026-07-14 22:18:00,26505.40000000014,DS002723,26501.0,2026-07-15 00:17:00,Dispatched,1.0,26501.0,4413607.69,4413607.69,0.0,166.54,2026-07-15 03:17:00,3.0,4385750.0,0.0,0.0,0.0,0.0,0.0,0.0,0.0,0.0,4413607.69,False,False,False,none
LD002761,Kisii,IK,Equator Fuels,TRK-887,31200.0,4707226.8,4738420.1,2026-07-14 20:15:00,31193.299999999814,DS002724,31023.0,2026-07-14 20:45:00,Dispatched,1.0,31023.0,4351763.38,4351763.38,0.0,140.28,2026-07-14 21:45:00,45.0,4368000.0,0.0,0.0,0.0,0.0,0.0,0.0,0.0,0.0,4351763.38,False,True,False,none
LD002762,Kisii,PMS,Savannah Petroleum,TRK-568,28900.0,4184743.8,4213640.6,2026-07-14 07:05:00,28896.799999999814,DS002725,28927.0,2026-07-14 09:21:00,Dispatched,1.0,28927.0,4769892.44,4769892.44,0.0,164.89,2026-07-16 11:21:00,14.0,4782950.0,2.0,0.0,0.0,0.0,0.0,0.0,0.0,0.0,4769892.44,False,False,False,none
LD002763,Kisii,PMS,Highland Energy Co,TRK-860,20100.0,3525509.7,3545601.4,2026-07-14 16:44:00,20091.69999999972,DS002726,20123.0,2026-07-14 17:53:00,Dispatched,1.0,20123.0,3303440.46,3303440.46,0.0,164.16,2026-07-24 20:53:00,7.0,3326550.0,10.0,0.0,0.0,0.0,0.0,0.0,0.0,0.0,3303440.46,True,False,False,none
LD002764,Kisii,AGO,Savannah Petroleum,TRK-596,27200.0,1987852.9,2015057.3,2026-07-14 07:29:00,27204.40000000014,DS002727,27171.0,2026-07-14 09:21:00,Dispatched,1.0,27171.0,4166846.97,4166846.97,0.0,153.36,2026-07-21 13:21:00,60.0,4221440.0,7.0,0.0,0.0,0.0,0.0,0.0,0.0,0.0,4166846.97,True,True,False,none
LD002765,Mombasa,AGO,Baraka Downstream,TRK-701,22000.0,1372121.5,1394125.9,2026-07-15 12:38:00,22004.399999999907,DS002728,21987.0,2026-07-15 14:31:00,Dispatched,1.0,21987.0,3446619.6,3446619.6,0.0,156.76,2026-07-15 22:31:00,30.0,3414399.9999999995,0.0,0.0,0.0,0.0,0.0,0.0,0.0,0.0,3446619.6,False,False,False,none
LD002766,Mombasa,PMS,Horizon Oil Marketers,TRK-276,24300.0,4597812.3,4622124.4,2026-07-15 15:47:00,24312.10000000056,DS002729,24257.0,2026-07-15 17:51:00,Dispatched,1.0,24257.0,4064501.49,4064501.49,0.0,167.56,2026-07-17 20:51:00,21.0,4021650.0,2.0,0.0,0.0,0.0,0.0,0.0,0.0,0.0,4064501.49,False,False,False,none
LD002767,Mombasa,IK,Aberdare Oil Traders,TRK-670,34800.0,2610445.8,2645244.5,2026-07-15 17:47:00,34798.700000000186,DS002730,34843.0,2026-07-15 18:58:00,Dispatched,1.0,34843.0,4962079.53,4962079.53,0.0,142.41,2026-07-16 02:58:00,3.0,4872000.0,0.0,0.0,0.0,0.0,0.0,0.0,0.0,0.0,4962079.53,False,False,False,none
LD002768,Mombasa,PMS,Coastline Energy Ltd,TRK-215,31800.0,2903768.9,2935573.2,2026-07-15 16:54:00,31804.30000000028,DS002731,31813.0,2026-07-15 18:36:00,Dispatched,1.0,31813.0,5166126.89,5166126.89,0.0,162.39,2026-07-15 19:36:00,60.0,5262900.0,0.0,0.0,0.0,0.0,0.0,0.0,0.0,0.0,5166126.89,False,True,False,none
LD002769,Mombasa,PMS,Aberdare Oil Traders,TRK-761,22000.0,4711736.8,4733745.2,2026-07-15 15:43:00,22008.400000000373,DS002732,21940.0,2026-07-15 17:12:00,Dispatched,1.0,21233.0,3538376.32,3538376.32,0.0,166.65,2026-07-15 22:12:00,21.0,3641000.0,0.0,0.0,0.0,0.0,0.0,707.0,117821.55,117821.55,3538376.32,False,False,True,underbilling
LD002770,Mombasa,IK,Highland Energy Co,TRK-307,25900.0,1075523.5,1101421.8,2026-07-15 05:44:00,25898.300000000047,DS002733,26026.0,2026-07-15 06:57:00,Dispatched,1.0,26026.0,3608115.04,3608115.04,0.0,138.64,2026-07-15 06:57:00,14.0,3626000.0,0.0,0.0,0.0,0.0,0.0,0.0,0.0,0.0,3608115.04,False,False,False,none
LD002771,Mombasa,PMS,Amani Petroleum,TRK-611,21600.0,2984877.9,3006472.5,2026-07-15 05:19:00,21594.600000000093,,,,,,,,,0.0,,,,3574800.0,,3574800.0,0.0,0.0,0.0,0.0,0.0,3574800.0,0.0,False,False,True,dispatch_capture_gap
LD002772,Mombasa,PMS,Tsavo Energy Group,TRK-483,31100.0,3794542.4,3825648.6,2026-07-15 05:51:00,31106.200000000186,DS002734,31038.0,2026-07-15 06:42:00,Dispatched,1.0,31038.0,5103401.02,5103401.02,0.0,164.42,2026-07-15 12:42:00,45.0,5147050.0,0.0,0.0,0.0,0.0,0.0,0.0,0.0,0.0,5103401.02,False,True,False,none
LD002773,Mombasa,PMS,Kilele Fuels,TRK-738,31300.0,2970087.4,3001387.3,2026-07-15 15:12:00,31299.899999999907,DS002735,31046.0,2026-07-15 17:20:00,Dispatched,1.0,31046.0,5176550.98,2014713.25,3161837.7300000004,166.74,2026-07-17 01:20:00,1.0,5180150.0,1.0,0.0,0.0,0.0,0.0,0.0,0.0,3161837.7300000004,2014713.25,False,False,True,collections_gap
LD002774,Mombasa,PMS,Crescent Oil Ltd,TRK-524,27200.0,1797523.3,1824727.6,2026-07-15 11:10:00,27204.300000000047,DS002736,27162.0,2026-07-15 12:46:00,Dispatched,2.0,54324.0,9151498.36,9151498.36,0.0,168.46,2026-07-16 13:46:00,14.0,4501600.0,1.0,0.0,0.0,0.0,0.0,0.0,0.0,0.0,9151498.36,False,False,False,none
LD002775,Mombasa,PMS,Mara Fuels,TRK-263,24900.0,1169338.0,1194231.4,2026-07-15 20:30:00,24893.399999999907,DS002737,24977.0,2026-07-15 22:03:00,Dispatched,1.0,24977.0,4106632.71,4106632.71,0.0,164.42,2026-07-15 23:03:00,14.0,4120950.0,0.0,0.0,0.0,0.0,0.0,0.0,0.0,0.0,4106632.71,False,False,False,none
LD002776,Nairobi,PMS,Summit Downstream Ltd,TRK-185,32100.0,2427749.2,2459852.7,2026-07-15 07:56:00,32103.5,DS002738,32080.0,2026-07-15 10:53:00,Dispatched,1.0,30701.0,5080091.1,5080091.1,0.0,165.47,2026-07-16 11:53:00,3.0,5312550.0,1.0,0.0,0.0,0.0,0.0,1379.0,228183.13,228183.13,5080091.1,False,False,True,underbilling
LD002777,Nairobi,PMS,Tsavo Energy Group,TRK-392,35800.0,2050289.5,2086093.6,2026-07-15 16:36:00,35804.10000000009,DS002739,35624.0,2026-07-15 17:40:00,Dispatched,1.0,35624.0,5921400.29,5921400.29,0.0,166.22,2026-07-18 22:40:00,1.0,5924900.0,3.0,0.0,0.0,0.0,0.0,0.0,0.0,0.0,5921400.29,False,False,False,none
LD002778,Nairobi,PMS,Savannah Petroleum,TRK-425,27000.0,2323180.0,2350176.3,2026-07-15 18:13:00,26996.299999999814,DS002740,26917.0,2026-07-15 18:43:00,Dispatched,1.0,26917.0,4385920.65,4385920.65,0.0,162.94,2026-07-15 20:43:00,7.0,4468500.0,0.0,0.0,0.0,0.0,0.0,0.0,0.0,0.0,4385920.65,False,False,False,none
LD002779,Nairobi,PMS,Baraka Downstream,TRK-276,22900.0,4061329.7,4084231.4,2026-07-15 12:29:00,22901.69999999972,DS002741,22826.0,2026-07-15 14:41:00,Dispatched,1.0,22826.0,3810310.27,3810310.27,0.0,166.93,2026-07-17 19:41:00,7.0,3789950.0,2.0,0.0,0.0,0.0,0.0,0.0,0.0,0.0,3810310.27,False,False,False,none
LD002780,Nairobi,PMS,Mara Fuels,TRK-738,35300.0,2272653.1,2307960.2,2026-07-15 17:04:00,35307.10000000009,DS002742,35239.0,2026-07-15 17:55:00,Dispatched,1.0,35239.0,5729155.75,5729155.75,0.0,162.58,2026-07-15 23:55:00,3.0,5842150.0,0.0,0.0,0.0,0.0,0.0,0.0,0.0,0.0,5729155.75,False,False,False,none
LD002781,Nairobi,PMS,Horizon Oil Marketers,TRK-651,23500.0,3709867.1,3733363.2,2026-07-15 11:46:00,23496.100000000093,DS002743,23482.0,2026-07-15 13:05:00,Dispatched,1.0,23482.0,3907371.72,3907371.72,0.0,166.4,2026-07-16 14:05:00,1.0,3889250.0,1.0,0.0,0.0,0.0,0.0,0.0,0.0,0.0,3907371.72,False,False,False,none
LD002782,Nairobi,PMS,Nyanza Petroleum Co,TRK-260,21200.0,4242065.9,4263269.5,2026-07-15 22:54:00,21203.599999999627,DS002744,21231.0,2026-07-15 23:27:00,Dispatched,1.0,21231.0,3510022.72,3510022.72,0.0,165.33,2026-07-16 02:27:00,7.0,3508600.0,0.0,0.0,0.0,0.0,0.0,0.0,0.0,0.0,3510022.72,False,False,False,none
LD002783,Nairobi,PMS,Tsavo Energy Group,TRK-481,35600.0,3578689.1,3614289.3,2026-07-15 09:06:00,35600.19999999972,DS002745,35614.0,2026-07-15 11:26:00,Dispatched,1.0,35614.0,5995803.64,5995803.64,0.0,168.36,2026-07-15 17:26:00,21.0,5891800.0,0.0,0.0,0.0,0.0,0.0,0.0,0.0,0.0,5995803.64,False,False,False,none
LD002784,Kisumu,AGO,Uhuru Energy Partners,TRK-648,31500.0,1352506.3,1384011.2,2026-07-15 22:09:00,31504.899999999907,DS002746,31517.0,2026-07-15 23:04:00,Dispatched,1.0,31517.0,4937077.62,4937077.62,0.0,156.65,2026-07-16 04:04:00,30.0,4888800.0,0.0,0.0,0.0,0.0,0.0,0.0,0.0,0.0,4937077.62,False,False,False,none
LD002785,Kisumu,PMS,Pioneer Fuels Kenya,TRK-434,33500.0,3929203.1,3962709.0,2026-07-15 05:06:00,33505.89999999991,DS002747,33679.0,2026-07-15 07:00:00,Dispatched,1.0,33679.0,5464965.68,5464965.68,0.0,162.27,2026-07-16 14:00:00,1.0,5544250.0,1.0,0.0,0.0,0.0,0.0,0.0,0.0,0.0,5464965.68,False,False,False,none
LD002786,Kisumu,PMS,Baraka Downstream,TRK-789,26500.0,1886004.2,1912506.2,2026-07-15 14:48:00,26502.0,DS002748,26568.0,2026-07-15 17:47:00,Dispatched,1.0,26568.0,4326559.1,4326559.1,0.0,162.85,2026-07-16 20:47:00,7.0,4385750.0,1.0,0.0,0.0,0.0,0.0,0.0,0.0,0.0,4326559.1,False,False,False,none
LD002787,Kisumu,AGO,Amani Petroleum,TRK-609,28200.0,3195367.0,3223578.8,2026-07-15 10:36:00,28211.799999999814,DS002749,28265.0,2026-07-15 11:46:00,Dispatched,1.0,26797.0,4077451.14,4077451.14,0.0,152.16,2026-07-16 16:46:00,3.0,4376640.0,1.0,0.0,0.0,0.0,0.0,1468.0,223370.88,223370.88,4077451.14,False,False,True,underbilling
LD002788,Kisumu,PMS,Mara Fuels,TRK-497,35200.0,4608982.5,4644189.5,2026-07-15 15:33:00,35207.0,DS002750,35009.0,2026-07-15 17:17:00,Cancelled,,,,,0.0,,,,5825600.0,,0.0,0.0,0.0,0.0,0.0,0.0,0.0,0.0,False,False,False,none
LD002789,Kisumu,PMS,Coastline Energy Ltd,TRK-221,34000.0,4205667.2,4239667.0,2026-07-15 17:47:00,33999.799999999814,DS002751,33923.0,2026-07-15 20:28:00,Dispatched,1.0,33923.0,5676288.43,5676288.43,0.0,167.33,2026-07-16 00:28:00,7.0,5627000.0,0.0,0.0,0.0,0.0,0.0,0.0,0.0,0.0,5676288.43,False,False,False,none
LD002790,Kisumu,AGO,Tsavo Energy Group,TRK-244,33500.0,3020662.8,3054154.1,2026-07-15 11:18:00,33491.30000000028,DS002752,33339.0,2026-07-15 14:16:00,Dispatched,1.0,33339.0,5174064.49,5174064.49,0.0,155.2,2026-07-15 18:16:00,45.0,5199200.0,0.0,0.0,0.0,0.0,0.0,0.0,0.0,0.0,5174064.49,False,True,False,none
LD002791,Kisumu,AGO,Equator Fuels,TRK-412,32000.0,1555839.6,1587843.9,2026-07-15 10:04:00,32004.299999999814,DS002753,29817.0,2026-07-15 11:13:00,Dispatched,1.0,29817.0,4705624.68,4705624.68,0.0,157.82,2026-07-15 18:13:00,7.0,4966400.0,0.0,0.0,2183.0,338801.6,0.0,0.0,0.0,338801.6,4705624.68,False,False,True,shrinkage
LD002792,Kisumu,PMS,Aberdare Oil Traders,TRK-914,22600.0,2405423.7,2428019.2,2026-07-15 10:39:00,22595.5,DS002754,22644.0,2026-07-15 11:16:00,Dispatched,1.0,22644.0,3776989.05,3776989.05,0.0,166.8,2026-07-16 18:16:00,7.0,3740300.0,1.0,0.0,0.0,0.0,0.0,0.0,0.0,0.0,3776989.05,False,False,False,none
LD002793,Kisumu,AGO,Pioneer Fuels Kenya,TRK-816,24200.0,2399446.8,2423642.3,2026-07-15 21:58:00,24195.5,DS002755,24165.0,2026-07-16 00:37:00,Dispatched,1.0,24165.0,3681450.9,3681450.9,0.0,152.35,2026-07-16 02:37:00,3.0,3755839.9999999995,0.0,0.0,0.0,0.0,0.0,0.0,0.0,0.0,3681450.9,False,False,False,none
LD002794,Eldoret,AGO,Uhuru Energy Partners,TRK-708,29600.0,2972072.8,3001679.9,2026-07-15 19:09:00,29607.100000000093,DS002756,29652.0,2026-07-15 21:47:00,Dispatched,1.0,29652.0,4566855.91,4566855.91,0.0,154.02,2026-07-15 22:47:00,60.0,4593920.0,0.0,0.0,0.0,0.0,0.0,0.0,0.0,0.0,4566855.91,False,True,False,none
LD002795,Eldoret,AGO,Tsavo Energy Group,TRK-303,32600.0,4790135.4,4822729.0,2026-07-15 21:06:00,32593.599999999627,DS002757,32379.0,2026-07-15 22:52:00,Dispatched,1.0,32379.0,5039116.64,5039116.64,0.0,155.63,2026-07-16 23:52:00,7.0,5059520.0,1.0,0.0,0.0,0.0,0.0,0.0,0.0,0.0,5039116.64,False,False,False,none
LD002796,Eldoret,PMS,Uhuru Energy Partners,TRK-804,29900.0,2995491.3,3025387.6,2026-07-15 18:27:00,29896.30000000028,DS002758,29915.0,2026-07-15 19:28:00,Dispatched,1.0,29915.0,4981453.51,4981453.51,0.0,166.52,2026-07-16 02:28:00,14.0,4948450.0,0.0,0.0,0.0,0.0,0.0,0.0,0.0,0.0,4981453.51,False,False,False,none
LD002797,Eldoret,AGO,Zenith Petroleum,TRK-865,35800.0,2849447.1,2885245.4,2026-07-15 06:00:00,35798.299999999814,DS002759,35842.0,2026-07-15 06:56:00,Dispatched,1.0,35842.0,5465551.74,5465551.74,0.0,152.49,2026-07-15 09:56:00,7.0,5556160.0,0.0,0.0,0.0,0.0,0.0,0.0,0.0,0.0,5465551.74,False,False,False,none
LD002798,Eldoret,PMS,UNKNOWN CUSTOMER,TRK-746,34500.0,2362667.3,2397169.1,2026-07-15 17:12:00,34501.80000000028,DS002760,34639.0,2026-07-15 20:09:00,Dispatched,1.0,34639.0,5747418.0,5747418.0,0.0,165.92,2026-07-18 22:09:00,3.0,5709750.0,3.0,0.0,0.0,0.0,0.0,0.0,0.0,0.0,5747418.0,False,False,False,none
LD002799,Eldoret,AGO,Amani Petroleum,TRK-663,26000.0,4625565.9,4651560.3,2026-07-15 13:15:00,25994.39999999944,DS002761,26072.0,2026-07-15 14:23:00,Dispatched,1.0,26072.0,4015175.6,4015175.6,0.0,154.0,2026-07-16 21:23:00,30.0,4035199.9999999995,1.0,0.0,0.0,0.0,0.0,0.0,0.0,0.0,4015175.6,False,False,False,none
LD002800,Eldoret,IK,Tsavo Energy Group,TRK-962,25900.0,3888389.8,3914290.3,2026-07-15 22:44:00,25900.5,DS002762,25887.0,2026-07-15 23:39:00,Dispatched,1.0,25887.0,3563636.98,3563636.98,0.0,137.66,2026-07-16 05:39:00,1.0,3626000.0,0.0,0.0,0.0,0.0,0.0,0.0,0.0,0.0,3563636.98,False,False,False,none
LD002801,Eldoret,AGO,Kilele Fuels,TRK-814,22800.0,3360924.8,3383719.6,2026-07-15 06:03:00,22794.80000000028,DS002763,22818.0,2026-07-15 08:04:00,Dispatched,1.0,22818.0,3554448.03,3554448.03,0.0,155.77,2026-07-18 10:04:00,14.0,3538559.9999999995,3.0,0.0,0.0,0.0,0.0,0.0,0.0,0.0,3554448.03,False,False,False,none
LD002802,Eldoret,AGO,Nyanza Petroleum Co,TRK-281,31100.0,4536829.4,4567935.9,2026-07-15 18:59:00,31106.5,DS002764,30965.0,2026-07-15 20:29:00,Dispatched,1.0,30965.0,4864307.94,4864307.94,0.0,157.09,2026-07-16 01:29:00,14.0,4826720.0,0.0,0.0,0.0,0.0,0.0,0.0,0.0,0.0,4864307.94,False,False,False,none
LD002803,Nakuru,AGO,Summit Downstream Ltd,TRK-308,32200.0,1233188.8,1265390.7,2026-07-15 21:39:00,32201.899999999907,DS002765,32359.0,2026-07-15 22:46:00,Dispatched,1.0,32359.0,5075371.6,5075371.6,0.0,156.85,2026-07-16 01:46:00,1.0,4997440.0,0.0,0.0,0.0,0.0,0.0,0.0,0.0,0.0,5075371.6,False,False,False,none
LD002804,Nakuru,PMS,Mara Fuels,TRK-746,33700.0,1449531.9,1483236.4,2026-07-15 07:32:00,33704.5,DS002766,33770.0,2026-07-15 09:42:00,Dispatched,1.0,33770.0,5483581.27,5483581.27,0.0,162.38,2026-07-15 12:42:00,3.0,5577350.0,0.0,0.0,0.0,0.0,0.0,0.0,0.0,0.0,5483581.27,False,False,False,none
LD002805,Nakuru,PMS,Nyanza Petroleum Co,TRK-412,25600.0,4505683.8,4531286.5,2026-07-15 19:06:00,25602.700000000186,DS002767,23704.0,2026-07-15 20:16:00,Dispatched,1.0,23704.0,3877648.89,3877648.89,0.0,163.59,2026-07-15 22:16:00,14.0,4236800.0,0.0,0.0,1896.0,313788.0,0.0,0.0,0.0,313788.0,3877648.89,False,False,True,shrinkage
LD002806,Nakuru,IK,Amani Petroleum,TRK-305,22600.0,4417383.9,4439986.2,2026-07-15 11:09:00,22602.299999999814,DS002768,22474.0,2026-07-15 12:43:00,Dispatched,1.0,22474.0,3172373.37,3172373.37,0.0,141.16,2026-07-17 12:43:00,3.0,3164000.0,2.0,0.0,0.0,0.0,0.0,0.0,0.0,0.0,3172373.37,False,False,False,none
LD002807,Nakuru,PMS,Amani Petroleum,TRK-329,31000.0,3080330.7,3111329.2,2026-07-15 22:54:00,30998.5,DS002769,31024.0,2026-07-16 01:18:00,Dispatched,1.0,31024.0,5213513.89,5213513.89,0.0,168.05,2026-07-17 02:18:00,3.0,5130500.0,1.0,0.0,0.0,0.0,0.0,0.0,0.0,0.0,5213513.89,False,False,False,none
LD002808,Nakuru,AGO,Delta Oil Marketers,TRK-882,23100.0,2139410.7,2162516.7,2026-07-15 07:33:00,23106.0,DS002770,23199.0,2026-07-15 08:53:00,Dispatched,1.0,23199.0,3658726.95,1216657.89,2442069.0600000005,157.71,2026-07-15 09:53:00,21.0,3585119.9999999995,0.0,0.0,0.0,0.0,0.0,0.0,0.0,2442069.0600000005,1216657.89,False,False,True,collections_gap
LD002809,Nakuru,PMS,Summit Downstream Ltd,TRK-144,28100.0,3125323.2,3153426.0,2026-07-15 20:31:00,28102.799999999814,DS002771,28084.0,2026-07-15 22:50:00,Dispatched,1.0,28084.0,4635679.83,4635679.83,0.0,165.06,2026-07-19 01:50:00,30.0,4650550.0,3.0,0.0,0.0,0.0,0.0,0.0,0.0,0.0,4635679.83,False,False,False,none
LD002810,Nakuru,AGO,Highland Energy Co,TRK-976,29300.0,4123141.9,4152444.9,2026-07-15 10:00:00,29303.0,DS002772,29266.0,2026-07-15 12:48:00,Dispatched,1.0,29266.0,4583245.36,4583245.36,0.0,156.61,2026-07-15 13:48:00,30.0,4547360.0,0.0,0.0,0.0,0.0,0.0,0.0,0.0,0.0,4583245.36,False,False,False,none
LD002811,Nakuru,PMS,Baraka Downstream,TRK-555,23100.0,1200258.1,1223362.2,2026-07-15 07:39:00,23104.09999999986,DS002773,23194.0,2026-07-15 08:43:00,Dispatched,1.0,23194.0,3883891.74,3883891.74,0.0,167.45,2026-07-15 09:43:00,7.0,3823050.0,0.0,0.0,0.0,0.0,0.0,0.0,0.0,0.0,3883891.74,False,False,False,none
LD002812,Nakuru,AGO,Horizon Oil Marketers,TRK-707,26600.0,4505255.9,4531850.6,2026-07-15 21:44:00,26594.699999999255,DS002774,26481.0,2026-07-15 23:28:00,Dispatched,1.0,26481.0,4116347.25,4116347.25,0.0,155.45,2026-07-16 07:28:00,7.0,4128319.9999999995,0.0,0.0,0.0,0.0,0.0,0.0,0.0,0.0,4116347.25,False,False,False,none
LD002813,Nakuru,AGO,Delta Oil Marketers,TRK-791,24800.0,1047485.4,1072288.8,2026-07-15 14:22:00,24803.400000000023,DS002775,24804.0,2026-07-15 15:01:00,Dispatched,1.0,24804.0,3788035.93,3788035.93,0.0,152.72,2026-07-16 17:01:00,3.0,3848959.9999999995,1.0,0.0,0.0,0.0,0.0,0.0,0.0,0.0,3788035.93,False,False,False,none
LD002814,Nakuru,AGO,Summit Downstream Ltd,TRK-882,26000.0,3139491.0,3165482.4,2026-07-15 17:23:00,25991.399999999907,DS002776,25942.0,2026-07-15 19:59:00,Dispatched,1.0,25942.0,3959324.1,3959324.1,0.0,152.62,2026-07-16 02:59:00,3.0,4035199.9999999995,0.0,0.0,0.0,0.0,0.0,0.0,0.0,0.0,3959324.1,False,False,False,none
LD002815,Nakuru,AGO,Mara Fuels,TRK-415,34000.0,4649940.2,4683938.8,2026-07-15 08:08:00,33998.59999999963,DS002777,34030.0,2026-07-15 09:13:00,Dispatched,1.0,34030.0,5353897.41,5353897.41,0.0,157.33,2026-07-16 14:13:00,30.0,5276800.0,1.0,0.0,0.0,0.0,0.0,0.0,0.0,0.0,5353897.41,False,False,False,none
LD002816,Nakuru,PMS,Aberdare Oil Traders,TRK-743,28800.0,4796449.8,4825241.3,2026-07-15 12:38:00,28791.5,DS002778,28849.0,2026-07-15 13:24:00,Dispatched,1.0,28849.0,4825092.94,4825092.94,0.0,167.25,2026-07-15 14:24:00,21.0,4766400.0,0.0,0.0,0.0,0.0,0.0,0.0,0.0,0.0,4825092.94,False,False,False,none
LD002817,Kisii,AGO,Baraka Downstream,TRK-722,31500.0,1376961.4,1408454.4,2026-07-15 14:56:00,31493.0,DS002779,31559.0,2026-07-15 17:30:00,Dispatched,1.0,31559.0,4931994.65,4931994.65,0.0,156.28,2026-07-15 22:30:00,21.0,4888800.0,0.0,0.0,0.0,0.0,0.0,0.0,0.0,0.0,4931994.65,False,False,False,none
LD002818,Kisii,PMS,Crescent Oil Ltd,TRK-704,32200.0,3158463.4,3190667.8,2026-07-15 20:09:00,32204.399999999907,DS002780,32299.0,2026-07-15 22:00:00,Dispatched,1.0,32299.0,5307836.91,5307836.91,0.0,164.33,2026-07-18 23:00:00,7.0,5329100.0,3.0,0.0,0.0,0.0,0.0,0.0,0.0,0.0,5307836.91,False,False,False,none
LD002819,Kisii,AGO,Rift Valley Fuels Ltd,TRK-666,22100.0,3106077.8,3128171.8,2026-07-15 17:31:00,22094.0,DS002781,22083.0,2026-07-15 18:44:00,Dispatched,1.0,22083.0,3428024.76,3428024.76,0.0,155.23,2026-07-18 18:44:00,30.0,3429919.9999999995,3.0,0.0,0.0,0.0,0.0,0.0,0.0,0.0,3428024.76,False,False,False,none
LD002820,Kisii,PMS,Highland Energy Co,TRK-732,33500.0,1044113.8,1077611.8,2026-07-15 20:16:00,33498.0,DS002782,33481.0,2026-07-15 21:35:00,Dispatched,1.0,33481.0,5628989.26,5628989.26,0.0,168.12,2026-07-16 03:35:00,45.0,5544250.0,0.0,0.0,0.0,0.0,0.0,0.0,0.0,0.0,5628989.26,False,True,False,none
LD002821,Kisii,PMS,Equator Fuels,TRK-921,25000.0,1050380.2,1075378.8,2026-07-15 07:32:00,24998.600000000093,DS002783,25039.0,2026-07-15 09:51:00,Dispatched,1.0,25039.0,4065719.76,4065719.76,0.0,162.38,2026-07-15 15:51:00,3.0,4137500.0,0.0,0.0,0.0,0.0,0.0,0.0,0.0,0.0,4065719.76,False,False,False,none
LD002822,Kisii,PMS,Coastline Energy Ltd,TRK-631,20900.0,3386522.1,3407419.3,2026-07-15 19:15:00,20897.19999999972,DS002784,20956.0,2026-07-15 20:44:00,Dispatched,1.0,20956.0,3509385.85,3509385.85,0.0,167.46,2026-07-16 22:44:00,3.0,3458950.0,1.0,0.0,0.0,0.0,0.0,0.0,0.0,0.0,3509385.85,False,False,False,none
LD002823,Kisii,PMS,Highland Energy Co,TRK-489,21400.0,3806854.5,3828257.7,2026-07-15 22:51:00,21403.200000000186,DS002785,21317.0,2026-07-16 00:55:00,Dispatched,1.0,21317.0,3468618.85,3468618.85,0.0,162.72,2026-07-18 06:55:00,7.0,3541700.0,2.0,0.0,0.0,0.0,0.0,0.0,0.0,0.0,3468618.85,False,False,False,none
LD002824,Kisii,PMS,Crescent Oil Ltd,TRK-755,30300.0,4080525.2,4110823.6,2026-07-15 15:00:00,30298.399999999907,DS002786,30329.0,2026-07-15 17:58:00,Dispatched,1.0,30329.0,5060220.19,2017153.02,3043067.1700000004,166.84,2026-07-22 22:58:00,30.0,5014650.0,7.0,0.0,0.0,0.0,0.0,0.0,0.0,3043067.1700000004,2017153.02,True,False,True,collections_gap
LD002825,Kisii,AGO,Horizon Oil Marketers,TRK-132,22300.0,4336501.7,4358794.1,2026-07-15 15:10:00,22292.39999999944,DS002787,22274.0,2026-07-15 16:59:00,Dispatched,1.0,22274.0,3433292.95,3433292.95,0.0,154.14,2026-07-22 23:59:00,3.0,3460959.9999999995,7.0,0.0,0.0,0.0,0.0,0.0,0.0,0.0,3433292.95,True,False,False,none
LD002826,Kisii,PMS,Summit Downstream Ltd,TRK-666,35700.0,1121357.0,1157064.1,2026-07-15 19:02:00,35707.10000000009,,,,,,,,,0.0,,,,5908350.0,,5908350.0,0.0,0.0,0.0,0.0,0.0,5908350.0,0.0,False,False,True,dispatch_capture_gap
