dispatch_id,loading_id,destination_customer,volume_dispatched_litres,dispatch_ts,status
DS000001,LD000001,Aberdare Oil Traders,32633,01/06/2026 08:36,Dispatched
DS000002,LD000002,Lakeview Energy,27107,2026-06-01 06:57,Cancelled
DS000003,LD000003,Nyanza Petroleum Co,27328,2026-06-01 23:06,Dispatched
DS000004,LD000004,Baraka Downstream,20888,2026-06-01 17:48,Dispatched
DS000005,LD000005,Zenith Petroleum,35142,2026-06-01 10:38,Dispatched
DS000006,LD000006,Highland Energy Co,26303,2026-06-01 19:29,Dispatched
DS000007,LD000008,Zenith Petroleum,26236,01/06/2026 21:38,Dispatched
DS000008,LD000009,Tsavo Energy Group,27555,01/06/2026 09:39,Dispatched
DS000009,LD000010,Mara Fuels,20185,2026-06-01 23:08,Dispatched
DS000010,LD000011,Aberdare Oil Traders,28980,01/06/2026 18:13,Dispatched
DS000011,LD000012,Kilele Fuels,29602,2026-06-01 20:51,Dispatched
DS000012,LD000013,Pioneer Fuels Kenya,34412,2026-06-01 21:42,Dispatched
DS000013,LD000014,Horizon Oil Marketers,28270,2026-06-01 08:17,Dispatched
DS000014,LD000015,Aberdare Oil Traders,23012,01/06/2026 21:12,Dispatched
DS000015,LD000016,Aberdare Oil Traders,34831,01/06/2026 23:29,Dispatched
DS000016,LD000017,Aberdare Oil Traders,23241,01/06/2026 21:53,Dispatched
DS000017,LD000018,Amani Petroleum,24320,2026-06-01 15:32,Dispatched
DS000018,LD000019,Rift Valley Fuels Ltd,25716,01/06/2026 23:56,Dispatched
DS000019,LD000020,Savannah Petroleum,32752,2026-06-01 16:33,Dispatched
DS000020,LD000021,Highland Energy Co,26662,01/06/2026 08:20,Dispatched
DS000021,LD000022,Amani Petroleum,32541,01/06/2026 10:53,Dispatched
DS000022,LD000023,Zenith Petroleum,34779,2026-06-01 19:25,Dispatched
DS000023,LD000024,Rift Valley Fuels Ltd,25976,2026-06-01 09:14,Dispatched
DS000024,LD000025,Lakeview Energy,29311,2026-06-01 08:04,Dispatched
DS000025,LD000026,Delta Oil Marketers,26141,2026-06-01 15:41,Dispatched
DS000026,LD000028,Savannah Petroleum,20561,2026-06-01 19:31,Dispatched
DS000027,LD000029,Horizon Oil Marketers,21929,2026-06-01 18:21,Dispatched
DS000028,LD000030,Kilele Fuels,27455,01/06/2026 12:45,Dispatched
DS000029,LD000031,Rift Valley Fuels Ltd,30894,02/06/2026 01:42,Dispatched
DS000030,LD000032,Summit Downstream Ltd,23261,01/06/2026 22:05,Dispatched
DS000031,LD000033,Kilele Fuels,24527,2026-06-01 15:57,Dispatched
DS000032,LD000034,Savannah Petroleum,32805,2026-06-01 16:51,Dispatched
DS000033,LD000035,Amani Petroleum,34401,2026-06-01 21:16,Dispatched
DS000034,LD000036,Nyanza Petroleum Co,23565,01/06/2026 08:36,Dispatched
DS000035,LD000037,Pioneer Fuels Kenya,33190,2026-06-01 20:45,Dispatched
DS000036,LD000038,Aberdare Oil Traders,26651,01/06/2026 18:00,Dispatched
DS000037,LD000039,Kilele Fuels,21924,01/06/2026 09:28,Dispatched
DS000038,LD000040,Baraka Downstream,28257,2026-06-01 23:00,Dispatched
DS000039,LD000041,Highland Energy Co,25729,2026-06-01 22:28,Dispatched
DS000040,LD000042,Horizon Oil Marketers,24728,2026-06-01 23:44,Dispatched
DS000041,LD000043,Aberdare Oil Traders,29900,2026-06-01 23:40,Dispatched
DS000042,LD000044,Delta Oil Marketers,22251,2026-06-01 14:11,Dispatched
DS000043,LD000045,Rift Valley Fuels Ltd,23887,01/06/2026 15:54,Dispatched
DS000044,LD000046,Uhuru Energy Partners,30157,01/06/2026 20:55,Dispatched
DS000045,LD000047,Highland Energy Co,30200,01/06/2026 17:23,Dispatched
DS000046,LD000048,Zenith Petroleum,33522,01/06/2026 08:21,Dispatched
DS000047,LD000049,Uhuru Energy Partners,22970,2026-06-02 01:37,Dispatched
DS000048,LD000050,Uhuru Energy Partners,20317,01/06/2026 13:28,Dispatched
DS000049,LD000051,Tsavo Energy Group,23610,2026-06-01 14:49,Dispatched
DS000050,LD000052,Kilele Fuels,25978,01/06/2026 14:23,Dispatched
DS000051,LD000053,Mara Fuels,22107,01/06/2026 13:36,Dispatched
DS000052,LD000054,Highland Energy Co,30686,2026-06-01 20:03,Dispatched
DS000053,LD000055,Horizon Oil Marketers,28828,2026-06-01 15:59,Dispatched
DS000054,LD000056,Summit Downstream Ltd,34455,2026-06-01 23:53,Dispatched
DS000055,LD000057,Highland Energy Co,25420,01/06/2026 08:19,Dispatched
DS000056,LD000058,Mara Fuels,34325,01/06/2026 08:33,Dispatched
DS000057,LD000059,Summit Downstream Ltd,30176,01/06/2026 19:33,Dispatched
DS000058,LD000060,Tsavo Energy Group,20124,01/06/2026 20:10,Dispatched
DS000059,LD000061,Pioneer Fuels Kenya,28794,01/06/2026 14:02,Dispatched
DS000060,LD000062,Delta Oil Marketers,31326,2026-06-01 12:34,Dispatched
DS000061,LD000063,Crescent Oil Ltd,25140,2026-06-01 15:20,Dispatched
DS000062,LD000064,Rift Valley Fuels Ltd,30521,01/06/2026 12:55,Dispatched
DS000063,LD000065,Summit Downstream Ltd,21541,01/06/2026 14:13,Dispatched
DS000064,LD000066,Uhuru Energy Partners,35707,02/06/2026 10:26,Dispatched
DS000065,LD000067,Baraka Downstream,34510,2026-06-02 09:51,Dispatched
DS000066,LD000068,Highland Energy Co,30654,2026-06-02 23:37,Dispatched
DS000067,LD000069,Aberdare Oil Traders,23669,02/06/2026 13:30,Dispatched
DS000068,LD000070,Coastline Energy Ltd,20651,02/06/2026 08:44,Dispatched
DS000069,LD000071,Baraka Downstream,27457,2026-06-02 13:14,Dispatched
DS000070,LD000072,Savannah Petroleum,35263,2026-06-02 20:01,Dispatched
DS000071,LD000073,Rift Valley Fuels Ltd,28861,02/06/2026 19:53,Dispatched
DS000072,LD000074,Crescent Oil Ltd,24207,2026-06-03 01:09,Dispatched
DS000073,LD000075,Mara Fuels,25930,02/06/2026 07:29,Dispatched
DS000074,LD000076,Highland Energy Co,24049,02/06/2026 12:26,Dispatched
DS000075,LD000077,Kilele Fuels,31894,2026-06-02 10:28,Dispatched
DS000076,LD000078,Summit Downstream Ltd,24575,2026-06-02 17:32,Dispatched
DS000077,LD000079,Highland Energy Co,32913,2026-06-02 23:00,Dispatched
DS000078,LD000080,Rift Valley Fuels Ltd,27884,02/06/2026 09:19,Dispatched
DS000079,LD000081,Horizon Oil Marketers,30437,2026-06-02 22:14,Dispatched
DS000080,LD000082,Crescent Oil Ltd,25398,2026-06-02 12:31,Dispatched
DS000081,LD000083,Rift Valley Fuels Ltd,21470,2026-06-02 10:30,Dispatched
DS000082,LD000084,Pioneer Fuels Kenya,28608,02/06/2026 12:26,Dispatched
DS000083,LD000085,Crescent Oil Ltd,29460,2026-06-02 17:06,Dispatched
DS000084,LD000086,Amani Petroleum,28352,2026-06-02 18:44,Dispatched
DS000085,LD000087,Kilele Fuels,23615,2026-06-02 18:11,Dispatched
DS000086,LD000088,Delta Oil Marketers,30290,03/06/2026 01:38,Dispatched
DS000087,LD000089,Kilele Fuels,35526,02/06/2026 09:01,Dispatched
DS000088,LD000090,Delta Oil Marketers,24312,2026-06-02 17:17,Dispatched
DS000089,LD000091,Rift Valley Fuels Ltd,21360,02/06/2026 14:34,Dispatched
DS000090,LD000092,Nyanza Petroleum Co,34528,2026-06-02 21:15,Dispatched
DS000091,LD000093,Coastline Energy Ltd,23699,02/06/2026 06:21,Dispatched
DS000092,LD000094,Highland Energy Co,30336,2026-06-02 18:36,Dispatched
DS000093,LD000095,Coastline Energy Ltd,31821,02/06/2026 22:00,Dispatched
DS000094,LD000096,Tsavo Energy Group,21887,03/06/2026 01:03,Dispatched
DS000095,LD000097,Coastline Energy Ltd,21519,02/06/2026 23:30,Dispatched
DS000096,LD000098,Rift Valley Fuels Ltd,25456,2026-06-02 11:56,Dispatched
DS000097,LD000099,Baraka Downstream,30284,2026-06-03 01:11,Dispatched
DS000098,LD000101,Lakeview Energy,29803,2026-06-02 22:24,Dispatched
DS000099,LD000102,Nyanza Petroleum Co,30676,2026-06-02 15:41,Dispatched
DS000100,LD000103,Kilele Fuels,22156,2026-06-02 18:52,Dispatched
DS000101,LD000104,Horizon Oil Marketers,33248,2026-06-02 08:51,Dispatched
DS000102,LD000105,Nyanza Petroleum Co,23303,02/06/2026 08:24,Dispatched
DS000103,LD000106,Savannah Petroleum,20506,02/06/2026 22:58,Dispatched
DS000104,LD000107,Aberdare Oil Traders,21131,02/06/2026 14:58,Dispatched
DS000105,LD000108,Baraka Downstream,21983,03/06/2026 00:40,Dispatched
DS000106,LD000109,Pioneer Fuels Kenya,30188,2026-06-02 15:58,Dispatched
DS000107,LD000110,Amani Petroleum,24498,2026-06-02 19:25,Dispatched
DS000108,LD000111,Aberdare Oil Traders,31977,2026-06-02 17:01,Dispatched
DS000109,LD000112,Savannah Petroleum,25997,02/06/2026 14:58,Dispatched
DS000110,LD000113,Uhuru Energy Partners,25594,02/06/2026 12:03,Dispatched
DS000111,LD000114,Horizon Oil Marketers,32073,2026-06-02 17:45,Dispatched
DS000112,LD000115,Highland Energy Co,21575,02/06/2026 18:25,Dispatched
DS000113,LD000116,Amani Petroleum,25069,2026-06-02 20:12,Dispatched
DS000114,LD000117,Zenith Petroleum,26162,2026-06-02 13:32,Dispatched
DS000115,LD000118,Highland Energy Co,35088,2026-06-02 12:04,Dispatched
DS000116,LD000119,Tsavo Energy Group,21587,02/06/2026 13:23,Dispatched
DS000117,LD000120,Horizon Oil Marketers,35017,2026-06-02 10:07,Dispatched
DS000118,LD000121,Delta Oil Marketers,21832,02/06/2026 16:02,Dispatched
DS000119,LD000122,Baraka Downstream,35430,2026-06-02 23:12,Dispatched
DS000120,LD000123,Rift Valley Fuels Ltd,33352,02/06/2026 22:06,Dispatched
DS000121,LD000124,Delta Oil Marketers,23592,02/06/2026 20:40,Dispatched
DS000122,LD000125,Equator Fuels,34356,02/06/2026 18:47,Dispatched
DS000123,LD000126,Mara Fuels,29277,02/06/2026 20:59,Dispatched
DS000124,LD000127,Savannah Petroleum,33983,2026-06-02 12:07,Dispatched
DS000125,LD000128,Amani Petroleum,25601,2026-06-02 20:43,Dispatched
DS000126,LD000129,Delta Oil Marketers,32325,2026-06-02 09:59,Dispatched
DS000127,LD000130,Highland Energy Co,21901,02/06/2026 17:42,Dispatched
DS000128,LD000131,Lakeview Energy,18928,02/06/2026 09:10,Dispatched
DS000129,LD000132,Horizon Oil Marketers,31875,2026-06-02 19:19,Dispatched
DS000130,LD000133,Zenith Petroleum,35242,02/06/2026 08:13,Dispatched
DS000131,LD000134,Tsavo Energy Group,23579,2026-06-02 10:57,Dispatched
DS000132,LD000136,Coastline Energy Ltd,21260,2026-06-02 21:47,Dispatched
DS000133,LD000137,Uhuru Energy Partners,21265,03/06/2026 17:34,Dispatched
DS000134,LD000138,Nyanza Petroleum Co,36059,2026-06-03 22:34,Dispatched
DS000135,LD000139,Rift Valley Fuels Ltd,26108,03/06/2026 18:30,Dispatched
DS000136,LD000140,Nyanza Petroleum Co,21696,03/06/2026 17:29,Dispatched
DS000137,LD000141,Horizon Oil Marketers,22594,03/06/2026 10:57,Dispatched
DS000138,LD000142,Zenith Petroleum,24378,03/06/2026 08:18,Dispatched
DS000139,LD000143,Baraka Downstream,24167,2026-06-03 11:24,Dispatched
DS000140,LD000144,Delta Oil Marketers,24302,03/06/2026 14:29,Dispatched
DS000141,LD000145,Nyanza Petroleum Co,21198,03/06/2026 08:16,Dispatched
DS000142,LD000146,Aberdare Oil Traders,26508,03/06/2026 18:03,Dispatched
DS000143,LD000147,Nyanza Petroleum Co,33817,03/06/2026 18:03,Dispatched
DS000144,LD000148,Coastline Energy Ltd,33045,2026-06-03 21:04,Dispatched
DS000145,LD000149,Horizon Oil Marketers,22397,03/06/2026 16:19,Dispatched
DS000146,LD000150,Pioneer Fuels Kenya,33546,2026-06-04 00:32,Dispatched
DS000147,LD000151,Savannah Petroleum,27565,2026-06-03 20:17,Dispatched
DS000148,LD000152,Zenith Petroleum,33717,03/06/2026 16:56,Dispatched
DS000149,LD000153,Kilele Fuels,35944,03/06/2026 11:43,Dispatched
DS000150,LD000154,Pioneer Fuels Kenya,35085,03/06/2026 14:09,Dispatched
DS000151,LD000155,Baraka Downstream,24056,03/06/2026 13:18,Dispatched
DS000152,LD000156,Highland Energy Co,30678,2026-06-03 11:55,Dispatched
DS000153,LD000157,Nyanza Petroleum Co,25563,03/06/2026 19:38,Dispatched
DS000154,LD000158,Horizon Oil Marketers,32381,03/06/2026 21:20,Dispatched
DS000155,LD000159,Amani Petroleum,33674,03/06/2026 11:09,Dispatched
DS000156,LD000160,Delta Oil Marketers,29520,03/06/2026 05:48,Dispatched
DS000157,LD000161,Lakeview Energy,26722,03/06/2026 20:40,Dispatched
DS000158,LD000162,Mara Fuels,34346,2026-06-04 01:37,Dispatched
DS000159,LD000163,Horizon Oil Marketers,35656,2026-06-03 20:41,Dispatched
DS000160,LD000164,Mara Fuels,21531,2026-06-03 14:12,Dispatched
DS000161,LD000165,Aberdare Oil Traders,28875,2026-06-03 16:44,Dispatched
DS000162,LD000166,Uhuru Energy Partners,28443,2026-06-03 08:43,Dispatched
DS000163,LD000167,Mara Fuels,32675,03/06/2026 23:35,Dispatched
DS000164,LD000168,Crescent Oil Ltd,21154,2026-06-03 08:38,Dispatched
DS000165,LD000169,Horizon Oil Marketers,29843,2026-06-03 21:26,Dispatched
DS000166,LD000170,Uhuru Energy Partners,25514,2026-06-03 14:52,Cancelled
DS000167,LD000171,Tsavo Energy Group,27462,03/06/2026 13:31,Dispatched
DS000168,LD000172,Baraka Downstream,22940,03/06/2026 12:39,Dispatched
DS000169,LD000173,Amani Petroleum,26648,2026-06-03 06:03,Cancelled
DS000170,LD000174,Mara Fuels,23641,2026-06-03 15:46,Cancelled
DS000171,LD000175,Crescent Oil Ltd,25420,03/06/2026 10:18,Dispatched
DS000172,LD000176,Kilele Fuels,28602,03/06/2026 23:04,Dispatched
DS000173,LD000177,Pioneer Fuels Kenya,34206,03/06/2026 08:59,Dispatched
DS000174,LD000178,Equator Fuels,21481,03/06/2026 06:51,Dispatched
DS000175,LD000179,Delta Oil Marketers,30891,2026-06-03 09:36,Dispatched
DS000176,LD000180,Highland Energy Co,20021,2026-06-03 15:32,Dispatched
DS000177,LD000181,Rift Valley Fuels Ltd,21274,03/06/2026 07:21,Dispatched
DS000178,LD000182,Horizon Oil Marketers,34864,2026-06-03 19:12,Dispatched
DS000179,LD000183,Uhuru Energy Partners,32201,03/06/2026 18:57,Dispatched
DS000180,LD000184,Coastline Energy Ltd,22528,2026-06-03 20:51,Dispatched
DS000181,LD000185,Amani Petroleum,30981,2026-06-03 10:09,Dispatched
DS000182,LD000186,Horizon Oil Marketers,26384,03/06/2026 11:07,Dispatched
DS000183,LD000187,Delta Oil Marketers,31865,03/06/2026 09:03,Dispatched
DS000184,LD000188,Mara Fuels,21391,2026-06-03 17:34,Dispatched
DS000185,LD000189,Savannah Petroleum,34228,2026-06-03 14:31,Dispatched
DS000186,LD000190,Coastline Energy Ltd,28084,2026-06-03 09:11,Dispatched
DS000187,LD000191,Savannah Petroleum,28577,04/06/2026 00:16,Dispatched
DS000188,LD000192,Baraka Downstream,22079,2026-06-03 21:40,Dispatched
DS000189,LD000193,Tsavo Energy Group,25670,03/06/2026 10:10,Dispatched
DS000190,LD000194,Zenith Petroleum,35972,2026-06-03 12:52,Dispatched
DS000191,LD000195,Mara Fuels,23672,03/06/2026 08:00,Dispatched
DS000192,LD000196,Lakeview Energy,22692,2026-06-03 11:06,Dispatched
DS000193,LD000197,Crescent Oil Ltd,24462,03/06/2026 19:02,Dispatched
DS000194,LD000198,Baraka Downstream,35912,03/06/2026 17:07,Dispatched
DS000195,LD000199,Zenith Petroleum,26413,2026-06-03 20:15,Dispatched
DS000196,LD000200,Nyanza Petroleum Co,24032,2026-06-03 20:57,Dispatched
DS000197,LD000201,Highland Energy Co,30872,2026-06-03 10:46,Dispatched
DS000198,LD000202,Summit Downstream Ltd,24420,2026-06-03 12:05,Dispatched
DS000199,LD000203,Zenith Petroleum,35476,03/06/2026 07:28,Dispatched
DS000200,LD000204,Highland Energy Co,28723,03/06/2026 20:06,Dispatched
DS000201,LD000205,Coastline Energy Ltd,30561,03/06/2026 21:34,Dispatched
DS000202,LD000206,Crescent Oil Ltd,25130,03/06/2026 13:18,Dispatched
DS000203,LD000207,Horizon Oil Marketers,25992,2026-06-03 23:40,Dispatched
DS000204,LD000208,Kilele Fuels,23135,03/06/2026 12:39,Dispatched
DS000205,LD000209,Kilele Fuels,21248,2026-06-03 13:28,Dispatched
DS000206,LD000211,Mara Fuels,33497,2026-06-03 10:15,Dispatched
DS000207,LD000212,Baraka Downstream,35840,03/06/2026 22:43,Dispatched
DS000208,LD000213,Equator Fuels,26075,2026-06-03 08:02,Dispatched
DS000209,LD000214,Coastline Energy Ltd,23111,2026-06-04 15:17,Dispatched
DS000210,LD000215,Highland Energy Co,22677,04/06/2026 21:08,Dispatched
DS000211,LD000216,Zenith Petroleum,25645,04/06/2026 07:51,Dispatched
DS000212,LD000217,Amani Petroleum,26351,04/06/2026 18:27,Dispatched
DS000213,LD000218,Summit Downstream Ltd,27404,04/06/2026 08:19,Dispatched
DS000214,LD000219,Horizon Oil Marketers,32090,04/06/2026 17:25,Dispatched
DS000215,LD000220,Tsavo Energy Group,26081,05/06/2026 00:36,Dispatched
DS000216,LD000221,Kilele Fuels,34404,2026-06-04 11:37,Dispatched
DS000217,LD000222,Coastline Energy Ltd,22160,04/06/2026 17:38,Dispatched
DS000218,LD000223,Zenith Petroleum,29848,2026-06-04 13:24,Dispatched
DS000219,LD000224,Summit Downstream Ltd,32198,04/06/2026 18:47,Dispatched
DS000220,LD000225,Amani Petroleum,32507,04/06/2026 21:58,Dispatched
DS000221,LD000226,Coastline Energy Ltd,27900,2026-06-04 12:14,Dispatched
DS000222,LD000227,Kilele Fuels,21657,2026-06-04 19:05,Dispatched
DS000223,LD000228,Summit Downstream Ltd,29700,2026-06-04 06:54,Dispatched
DS000224,LD000229,Baraka Downstream,28696,04/06/2026 21:21,Dispatched
DS000225,LD000230,Baraka Downstream,20177,04/06/2026 09:16,Dispatched
DS000226,LD000231,Zenith Petroleum,28959,04/06/2026 11:50,Dispatched
DS000227,LD000232,Tsavo Energy Group,35196,2026-06-04 06:21,Dispatched
DS000228,LD000233,Crescent Oil Ltd,23731,04/06/2026 20:29,Dispatched
DS000229,LD000234,Tsavo Energy Group,34593,2026-06-04 09:09,Dispatched
DS000230,LD000235,Highland Energy Co,29695,04/06/2026 08:35,Dispatched
DS000231,LD000237,Highland Energy Co,22413,04/06/2026 08:00,Dispatched
DS000232,LD000238,Coastline Energy Ltd,31738,2026-06-04 07:48,Dispatched
DS000233,LD000239,Pioneer Fuels Kenya,34759,2026-06-04 21:16,Dispatched
DS000234,LD000240,Baraka Downstream,26425,04/06/2026 23:02,Dispatched
DS000235,LD000241,Amani Petroleum,25516,04/06/2026 11:58,Dispatched
DS000236,LD000242,Nyanza Petroleum Co,25508,04/06/2026 13:20,Dispatched
DS000237,LD000243,Baraka Downstream,31732,2026-06-04 23:13,Dispatched
DS000238,LD000244,Pioneer Fuels Kenya,22266,2026-06-04 12:37,Dispatched
DS000239,LD000245,Rift Valley Fuels Ltd,28055,04/06/2026 08:28,Dispatched
DS000240,LD000246,Rift Valley Fuels Ltd,29128,2026-06-04 20:33,Dispatched
DS000241,LD000247,Nyanza Petroleum Co,20137,2026-06-04 16:52,Dispatched
DS000242,LD000248,Kilele Fuels,21414,04/06/2026 06:45,Dispatched
DS000243,LD000249,Mara Fuels,27857,2026-06-04 16:25,Dispatched
DS000244,LD000250,Highland Energy Co,23378,04/06/2026 19:01,Dispatched
DS000245,LD000251,Horizon Oil Marketers,23267,2026-06-04 14:50,Dispatched
DS000246,LD000252,Mara Fuels,29076,04/06/2026 12:13,Dispatched
DS000247,LD000253,Kilele Fuels,27280,04/06/2026 23:07,Dispatched
DS000248,LD000254,Kilele Fuels,29103,2026-06-04 19:00,Dispatched
DS000249,LD000255,Crescent Oil Ltd,22905,2026-06-04 15:02,Dispatched
DS000250,LD000256,Horizon Oil Marketers,24430,2026-06-04 08:44,Dispatched
DS000251,LD000257,Summit Downstream Ltd,26390,2026-06-04 17:37,Dispatched
DS000252,LD000258,Amani Petroleum,30648,2026-06-04 09:35,Dispatched
DS000253,LD000259,Zenith Petroleum,23571,04/06/2026 09:04,Dispatched
DS000254,LD000260,Amani Petroleum,23001,2026-06-04 14:04,Dispatched
DS000255,LD000261,Delta Oil Marketers,21677,04/06/2026 18:14,Dispatched
DS000256,LD000262,Summit Downstream Ltd,33015,04/06/2026 16:10,Dispatched
DS000257,LD000263,Delta Oil Marketers,30744,2026-06-04 22:40,Dispatched
DS000258,LD000264,Pioneer Fuels Kenya,20260,2026-06-04 10:12,Dispatched
DS000259,LD000265,Pioneer Fuels Kenya,23393,04/06/2026 14:13,Dispatched
DS000260,LD000266,Nyanza Petroleum Co,26606,2026-06-04 18:19,Dispatched
DS000261,LD000267,Baraka Downstream,33159,04/06/2026 16:52,Dispatched
DS000262,LD000268,Baraka Downstream,29417,2026-06-04 08:11,Dispatched
DS000263,LD000269,Kilele Fuels,30039,2026-06-04 16:00,Dispatched
DS000264,LD000270,Delta Oil Marketers,24774,04/06/2026 14:34,Dispatched
DS000265,LD000271,Coastline Energy Ltd,32312,04/06/2026 17:39,Dispatched
DS000266,LD000272,Aberdare Oil Traders,34233,04/06/2026 18:07,Dispatched
DS000267,LD000273,Zenith Petroleum,26821,2026-06-04 20:42,Cancelled
DS000268,LD000274,Kilele Fuels,24103,2026-06-05 09:02,Dispatched
DS000269,LD000275,Highland Energy Co,33376,2026-06-06 01:16,Dispatched
DS000270,LD000276,Nyanza Petroleum Co,24389,2026-06-05 22:47,Dispatched
DS000271,LD000277,Highland Energy Co,34620,05/06/2026 09:49,Dispatched
DS000272,LD000278,Coastline Energy Ltd,28848,05/06/2026 12:52,Dispatched
DS000273,LD000279,Savannah Petroleum,33388,2026-06-05 14:31,Dispatched
DS000274,LD000280,Summit Downstream Ltd,30717,2026-06-05 09:21,Dispatched
DS000275,LD000281,Mara Fuels,34515,05/06/2026 10:43,Dispatched
DS000276,LD000282,Equator Fuels,20882,2026-06-05 21:35,Dispatched
DS000277,LD000283,Mara Fuels,31722,2026-06-05 12:23,Dispatched
DS000278,LD000284,Uhuru Energy Partners,26271,05/06/2026 20:20,Dispatched
DS000279,LD000285,Mara Fuels,25802,2026-06-05 12:03,Dispatched
DS000280,LD000286,Coastline Energy Ltd,27592,05/06/2026 14:06,Dispatched
DS000281,LD000287,Horizon Oil Marketers,34915,05/06/2026 14:48,Dispatched
DS000282,LD000288,Crescent Oil Ltd,27851,05/06/2026 15:11,Dispatched
DS000283,LD000289,Highland Energy Co,25327,2026-06-05 17:42,Dispatched
DS000284,LD000290,Kilele Fuels,31183,2026-06-05 09:43,Dispatched
DS000285,LD000291,Amani Petroleum,23779,2026-06-06 00:14,Dispatched
DS000286,LD000292,Horizon Oil Marketers,24407,05/06/2026 23:47,Dispatched
DS000287,LD000293,Savannah Petroleum,25793,2026-06-05 20:57,Dispatched
DS000288,LD000294,Coastline Energy Ltd,32056,05/06/2026 23:52,Dispatched
DS000289,LD000295,Uhuru Energy Partners,32092,05/06/2026 08:07,Dispatched
DS000290,LD000296,Delta Oil Marketers,34444,2026-06-05 10:30,Dispatched
DS000291,LD000297,Summit Downstream Ltd,31216,05/06/2026 21:05,Dispatched
DS000292,LD000298,Zenith Petroleum,29518,05/06/2026 23:37,Dispatched
DS000293,LD000299,Rift Valley Fuels Ltd,27985,2026-06-05 14:29,Dispatched
DS000294,LD000300,Kilele Fuels,31745,05/06/2026 15:12,Dispatched
DS000295,LD000301,Rift Valley Fuels Ltd,21896,2026-06-05 21:04,Dispatched
DS000296,LD000302,Savannah Petroleum,20899,05/06/2026 08:07,Dispatched
DS000297,LD000303,Amani Petroleum,28352,05/06/2026 08:36,Dispatched
DS000298,LD000304,Coastline Energy Ltd,29061,2026-06-05 16:04,Dispatched
DS000299,LD000305,Highland Energy Co,34241,05/06/2026 15:47,Dispatched
DS000300,LD000306,Summit Downstream Ltd,29183,2026-06-05 08:35,Dispatched
DS000301,LD000307,Tsavo Energy Group,32748,05/06/2026 15:39,Dispatched
DS000302,LD000308,Kilele Fuels,29866,05/06/2026 10:40,Dispatched
DS000303,LD000309,Nyanza Petroleum Co,20368,2026-06-05 10:24,Dispatched
DS000304,LD000310,Highland Energy Co,32613,05/06/2026 17:50,Dispatched
DS000305,LD000311,Lakeview Energy,25575,2026-06-05 08:33,Dispatched
DS000306,LD000312,Rift Valley Fuels Ltd,29841,2026-06-05 16:33,Dispatched
DS000307,LD000313,Nyanza Petroleum Co,35632,05/06/2026 22:13,Dispatched
DS000308,LD000314,Coastline Energy Ltd,31855,06/06/2026 01:15,Dispatched
DS000309,LD000315,Delta Oil Marketers,21702,2026-06-05 18:43,Dispatched
DS000310,LD000316,Equator Fuels,20688,2026-06-05 16:34,Dispatched
DS000311,LD000317,Highland Energy Co,35807,2026-06-05 06:06,Dispatched
DS000312,LD000318,Nyanza Petroleum Co,23483,2026-06-05 11:53,Dispatched
DS000313,LD000319,Delta Oil Marketers,32553,05/06/2026 17:31,Dispatched
DS000314,LD000320,Baraka Downstream,35134,05/06/2026 17:37,Dispatched
DS000315,LD000321,Savannah Petroleum,29841,2026-06-05 09:33,Dispatched
DS000316,LD000322,Equator Fuels,29700,2026-06-05 09:31,Dispatched
DS000317,LD000323,Highland Energy Co,23670,05/06/2026 06:53,Dispatched
DS000318,LD000324,Amani Petroleum,32584,2026-06-05 16:51,Dispatched
DS000319,LD000325,Baraka Downstream,20818,05/06/2026 10:00,Dispatched
DS000320,LD000326,Summit Downstream Ltd,22546,05/06/2026 14:42,Dispatched
DS000321,LD000327,Lakeview Energy,23630,05/06/2026 13:01,Dispatched
DS000322,LD000328,Highland Energy Co,29317,05/06/2026 19:44,Dispatched
DS000323,LD000329,Mara Fuels,33999,05/06/2026 21:07,Dispatched
DS000324,LD000330,Savannah Petroleum,28637,05/06/2026 21:39,Dispatched
DS000325,LD000331,Equator Fuels,26610,05/06/2026 15:31,Dispatched
DS000326,LD000332,Pioneer Fuels Kenya,28572,06/06/2026 16:27,Dispatched
DS000327,LD000333,Lakeview Energy,21737,2026-06-06 10:25,Dispatched
DS000328,LD000334,Crescent Oil Ltd,34579,2026-06-06 08:34,Dispatched
DS000329,LD000335,Kilele Fuels,30617,2026-06-06 15:36,Dispatched
DS000330,LD000336,Crescent Oil Ltd,28251,2026-06-06 19:53,Dispatched
DS000331,LD000337,Baraka Downstream,23985,2026-06-06 18:55,Dispatched
DS000332,LD000338,Zenith Petroleum,23769,2026-06-06 15:40,Dispatched
DS000333,LD000339,Highland Energy Co,21788,2026-06-06 21:29,Dispatched
DS000334,LD000340,Crescent Oil Ltd,35457,2026-06-06 09:05,Dispatched
DS000335,LD000341,Lakeview Energy,34198,06/06/2026 20:02,Dispatched
DS000336,LD000342,Aberdare Oil Traders,34560,2026-06-06 11:31,Dispatched
DS000337,LD000343,Coastline Energy Ltd,28946,2026-06-06 14:37,Dispatched
DS000338,LD000344,Crescent Oil Ltd,20571,06/06/2026 21:41,Dispatched
DS000339,LD000345,Crescent Oil Ltd,29149,2026-06-06 20:08,Dispatched
DS000340,LD000346,Mara Fuels,24515,2026-06-06 10:57,Dispatched
DS000341,LD000347,Coastline Energy Ltd,35395,2026-06-06 19:15,Dispatched
DS000342,LD000348,Summit Downstream Ltd,21671,06/06/2026 14:52,Dispatched
DS000343,LD000349,Kilele Fuels,30913,07/06/2026 00:34,Dispatched
DS000344,LD000350,Uhuru Energy Partners,21072,06/06/2026 08:25,Dispatched
DS000345,LD000351,Uhuru Energy Partners,25371,2026-06-06 12:39,Dispatched
DS000346,LD000352,Uhuru Energy Partners,31979,2026-06-06 23:48,Dispatched
DS000347,LD000353,Zenith Petroleum,20518,06/06/2026 14:47,Dispatched
DS000348,LD000354,Uhuru Energy Partners,30964,06/06/2026 17:30,Dispatched
DS000349,LD000355,Pioneer Fuels Kenya,24300,2026-06-06 22:31,Dispatched
DS000350,LD000356,Zenith Petroleum,22681,2026-06-06 23:27,Dispatched
DS000351,LD000357,Baraka Downstream,31034,06/06/2026 10:03,Dispatched
DS000352,LD000358,Horizon Oil Marketers,30559,2026-06-06 17:35,Dispatched
DS000353,LD000359,Horizon Oil Marketers,35266,06/06/2026 08:19,Dispatched
DS000354,LD000360,Tsavo Energy Group,26833,2026-06-06 13:56,Dispatched
DS000355,LD000361,Tsavo Energy Group,32148,06/06/2026 18:22,Dispatched
DS000356,LD000362,Pioneer Fuels Kenya,31530,06/06/2026 13:04,Dispatched
DS000357,LD000363,Horizon Oil Marketers,23013,2026-06-06 09:10,Dispatched
DS000358,LD000364,Aberdare Oil Traders,27490,06/06/2026 20:37,Dispatched
DS000359,LD000365,Horizon Oil Marketers,22549,2026-06-06 20:25,Dispatched
DS000360,LD000366,Crescent Oil Ltd,20352,06/06/2026 17:46,Dispatched
DS000361,LD000367,Tsavo Energy Group,24793,2026-06-06 17:04,Dispatched
DS000362,LD000368,Summit Downstream Ltd,24021,06/06/2026 12:36,Dispatched
DS000363,LD000369,Baraka Downstream,23636,06/06/2026 21:02,Dispatched
DS000364,LD000370,Baraka Downstream,29406,06/06/2026 07:11,Dispatched
DS000365,LD000371,Kilele Fuels,35776,2026-06-06 23:11,Dispatched
DS000366,LD000372,Savannah Petroleum,27622,06/06/2026 14:10,Dispatched
DS000367,LD000373,Amani Petroleum,24596,06/06/2026 21:49,Dispatched
DS000368,LD000374,Kilele Fuels,20549,2026-06-06 09:47,Dispatched
DS000369,LD000375,Aberdare Oil Traders,21714,06/06/2026 08:19,Dispatched
DS000370,LD000376,Nyanza Petroleum Co,31078,2026-06-06 09:59,Dispatched
DS000371,LD000377,Crescent Oil Ltd,20162,06/06/2026 20:56,Dispatched
DS000372,LD000378,Crescent Oil Ltd,25554,2026-06-07 00:03,Dispatched
DS000373,LD000379,Amani Petroleum,25760,2026-06-06 15:28,Dispatched
DS000374,LD000380,Savannah Petroleum,20741,06/06/2026 20:11,Dispatched
DS000375,LD000381,Baraka Downstream,35207,2026-06-06 12:10,Dispatched
DS000376,LD000382,Uhuru Energy Partners,29940,06/06/2026 15:56,Dispatched
DS000377,LD000383,Zenith Petroleum,24835,06/06/2026 15:58,Dispatched
DS000378,LD000384,Kilele Fuels,32465,2026-06-06 08:29,Dispatched
DS000379,LD000385,Uhuru Energy Partners,27755,2026-06-06 19:45,Dispatched
DS000380,LD000386,Pioneer Fuels Kenya,32650,2026-06-06 16:24,Dispatched
DS000381,LD000387,Horizon Oil Marketers,20545,2026-06-06 07:23,Dispatched
DS000382,LD000388,,30332,2026-06-06 12:56,Dispatched
DS000383,LD000389,Aberdare Oil Traders,29882,2026-06-06 14:41,Dispatched
DS000384,LD000390,Summit Downstream Ltd,33957,06/06/2026 11:09,Dispatched
DS000385,LD000391,,20771,06/06/2026 09:57,Dispatched
DS000386,LD000392,,28055,2026-06-06 22:27,Dispatched
DS000387,LD000393,Baraka Downstream,26493,06/06/2026 20:09,Dispatched
DS000388,LD000394,Mara Fuels,33398,2026-06-06 11:02,Dispatched
DS000389,LD000395,Baraka Downstream,35439,2026-06-06 10:34,Dispatched
DS000390,LD000396,Baraka Downstream,31749,2026-06-06 12:38,Dispatched
DS000391,LD000397,Horizon Oil Marketers,28000,06/06/2026 08:56,Dispatched
DS000392,LD000398,Baraka Downstream,20494,2026-06-06 19:13,Dispatched
DS000393,LD000399,Rift Valley Fuels Ltd,29766,06/06/2026 16:58,Dispatched
DS000394,LD000400,Summit Downstream Ltd,29479,07/06/2026 22:32,Dispatched
DS000395,LD000401,Crescent Oil Ltd,23429,2026-06-07 15:03,Dispatched
DS000396,LD000402,Highland Energy Co,21976,2026-06-07 19:46,Dispatched
DS000397,LD000403,Aberdare Oil Traders,34502,2026-06-07 07:41,Dispatched
DS000398,LD000404,Uhuru Energy Partners,27866,2026-06-07 23:46,Dispatched
DS000399,LD000405,Amani Petroleum,33770,2026-06-07 16:41,Dispatched
DS000400,LD000406,Uhuru Energy Partners,29558,2026-06-07 08:35,Dispatched
DS000401,LD000407,Kilele Fuels,26446,07/06/2026 19:45,Dispatched
DS000402,LD000408,Rift Valley Fuels Ltd,32496,2026-06-07 11:22,Dispatched
DS000403,LD000409,Horizon Oil Marketers,35612,2026-06-07 15:55,Dispatched
DS000404,LD000410,Pioneer Fuels Kenya,25454,2026-06-07 09:01,Dispatched
DS000405,LD000411,Tsavo Energy Group,26952,07/06/2026 11:28,Dispatched
DS000406,LD000412,Rift Valley Fuels Ltd,22577,07/06/2026 06:16,Dispatched
DS000407,LD000413,Savannah Petroleum,20592,07/06/2026 11:32,Cancelled
DS000408,LD000414,Mara Fuels,31348,07/06/2026 20:54,Dispatched
DS000409,LD000415,Nyanza Petroleum Co,33854,2026-06-07 08:21,Dispatched
DS000410,LD000416,Coastline Energy Ltd,35937,2026-06-07 15:27,Dispatched
DS000411,LD000417,Coastline Energy Ltd,23627,07/06/2026 16:55,Dispatched
DS000412,LD000418,Equator Fuels,22942,07/06/2026 22:34,Dispatched
DS000413,LD000419,Nyanza Petroleum Co,21631,2026-06-07 20:28,Dispatched
DS000414,LD000420,Summit Downstream Ltd,35378,07/06/2026 08:13,Dispatched
DS000415,LD000421,Delta Oil Marketers,35193,2026-06-07 14:01,Dispatched
DS000416,LD000422,Amani Petroleum,28273,2026-06-07 15:06,Dispatched
DS000417,LD000423,Summit Downstream Ltd,30769,07/06/2026 22:54,Dispatched
DS000418,LD000424,Coastline Energy Ltd,30811,07/06/2026 12:11,Dispatched
DS000419,LD000425,Lakeview Energy,21361,07/06/2026 14:26,Dispatched
DS000420,LD000426,Kilele Fuels,22830,07/06/2026 12:54,Dispatched
DS000421,LD000427,Coastline Energy Ltd,35671,07/06/2026 12:58,Dispatched
DS000422,LD000428,Crescent Oil Ltd,32435,07/06/2026 15:31,Dispatched
DS000423,LD000429,Summit Downstream Ltd,32813,07/06/2026 15:02,Dispatched
DS000424,LD000430,Summit Downstream Ltd,33107,2026-06-07 11:25,Dispatched
DS000425,LD000431,Baraka Downstream,29251,07/06/2026 09:55,Dispatched
DS000426,LD000432,Lakeview Energy,25145,2026-06-07 19:54,Dispatched
DS000427,LD000433,Kilele Fuels,35957,07/06/2026 14:38,Dispatched
DS000428,LD000434,Tsavo Energy Group,21726,2026-06-07 21:41,Dispatched
DS000429,LD000435,Uhuru Energy Partners,32261,2026-06-07 19:05,Dispatched
DS000430,LD000436,Crescent Oil Ltd,34153,2026-06-07 11:40,Dispatched
DS000431,LD000437,Savannah Petroleum,33844,2026-06-08 00:20,Dispatched
DS000432,LD000438,Highland Energy Co,25231,2026-06-07 23:02,Dispatched
DS000433,LD000439,Pioneer Fuels Kenya,26362,07/06/2026 21:07,Dispatched
DS000434,LD000440,Aberdare Oil Traders,23666,07/06/2026 12:50,Dispatched
DS000435,LD000441,Horizon Oil Marketers,23646,2026-06-07 14:20,Dispatched
DS000436,LD000442,Summit Downstream Ltd,29943,2026-06-07 13:47,Dispatched
DS000437,LD000443,Zenith Petroleum,25916,2026-06-07 18:49,Dispatched
DS000438,LD000444,Equator Fuels,20361,07/06/2026 12:31,Dispatched
DS000439,LD000445,Savannah Petroleum,26223,2026-06-07 07:14,Dispatched
DS000440,LD000446,Baraka Downstream,29570,2026-06-07 13:20,Dispatched
DS000441,LD000447,Horizon Oil Marketers,33021,07/06/2026 11:37,Dispatched
DS000442,LD000448,Horizon Oil Marketers,23828,2026-06-07 18:59,Dispatched
DS000443,LD000449,Delta Oil Marketers,20955,07/06/2026 19:42,Dispatched
DS000444,LD000450,Coastline Energy Ltd,27960,07/06/2026 10:58,Dispatched
DS000445,LD000451,Pioneer Fuels Kenya,24609,07/06/2026 20:01,Dispatched
DS000446,LD000452,Delta Oil Marketers,25039,2026-06-07 11:21,Dispatched
DS000447,LD000453,Lakeview Energy,31489,07/06/2026 16:49,Dispatched
DS000448,LD000454,Nyanza Petroleum Co,30760,2026-06-08 14:45,Dispatched
DS000449,LD000455,Kilele Fuels,28299,2026-06-08 09:11,Dispatched
DS000450,LD000456,Summit Downstream Ltd,24185,2026-06-08 18:40,Dispatched
DS000451,LD000457,Rift Valley Fuels Ltd,27713,2026-06-08 08:15,Dispatched
DS000452,LD000458,Lakeview Energy,30030,2026-06-08 18:44,Dispatched
DS000453,LD000459,Tsavo Energy Group,29598,08/06/2026 21:21,Cancelled
DS000454,LD000460,Uhuru Energy Partners,23446,2026-06-08 12:11,Dispatched
DS000455,LD000461,Summit Downstream Ltd,26636,2026-06-08 09:49,Dispatched
DS000456,LD000462,Lakeview Energy,23745,2026-06-08 08:15,Dispatched
DS000457,LD000463,Coastline Energy Ltd,24285,08/06/2026 13:22,Dispatched
DS000458,LD000464,Aberdare Oil Traders,21474,08/06/2026 22:16,Dispatched
DS000459,LD000465,Tsavo Energy Group,27290,2026-06-08 18:00,Dispatched
DS000460,LD000466,Savannah Petroleum,27671,2026-06-08 16:34,Dispatched
DS000461,LD000467,Pioneer Fuels Kenya,22928,09/06/2026 00:55,Dispatched
DS000462,LD000468,Nyanza Petroleum Co,30185,08/06/2026 22:54,Dispatched
DS000463,LD000469,Pioneer Fuels Kenya,30053,2026-06-08 23:04,Dispatched
DS000464,LD000470,Tsavo Energy Group,29586,2026-06-08 19:49,Dispatched
DS000465,LD000471,Uhuru Energy Partners,27164,2026-06-08 10:09,Dispatched
DS000466,LD000472,Summit Downstream Ltd,29790,08/06/2026 09:22,Dispatched
DS000467,LD000473,Crescent Oil Ltd,32375,2026-06-08 07:15,Dispatched
DS000468,LD000474,Pioneer Fuels Kenya,26601,08/06/2026 11:31,Dispatched
DS000469,LD000475,Zenith Petroleum,25507,08/06/2026 23:46,Dispatched
DS000470,LD000476,Tsavo Energy Group,30668,08/06/2026 21:08,Dispatched
DS000471,LD000477,Nyanza Petroleum Co,30334,2026-06-08 16:18,Dispatched
DS000472,LD000478,Aberdare Oil Traders,23555,08/06/2026 16:46,Cancelled
DS000473,LD000479,Coastline Energy Ltd,23033,2026-06-08 14:21,Dispatched
DS000474,LD000480,Kilele Fuels,35892,2026-06-08 09:18,Dispatched
DS000475,LD000481,Savannah Petroleum,25410,08/06/2026 18:37,Dispatched
DS000476,LD000482,Amani Petroleum,22741,08/06/2026 19:08,Dispatched
DS000477,LD000483,Savannah Petroleum,26811,08/06/2026 12:43,Dispatched
DS000478,LD000484,Kilele Fuels,26152,08/06/2026 15:04,Dispatched
DS000479,LD000485,Kilele Fuels,22329,2026-06-08 22:17,Dispatched
DS000480,LD000486,Lakeview Energy,33597,08/06/2026 16:42,Dispatched
DS000481,LD000487,Nyanza Petroleum Co,29879,2026-06-08 14:06,Dispatched
DS000482,LD000488,Rift Valley Fuels Ltd,33236,08/06/2026 21:40,Dispatched
DS000483,LD000489,Aberdare Oil Traders,31303,08/06/2026 06:02,Dispatched
DS000484,LD000490,Zenith Petroleum,25664,08/06/2026 19:08,Dispatched
DS000485,LD000491,,35007,08/06/2026 20:21,Dispatched
DS000486,LD000492,Lakeview Energy,25111,2026-06-08 09:32,Dispatched
DS000487,LD000493,Coastline Energy Ltd,22619,08/06/2026 16:36,Dispatched
DS000488,LD000494,Mara Fuels,26384,2026-06-08 18:51,Dispatched
DS000489,LD000495,Uhuru Energy Partners,26341,08/06/2026 16:49,Dispatched
DS000490,LD000496,Highland Energy Co,28505,2026-06-08 15:11,Dispatched
DS000491,LD000497,Highland Energy Co,22374,08/06/2026 13:14,Dispatched
DS000492,LD000498,Tsavo Energy Group,20456,08/06/2026 23:30,Dispatched
DS000493,LD000499,Coastline Energy Ltd,23495,2026-06-08 14:20,Dispatched
DS000494,LD000500,Horizon Oil Marketers,29111,2026-06-08 20:45,Dispatched
DS000495,LD000501,Horizon Oil Marketers,24994,08/06/2026 12:19,Dispatched
DS000496,LD000502,Equator Fuels,35175,2026-06-08 10:15,Dispatched
DS000497,LD000503,Lakeview Energy,30694,2026-06-08 12:37,Dispatched
DS000498,LD000504,Aberdare Oil Traders,23757,2026-06-08 08:22,Dispatched
DS000499,LD000505,Crescent Oil Ltd,27023,08/06/2026 10:05,Dispatched
DS000500,LD000506,Savannah Petroleum,29931,08/06/2026 19:48,Dispatched
DS000501,LD000507,Rift Valley Fuels Ltd,22445,2026-06-08 22:16,Dispatched
DS000502,LD000508,Baraka Downstream,20967,2026-06-08 17:35,Dispatched
DS000503,LD000509,Coastline Energy Ltd,20708,2026-06-08 08:53,Dispatched
DS000504,LD000510,Delta Oil Marketers,31064,2026-06-08 10:57,Dispatched
DS000505,LD000511,Baraka Downstream,28125,2026-06-08 15:41,Dispatched
DS000506,LD000512,Aberdare Oil Traders,24936,2026-06-08 08:28,Dispatched
DS000507,LD000513,Horizon Oil Marketers,28361,08/06/2026 07:06,Dispatched
DS000508,LD000514,Rift Valley Fuels Ltd,28406,09/06/2026 11:27,Dispatched
DS000509,LD000515,Horizon Oil Marketers,22858,09/06/2026 10:35,Dispatched
DS000510,LD000516,Equator Fuels,32541,09/06/2026 09:02,Dispatched
DS000511,LD000517,Tsavo Energy Group,30934,2026-06-09 19:18,Dispatched
DS000512,LD000518,Lakeview Energy,33455,09/06/2026 07:33,Dispatched
DS000513,LD000519,Horizon Oil Marketers,23258,2026-06-09 21:47,Dispatched
DS000514,LD000520,Kilele Fuels,24184,2026-06-09 16:15,Dispatched
DS000515,LD000521,Mara Fuels,27975,2026-06-09 17:58,Dispatched
DS000516,LD000522,Tsavo Energy Group,30432,2026-06-09 12:24,Dispatched
DS000517,LD000523,Horizon Oil Marketers,29849,09/06/2026 16:28,Dispatched
DS000518,LD000524,Uhuru Energy Partners,22083,09/06/2026 23:15,Dispatched
DS000519,LD000525,Tsavo Energy Group,30441,09/06/2026 07:30,Dispatched
DS000520,LD000526,Zenith Petroleum,27406,2026-06-09 19:16,Dispatched
DS000521,LD000527,Uhuru Energy Partners,30401,2026-06-09 11:26,Dispatched
DS000522,LD000528,Pioneer Fuels Kenya,21170,09/06/2026 22:27,Dispatched
DS000523,LD000529,Zenith Petroleum,22526,09/06/2026 14:01,Dispatched
DS000524,LD000530,Crescent Oil Ltd,20725,2026-06-10 00:57,Dispatched
DS000525,LD000531,Delta Oil Marketers,31478,2026-06-09 10:52,Dispatched
DS000526,LD000532,Summit Downstream Ltd,25672,2026-06-10 01:30,Dispatched
DS000527,LD000533,Delta Oil Marketers,30671,09/06/2026 21:30,Dispatched
DS000528,LD000534,Highland Energy Co,24180,09/06/2026 19:35,Dispatched
DS000529,LD000535,Kilele Fuels,21297,10/06/2026 00:48,Cancelled
DS000530,LD000536,Crescent Oil Ltd,29945,09/06/2026 17:07,Dispatched
DS000531,LD000537,Mara Fuels,23312,2026-06-09 13:49,Dispatched
DS000532,LD000538,Tsavo Energy Group,30327,2026-06-09 08:30,Dispatched
DS000533,LD000539,Horizon Oil Marketers,25141,09/06/2026 14:00,Dispatched
DS000534,LD000540,Mara Fuels,27710,2026-06-09 12:56,Dispatched
DS000535,LD000541,Pioneer Fuels Kenya,28187,09/06/2026 21:34,Dispatched
DS000536,LD000542,Uhuru Energy Partners,21527,2026-06-09 08:16,Dispatched
DS000537,LD000543,Baraka Downstream,28799,09/06/2026 13:32,Dispatched
DS000538,LD000544,Crescent Oil Ltd,34891,09/06/2026 19:22,Dispatched
DS000539,LD000545,Kilele Fuels,27939,09/06/2026 16:40,Dispatched
DS000540,LD000546,Mara Fuels,28622,09/06/2026 23:58,Dispatched
DS000541,LD000547,Zenith Petroleum,23425,2026-06-09 15:18,Dispatched
DS000542,LD000548,Horizon Oil Marketers,22917,09/06/2026 18:05,Dispatched
DS000543,LD000549,Uhuru Energy Partners,24970,2026-06-09 22:58,Dispatched
DS000544,LD000550,Savannah Petroleum,31575,09/06/2026 07:35,Dispatched
DS000545,LD000551,Savannah Petroleum,31229,2026-06-09 10:43,Dispatched
DS000546,LD000552,Crescent Oil Ltd,22309,09/06/2026 21:12,Dispatched
DS000547,LD000553,Nyanza Petroleum Co,26566,10/06/2026 01:17,Dispatched
DS000548,LD000554,Summit Downstream Ltd,21562,2026-06-09 07:59,Dispatched
DS000549,LD000555,Aberdare Oil Traders,21485,2026-06-09 08:26,Dispatched
DS000550,LD000556,Pioneer Fuels Kenya,22733,2026-06-09 18:38,Dispatched
DS000551,LD000557,Lakeview Energy,33046,09/06/2026 12:22,Dispatched
DS000552,LD000558,Highland Energy Co,23057,2026-06-09 19:01,Dispatched
DS000553,LD000559,Baraka Downstream,30700,09/06/2026 21:05,Dispatched
DS000554,LD000560,Pioneer Fuels Kenya,25566,2026-06-09 15:19,Dispatched
DS000555,LD000561,Lakeview Energy,28939,09/06/2026 12:50,Dispatched
DS000556,LD000562,Equator Fuels,35307,09/06/2026 13:59,Dispatched
DS000557,LD000563,Highland Energy Co,25181,2026-06-10 00:27,Cancelled
DS000558,LD000564,Crescent Oil Ltd,35987,09/06/2026 20:20,Dispatched
DS000559,LD000565,Aberdare Oil Traders,27104,09/06/2026 10:29,Dispatched
DS000560,LD000567,Highland Energy Co,22921,2026-06-09 10:52,Dispatched
DS000561,LD000568,Uhuru Energy Partners,26215,2026-06-09 12:35,Dispatched
DS000562,LD000569,Baraka Downstream,33911,2026-06-09 08:50,Dispatched
DS000563,LD000570,Aberdare Oil Traders,23738,2026-06-09 08:30,Cancelled
DS000564,LD000571,Summit Downstream Ltd,20789,2026-06-09 21:05,Dispatched
DS000565,LD000572,Pioneer Fuels Kenya,20392,2026-06-09 09:18,Dispatched
DS000566,LD000573,Coastline Energy Ltd,30107,09/06/2026 09:55,Dispatched
DS000567,LD000574,Tsavo Energy Group,35683,2026-06-09 08:25,Dispatched
DS000568,LD000575,Baraka Downstream,33433,10/06/2026 01:15,Dispatched
DS000569,LD000576,Highland Energy Co,31776,09/06/2026 08:21,Dispatched
DS000570,LD000577,Equator Fuels,25940,09/06/2026 09:55,Dispatched
DS000571,LD000578,Tsavo Energy Group,31790,09/06/2026 22:14,Dispatched
DS000572,LD000579,Highland Energy Co,22788,2026-06-09 08:48,Dispatched
DS000573,LD000580,Equator Fuels,35856,10/06/2026 14:06,Dispatched
DS000574,LD000581,Coastline Energy Ltd,31845,10/06/2026 14:51,Dispatched
DS000575,LD000582,Pioneer Fuels Kenya,35674,2026-06-10 16:55,Dispatched
DS000576,LD000583,Mara Fuels,31169,10/06/2026 12:04,Dispatched
DS000577,LD000584,Mara Fuels,34998,10/06/2026 11:57,Dispatched
DS000578,LD000585,Horizon Oil Marketers,20896,10/06/2026 22:52,Dispatched
DS000579,LD000586,Highland Energy Co,27500,2026-06-10 10:29,Dispatched
DS000580,LD000587,Rift Valley Fuels Ltd,26993,2026-06-10 23:53,Dispatched
DS000581,LD000588,Highland Energy Co,20718,2026-06-11 00:19,Dispatched
DS000582,LD000589,Pioneer Fuels Kenya,34244,2026-06-10 13:44,Dispatched
DS000583,LD000590,Zenith Petroleum,26254,10/06/2026 08:19,Dispatched
DS000584,LD000591,Tsavo Energy Group,35124,2026-06-10 11:33,Dispatched
DS000585,LD000592,Delta Oil Marketers,24219,2026-06-10 08:07,Dispatched
DS000586,LD000593,Zenith Petroleum,34399,2026-06-10 13:10,Dispatched
DS000587,LD000594,Amani Petroleum,27039,10/06/2026 16:57,Dispatched
DS000588,LD000595,Pioneer Fuels Kenya,20992,2026-06-10 19:14,Dispatched
DS000589,LD000596,Summit Downstream Ltd,25517,10/06/2026 15:17,Dispatched
DS000590,LD000597,Baraka Downstream,20328,2026-06-10 07:18,Dispatched
DS000591,LD000598,Zenith Petroleum,35046,2026-06-10 12:19,Dispatched
DS000592,LD000599,Horizon Oil Marketers,26744,10/06/2026 18:22,Dispatched
DS000593,LD000600,Nyanza Petroleum Co,23022,2026-06-10 18:32,Dispatched
DS000594,LD000601,Pioneer Fuels Kenya,27404,2026-06-10 09:29,Dispatched
DS000595,LD000602,Pioneer Fuels Kenya,21792,2026-06-10 19:10,Dispatched
DS000596,LD000603,Delta Oil Marketers,23514,10/06/2026 22:06,Dispatched
DS000597,LD000604,Amani Petroleum,28218,10/06/2026 11:57,Dispatched
DS000598,LD000605,Summit Downstream Ltd,26491,10/06/2026 08:18,Dispatched
DS000599,LD000606,Uhuru Energy Partners,29895,2026-06-10 22:23,Dispatched
DS000600,LD000607,Highland Energy Co,33340,10/06/2026 08:07,Dispatched
DS000601,LD000608,Rift Valley Fuels Ltd,23441,2026-06-11 00:09,Dispatched
DS000602,LD000609,Savannah Petroleum,33813,10/06/2026 18:05,Dispatched
DS000603,LD000610,Pioneer Fuels Kenya,32710,2026-06-10 18:03,Dispatched
DS000604,LD000611,Nyanza Petroleum Co,25676,10/06/2026 15:04,Cancelled
DS000605,LD000612,Rift Valley Fuels Ltd,34197,10/06/2026 07:13,Dispatched
DS000606,LD000613,Mara Fuels,31927,2026-06-10 13:08,Dispatched
DS000607,LD000614,Highland Energy Co,23954,10/06/2026 16:00,Dispatched
DS000608,LD000615,Equator Fuels,29089,10/06/2026 19:40,Dispatched
DS000609,LD000616,Delta Oil Marketers,21348,10/06/2026 23:37,Dispatched
DS000610,LD000617,Baraka Downstream,24534,2026-06-10 20:42,Dispatched
DS000611,LD000618,Equator Fuels,27176,10/06/2026 11:32,Cancelled
DS000612,LD000619,Lakeview Energy,21442,10/06/2026 07:23,Dispatched
DS000613,LD000620,Zenith Petroleum,21472,10/06/2026 14:22,Dispatched
DS000614,LD000621,Amani Petroleum,31976,2026-06-10 19:01,Dispatched
DS000615,LD000622,Equator Fuels,23078,2026-06-10 21:12,Dispatched
DS000616,LD000623,Nyanza Petroleum Co,27420,2026-06-10 23:56,Dispatched
DS000617,LD000624,Lakeview Energy,25955,10/06/2026 05:48,Dispatched
DS000618,LD000625,Equator Fuels,22715,10/06/2026 19:20,Dispatched
DS000619,LD000626,Highland Energy Co,25794,11/06/2026 00:04,Dispatched
DS000620,LD000627,Summit Downstream Ltd,33015,2026-06-10 13:50,Dispatched
DS000621,LD000628,Amani Petroleum,35674,2026-06-11 00:21,Dispatched
DS000622,LD000629,Kilele Fuels,22051,2026-06-10 16:04,Dispatched
DS000623,LD000630,Kilele Fuels,21546,10/06/2026 21:56,Dispatched
DS000624,LD000631,Nyanza Petroleum Co,33357,10/06/2026 09:37,Dispatched
DS000625,LD000632,Rift Valley Fuels Ltd,33148,10/06/2026 23:16,Dispatched
DS000626,LD000633,Highland Energy Co,31363,10/06/2026 16:27,Dispatched
DS000627,LD000634,Equator Fuels,27342,2026-06-10 15:59,Dispatched
DS000628,LD000635,Equator Fuels,27893,10/06/2026 13:53,Dispatched
DS000629,LD000636,Lakeview Energy,31482,2026-06-10 08:40,Dispatched
DS000630,LD000637,Delta Oil Marketers,21686,2026-06-11 00:18,Dispatched
DS000631,LD000638,Summit Downstream Ltd,27186,10/06/2026 22:43,Dispatched
DS000632,LD000639,Highland Energy Co,30560,2026-06-10 19:25,Dispatched
DS000633,LD000640,Amani Petroleum,27598,10/06/2026 09:40,Dispatched
DS000634,LD000641,Horizon Oil Marketers,28172,10/06/2026 18:11,Dispatched
DS000635,LD000642,Delta Oil Marketers,31002,10/06/2026 13:28,Dispatched
DS000636,LD000643,Zenith Petroleum,22713,2026-06-10 13:12,Dispatched
DS000637,LD000644,Nyanza Petroleum Co,24501,2026-06-10 12:04,Dispatched
DS000638,LD000645,Baraka Downstream,31003,2026-06-10 19:50,Dispatched
DS000639,LD000646,Delta Oil Marketers,32299,2026-06-11 13:10,Dispatched
DS000640,LD000647,Pioneer Fuels Kenya,32008,12/06/2026 01:43,Dispatched
DS000641,LD000648,Horizon Oil Marketers,20850,2026-06-11 15:38,Dispatched
DS000642,LD000649,Aberdare Oil Traders,30358,12/06/2026 00:34,Dispatched
DS000643,LD000650,Pioneer Fuels Kenya,23759,11/06/2026 14:33,Dispatched
DS000644,LD000651,Kilele Fuels,22167,11/06/2026 23:24,Dispatched
DS000645,LD000652,Tsavo Energy Group,20398,2026-06-11 12:04,Dispatched
DS000646,LD000653,Tsavo Energy Group,20289,2026-06-11 09:28,Dispatched
DS000647,LD000654,Kilele Fuels,33074,11/06/2026 20:06,Dispatched
DS000648,LD000655,Nyanza Petroleum Co,33534,11/06/2026 07:20,Dispatched
DS000649,LD000656,Lakeview Energy,29941,11/06/2026 09:57,Dispatched
DS000650,LD000657,Lakeview Energy,30139,11/06/2026 23:42,Dispatched
DS000651,LD000658,Nyanza Petroleum Co,21230,2026-06-11 19:20,Dispatched
DS000652,LD000659,Savannah Petroleum,20640,11/06/2026 12:21,Cancelled
DS000653,LD000660,Aberdare Oil Traders,21084,2026-06-12 00:55,Dispatched
DS000654,LD000661,Highland Energy Co,31705,11/06/2026 19:17,Dispatched
DS000655,LD000662,Zenith Petroleum,34117,11/06/2026 20:16,Dispatched
DS000656,LD000663,Coastline Energy Ltd,21379,11/06/2026 12:03,Dispatched
DS000657,LD000665,Equator Fuels,29521,11/06/2026 23:44,Dispatched
DS000658,LD000666,Summit Downstream Ltd,33988,2026-06-11 19:22,Dispatched
DS000659,LD000667,Highland Energy Co,28302,2026-06-11 15:43,Dispatched
DS000660,LD000668,Kilele Fuels,32361,2026-06-11 15:53,Dispatched
DS000661,LD000669,Savannah Petroleum,34326,11/06/2026 07:24,Dispatched
DS000662,LD000670,Kilele Fuels,29546,2026-06-11 12:33,Dispatched
DS000663,LD000671,Uhuru Energy Partners,23784,2026-06-11 13:02,Dispatched
DS000664,LD000672,Lakeview Energy,27703,11/06/2026 08:41,Dispatched
DS000665,LD000673,Delta Oil Marketers,24353,11/06/2026 10:31,Dispatched
DS000666,LD000674,Nyanza Petroleum Co,19958,11/06/2026 09:58,Dispatched
DS000667,LD000675,Equator Fuels,29623,2026-06-11 10:12,Dispatched
DS000668,LD000676,Highland Energy Co,27212,11/06/2026 08:47,Dispatched
DS000669,LD000677,Equator Fuels,29826,11/06/2026 09:35,Dispatched
DS000670,LD000678,Aberdare Oil Traders,29535,11/06/2026 12:17,Dispatched
DS000671,LD000679,Crescent Oil Ltd,33720,11/06/2026 23:34,Dispatched
DS000672,LD000681,Highland Energy Co,29298,2026-06-11 11:18,Dispatched
DS000673,LD000682,Zenith Petroleum,26360,2026-06-11 23:43,Dispatched
DS000674,LD000683,Baraka Downstream,30019,11/06/2026 19:03,Dispatched
DS000675,LD000684,Delta Oil Marketers,34054,12/06/2026 00:33,Dispatched
DS000676,LD000685,Crescent Oil Ltd,31197,11/06/2026 21:47,Dispatched
DS000677,LD000686,Aberdare Oil Traders,26343,11/06/2026 20:17,Dispatched
DS000678,LD000687,Zenith Petroleum,34110,2026-06-11 08:22,Dispatched
DS000679,LD000688,Summit Downstream Ltd,24662,12/06/2026 00:43,Dispatched
DS000680,LD000689,Mara Fuels,35313,2026-06-11 17:06,Dispatched
DS000681,LD000690,Savannah Petroleum,20567,2026-06-11 10:37,Dispatched
DS000682,LD000691,Delta Oil Marketers,24127,11/06/2026 19:44,Dispatched
DS000683,LD000692,Lakeview Energy,21987,2026-06-12 14:55,Dispatched
DS000684,LD000693,Highland Energy Co,31999,12/06/2026 08:46,Cancelled
DS000685,LD000694,Savannah Petroleum,35109,2026-06-12 14:57,Dispatched
DS000686,LD000695,Horizon Oil Marketers,30974,2026-06-12 23:51,Dispatched
DS000687,LD000696,Tsavo Energy Group,30308,12/06/2026 15:14,Dispatched
DS000688,LD000697,Kilele Fuels,29760,2026-06-12 18:40,Dispatched
DS000689,LD000698,Amani Petroleum,34418,2026-06-12 23:34,Dispatched
DS000690,LD000699,Zenith Petroleum,28569,2026-06-13 00:51,Dispatched
DS000691,LD000700,Summit Downstream Ltd,24724,2026-06-12 23:26,Dispatched
DS000692,LD000701,Rift Valley Fuels Ltd,29037,12/06/2026 21:44,Dispatched
DS000693,LD000702,Coastline Energy Ltd,31793,12/06/2026 16:51,Dispatched
DS000694,LD000703,Highland Energy Co,33553,12/06/2026 15:34,Dispatched
DS000695,LD000704,Baraka Downstream,24443,2026-06-12 17:59,Dispatched
DS000696,LD000705,Pioneer Fuels Kenya,32483,2026-06-12 15:28,Dispatched
DS000697,LD000706,Pioneer Fuels Kenya,33715,12/06/2026 11:15,Dispatched
DS000698,LD000707,Savannah Petroleum,26968,12/06/2026 19:55,Dispatched
DS000699,LD000708,Nyanza Petroleum Co,29522,2026-06-12 11:39,Dispatched
DS000700,LD000709,Mara Fuels,30942,12/06/2026 23:14,Dispatched
DS000701,LD000710,Crescent Oil Ltd,22358,2026-06-12 18:44,Dispatched
DS000702,LD000711,Baraka Downstream,25449,2026-06-12 19:04,Dispatched
DS000703,LD000712,Uhuru Energy Partners,30181,12/06/2026 20:27,Dispatched
DS000704,LD000713,Pioneer Fuels Kenya,21035,2026-06-12 21:20,Dispatched
DS000705,LD000714,Pioneer Fuels Kenya,28367,2026-06-12 20:55,Dispatched
DS000706,LD000715,Zenith Petroleum,23628,12/06/2026 12:02,Dispatched
DS000707,LD000716,Baraka Downstream,27850,2026-06-12 22:39,Dispatched
DS000708,LD000717,Lakeview Energy,28087,12/06/2026 12:28,Dispatched
DS000709,LD000718,Mara Fuels,20596,12/06/2026 16:26,Dispatched
DS000710,LD000719,Highland Energy Co,22458,12/06/2026 17:48,Dispatched
DS000711,LD000720,Rift Valley Fuels Ltd,24699,12/06/2026 11:11,Dispatched
DS000712,LD000721,Equator Fuels,21877,2026-06-12 06:51,Dispatched
DS000713,LD000722,Summit Downstream Ltd,29557,2026-06-12 06:29,Dispatched
DS000714,LD000723,Summit Downstream Ltd,21300,12/06/2026 07:09,Dispatched
DS000715,LD000724,Crescent Oil Ltd,28540,2026-06-12 21:48,Dispatched
DS000716,LD000725,Nyanza Petroleum Co,23868,2026-06-12 06:43,Dispatched
DS000717,LD000726,Zenith Petroleum,31377,12/06/2026 10:50,Dispatched
DS000718,LD000727,Savannah Petroleum,27972,12/06/2026 22:13,Dispatched
DS000719,LD000728,Baraka Downstream,28583,2026-06-12 14:34,Dispatched
DS000720,LD000729,Crescent Oil Ltd,35871,2026-06-12 19:43,Dispatched
DS000721,LD000730,Coastline Energy Ltd,32430,12/06/2026 12:26,Dispatched
DS000722,LD000731,Highland Energy Co,24870,2026-06-12 12:24,Dispatched
DS000723,LD000732,Baraka Downstream,31843,12/06/2026 23:45,Dispatched
DS000724,LD000733,Horizon Oil Marketers,33538,13/06/2026 00:18,Dispatched
DS000725,LD000734,Coastline Energy Ltd,25696,12/06/2026 19:55,Dispatched
DS000726,LD000735,Baraka Downstream,20630,2026-06-12 11:41,Dispatched
DS000727,LD000736,Nyanza Petroleum Co,30869,2026-06-12 15:10,Dispatched
DS000728,LD000737,Amani Petroleum,20628,12/06/2026 22:08,Dispatched
DS000729,LD000738,Delta Oil Marketers,21500,2026-06-12 18:42,Dispatched
DS000730,LD000739,Aberdare Oil Traders,27879,2026-06-12 07:28,Dispatched
DS000731,LD000740,Kilele Fuels,28876,12/06/2026 08:15,Dispatched
DS000732,LD000741,Summit Downstream Ltd,29713,2026-06-12 14:14,Dispatched
DS000733,LD000742,Pioneer Fuels Kenya,35803,12/06/2026 19:25,Dispatched
DS000734,LD000743,Savannah Petroleum,33122,2026-06-12 21:27,Dispatched
DS000735,LD000744,Summit Downstream Ltd,23063,2026-06-12 08:44,Dispatched
DS000736,LD000745,Coastline Energy Ltd,33668,12/06/2026 20:04,Dispatched
DS000737,LD000746,Amani Petroleum,30136,12/06/2026 07:45,Dispatched
DS000738,LD000747,Tsavo Energy Group,20374,2026-06-12 21:58,Dispatched
DS000739,LD000748,Rift Valley Fuels Ltd,28971,2026-06-12 17:51,Dispatched
DS000740,LD000749,Mara Fuels,24836,2026-06-12 08:05,Dispatched
DS000741,LD000750,Zenith Petroleum,23352,12/06/2026 21:23,Dispatched
DS000742,LD000751,Tsavo Energy Group,20063,12/06/2026 19:34,Dispatched
DS000743,LD000752,Savannah Petroleum,20008,13/06/2026 10:33,Dispatched
DS000744,LD000753,Baraka Downstream,25458,2026-06-13 09:59,Dispatched
DS000745,LD000754,Rift Valley Fuels Ltd,31323,2026-06-13 22:17,Dispatched
DS000746,LD000755,Uhuru Energy Partners,26353,13/06/2026 21:06,Dispatched
DS000747,LD000756,Highland Energy Co,20281,13/06/2026 14:16,Dispatched
DS000748,LD000757,Baraka Downstream,28688,13/06/2026 17:19,Dispatched
DS000749,LD000758,Uhuru Energy Partners,20025,13/06/2026 08:33,Dispatched
DS000750,LD000759,Savannah Petroleum,31513,13/06/2026 17:48,Dispatched
DS000751,LD000760,Uhuru Energy Partners,22212,2026-06-13 09:29,Dispatched
DS000752,LD000761,Amani Petroleum,30721,2026-06-13 14:23,Dispatched
DS000753,LD000762,Delta Oil Marketers,24719,2026-06-14 00:05,Dispatched
DS000754,LD000763,Amani Petroleum,24226,13/06/2026 17:34,Dispatched
DS000755,LD000764,Delta Oil Marketers,30154,2026-06-13 21:07,Dispatched
DS000756,LD000765,Rift Valley Fuels Ltd,29713,13/06/2026 06:54,Dispatched
DS000757,LD000766,Savannah Petroleum,34277,13/06/2026 19:38,Dispatched
DS000758,LD000767,Lakeview Energy,27147,13/06/2026 16:03,Dispatched
DS000759,LD000768,Summit Downstream Ltd,30826,2026-06-13 16:26,Dispatched
DS000760,LD000769,Delta Oil Marketers,31580,13/06/2026 18:07,Dispatched
DS000761,LD000770,Highland Energy Co,22282,13/06/2026 22:52,Dispatched
DS000762,LD000771,Mara Fuels,24318,2026-06-13 16:31,Dispatched
DS000763,LD000772,Baraka Downstream,30159,2026-06-13 18:26,Dispatched
DS000764,LD000773,Crescent Oil Ltd,31828,13/06/2026 11:17,Dispatched
DS000765,LD000775,Amani Petroleum,31298,2026-06-13 16:08,Dispatched
DS000766,LD000776,Amani Petroleum,24976,13/06/2026 09:07,Dispatched
DS000767,LD000777,Amani Petroleum,25790,2026-06-13 22:58,Dispatched
DS000768,LD000778,Baraka Downstream,32734,2026-06-13 23:29,Dispatched
DS000769,LD000779,Rift Valley Fuels Ltd,34496,2026-06-13 23:09,Dispatched
DS000770,LD000780,Amani Petroleum,26069,2026-06-13 08:39,Dispatched
DS000771,LD000781,Equator Fuels,31477,13/06/2026 15:39,Dispatched
DS000772,LD000782,Horizon Oil Marketers,30594,2026-06-13 22:11,Dispatched
DS000773,LD000783,Horizon Oil Marketers,32055,13/06/2026 23:04,Dispatched
DS000774,LD000784,Nyanza Petroleum Co,21805,2026-06-13 17:12,Dispatched
DS000775,LD000785,Rift Valley Fuels Ltd,30192,2026-06-13 08:53,Dispatched
DS000776,LD000786,Summit Downstream Ltd,28138,13/06/2026 10:14,Dispatched
DS000777,LD000787,Equator Fuels,30225,13/06/2026 15:12,Dispatched
DS000778,LD000788,Baraka Downstream,26803,2026-06-13 22:09,Dispatched
DS000779,LD000789,Kilele Fuels,25914,13/06/2026 15:16,Dispatched
DS000780,LD000790,Mara Fuels,32806,13/06/2026 19:24,Dispatched
DS000781,LD000791,Zenith Petroleum,20543,2026-06-13 22:33,Dispatched
DS000782,LD000792,Horizon Oil Marketers,27449,2026-06-13 11:51,Dispatched
DS000783,LD000793,Coastline Energy Ltd,21264,2026-06-13 08:38,Dispatched
DS000784,LD000794,Tsavo Energy Group,28383,2026-06-13 13:13,Dispatched
DS000785,LD000795,Uhuru Energy Partners,33442,13/06/2026 21:10,Dispatched
DS000786,LD000796,Pioneer Fuels Kenya,20239,2026-06-13 08:21,Dispatched
DS000787,LD000797,Kilele Fuels,26460,2026-06-13 09:46,Dispatched
DS000788,LD000798,Delta Oil Marketers,29525,13/06/2026 19:52,Dispatched
DS000789,LD000799,Baraka Downstream,27538,13/06/2026 08:48,Dispatched
DS000790,LD000800,Equator Fuels,24990,2026-06-13 20:45,Dispatched
DS000791,LD000801,Zenith Petroleum,32336,13/06/2026 19:49,Dispatched
DS000792,LD000802,Zenith Petroleum,24132,2026-06-13 17:03,Dispatched
DS000793,LD000803,Rift Valley Fuels Ltd,24793,2026-06-13 16:00,Dispatched
DS000794,LD000804,Summit Downstream Ltd,25839,13/06/2026 18:24,Dispatched
DS000795,LD000805,Summit Downstream Ltd,30266,2026-06-14 14:32,Dispatched
DS000796,LD000806,Rift Valley Fuels Ltd,32602,2026-06-14 11:50,Dispatched
DS000797,LD000807,Baraka Downstream,26450,14/06/2026 10:40,Dispatched
DS000798,LD000808,Uhuru Energy Partners,31968,14/06/2026 20:57,Dispatched
DS000799,LD000809,Rift Valley Fuels Ltd,20856,2026-06-14 20:24,Dispatched
DS000800,LD000810,Zenith Petroleum,35556,15/06/2026 01:35,Dispatched
DS000801,LD000811,Lakeview Energy,25813,14/06/2026 21:27,Dispatched
DS000802,LD000812,Crescent Oil Ltd,29981,2026-06-15 00:22,Dispatched
DS000803,LD000813,Rift Valley Fuels Ltd,29168,2026-06-14 18:30,Dispatched
DS000804,LD000814,Tsavo Energy Group,26293,2026-06-14 15:47,Dispatched
DS000805,LD000815,Tsavo Energy Group,25464,14/06/2026 21:52,Dispatched
DS000806,LD000816,Amani Petroleum,34128,14/06/2026 09:03,Dispatched
DS000807,LD000817,Aberdare Oil Traders,21042,2026-06-14 15:26,Dispatched
DS000808,LD000818,Tsavo Energy Group,35149,14/06/2026 19:31,Dispatched
DS000809,LD000819,Savannah Petroleum,23946,2026-06-14 23:33,Dispatched
DS000810,LD000820,Summit Downstream Ltd,24374,14/06/2026 21:47,Dispatched
DS000811,LD000821,Aberdare Oil Traders,28596,14/06/2026 17:42,Dispatched
DS000812,LD000822,Delta Oil Marketers,33700,14/06/2026 22:15,Dispatched
DS000813,LD000823,Aberdare Oil Traders,34329,2026-06-14 20:27,Dispatched
DS000814,LD000824,Mara Fuels,30459,14/06/2026 20:45,Dispatched
DS000815,LD000825,Uhuru Energy Partners,30091,2026-06-14 18:02,Dispatched
DS000816,LD000826,Pioneer Fuels Kenya,28425,14/06/2026 10:43,Dispatched
DS000817,LD000827,Mara Fuels,27200,2026-06-14 14:23,Dispatched
DS000818,LD000828,Uhuru Energy Partners,35447,14/06/2026 08:43,Dispatched
DS000819,LD000829,Equator Fuels,32888,14/06/2026 17:13,Dispatched
DS000820,LD000830,Horizon Oil Marketers,32119,2026-06-14 12:45,Dispatched
DS000821,LD000831,Horizon Oil Marketers,27766,2026-06-14 13:46,Dispatched
DS000822,LD000832,Kilele Fuels,30604,2026-06-14 09:07,Dispatched
DS000823,LD000833,Savannah Petroleum,29042,2026-06-14 09:58,Dispatched
DS000824,LD000834,Kilele Fuels,20154,2026-06-14 13:46,Dispatched
DS000825,LD000835,Baraka Downstream,32881,2026-06-14 22:36,Dispatched
DS000826,LD000836,Savannah Petroleum,28078,14/06/2026 14:46,Dispatched
DS000827,LD000837,Delta Oil Marketers,24081,14/06/2026 06:31,Dispatched
DS000828,LD000838,Mara Fuels,20038,14/06/2026 14:09,Dispatched
DS000829,LD000839,Lakeview Energy,22540,14/06/2026 19:14,Dispatched
DS000830,LD000840,Zenith Petroleum,28200,2026-06-15 00:51,Dispatched
DS000831,LD000841,Highland Energy Co,30281,2026-06-14 09:08,Dispatched
DS000832,LD000842,Equator Fuels,30077,14/06/2026 17:08,Dispatched
DS000833,LD000843,Horizon Oil Marketers,26159,2026-06-14 20:08,Dispatched
DS000834,LD000844,Equator Fuels,34243,14/06/2026 20:45,Dispatched
DS000835,LD000845,Highland Energy Co,35620,14/06/2026 10:45,Dispatched
DS000836,LD000846,Mara Fuels,23647,2026-06-14 05:38,Dispatched
DS000837,LD000847,Amani Petroleum,22410,14/06/2026 13:17,Dispatched
DS000838,LD000848,Lakeview Energy,31627,2026-06-14 14:58,Dispatched
DS000839,LD000849,Baraka Downstream,26835,2026-06-14 07:48,Dispatched
DS000840,LD000850,Crescent Oil Ltd,34433,14/06/2026 09:19,Dispatched
DS000841,LD000851,Equator Fuels,34196,2026-06-14 14:21,Dispatched
DS000842,LD000852,Mara Fuels,28091,2026-06-14 23:48,Dispatched
DS000843,LD000853,Horizon Oil Marketers,29648,2026-06-14 17:53,Dispatched
DS000844,LD000854,Kilele Fuels,23304,2026-06-15 00:31,Dispatched
DS000845,LD000855,Tsavo Energy Group,21247,14/06/2026 20:38,Dispatched
DS000846,LD000856,Pioneer Fuels Kenya,32915,14/06/2026 08:36,Dispatched
DS000847,LD000857,Aberdare Oil Traders,25252,14/06/2026 12:20,Dispatched
DS000848,LD000858,Tsavo Energy Group,22444,2026-06-14 07:38,Dispatched
DS000849,LD000859,Nyanza Petroleum Co,28605,2026-06-14 06:23,Dispatched
DS000850,LD000860,Nyanza Petroleum Co,21951,14/06/2026 23:33,Dispatched
DS000851,LD000861,Baraka Downstream,20037,2026-06-14 13:01,Dispatched
DS000852,LD000862,Zenith Petroleum,23225,2026-06-15 07:26,Dispatched
DS000853,LD000863,Horizon Oil Marketers,20164,2026-06-15 21:56,Dispatched
DS000854,LD000864,Horizon Oil Marketers,31718,15/06/2026 23:21,Dispatched
DS000855,LD000865,Horizon Oil Marketers,26761,2026-06-15 16:06,Dispatched
DS000856,LD000866,Nyanza Petroleum Co,33040,2026-06-15 18:52,Dispatched
DS000857,LD000867,Crescent Oil Ltd,24338,2026-06-15 11:00,Dispatched
DS000858,LD000868,Zenith Petroleum,32116,15/06/2026 14:23,Dispatched
DS000859,LD000869,Baraka Downstream,22355,15/06/2026 07:20,Dispatched
DS000860,LD000870,Coastline Energy Ltd,20368,2026-06-15 17:48,Dispatched
DS000861,LD000871,Equator Fuels,28352,16/06/2026 00:02,Dispatched
DS000862,LD000872,Nyanza Petroleum Co,25654,2026-06-15 21:06,Dispatched
DS000863,LD000873,Savannah Petroleum,30066,15/06/2026 08:03,Dispatched
DS000864,LD000874,Horizon Oil Marketers,31346,2026-06-15 23:48,Dispatched
DS000865,LD000875,Baraka Downstream,35615,2026-06-15 19:55,Dispatched
DS000866,LD000876,Kilele Fuels,21640,15/06/2026 16:05,Dispatched
DS000867,LD000877,Summit Downstream Ltd,22008,15/06/2026 11:12,Dispatched
DS000868,LD000878,Lakeview Energy,20792,15/06/2026 07:51,Dispatched
DS000869,LD000879,Crescent Oil Ltd,21686,15/06/2026 14:33,Dispatched
DS000870,LD000880,Savannah Petroleum,27142,15/06/2026 16:33,Dispatched
DS000871,LD000881,Crescent Oil Ltd,24967,2026-06-15 18:30,Dispatched
DS000872,LD000882,Mara Fuels,34616,15/06/2026 11:45,Dispatched
DS000873,LD000883,Zenith Petroleum,32523,2026-06-15 14:19,Dispatched
DS000874,LD000884,Kilele Fuels,33339,2026-06-15 19:01,Dispatched
DS000875,LD000885,Coastline Energy Ltd,28828,2026-06-15 23:49,Dispatched
DS000876,LD000886,Lakeview Energy,28648,15/06/2026 21:07,Dispatched
DS000877,LD000887,Baraka Downstream,24982,15/06/2026 15:38,Dispatched
DS000878,LD000888,Baraka Downstream,33021,16/06/2026 00:39,Dispatched
DS000879,LD000889,Nyanza Petroleum Co,25127,15/06/2026 09:18,Dispatched
DS000880,LD000890,Mara Fuels,24961,15/06/2026 16:37,Cancelled
DS000881,LD000891,Coastline Energy Ltd,33508,2026-06-15 10:42,Dispatched
DS000882,LD000892,Savannah Petroleum,22677,2026-06-15 17:36,Dispatched
DS000883,LD000893,Highland Energy Co,20222,2026-06-15 11:43,Dispatched
DS000884,LD000894,Mara Fuels,34989,2026-06-15 09:08,Dispatched
DS000885,LD000895,Savannah Petroleum,34241,2026-06-16 01:32,Dispatched
DS000886,LD000896,Coastline Energy Ltd,21267,15/06/2026 12:35,Dispatched
DS000887,LD000897,Mara Fuels,30682,15/06/2026 21:38,Dispatched
DS000888,LD000898,Coastline Energy Ltd,35511,2026-06-15 15:29,Dispatched
DS000889,LD000899,Horizon Oil Marketers,31929,15/06/2026 20:54,Dispatched
DS000890,LD000900,Nyanza Petroleum Co,29631,2026-06-15 20:02,Dispatched
DS000891,LD000901,Amani Petroleum,24336,2026-06-15 12:08,Dispatched
DS000892,LD000902,Kilele Fuels,35480,2026-06-16 00:56,Dispatched
DS000893,LD000903,Crescent Oil Ltd,26447,2026-06-15 18:06,Dispatched
DS000894,LD000904,Summit Downstream Ltd,25357,15/06/2026 18:59,Dispatched
DS000895,LD000905,Highland Energy Co,24257,15/06/2026 21:49,Dispatched
DS000896,LD000906,Uhuru Energy Partners,24602,2026-06-15 15:12,Dispatched
DS000897,LD000907,Amani Petroleum,35575,15/06/2026 16:07,Dispatched
DS000898,LD000908,Aberdare Oil Traders,21500,2026-06-15 19:42,Dispatched
DS000899,LD000909,Highland Energy Co,30012,2026-06-15 18:44,Dispatched
DS000900,LD000910,Rift Valley Fuels Ltd,29600,2026-06-15 20:42,Dispatched
DS000901,LD000911,Coastline Energy Ltd,24366,15/06/2026 21:01,Dispatched
DS000902,LD000912,Lakeview Energy,29304,2026-06-15 15:02,Dispatched
DS000903,LD000913,Delta Oil Marketers,30823,15/06/2026 15:34,Dispatched
DS000904,LD000914,Aberdare Oil Traders,28655,15/06/2026 08:50,Dispatched
DS000905,LD000915,Tsavo Energy Group,23355,15/06/2026 09:52,Dispatched
DS000906,LD000916,Lakeview Energy,23359,2026-06-15 15:15,Dispatched
DS000907,LD000917,Mara Fuels,27945,2026-06-15 13:23,Dispatched
DS000908,LD000918,Highland Energy Co,21276,15/06/2026 18:23,Dispatched
DS000909,LD000919,Delta Oil Marketers,33628,15/06/2026 15:04,Dispatched
DS000910,LD000920,Equator Fuels,29482,15/06/2026 14:20,Dispatched
DS000911,LD000921,Baraka Downstream,30236,2026-06-15 09:58,Dispatched
DS000912,LD000922,Kilele Fuels,23140,2026-06-15 11:11,Dispatched
DS000913,LD000923,Horizon Oil Marketers,31745,15/06/2026 16:12,Dispatched
DS000914,LD000924,Equator Fuels,24361,2026-06-15 15:24,Dispatched
DS000915,LD000925,Uhuru Energy Partners,20984,15/06/2026 22:05,Dispatched
DS000916,LD000926,Lakeview Energy,30685,15/06/2026 14:49,Dispatched
DS000917,LD000927,Equator Fuels,35191,15/06/2026 12:39,Dispatched
DS000918,LD000928,Zenith Petroleum,23124,16/06/2026 15:48,Dispatched
DS000919,LD000929,Equator Fuels,31832,2026-06-16 07:15,Dispatched
DS000920,LD000930,Equator Fuels,25896,2026-06-16 11:36,Dispatched
DS000921,LD000931,Horizon Oil Marketers,29493,2026-06-16 12:32,Dispatched
DS000922,LD000932,Horizon Oil Marketers,34508,16/06/2026 13:32,Dispatched
DS000923,LD000933,Zenith Petroleum,32733,2026-06-16 10:57,Dispatched
DS000924,LD000934,Coastline Energy Ltd,31293,2026-06-16 09:51,Dispatched
DS000925,LD000935,Uhuru Energy Partners,27284,2026-06-16 20:28,Dispatched
DS000926,LD000936,Horizon Oil Marketers,27145,2026-06-16 21:38,Dispatched
DS000927,LD000937,Pioneer Fuels Kenya,24727,2026-06-16 18:20,Dispatched
DS000928,LD000938,Equator Fuels,34810,16/06/2026 13:22,Dispatched
DS000929,LD000939,Pioneer Fuels Kenya,32137,2026-06-16 21:40,Dispatched
DS000930,LD000940,Amani Petroleum,22515,2026-06-16 18:33,Dispatched
DS000931,LD000941,Nyanza Petroleum Co,32485,16/06/2026 22:00,Dispatched
DS000932,LD000942,Rift Valley Fuels Ltd,30671,16/06/2026 09:32,Dispatched
DS000933,LD000943,Lakeview Energy,32948,2026-06-16 11:47,Dispatched
DS000934,LD000944,Amani Petroleum,28892,2026-06-16 21:58,Dispatched
DS000935,LD000946,Coastline Energy Ltd,23552,16/06/2026 11:52,Dispatched
DS000936,LD000947,Horizon Oil Marketers,32631,16/06/2026 18:38,Dispatched
DS000937,LD000948,Savannah Petroleum,23713,16/06/2026 11:18,Dispatched
DS000938,LD000950,Mara Fuels,28291,16/06/2026 06:54,Dispatched
DS000939,LD000951,Nyanza Petroleum Co,33530,16/06/2026 08:07,Dispatched
DS000940,LD000952,Coastline Energy Ltd,29836,2026-06-16 10:24,Dispatched
DS000941,LD000953,Amani Petroleum,30678,2026-06-16 20:42,Dispatched
DS000942,LD000954,Pioneer Fuels Kenya,21869,16/06/2026 16:24,Dispatched
DS000943,LD000955,Delta Oil Marketers,19986,16/06/2026 12:17,Dispatched
DS000944,LD000956,Uhuru Energy Partners,22600,16/06/2026 16:40,Dispatched
DS000945,LD000957,Pioneer Fuels Kenya,20311,2026-06-16 08:49,Dispatched
DS000946,LD000958,Mara Fuels,25627,16/06/2026 11:34,Dispatched
DS000947,LD000959,Lakeview Energy,23595,2026-06-16 17:34,Dispatched
DS000948,LD000960,Equator Fuels,20880,16/06/2026 23:52,Dispatched
DS000949,LD000961,Rift Valley Fuels Ltd,23777,17/06/2026 00:34,Dispatched
DS000950,LD000962,Highland Energy Co,28814,2026-06-16 20:39,Dispatched
DS000951,LD000963,Baraka Downstream,28699,2026-06-16 17:30,Dispatched
DS000952,LD000964,Lakeview Energy,27942,16/06/2026 20:26,Dispatched
DS000953,LD000965,Crescent Oil Ltd,34089,2026-06-16 12:20,Dispatched
DS000954,LD000966,Coastline Energy Ltd,29812,2026-06-16 13:59,Dispatched
DS000955,LD000967,Tsavo Energy Group,25275,2026-06-16 07:44,Dispatched
DS000956,LD000968,Savannah Petroleum,26237,2026-06-16 13:28,Dispatched
DS000957,LD000969,Crescent Oil Ltd,32485,16/06/2026 08:08,Dispatched
DS000958,LD000970,Baraka Downstream,33746,2026-06-16 10:03,Dispatched
DS000959,LD000971,Delta Oil Marketers,26534,16/06/2026 23:48,Dispatched
DS000960,LD000972,Pioneer Fuels Kenya,34120,16/06/2026 18:12,Dispatched
DS000961,LD000973,Horizon Oil Marketers,31289,2026-06-16 11:57,Dispatched
DS000962,LD000974,Highland Energy Co,23355,16/06/2026 07:36,Dispatched
DS000963,LD000975,Baraka Downstream,24579,2026-06-16 12:54,Dispatched
DS000964,LD000976,Savannah Petroleum,26405,2026-06-16 09:03,Dispatched
DS000965,LD000977,Zenith Petroleum,20098,2026-06-16 19:23,Dispatched
DS000966,LD000978,Summit Downstream Ltd,20694,2026-06-16 18:50,Dispatched
DS000967,LD000979,Equator Fuels,22774,16/06/2026 14:22,Dispatched
DS000968,LD000980,Savannah Petroleum,35727,16/06/2026 21:05,Dispatched
DS000969,LD000981,Uhuru Energy Partners,26875,16/06/2026 16:55,Dispatched
DS000970,LD000982,Zenith Petroleum,23637,2026-06-16 22:04,Dispatched
DS000971,LD000983,Savannah Petroleum,26027,16/06/2026 08:03,Dispatched
DS000972,LD000984,Summit Downstream Ltd,31597,2026-06-16 11:46,Dispatched
DS000973,LD000985,Baraka Downstream,31148,16/06/2026 13:16,Dispatched
DS000974,LD000986,Tsavo Energy Group,27595,16/06/2026 11:52,Dispatched
DS000975,LD000987,Tsavo Energy Group,32967,16/06/2026 20:45,Dispatched
DS000976,LD000988,Highland Energy Co,32270,16/06/2026 06:47,Dispatched
DS000977,LD000989,Tsavo Energy Group,32747,2026-06-16 13:21,Dispatched
DS000978,LD000990,Pioneer Fuels Kenya,22194,2026-06-16 18:46,Dispatched
DS000979,LD000991,Delta Oil Marketers,29915,16/06/2026 21:50,Dispatched
DS000980,LD000992,Delta Oil Marketers,31874,17/06/2026 14:23,Dispatched
DS000981,LD000993,Equator Fuels,32191,2026-06-17 15:29,Dispatched
DS000982,LD000994,Crescent Oil Ltd,29219,2026-06-17 15:40,Dispatched
DS000983,LD000995,Mara Fuels,22535,2026-06-17 21:27,Dispatched
DS000984,LD000996,Horizon Oil Marketers,23257,2026-06-17 15:59,Dispatched
DS000985,LD000997,Crescent Oil Ltd,23907,17/06/2026 18:49,Dispatched
DS000986,LD000998,Summit Downstream Ltd,28248,2026-06-17 18:39,Dispatched
DS000987,LD000999,Mara Fuels,21161,2026-06-18 00:14,Cancelled
DS000988,LD001000,Aberdare Oil Traders,30754,2026-06-17 19:17,Dispatched
DS000989,LD001001,Zenith Petroleum,24307,2026-06-17 16:29,Dispatched
DS000990,LD001002,Tsavo Energy Group,30272,2026-06-17 20:31,Dispatched
DS000991,LD001003,Nyanza Petroleum Co,31087,17/06/2026 10:27,Dispatched
DS000992,LD001004,Delta Oil Marketers,30535,17/06/2026 20:47,Dispatched
DS000993,LD001005,Zenith Petroleum,32239,17/06/2026 09:58,Dispatched
DS000994,LD001006,Aberdare Oil Traders,26879,17/06/2026 23:26,Dispatched
DS000995,LD001007,Lakeview Energy,24176,17/06/2026 11:30,Dispatched
DS000996,LD001008,Zenith Petroleum,28915,17/06/2026 09:08,Dispatched
DS000997,LD001009,Delta Oil Marketers,30767,17/06/2026 20:46,Dispatched
DS000998,LD001010,Pioneer Fuels Kenya,35813,17/06/2026 19:50,Dispatched
DS000999,LD001011,Lakeview Energy,33677,2026-06-17 09:18,Dispatched
DS001000,LD001012,Summit Downstream Ltd,21465,2026-06-17 10:57,Dispatched
DS001001,LD001013,Baraka Downstream,20136,2026-06-17 18:05,Dispatched
DS001002,LD001014,Horizon Oil Marketers,25107,2026-06-17 11:35,Dispatched
DS001003,LD001015,Aberdare Oil Traders,34280,2026-06-17 19:24,Dispatched
DS001004,LD001016,Uhuru Energy Partners,21303,17/06/2026 11:52,Dispatched
DS001005,LD001017,Delta Oil Marketers,20243,2026-06-17 11:19,Dispatched
DS001006,LD001018,Delta Oil Marketers,24871,17/06/2026 20:47,Dispatched
DS001007,LD001019,Coastline Energy Ltd,28087,2026-06-17 23:52,Dispatched
DS001008,LD001020,Uhuru Energy Partners,26356,17/06/2026 23:55,Dispatched
DS001009,LD001021,Amani Petroleum,21070,2026-06-17 10:33,Dispatched
DS001010,LD001022,Summit Downstream Ltd,22256,17/06/2026 11:49,Dispatched
DS001011,LD001023,Kilele Fuels,29071,17/06/2026 22:30,Dispatched
DS001012,LD001024,Crescent Oil Ltd,29860,2026-06-17 09:55,Dispatched
DS001013,LD001025,Horizon Oil Marketers,27518,2026-06-17 06:35,Dispatched
DS001014,LD001026,Crescent Oil Ltd,27415,2026-06-17 20:56,Dispatched
DS001015,LD001027,Baraka Downstream,28050,17/06/2026 08:43,Dispatched
DS001016,LD001028,Baraka Downstream,26031,2026-06-17 13:52,Dispatched
DS001017,LD001029,Delta Oil Marketers,22688,2026-06-17 20:40,Dispatched
DS001018,LD001030,Delta Oil Marketers,30346,17/06/2026 21:40,Dispatched
DS001019,LD001031,,22467,17/06/2026 19:36,Dispatched
DS001020,LD001032,Pioneer Fuels Kenya,31389,17/06/2026 22:25,Dispatched
DS001021,LD001033,Pioneer Fuels Kenya,28662,2026-06-17 21:55,Dispatched
DS001022,LD001035,Delta Oil Marketers,32827,17/06/2026 20:53,Dispatched
DS001023,LD001036,Tsavo Energy Group,26346,2026-06-17 20:09,Dispatched
DS001024,LD001037,Pioneer Fuels Kenya,29298,2026-06-17 22:01,Dispatched
DS001025,LD001038,Summit Downstream Ltd,29428,17/06/2026 15:48,Dispatched
DS001026,LD001039,Equator Fuels,30051,2026-06-17 12:10,Dispatched
DS001027,LD001040,Crescent Oil Ltd,29877,17/06/2026 11:41,Dispatched
DS001028,LD001041,Savannah Petroleum,31136,2026-06-17 12:07,Dispatched
DS001029,LD001042,Amani Petroleum,30941,17/06/2026 12:04,Dispatched
DS001030,LD001043,Highland Energy Co,32786,17/06/2026 13:06,Dispatched
DS001031,LD001044,Baraka Downstream,23368,17/06/2026 23:19,Dispatched
DS001032,LD001045,Kilele Fuels,27307,2026-06-17 20:36,Dispatched
DS001033,LD001046,Highland Energy Co,27088,2026-06-17 09:58,Dispatched
DS001034,LD001047,Coastline Energy Ltd,30639,2026-06-17 17:54,Dispatched
DS001035,LD001048,Zenith Petroleum,32573,17/06/2026 10:42,Dispatched
DS001036,LD001049,Rift Valley Fuels Ltd,22684,17/06/2026 19:43,Dispatched
DS001037,LD001050,Aberdare Oil Traders,35627,17/06/2026 13:03,Dispatched
DS001038,LD001051,Amani Petroleum,35520,17/06/2026 14:30,Dispatched
DS001039,LD001052,Kilele Fuels,25332,17/06/2026 19:37,Dispatched
DS001040,LD001053,Rift Valley Fuels Ltd,23703,2026-06-17 20:39,Dispatched
DS001041,LD001054,Tsavo Energy Group,30833,17/06/2026 19:52,Dispatched
DS001042,LD001055,Amani Petroleum,23405,17/06/2026 08:47,Dispatched
DS001043,LD001056,,33767,2026-06-17 17:14,Dispatched
DS001044,LD001057,Equator Fuels,21323,17/06/2026 21:13,Dispatched
DS001045,LD001058,Equator Fuels,32858,2026-06-17 19:31,Dispatched
DS001046,LD001059,Highland Energy Co,32494,2026-06-18 11:28,Dispatched
DS001047,LD001060,Rift Valley Fuels Ltd,27194,2026-06-18 11:55,Dispatched
DS001048,LD001061,Uhuru Energy Partners,26262,2026-06-18 15:54,Dispatched
DS001049,LD001062,Horizon Oil Marketers,23127,18/06/2026 23:21,Dispatched
DS001050,LD001063,Mara Fuels,28586,2026-06-18 07:25,Dispatched
DS001051,LD001064,Summit Downstream Ltd,20688,18/06/2026 11:28,Dispatched
DS001052,LD001065,Zenith Petroleum,28957,18/06/2026 12:44,Dispatched
DS001053,LD001066,Baraka Downstream,30511,18/06/2026 07:20,Dispatched
DS001054,LD001067,Highland Energy Co,30978,2026-06-18 19:46,Dispatched
DS001055,LD001068,Delta Oil Marketers,22009,18/06/2026 20:19,Dispatched
DS001056,LD001069,Kilele Fuels,26670,2026-06-18 22:59,Dispatched
DS001057,LD001070,Tsavo Energy Group,28233,2026-06-18 09:34,Dispatched
DS001058,LD001071,Coastline Energy Ltd,26264,2026-06-18 19:13,Dispatched
DS001059,LD001072,Coastline Energy Ltd,24508,2026-06-18 17:25,Dispatched
DS001060,LD001073,Coastline Energy Ltd,33605,2026-06-18 20:09,Dispatched
DS001061,LD001074,Lakeview Energy,26593,19/06/2026 00:18,Dispatched
DS001062,LD001075,Summit Downstream Ltd,29615,2026-06-18 18:02,Dispatched
DS001063,LD001076,Kilele Fuels,32697,18/06/2026 21:08,Dispatched
DS001064,LD001077,Nyanza Petroleum Co,34999,2026-06-18 19:49,Dispatched
DS001065,LD001078,Tsavo Energy Group,29040,2026-06-18 08:47,Dispatched
DS001066,LD001079,Crescent Oil Ltd,35706,2026-06-18 09:56,Dispatched
DS001067,LD001080,Rift Valley Fuels Ltd,28472,19/06/2026 00:40,Cancelled
DS001068,LD001081,Pioneer Fuels Kenya,32076,2026-06-18 14:01,Dispatched
DS001069,LD001082,Rift Valley Fuels Ltd,25899,2026-06-18 22:36,Dispatched
DS001070,LD001083,Aberdare Oil Traders,24313,18/06/2026 16:06,Dispatched
DS001071,LD001084,Lakeview Energy,34697,18/06/2026 16:12,Dispatched
DS001072,LD001085,Rift Valley Fuels Ltd,24766,2026-06-18 17:57,Dispatched
DS001073,LD001086,Mara Fuels,27400,2026-06-18 20:02,Dispatched
DS001074,LD001087,Amani Petroleum,32156,18/06/2026 15:27,Dispatched
DS001075,LD001088,Uhuru Energy Partners,29637,2026-06-18 20:05,Dispatched
DS001076,LD001089,Highland Energy Co,32270,2026-06-18 06:09,Dispatched
DS001077,LD001090,Pioneer Fuels Kenya,19565,18/06/2026 10:51,Dispatched
DS001078,LD001091,Highland Energy Co,25177,2026-06-18 11:47,Dispatched
DS001079,LD001092,,28031,2026-06-19 01:27,Dispatched
DS001080,LD001093,Savannah Petroleum,20788,18/06/2026 11:29,Dispatched
DS001081,LD001094,Equator Fuels,33541,18/06/2026 18:18,Dispatched
DS001082,LD001095,Lakeview Energy,20329,2026-06-18 23:31,Dispatched
DS001083,LD001096,Uhuru Energy Partners,29585,2026-06-19 01:05,Dispatched
DS001084,LD001097,Nyanza Petroleum Co,29857,2026-06-18 22:01,Dispatched
DS001085,LD001098,Baraka Downstream,30144,2026-06-18 17:12,Dispatched
DS001086,LD001099,Tsavo Energy Group,28933,18/06/2026 07:55,Dispatched
DS001087,LD001100,Lakeview Energy,32141,2026-06-19 00:28,Dispatched
DS001088,LD001101,Summit Downstream Ltd,21344,18/06/2026 18:11,Dispatched
DS001089,LD001102,Kilele Fuels,25221,2026-06-18 07:00,Dispatched
DS001090,LD001103,Aberdare Oil Traders,34962,2026-06-18 08:46,Dispatched
DS001091,LD001104,Nyanza Petroleum Co,25012,2026-06-18 16:48,Dispatched
DS001092,LD001105,Equator Fuels,35286,2026-06-18 13:36,Dispatched
DS001093,LD001106,Tsavo Energy Group,24420,18/06/2026 23:35,Dispatched
DS001094,LD001107,Lakeview Energy,20307,18/06/2026 10:35,Dispatched
DS001095,LD001108,Highland Energy Co,35871,18/06/2026 08:06,Dispatched
DS001096,LD001109,Savannah Petroleum,25403,2026-06-18 21:32,Dispatched
DS001097,LD001110,Delta Oil Marketers,25631,2026-06-18 23:29,Dispatched
DS001098,LD001111,Kilele Fuels,35108,18/06/2026 20:56,Dispatched
DS001099,LD001112,Nyanza Petroleum Co,21023,2026-06-18 06:27,Dispatched
DS001100,LD001114,Mara Fuels,23766,2026-06-18 07:14,Dispatched
DS001101,LD001115,Savannah Petroleum,30536,18/06/2026 18:17,Dispatched
DS001102,LD001116,Horizon Oil Marketers,24780,2026-06-18 20:30,Dispatched
DS001103,LD001117,Mara Fuels,34963,2026-06-18 06:58,Dispatched
DS001104,LD001118,Coastline Energy Ltd,23945,2026-06-18 19:36,Dispatched
DS001105,LD001119,Coastline Energy Ltd,33597,18/06/2026 23:16,Dispatched
DS001106,LD001120,Summit Downstream Ltd,24830,2026-06-18 07:27,Dispatched
DS001107,LD001121,Amani Petroleum,27078,2026-06-18 07:43,Dispatched
DS001108,LD001122,Equator Fuels,33898,2026-06-18 08:17,Dispatched
DS001109,LD001123,Crescent Oil Ltd,22742,18/06/2026 21:50,Dispatched
DS001110,LD001124,Uhuru Energy Partners,24829,19/06/2026 16:55,Dispatched
DS001111,LD001125,Baraka Downstream,26827,20/06/2026 01:19,Dispatched
DS001112,LD001126,Pioneer Fuels Kenya,34378,2026-06-19 07:26,Dispatched
DS001113,LD001127,Savannah Petroleum,31749,20/06/2026 00:34,Dispatched
DS001114,LD001128,Delta Oil Marketers,34510,19/06/2026 17:48,Dispatched
DS001115,LD001129,Tsavo Energy Group,25038,19/06/2026 20:23,Dispatched
DS001116,LD001130,Nyanza Petroleum Co,21706,19/06/2026 07:34,Dispatched
DS001117,LD001131,Summit Downstream Ltd,27516,2026-06-19 18:38,Dispatched
DS001118,LD001132,Highland Energy Co,31822,2026-06-19 17:39,Dispatched
DS001119,LD001133,Rift Valley Fuels Ltd,30508,2026-06-19 18:02,Dispatched
DS001120,LD001134,Highland Energy Co,34941,19/06/2026 12:57,Dispatched
DS001121,LD001135,Baraka Downstream,35848,19/06/2026 09:32,Dispatched
DS001122,LD001136,Nyanza Petroleum Co,25560,19/06/2026 17:13,Dispatched
DS001123,LD001137,Baraka Downstream,20794,2026-06-19 09:21,Dispatched
DS001124,LD001138,Crescent Oil Ltd,29758,19/06/2026 17:54,Dispatched
DS001125,LD001139,Highland Energy Co,25708,2026-06-19 13:50,Dispatched
DS001126,LD001140,Baraka Downstream,25709,2026-06-19 15:43,Dispatched
DS001127,LD001141,Crescent Oil Ltd,32811,2026-06-19 23:36,Dispatched
DS001128,LD001142,Mara Fuels,33511,2026-06-19 20:31,Dispatched
DS001129,LD001143,Pioneer Fuels Kenya,26131,19/06/2026 20:09,Dispatched
DS001130,LD001144,Equator Fuels,27233,19/06/2026 14:15,Dispatched
DS001131,LD001145,Lakeview Energy,34894,2026-06-19 07:39,Dispatched
DS001132,LD001146,Crescent Oil Ltd,28658,19/06/2026 21:27,Dispatched
DS001133,LD001147,Aberdare Oil Traders,27454,19/06/2026 21:23,Dispatched
DS001134,LD001148,Lakeview Energy,35455,2026-06-19 07:57,Dispatched
DS001135,LD001149,Lakeview Energy,31424,19/06/2026 10:04,Dispatched
DS001136,LD001150,Coastline Energy Ltd,29766,19/06/2026 16:45,Dispatched
DS001137,LD001151,Highland Energy Co,30865,19/06/2026 10:49,Dispatched
DS001138,LD001152,Pioneer Fuels Kenya,26544,19/06/2026 19:05,Dispatched
DS001139,LD001153,Equator Fuels,32897,19/06/2026 14:41,Dispatched
DS001140,LD001154,Equator Fuels,26910,19/06/2026 09:27,Dispatched
DS001141,LD001155,Zenith Petroleum,28529,2026-06-19 22:44,Dispatched
DS001142,LD001156,Zenith Petroleum,24544,2026-06-19 07:30,Dispatched
DS001143,LD001157,Mara Fuels,20579,2026-06-20 00:39,Dispatched
DS001144,LD001158,Crescent Oil Ltd,28277,19/06/2026 17:28,Dispatched
DS001145,LD001159,Highland Energy Co,21463,19/06/2026 19:05,Dispatched
DS001146,LD001160,Coastline Energy Ltd,34839,2026-06-19 21:56,Dispatched
DS001147,LD001161,Tsavo Energy Group,30289,2026-06-19 21:22,Dispatched
DS001148,LD001162,Kilele Fuels,28536,19/06/2026 22:09,Dispatched
DS001149,LD001163,Tsavo Energy Group,27042,2026-06-19 20:43,Dispatched
DS001150,LD001164,Equator Fuels,33279,19/06/2026 08:59,Dispatched
DS001151,LD001165,Crescent Oil Ltd,33587,19/06/2026 21:45,Dispatched
DS001152,LD001166,,24063,19/06/2026 19:50,Dispatched
DS001153,LD001167,Mara Fuels,27756,2026-06-19 13:24,Dispatched
DS001154,LD001168,Kilele Fuels,25161,2026-06-19 08:48,Dispatched
DS001155,LD001169,Nyanza Petroleum Co,24435,2026-06-19 13:02,Dispatched
DS001156,LD001170,Pioneer Fuels Kenya,25493,19/06/2026 13:32,Dispatched
DS001157,LD001171,Highland Energy Co,32888,2026-06-19 11:12,Dispatched
DS001158,LD001172,Highland Energy Co,20351,2026-06-19 20:16,Dispatched
DS001159,LD001173,Kilele Fuels,30405,19/06/2026 17:24,Dispatched
DS001160,LD001174,Kilele Fuels,23688,2026-06-19 08:24,Dispatched
DS001161,LD001175,Horizon Oil Marketers,28737,2026-06-19 07:19,Dispatched
DS001162,LD001176,Highland Energy Co,26592,19/06/2026 08:35,Dispatched
DS001163,LD001177,Tsavo Energy Group,34474,2026-06-19 15:57,Dispatched
DS001164,LD001178,Summit Downstream Ltd,20377,19/06/2026 10:28,Dispatched
DS001165,LD001179,Equator Fuels,29669,2026-06-19 17:30,Dispatched
DS001166,LD001180,Amani Petroleum,33809,2026-06-19 08:26,Dispatched
DS001167,LD001181,Savannah Petroleum,26641,2026-06-19 15:19,Dispatched
DS001168,LD001182,Nyanza Petroleum Co,26257,2026-06-19 19:57,Dispatched
DS001169,LD001183,Equator Fuels,29376,19/06/2026 18:06,Dispatched
DS001170,LD001184,Tsavo Energy Group,20630,2026-06-19 12:55,Dispatched
DS001171,LD001185,Equator Fuels,26621,19/06/2026 13:03,Dispatched
DS001172,LD001186,Mara Fuels,31245,19/06/2026 09:13,Dispatched
DS001173,LD001187,Nyanza Petroleum Co,22097,2026-06-19 12:38,Dispatched
DS001174,LD001188,Coastline Energy Ltd,23364,19/06/2026 12:15,Dispatched
DS001175,LD001189,Mara Fuels,24243,2026-06-19 11:11,Dispatched
DS001176,LD001190,Delta Oil Marketers,24679,19/06/2026 18:19,Dispatched
DS001177,LD001191,Pioneer Fuels Kenya,25409,19/06/2026 13:22,Dispatched
DS001178,LD001192,Nyanza Petroleum Co,29870,2026-06-19 09:02,Dispatched
DS001179,LD001193,Coastline Energy Ltd,31118,19/06/2026 18:37,Dispatched
DS001180,LD001194,Mara Fuels,24638,19/06/2026 20:25,Dispatched
DS001181,LD001195,Coastline Energy Ltd,28757,19/06/2026 19:25,Dispatched
DS001182,LD001196,Savannah Petroleum,22039,2026-06-19 13:45,Dispatched
DS001183,LD001197,Mara Fuels,33220,19/06/2026 18:55,Dispatched
DS001184,LD001198,Savannah Petroleum,23876,2026-06-19 08:58,Dispatched
DS001185,LD001199,Equator Fuels,34164,2026-06-21 01:11,Dispatched
DS001186,LD001200,Uhuru Energy Partners,26706,2026-06-20 14:05,Dispatched
DS001187,LD001201,Delta Oil Marketers,30773,20/06/2026 13:07,Dispatched
DS001188,LD001202,Amani Petroleum,26319,2026-06-20 22:16,Dispatched
DS001189,LD001203,Lakeview Energy,31718,2026-06-20 20:17,Dispatched
DS001190,LD001204,Kilele Fuels,21343,2026-06-20 22:09,Dispatched
DS001191,LD001205,Baraka Downstream,22652,20/06/2026 22:21,Dispatched
DS001192,LD001206,Zenith Petroleum,33847,2026-06-20 18:57,Dispatched
DS001193,LD001207,Pioneer Fuels Kenya,27677,2026-06-20 10:56,Dispatched
DS001194,LD001208,Delta Oil Marketers,28999,20/06/2026 19:12,Dispatched
DS001195,LD001209,Delta Oil Marketers,23181,2026-06-20 13:32,Dispatched
DS001196,LD001210,Crescent Oil Ltd,28821,2026-06-20 10:11,Dispatched
DS001197,LD001211,Horizon Oil Marketers,20288,2026-06-20 12:21,Dispatched
DS001198,LD001212,Equator Fuels,23946,2026-06-20 10:19,Dispatched
DS001199,LD001213,Summit Downstream Ltd,21546,2026-06-20 22:05,Dispatched
DS001200,LD001214,Baraka Downstream,30647,20/06/2026 19:51,Dispatched
DS001201,LD001215,,29857,20/06/2026 12:55,Dispatched
DS001202,LD001216,Tsavo Energy Group,24478,20/06/2026 20:19,Dispatched
DS001203,LD001217,Kilele Fuels,23619,2026-06-20 21:57,Dispatched
DS001204,LD001218,Equator Fuels,31986,20/06/2026 13:29,Dispatched
DS001205,LD001219,Tsavo Energy Group,21000,20/06/2026 10:55,Dispatched
DS001206,LD001220,Pioneer Fuels Kenya,20652,2026-06-20 17:08,Dispatched
DS001207,LD001221,Pioneer Fuels Kenya,22822,2026-06-20 07:47,Dispatched
DS001208,LD001222,Crescent Oil Ltd,20444,2026-06-20 08:08,Dispatched
DS001209,LD001223,Uhuru Energy Partners,32874,20/06/2026 16:43,Dispatched
DS001210,LD001224,Summit Downstream Ltd,30830,20/06/2026 17:29,Dispatched
DS001211,LD001225,Summit Downstream Ltd,27761,20/06/2026 07:47,Dispatched
DS001212,LD001226,Nyanza Petroleum Co,32869,2026-06-20 14:42,Dispatched
DS001213,LD001227,Mara Fuels,22621,2026-06-20 12:14,Dispatched
DS001214,LD001228,Delta Oil Marketers,29643,20/06/2026 14:06,Dispatched
DS001215,LD001229,Horizon Oil Marketers,34804,20/06/2026 22:58,Dispatched
DS001216,LD001230,Pioneer Fuels Kenya,24808,21/06/2026 00:02,Dispatched
DS001217,LD001231,Highland Energy Co,31141,2026-06-20 08:44,Dispatched
DS001218,LD001233,Mara Fuels,24616,2026-06-20 06:36,Dispatched
DS001219,LD001234,Horizon Oil Marketers,30562,20/06/2026 22:25,Dispatched
DS001220,LD001235,Nyanza Petroleum Co,29438,2026-06-20 17:11,Dispatched
DS001221,LD001236,Summit Downstream Ltd,30640,20/06/2026 19:10,Dispatched
DS001222,LD001237,Horizon Oil Marketers,25393,2026-06-20 13:57,Dispatched
DS001223,LD001238,Horizon Oil Marketers,30141,20/06/2026 12:54,Dispatched
DS001224,LD001239,Savannah Petroleum,24774,2026-06-20 08:00,Dispatched
DS001225,LD001240,Baraka Downstream,21547,20/06/2026 19:38,Dispatched
DS001226,LD001241,Kilele Fuels,34194,20/06/2026 08:06,Dispatched
DS001227,LD001242,Crescent Oil Ltd,33084,20/06/2026 21:41,Dispatched
DS001228,LD001243,Horizon Oil Marketers,30734,2026-06-20 15:16,Dispatched
DS001229,LD001244,Coastline Energy Ltd,27829,20/06/2026 12:32,Dispatched
DS001230,LD001245,Nyanza Petroleum Co,21249,2026-06-20 14:10,Dispatched
DS001231,LD001246,Tsavo Energy Group,21297,20/06/2026 15:24,Dispatched
DS001232,LD001247,Summit Downstream Ltd,29353,2026-06-20 21:54,Dispatched
DS001233,LD001248,Highland Energy Co,26422,20/06/2026 14:12,Dispatched
DS001234,LD001249,Tsavo Energy Group,30919,2026-06-20 15:44,Dispatched
DS001235,LD001250,Equator Fuels,22031,2026-06-20 11:01,Dispatched
DS001236,LD001251,Baraka Downstream,31172,2026-06-20 10:07,Dispatched
DS001237,LD001252,Delta Oil Marketers,27947,2026-06-20 09:34,Dispatched
DS001238,LD001253,Summit Downstream Ltd,29918,20/06/2026 10:13,Dispatched
DS001239,LD001254,Summit Downstream Ltd,33554,2026-06-20 11:54,Dispatched
DS001240,LD001255,Kilele Fuels,22023,20/06/2026 18:17,Dispatched
DS001241,LD001256,Rift Valley Fuels Ltd,21323,2026-06-21 23:58,Dispatched
DS001242,LD001257,Pioneer Fuels Kenya,21733,21/06/2026 09:34,Dispatched
DS001243,LD001258,Lakeview Energy,30260,2026-06-21 10:25,Dispatched
DS001244,LD001259,Highland Energy Co,20707,2026-06-21 07:42,Dispatched
DS001245,LD001260,Horizon Oil Marketers,25023,2026-06-22 01:45,Dispatched
DS001246,LD001261,Highland Energy Co,34421,2026-06-21 11:41,Dispatched
DS001247,LD001262,Tsavo Energy Group,25871,2026-06-21 13:33,Dispatched
DS001248,LD001263,Zenith Petroleum,27508,2026-06-21 22:58,Dispatched
DS001249,LD001264,Coastline Energy Ltd,25764,21/06/2026 07:20,Dispatched
DS001250,LD001265,Zenith Petroleum,20207,2026-06-22 00:15,Dispatched
DS001251,LD001266,Savannah Petroleum,30803,2026-06-21 07:31,Dispatched
DS001252,LD001267,Zenith Petroleum,31991,21/06/2026 14:25,Dispatched
DS001253,LD001268,Tsavo Energy Group,24010,21/06/2026 14:19,Dispatched
DS001254,LD001269,Equator Fuels,29434,2026-06-21 10:28,Dispatched
DS001255,LD001270,Tsavo Energy Group,21251,21/06/2026 22:10,Dispatched
DS001256,LD001271,Aberdare Oil Traders,21031,21/06/2026 14:00,Dispatched
DS001257,LD001272,Mara Fuels,19980,21/06/2026 09:11,Dispatched
DS001258,LD001273,Summit Downstream Ltd,29832,2026-06-21 18:55,Dispatched
DS001259,LD001274,Delta Oil Marketers,26413,2026-06-21 17:04,Dispatched
DS001260,LD001275,Mara Fuels,22205,2026-06-21 07:03,Dispatched
DS001261,LD001276,Crescent Oil Ltd,28497,22/06/2026 00:00,Dispatched
DS001262,LD001277,Baraka Downstream,33911,2026-06-22 00:17,Dispatched
DS001263,LD001278,Nyanza Petroleum Co,31692,2026-06-21 17:17,Dispatched
DS001264,LD001279,Kilele Fuels,20909,2026-06-21 18:04,Dispatched
DS001265,LD001280,Uhuru Energy Partners,29166,2026-06-21 10:03,Dispatched
DS001266,LD001281,Tsavo Energy Group,32819,2026-06-21 12:50,Dispatched
DS001267,LD001282,Rift Valley Fuels Ltd,34458,2026-06-21 23:12,Dispatched
DS001268,LD001283,Highland Energy Co,24633,21/06/2026 22:38,Dispatched
DS001269,LD001284,Uhuru Energy Partners,29493,2026-06-21 08:36,Dispatched
DS001270,LD001285,Crescent Oil Ltd,34990,21/06/2026 23:24,Dispatched
DS001271,LD001287,Mara Fuels,32683,2026-06-21 18:29,Dispatched
DS001272,LD001288,Aberdare Oil Traders,20550,21/06/2026 22:59,Dispatched
DS001273,LD001289,Amani Petroleum,27318,21/06/2026 16:39,Dispatched
DS001274,LD001290,Kilele Fuels,27687,2026-06-21 08:15,Dispatched
DS001275,LD001291,,35282,2026-06-21 12:54,Dispatched
DS001276,LD001292,Baraka Downstream,22008,2026-06-21 23:50,Dispatched
DS001277,LD001293,Delta Oil Marketers,30231,2026-06-21 14:29,Dispatched
DS001278,LD001294,Aberdare Oil Traders,34405,22/06/2026 00:12,Dispatched
DS001279,LD001295,,23461,2026-06-21 19:44,Dispatched
DS001280,LD001296,Baraka Downstream,28070,21/06/2026 16:09,Dispatched
DS001281,LD001297,Aberdare Oil Traders,23496,21/06/2026 12:42,Dispatched
DS001282,LD001298,Summit Downstream Ltd,20242,2026-06-21 10:54,Dispatched
DS001283,LD001299,Rift Valley Fuels Ltd,33890,21/06/2026 09:24,Dispatched
DS001284,LD001300,Mara Fuels,27536,2026-06-21 13:11,Dispatched
DS001285,LD001301,Delta Oil Marketers,33040,21/06/2026 15:36,Dispatched
DS001286,LD001302,Aberdare Oil Traders,28743,21/06/2026 13:02,Dispatched
DS001287,LD001303,Delta Oil Marketers,30069,21/06/2026 20:16,Dispatched
DS001288,LD001304,Horizon Oil Marketers,23959,21/06/2026 10:49,Dispatched
DS001289,LD001305,Crescent Oil Ltd,26287,2026-06-21 19:15,Dispatched
DS001290,LD001306,Nyanza Petroleum Co,27610,21/06/2026 15:48,Dispatched
DS001291,LD001307,Horizon Oil Marketers,20416,21/06/2026 08:16,Dispatched
DS001292,LD001308,,23129,21/06/2026 09:04,Dispatched
DS001293,LD001309,Crescent Oil Ltd,21658,2026-06-21 22:49,Dispatched
DS001294,LD001310,Horizon Oil Marketers,34254,2026-06-21 16:25,Dispatched
DS001295,LD001311,Pioneer Fuels Kenya,27143,21/06/2026 19:17,Dispatched
DS001296,LD001312,Horizon Oil Marketers,27089,21/06/2026 19:55,Cancelled
DS001297,LD001313,Kilele Fuels,35669,21/06/2026 14:02,Dispatched
DS001298,LD001314,Equator Fuels,22669,21/06/2026 23:00,Dispatched
DS001299,LD001315,Aberdare Oil Traders,31187,22/06/2026 01:45,Dispatched
DS001300,LD001316,Horizon Oil Marketers,30710,2026-06-21 20:37,Dispatched
DS001301,LD001317,Rift Valley Fuels Ltd,25311,23/06/2026 00:10,Dispatched
DS001302,LD001318,Equator Fuels,29263,2026-06-22 07:41,Dispatched
DS001303,LD001319,Highland Energy Co,35692,22/06/2026 23:00,Dispatched
DS001304,LD001320,Equator Fuels,35323,22/06/2026 12:46,Dispatched
DS001305,LD001321,Aberdare Oil Traders,27629,22/06/2026 12:48,Dispatched
DS001306,LD001322,Baraka Downstream,23352,22/06/2026 14:56,Dispatched
DS001307,LD001323,Nyanza Petroleum Co,21892,22/06/2026 07:57,Dispatched
DS001308,LD001324,Lakeview Energy,29976,22/06/2026 18:41,Dispatched
DS001309,LD001325,Savannah Petroleum,35903,22/06/2026 14:54,Dispatched
DS001310,LD001326,Aberdare Oil Traders,23579,22/06/2026 16:08,Dispatched
DS001311,LD001327,Crescent Oil Ltd,26535,22/06/2026 14:59,Dispatched
DS001312,LD001328,Summit Downstream Ltd,25354,2026-06-22 14:30,Dispatched
DS001313,LD001329,Delta Oil Marketers,26726,2026-06-22 22:29,Dispatched
DS001314,LD001330,Coastline Energy Ltd,33604,22/06/2026 12:12,Dispatched
DS001315,LD001331,Baraka Downstream,31003,22/06/2026 12:18,Dispatched
DS001316,LD001332,Rift Valley Fuels Ltd,26237,2026-06-22 21:56,Dispatched
DS001317,LD001333,Savannah Petroleum,20998,22/06/2026 07:31,Dispatched
DS001318,LD001334,Rift Valley Fuels Ltd,21989,22/06/2026 06:33,Dispatched
DS001319,LD001335,Baraka Downstream,25719,2026-06-22 08:03,Dispatched
DS001320,LD001336,Nyanza Petroleum Co,29369,2026-06-22 23:06,Dispatched
DS001321,LD001338,Nyanza Petroleum Co,25083,22/06/2026 14:39,Dispatched
DS001322,LD001339,Horizon Oil Marketers,21154,2026-06-22 20:27,Dispatched
DS001323,LD001340,Lakeview Energy,20687,22/06/2026 16:38,Dispatched
DS001324,LD001341,Uhuru Energy Partners,25430,22/06/2026 10:58,Dispatched
DS001325,LD001342,Coastline Energy Ltd,28216,2026-06-22 16:45,Dispatched
DS001326,LD001343,Lakeview Energy,26882,2026-06-22 14:39,Dispatched
DS001327,LD001344,Delta Oil Marketers,20106,2026-06-22 19:45,Dispatched
DS001328,LD001345,Lakeview Energy,24638,22/06/2026 14:35,Dispatched
DS001329,LD001346,Delta Oil Marketers,35086,2026-06-22 22:28,Dispatched
DS001330,LD001347,Uhuru Energy Partners,27466,22/06/2026 13:28,Dispatched
DS001331,LD001348,Lakeview Energy,26640,22/06/2026 13:04,Dispatched
DS001332,LD001349,Rift Valley Fuels Ltd,34178,22/06/2026 14:00,Dispatched
DS001333,LD001350,Horizon Oil Marketers,29355,22/06/2026 11:41,Dispatched
DS001334,LD001351,Highland Energy Co,27031,22/06/2026 11:53,Dispatched
DS001335,LD001352,Baraka Downstream,22816,22/06/2026 07:24,Dispatched
DS001336,LD001353,Uhuru Energy Partners,23180,22/06/2026 08:01,Dispatched
DS001337,LD001354,Baraka Downstream,29367,22/06/2026 10:36,Dispatched
DS001338,LD001355,Tsavo Energy Group,29910,22/06/2026 19:57,Dispatched
DS001339,LD001356,Rift Valley Fuels Ltd,24605,2026-06-22 17:19,Dispatched
DS001340,LD001357,Tsavo Energy Group,32872,2026-06-22 13:32,Dispatched
DS001341,LD001358,Pioneer Fuels Kenya,32934,22/06/2026 15:39,Dispatched
DS001342,LD001359,Amani Petroleum,29016,22/06/2026 15:44,Dispatched
DS001343,LD001360,Summit Downstream Ltd,34202,22/06/2026 08:58,Dispatched
DS001344,LD001361,Mara Fuels,20357,2026-06-22 21:27,Dispatched
DS001345,LD001362,Uhuru Energy Partners,30294,2026-06-22 19:01,Dispatched
DS001346,LD001363,Nyanza Petroleum Co,20884,2026-06-22 15:40,Dispatched
DS001347,LD001364,Coastline Energy Ltd,34584,22/06/2026 07:20,Dispatched
DS001348,LD001365,Pioneer Fuels Kenya,28250,22/06/2026 08:25,Dispatched
DS001349,LD001366,Rift Valley Fuels Ltd,32739,22/06/2026 08:09,Dispatched
DS001350,LD001367,Summit Downstream Ltd,32466,22/06/2026 18:12,Dispatched
DS001351,LD001368,Amani Petroleum,30589,2026-06-22 22:54,Dispatched
DS001352,LD001369,Tsavo Energy Group,29325,22/06/2026 08:32,Dispatched
DS001353,LD001370,Equator Fuels,26771,22/06/2026 15:55,Dispatched
DS001354,LD001371,Crescent Oil Ltd,31926,22/06/2026 22:40,Dispatched
DS001355,LD001372,Zenith Petroleum,23185,22/06/2026 17:22,Dispatched
DS001356,LD001373,Pioneer Fuels Kenya,34471,2026-06-22 07:56,Dispatched
DS001357,LD001374,Lakeview Energy,33521,2026-06-22 15:05,Dispatched
DS001358,LD001375,Aberdare Oil Traders,35223,22/06/2026 11:47,Dispatched
DS001359,LD001376,Delta Oil Marketers,27783,2026-06-22 22:02,Dispatched
DS001360,LD001377,Zenith Petroleum,23985,22/06/2026 22:02,Dispatched
DS001361,LD001378,Crescent Oil Ltd,24769,2026-06-22 23:42,Dispatched
DS001362,LD001379,Savannah Petroleum,33740,22/06/2026 14:49,Dispatched
DS001363,LD001380,Baraka Downstream,35053,2026-06-23 00:26,Dispatched
DS001364,LD001382,Kilele Fuels,25020,2026-06-24 00:34,Dispatched
DS001365,LD001383,Mara Fuels,22843,2026-06-23 12:52,Dispatched
DS001366,LD001384,Aberdare Oil Traders,30775,23/06/2026 20:58,Dispatched
DS001367,LD001385,Pioneer Fuels Kenya,35158,2026-06-23 13:57,Dispatched
DS001368,LD001386,Uhuru Energy Partners,32832,2026-06-23 18:53,Dispatched
DS001369,LD001387,Aberdare Oil Traders,29612,23/06/2026 20:58,Dispatched
DS001370,LD001388,Kilele Fuels,30134,23/06/2026 10:05,Dispatched
DS001371,LD001389,Uhuru Energy Partners,33577,23/06/2026 07:05,Dispatched
DS001372,LD001390,Delta Oil Marketers,22699,2026-06-23 19:14,Dispatched
DS001373,LD001391,Rift Valley Fuels Ltd,28676,2026-06-23 20:43,Dispatched
DS001374,LD001392,Mara Fuels,29737,2026-06-23 11:18,Dispatched
DS001375,LD001393,Uhuru Energy Partners,33317,2026-06-23 09:44,Dispatched
DS001376,LD001394,Kilele Fuels,33339,2026-06-23 10:20,Dispatched
DS001377,LD001395,Highland Energy Co,31371,2026-06-23 13:34,Dispatched
DS001378,LD001396,Pioneer Fuels Kenya,21719,23/06/2026 12:53,Dispatched
DS001379,LD001397,Horizon Oil Marketers,34136,2026-06-23 16:03,Dispatched
DS001380,LD001398,Highland Energy Co,29999,2026-06-23 19:34,Dispatched
DS001381,LD001399,Zenith Petroleum,24147,2026-06-23 20:19,Dispatched
DS001382,LD001400,Coastline Energy Ltd,26407,2026-06-23 20:35,Dispatched
DS001383,LD001401,Rift Valley Fuels Ltd,20114,2026-06-23 08:51,Dispatched
DS001384,LD001402,Kilele Fuels,21708,2026-06-23 23:51,Dispatched
DS001385,LD001403,Kilele Fuels,27332,23/06/2026 12:09,Dispatched
DS001386,LD001404,Kilele Fuels,20967,23/06/2026 19:40,Dispatched
DS001387,LD001405,Nyanza Petroleum Co,27520,23/06/2026 19:10,Dispatched
DS001388,LD001406,,27543,2026-06-23 20:30,Dispatched
DS001389,LD001407,Amani Petroleum,32983,23/06/2026 17:48,Dispatched
DS001390,LD001408,Highland Energy Co,22069,2026-06-23 18:59,Dispatched
DS001391,LD001409,Summit Downstream Ltd,20772,23/06/2026 19:04,Dispatched
DS001392,LD001410,Horizon Oil Marketers,24915,2026-06-23 19:07,Dispatched
DS001393,LD001411,Aberdare Oil Traders,24145,23/06/2026 19:27,Dispatched
DS001394,LD001412,Rift Valley Fuels Ltd,27769,2026-06-23 07:43,Dispatched
DS001395,LD001413,Lakeview Energy,21705,2026-06-24 01:35,Dispatched
DS001396,LD001414,Nyanza Petroleum Co,33311,23/06/2026 18:18,Dispatched
DS001397,LD001415,Summit Downstream Ltd,31780,23/06/2026 13:23,Dispatched
DS001398,LD001416,Rift Valley Fuels Ltd,21870,2026-06-23 10:32,Dispatched
DS001399,LD001417,Baraka Downstream,25678,23/06/2026 10:06,Dispatched
DS001400,LD001418,Equator Fuels,21811,23/06/2026 18:19,Dispatched
DS001401,LD001419,Uhuru Energy Partners,35836,2026-06-23 08:51,Dispatched
DS001402,LD001420,Rift Valley Fuels Ltd,32829,2026-06-23 11:37,Dispatched
DS001403,LD001421,Delta Oil Marketers,26994,2026-06-23 16:14,Dispatched
DS001404,LD001422,Horizon Oil Marketers,30777,2026-06-23 16:40,Dispatched
DS001405,LD001423,Zenith Petroleum,28660,23/06/2026 10:20,Dispatched
DS001406,LD001424,Baraka Downstream,29010,2026-06-23 09:53,Dispatched
DS001407,LD001425,Coastline Energy Ltd,32313,23/06/2026 23:57,Dispatched
DS001408,LD001426,Equator Fuels,24384,23/06/2026 20:31,Dispatched
DS001409,LD001427,Pioneer Fuels Kenya,33744,23/06/2026 10:34,Dispatched
DS001410,LD001428,Crescent Oil Ltd,26898,23/06/2026 22:05,Dispatched
DS001411,LD001429,Pioneer Fuels Kenya,23587,23/06/2026 19:48,Dispatched
DS001412,LD001430,Aberdare Oil Traders,32847,23/06/2026 08:32,Dispatched
DS001413,LD001431,Mara Fuels,28570,23/06/2026 10:51,Dispatched
DS001414,LD001432,Baraka Downstream,35983,2026-06-23 17:53,Dispatched
DS001415,LD001433,Kilele Fuels,30752,2026-06-23 16:15,Dispatched
DS001416,LD001434,Equator Fuels,21982,23/06/2026 12:28,Dispatched
DS001417,LD001436,Savannah Petroleum,21192,2026-06-23 23:31,Dispatched
DS001418,LD001437,Summit Downstream Ltd,23993,23/06/2026 16:10,Dispatched
DS001419,LD001438,Kilele Fuels,20163,23/06/2026 07:33,Dispatched
DS001420,LD001439,Mara Fuels,32284,23/06/2026 23:55,Dispatched
DS001421,LD001440,Coastline Energy Ltd,24525,23/06/2026 21:46,Dispatched
DS001422,LD001441,Crescent Oil Ltd,25929,23/06/2026 16:13,Dispatched
DS001423,LD001442,Zenith Petroleum,31085,23/06/2026 10:24,Dispatched
DS001424,LD001443,Horizon Oil Marketers,25145,2026-06-23 05:52,Dispatched
DS001425,LD001444,Zenith Petroleum,30294,23/06/2026 09:22,Dispatched
DS001426,LD001445,Savannah Petroleum,28720,23/06/2026 08:49,Dispatched
DS001427,LD001446,Tsavo Energy Group,35089,2026-06-24 19:11,Dispatched
DS001428,LD001447,Pioneer Fuels Kenya,24108,2026-06-24 12:34,Dispatched
DS001429,LD001448,Delta Oil Marketers,33764,2026-06-24 13:48,Dispatched
DS001430,LD001449,Coastline Energy Ltd,31395,24/06/2026 14:58,Dispatched
DS001431,LD001450,Savannah Petroleum,29784,24/06/2026 10:12,Dispatched
DS001432,LD001451,Horizon Oil Marketers,27718,24/06/2026 13:49,Dispatched
DS001433,LD001452,Amani Petroleum,27300,2026-06-24 12:06,Dispatched
DS001434,LD001453,Crescent Oil Ltd,31896,24/06/2026 21:33,Dispatched
DS001435,LD001454,Coastline Energy Ltd,33051,2026-06-24 19:00,Dispatched
DS001436,LD001455,Horizon Oil Marketers,30906,24/06/2026 10:39,Dispatched
DS001437,LD001456,Zenith Petroleum,30823,24/06/2026 22:38,Dispatched
DS001438,LD001457,Amani Petroleum,24089,2026-06-24 11:52,Dispatched
DS001439,LD001458,Summit Downstream Ltd,30305,2026-06-24 09:47,Dispatched
DS001440,LD001459,Aberdare Oil Traders,31220,2026-06-24 12:30,Dispatched
DS001441,LD001460,Nyanza Petroleum Co,27401,24/06/2026 14:43,Dispatched
DS001442,LD001461,Nyanza Petroleum Co,22850,24/06/2026 10:18,Dispatched
DS001443,LD001462,Aberdare Oil Traders,30800,24/06/2026 15:07,Dispatched
DS001444,LD001463,Rift Valley Fuels Ltd,30991,2026-06-24 17:05,Dispatched
DS001445,LD001464,Mara Fuels,23922,2026-06-24 13:32,Dispatched
DS001446,LD001465,Delta Oil Marketers,21368,2026-06-24 09:58,Dispatched
DS001447,LD001466,Rift Valley Fuels Ltd,33427,2026-06-24 12:36,Dispatched
DS001448,LD001467,Horizon Oil Marketers,23911,2026-06-24 14:11,Dispatched
DS001449,LD001468,Tsavo Energy Group,29178,2026-06-24 22:44,Dispatched
DS001450,LD001469,Delta Oil Marketers,31502,2026-06-24 18:11,Dispatched
DS001451,LD001470,Zenith Petroleum,21272,2026-06-24 21:39,Dispatched
DS001452,LD001471,Rift Valley Fuels Ltd,31659,24/06/2026 23:32,Dispatched
DS001453,LD001472,Pioneer Fuels Kenya,34191,24/06/2026 07:37,Dispatched
DS001454,LD001473,Summit Downstream Ltd,20111,24/06/2026 14:32,Dispatched
DS001455,LD001474,Aberdare Oil Traders,20982,24/06/2026 21:45,Dispatched
DS001456,LD001475,Equator Fuels,27898,24/06/2026 15:40,Dispatched
DS001457,LD001476,Kilele Fuels,27036,24/06/2026 09:32,Dispatched
DS001458,LD001477,Baraka Downstream,25498,24/06/2026 07:42,Dispatched
DS001459,LD001478,Delta Oil Marketers,33042,24/06/2026 11:05,Dispatched
DS001460,LD001479,Pioneer Fuels Kenya,26989,2026-06-24 12:27,Dispatched
DS001461,LD001480,Aberdare Oil Traders,34950,24/06/2026 05:54,Dispatched
DS001462,LD001481,Equator Fuels,31908,24/06/2026 14:34,Dispatched
DS001463,LD001482,Summit Downstream Ltd,20363,2026-06-24 18:06,Dispatched
DS001464,LD001483,Uhuru Energy Partners,26262,24/06/2026 12:52,Dispatched
DS001465,LD001484,Baraka Downstream,27764,2026-06-24 13:57,Dispatched
DS001466,LD001485,Tsavo Energy Group,23416,2026-06-24 20:09,Dispatched
DS001467,LD001486,Mara Fuels,20447,2026-06-24 22:38,Dispatched
DS001468,LD001487,Uhuru Energy Partners,21688,24/06/2026 20:34,Dispatched
DS001469,LD001488,Baraka Downstream,34510,2026-06-24 19:53,Dispatched
DS001470,LD001489,Pioneer Fuels Kenya,31342,2026-06-25 01:16,Dispatched
DS001471,LD001490,Amani Petroleum,23243,24/06/2026 07:01,Dispatched
DS001472,LD001491,Crescent Oil Ltd,20617,24/06/2026 10:44,Dispatched
DS001473,LD001492,Pioneer Fuels Kenya,33482,24/06/2026 06:46,Dispatched
DS001474,LD001493,Highland Energy Co,22466,24/06/2026 22:46,Dispatched
DS001475,LD001494,Coastline Energy Ltd,33713,2026-06-25 11:39,Dispatched
DS001476,LD001495,Crescent Oil Ltd,24900,2026-06-25 07:24,Dispatched
DS001477,LD001496,Amani Petroleum,22938,2026-06-25 23:00,Dispatched
DS001478,LD001497,Nyanza Petroleum Co,33494,2026-06-25 12:23,Dispatched
DS001479,LD001498,Baraka Downstream,28979,2026-06-25 10:55,Dispatched
DS001480,LD001499,Delta Oil Marketers,23336,2026-06-26 00:07,Dispatched
DS001481,LD001500,Summit Downstream Ltd,30862,25/06/2026 15:02,Dispatched
DS001482,LD001501,Coastline Energy Ltd,22543,25/06/2026 11:34,Dispatched
DS001483,LD001502,Crescent Oil Ltd,23025,2026-06-25 09:19,Dispatched
DS001484,LD001503,Rift Valley Fuels Ltd,20668,25/06/2026 21:51,Dispatched
DS001485,LD001504,Amani Petroleum,30782,25/06/2026 23:29,Dispatched
DS001486,LD001505,Baraka Downstream,35015,25/06/2026 16:36,Dispatched
DS001487,LD001506,Delta Oil Marketers,24025,25/06/2026 23:23,Dispatched
DS001488,LD001507,Crescent Oil Ltd,31681,2026-06-25 18:24,Dispatched
DS001489,LD001508,Horizon Oil Marketers,29116,25/06/2026 12:27,Dispatched
DS001490,LD001509,Tsavo Energy Group,26023,2026-06-25 13:06,Dispatched
DS001491,LD001510,Savannah Petroleum,29407,25/06/2026 14:54,Dispatched
DS001492,LD001511,Tsavo Energy Group,30830,25/06/2026 08:11,Dispatched
DS001493,LD001512,Equator Fuels,28489,25/06/2026 23:06,Dispatched
DS001494,LD001513,Amani Petroleum,28224,25/06/2026 11:59,Dispatched
DS001495,LD001514,Savannah Petroleum,21467,2026-06-25 11:09,Dispatched
DS001496,LD001515,Tsavo Energy Group,30546,2026-06-25 09:03,Dispatched
DS001497,LD001516,Delta Oil Marketers,21147,2026-06-25 12:12,Dispatched
DS001498,LD001517,Summit Downstream Ltd,26134,2026-06-25 21:54,Dispatched
DS001499,LD001518,Horizon Oil Marketers,33838,25/06/2026 16:28,Dispatched
DS001500,LD001519,Aberdare Oil Traders,33726,25/06/2026 16:38,Dispatched
DS001501,LD001520,Pioneer Fuels Kenya,21040,2026-06-25 08:49,Dispatched
DS001502,LD001521,Horizon Oil Marketers,30885,2026-06-25 07:43,Dispatched
DS001503,LD001522,Equator Fuels,27415,2026-06-25 21:15,Dispatched
DS001504,LD001523,Savannah Petroleum,21227,2026-06-25 17:19,Dispatched
DS001505,LD001524,Crescent Oil Ltd,23061,2026-06-25 09:27,Dispatched
DS001506,LD001525,Savannah Petroleum,32385,2026-06-25 16:12,Dispatched
DS001507,LD001526,Coastline Energy Ltd,20532,25/06/2026 19:21,Dispatched
DS001508,LD001527,Equator Fuels,33278,2026-06-25 07:08,Dispatched
DS001509,LD001528,Summit Downstream Ltd,33559,25/06/2026 08:53,Dispatched
DS001510,LD001529,Horizon Oil Marketers,26442,2026-06-25 09:56,Dispatched
DS001511,LD001530,Nyanza Petroleum Co,30523,2026-06-25 09:10,Dispatched
DS001512,LD001531,Savannah Petroleum,29927,2026-06-26 00:14,Dispatched
DS001513,LD001532,Baraka Downstream,35778,25/06/2026 09:29,Dispatched
DS001514,LD001533,Baraka Downstream,29028,2026-06-25 14:39,Dispatched
DS001515,LD001534,Highland Energy Co,33619,25/06/2026 07:52,Dispatched
DS001516,LD001535,Coastline Energy Ltd,24603,25/06/2026 14:44,Dispatched
DS001517,LD001536,Aberdare Oil Traders,21577,25/06/2026 13:20,Dispatched
DS001518,LD001537,Crescent Oil Ltd,21857,2026-06-25 21:44,Dispatched
DS001519,LD001538,Coastline Energy Ltd,21040,2026-06-25 22:26,Dispatched
DS001520,LD001539,Nyanza Petroleum Co,23428,2026-06-25 10:12,Dispatched
DS001521,LD001540,Aberdare Oil Traders,34498,25/06/2026 09:06,Dispatched
DS001522,LD001541,Rift Valley Fuels Ltd,26092,26/06/2026 19:19,Dispatched
DS001523,LD001542,Uhuru Energy Partners,34878,26/06/2026 18:48,Dispatched
DS001524,LD001543,Rift Valley Fuels Ltd,22103,26/06/2026 18:15,Dispatched
DS001525,LD001544,Rift Valley Fuels Ltd,34168,26/06/2026 12:37,Dispatched
DS001526,LD001545,Horizon Oil Marketers,34576,2026-06-26 08:58,Dispatched
DS001527,LD001546,Tsavo Energy Group,23126,2026-06-26 22:22,Dispatched
DS001528,LD001547,Aberdare Oil Traders,32185,26/06/2026 15:16,Dispatched
DS001529,LD001548,Aberdare Oil Traders,25995,26/06/2026 07:34,Dispatched
DS001530,LD001549,Aberdare Oil Traders,31157,2026-06-26 17:29,Dispatched
DS001531,LD001550,Zenith Petroleum,23947,2026-06-26 20:38,Dispatched
DS001532,LD001551,Crescent Oil Ltd,33438,26/06/2026 08:02,Dispatched
DS001533,LD001552,Delta Oil Marketers,35841,2026-06-26 14:39,Dispatched
DS001534,LD001553,Horizon Oil Marketers,32864,26/06/2026 08:25,Dispatched
DS001535,LD001554,Aberdare Oil Traders,28422,26/06/2026 14:59,Dispatched
DS001536,LD001555,Lakeview Energy,21869,2026-06-26 18:55,Dispatched
DS001537,LD001556,Uhuru Energy Partners,26875,26/06/2026 18:58,Dispatched
DS001538,LD001557,Uhuru Energy Partners,21530,2026-06-26 17:07,Dispatched
DS001539,LD001558,Savannah Petroleum,32181,26/06/2026 11:03,Dispatched
DS001540,LD001559,Mara Fuels,23242,2026-06-26 13:37,Dispatched
DS001541,LD001560,Pioneer Fuels Kenya,26152,26/06/2026 19:04,Dispatched
DS001542,LD001561,Nyanza Petroleum Co,24926,2026-06-26 08:39,Dispatched
DS001543,LD001562,Amani Petroleum,35670,2026-06-26 09:45,Dispatched
DS001544,LD001563,Pioneer Fuels Kenya,32770,2026-06-26 12:28,Dispatched
DS001545,LD001564,Kilele Fuels,35302,2026-06-26 18:48,Dispatched
DS001546,LD001565,Lakeview Energy,25126,2026-06-26 19:22,Dispatched
DS001547,LD001566,Uhuru Energy Partners,26976,2026-06-26 13:15,Dispatched
DS001548,LD001567,Pioneer Fuels Kenya,23605,2026-06-26 21:32,Dispatched
DS001549,LD001568,Uhuru Energy Partners,22627,2026-06-26 09:19,Dispatched
DS001550,LD001569,Tsavo Energy Group,26296,2026-06-26 13:30,Dispatched
DS001551,LD001570,Delta Oil Marketers,22536,2026-06-27 00:42,Dispatched
DS001552,LD001571,Baraka Downstream,30458,2026-06-26 11:02,Dispatched
DS001553,LD001572,Highland Energy Co,24168,2026-06-26 20:24,Dispatched
DS001554,LD001573,Crescent Oil Ltd,22098,2026-06-26 17:06,Dispatched
DS001555,LD001574,Uhuru Energy Partners,25017,2026-06-26 18:14,Dispatched
DS001556,LD001576,Pioneer Fuels Kenya,31414,2026-06-26 07:08,Dispatched
DS001557,LD001577,Pioneer Fuels Kenya,35034,2026-06-26 12:28,Dispatched
DS001558,LD001578,Pioneer Fuels Kenya,30915,2026-06-26 17:01,Dispatched
DS001559,LD001579,Tsavo Energy Group,35999,2026-06-26 18:12,Dispatched
DS001560,LD001580,Crescent Oil Ltd,23571,26/06/2026 15:30,Dispatched
DS001561,LD001581,Kilele Fuels,20992,26/06/2026 14:04,Dispatched
DS001562,LD001582,Nyanza Petroleum Co,27994,2026-06-26 11:35,Dispatched
DS001563,LD001583,Tsavo Energy Group,30439,2026-06-26 23:46,Dispatched
DS001564,LD001584,Equator Fuels,32537,26/06/2026 07:10,Dispatched
DS001565,LD001586,Lakeview Energy,25578,26/06/2026 22:26,Dispatched
DS001566,LD001587,Nyanza Petroleum Co,27883,26/06/2026 10:11,Dispatched
DS001567,LD001588,Lakeview Energy,31397,26/06/2026 23:56,Dispatched
DS001568,LD001589,Equator Fuels,20770,26/06/2026 21:52,Dispatched
DS001569,LD001590,Baraka Downstream,22956,2026-06-26 08:15,Dispatched
DS001570,LD001591,Tsavo Energy Group,20290,2026-06-26 12:01,Dispatched
DS001571,LD001592,,29710,26/06/2026 10:31,Dispatched
DS001572,LD001593,Aberdare Oil Traders,32552,26/06/2026 09:03,Dispatched
DS001573,LD001594,Tsavo Energy Group,26979,2026-06-26 21:03,Dispatched
DS001574,LD001595,Summit Downstream Ltd,27622,2026-06-26 23:12,Dispatched
DS001575,LD001596,Coastline Energy Ltd,34739,26/06/2026 10:54,Dispatched
DS001576,LD001597,Kilele Fuels,28251,26/06/2026 08:54,Dispatched
DS001577,LD001598,Delta Oil Marketers,24612,2026-06-26 11:35,Dispatched
DS001578,LD001599,Aberdare Oil Traders,26419,26/06/2026 06:01,Dispatched
DS001579,LD001600,Mara Fuels,21242,26/06/2026 17:41,Dispatched
DS001580,LD001601,Delta Oil Marketers,20950,27/06/2026 08:45,Dispatched
DS001581,LD001602,Tsavo Energy Group,26367,27/06/2026 14:45,Dispatched
DS001582,LD001603,Rift Valley Fuels Ltd,25741,27/06/2026 22:37,Dispatched
DS001583,LD001604,Savannah Petroleum,30853,28/06/2026 00:11,Dispatched
DS001584,LD001605,Nyanza Petroleum Co,29815,2026-06-27 20:16,Dispatched
DS001585,LD001606,Nyanza Petroleum Co,31928,28/06/2026 01:00,Dispatched
DS001586,LD001607,Tsavo Energy Group,34073,27/06/2026 22:33,Dispatched
DS001587,LD001608,Summit Downstream Ltd,21653,2026-06-27 11:18,Dispatched
DS001588,LD001609,Uhuru Energy Partners,22045,27/06/2026 23:08,Dispatched
DS001589,LD001610,Crescent Oil Ltd,24544,27/06/2026 18:39,Dispatched
DS001590,LD001611,Aberdare Oil Traders,30796,2026-06-27 06:10,Dispatched
DS001591,LD001612,Nyanza Petroleum Co,26155,2026-06-27 19:06,Dispatched
DS001592,LD001613,Nyanza Petroleum Co,26968,2026-06-27 23:10,Dispatched
DS001593,LD001614,Nyanza Petroleum Co,29226,2026-06-27 09:39,Dispatched
DS001594,LD001615,Horizon Oil Marketers,32818,2026-06-27 21:42,Dispatched
DS001595,LD001616,Delta Oil Marketers,24141,2026-06-27 12:20,Dispatched
DS001596,LD001617,Pioneer Fuels Kenya,30368,2026-06-27 22:39,Dispatched
DS001597,LD001618,Baraka Downstream,29041,2026-06-27 16:23,Dispatched
DS001598,LD001619,Highland Energy Co,22208,2026-06-27 14:10,Dispatched
DS001599,LD001620,Kilele Fuels,31538,27/06/2026 13:13,Dispatched
DS001600,LD001621,Baraka Downstream,21615,27/06/2026 08:06,Dispatched
DS001601,LD001622,Uhuru Energy Partners,23934,27/06/2026 10:54,Dispatched
DS001602,LD001623,,35458,2026-06-27 23:25,Dispatched
DS001603,LD001624,Mara Fuels,25164,2026-06-27 15:35,Dispatched
DS001604,LD001625,Equator Fuels,22679,27/06/2026 22:14,Dispatched
DS001605,LD001626,Mara Fuels,23673,2026-06-27 13:46,Dispatched
DS001606,LD001627,Mara Fuels,33009,27/06/2026 22:18,Dispatched
DS001607,LD001628,Equator Fuels,20042,2026-06-27 05:56,Dispatched
DS001608,LD001629,Kilele Fuels,27976,2026-06-27 08:12,Dispatched
DS001609,LD001630,Equator Fuels,32684,27/06/2026 06:52,Dispatched
DS001610,LD001631,Aberdare Oil Traders,19923,2026-06-27 20:15,Dispatched
DS001611,LD001632,Equator Fuels,20185,2026-06-27 11:36,Dispatched
DS001612,LD001633,Summit Downstream Ltd,24487,2026-06-28 00:19,Dispatched
DS001613,LD001634,,26575,27/06/2026 21:23,Dispatched
DS001614,LD001635,Tsavo Energy Group,34883,27/06/2026 10:07,Dispatched
DS001615,LD001636,Amani Petroleum,24114,2026-06-27 07:07,Dispatched
DS001616,LD001637,Horizon Oil Marketers,20162,28/06/2026 00:27,Cancelled
DS001617,LD001638,Amani Petroleum,31510,27/06/2026 16:59,Dispatched
DS001618,LD001639,Baraka Downstream,27965,2026-06-27 14:53,Dispatched
DS001619,LD001640,Horizon Oil Marketers,24924,27/06/2026 14:13,Dispatched
DS001620,LD001641,Kilele Fuels,25688,27/06/2026 18:33,Dispatched
DS001621,LD001642,Equator Fuels,31792,27/06/2026 23:43,Dispatched
DS001622,LD001643,,30379,2026-06-27 19:02,Dispatched
DS001623,LD001644,Rift Valley Fuels Ltd,36005,27/06/2026 15:45,Dispatched
DS001624,LD001645,Aberdare Oil Traders,23629,2026-06-27 17:45,Dispatched
DS001625,LD001646,Kilele Fuels,22278,2026-06-27 22:35,Dispatched
DS001626,LD001647,Baraka Downstream,33065,27/06/2026 08:35,Dispatched
DS001627,LD001648,Kilele Fuels,22522,2026-06-27 09:33,Dispatched
DS001628,LD001649,Equator Fuels,29070,2026-06-27 14:46,Dispatched
DS001629,LD001650,Tsavo Energy Group,29168,27/06/2026 18:09,Dispatched
DS001630,LD001651,Savannah Petroleum,29119,2026-06-27 18:21,Dispatched
DS001631,LD001652,Kilele Fuels,23711,27/06/2026 08:08,Dispatched
DS001632,LD001653,Aberdare Oil Traders,24998,2026-06-27 05:56,Dispatched
DS001633,LD001654,Kilele Fuels,24127,27/06/2026 10:29,Dispatched
DS001634,LD001655,Tsavo Energy Group,22194,27/06/2026 07:17,Dispatched
DS001635,LD001656,Equator Fuels,21687,27/06/2026 13:57,Dispatched
DS001636,LD001657,Aberdare Oil Traders,32806,27/06/2026 16:50,Dispatched
DS001637,LD001658,Equator Fuels,33275,2026-06-27 16:01,Dispatched
DS001638,LD001659,Pioneer Fuels Kenya,30288,2026-06-27 21:46,Dispatched
DS001639,LD001660,Pioneer Fuels Kenya,30289,27/06/2026 11:14,Dispatched
DS001640,LD001661,Coastline Energy Ltd,27009,27/06/2026 20:49,Dispatched
DS001641,LD001662,Equator Fuels,30993,2026-06-27 13:02,Dispatched
DS001642,LD001663,Mara Fuels,21752,2026-06-27 20:47,Dispatched
DS001643,LD001664,Zenith Petroleum,30759,27/06/2026 11:29,Dispatched
DS001644,LD001665,Horizon Oil Marketers,34611,27/06/2026 18:11,Dispatched
DS001645,LD001666,Rift Valley Fuels Ltd,30386,27/06/2026 13:16,Dispatched
DS001646,LD001667,Nyanza Petroleum Co,30000,27/06/2026 22:41,Dispatched
DS001647,LD001668,Savannah Petroleum,22075,27/06/2026 19:47,Dispatched
DS001648,LD001669,Summit Downstream Ltd,35404,28/06/2026 14:34,Dispatched
DS001649,LD001670,Pioneer Fuels Kenya,34899,2026-06-28 23:54,Dispatched
DS001650,LD001671,Baraka Downstream,22737,28/06/2026 17:46,Dispatched
DS001651,LD001672,Tsavo Energy Group,29591,28/06/2026 09:46,Dispatched
DS001652,LD001673,Nyanza Petroleum Co,35893,2026-06-28 20:22,Dispatched
DS001653,LD001674,Delta Oil Marketers,25612,28/06/2026 16:38,Dispatched
DS001654,LD001675,Nyanza Petroleum Co,21369,2026-06-28 22:17,Dispatched
DS001655,LD001676,Mara Fuels,30370,2026-06-28 10:30,Dispatched
DS001656,LD001677,Pioneer Fuels Kenya,34688,2026-06-28 17:57,Dispatched
DS001657,LD001678,Rift Valley Fuels Ltd,33290,2026-06-28 16:23,Dispatched
DS001658,LD001679,Equator Fuels,26992,2026-06-28 11:26,Dispatched
DS001659,LD001680,Baraka Downstream,34880,2026-06-28 11:44,Dispatched
DS001660,LD001681,Tsavo Energy Group,25045,2026-06-28 20:05,Dispatched
DS001661,LD001682,Horizon Oil Marketers,25609,2026-06-28 17:29,Dispatched
DS001662,LD001683,Kilele Fuels,30566,28/06/2026 23:18,Dispatched
DS001663,LD001684,Aberdare Oil Traders,20273,2026-06-28 16:15,Dispatched
DS001664,LD001685,Mara Fuels,31454,28/06/2026 22:37,Dispatched
DS001665,LD001686,Summit Downstream Ltd,34063,2026-06-28 23:39,Dispatched
DS001666,LD001687,Amani Petroleum,27938,28/06/2026 14:24,Dispatched
DS001667,LD001688,Horizon Oil Marketers,30830,2026-06-28 15:32,Dispatched
DS001668,LD001689,Uhuru Energy Partners,24102,2026-06-28 19:10,Dispatched
DS001669,LD001690,Rift Valley Fuels Ltd,25433,28/06/2026 18:52,Dispatched
DS001670,LD001691,Savannah Petroleum,21591,28/06/2026 19:11,Dispatched
DS001671,LD001692,Baraka Downstream,22917,2026-06-28 08:51,Dispatched
DS001672,LD001693,Amani Petroleum,20850,2026-06-28 15:34,Dispatched
DS001673,LD001694,Horizon Oil Marketers,33149,28/06/2026 12:01,Dispatched
DS001674,LD001695,Summit Downstream Ltd,25606,2026-06-28 15:54,Dispatched
DS001675,LD001696,Equator Fuels,29324,2026-06-28 20:19,Dispatched
DS001676,LD001697,Pioneer Fuels Kenya,34262,2026-06-28 07:39,Dispatched
DS001677,LD001698,Amani Petroleum,24810,2026-06-28 13:09,Dispatched
DS001678,LD001699,Uhuru Energy Partners,29841,2026-06-28 15:40,Dispatched
DS001679,LD001700,Mara Fuels,25400,2026-06-28 21:07,Dispatched
DS001680,LD001701,Crescent Oil Ltd,25099,2026-06-28 16:14,Dispatched
DS001681,LD001702,Highland Energy Co,33062,28/06/2026 23:30,Dispatched
DS001682,LD001703,Delta Oil Marketers,28027,28/06/2026 11:56,Dispatched
DS001683,LD001704,Pioneer Fuels Kenya,35237,2026-06-28 07:30,Dispatched
DS001684,LD001705,Coastline Energy Ltd,32404,28/06/2026 22:00,Dispatched
DS001685,LD001706,Zenith Petroleum,20683,28/06/2026 13:16,Dispatched
DS001686,LD001707,Summit Downstream Ltd,22276,28/06/2026 20:58,Dispatched
DS001687,LD001708,Horizon Oil Marketers,22268,2026-06-28 13:23,Dispatched
DS001688,LD001709,Equator Fuels,23708,2026-06-28 18:53,Dispatched
DS001689,LD001710,Mara Fuels,32266,2026-06-28 09:21,Dispatched
DS001690,LD001711,Kilele Fuels,27244,28/06/2026 22:21,Dispatched
DS001691,LD001712,Mara Fuels,28989,28/06/2026 07:33,Dispatched
DS001692,LD001713,Uhuru Energy Partners,34726,28/06/2026 20:01,Dispatched
DS001693,LD001714,Crescent Oil Ltd,22710,28/06/2026 23:42,Dispatched
DS001694,LD001715,Delta Oil Marketers,27331,2026-06-28 12:46,Dispatched
DS001695,LD001716,Tsavo Energy Group,22954,28/06/2026 14:08,Dispatched
DS001696,LD001717,Baraka Downstream,21426,28/06/2026 13:35,Dispatched
DS001697,LD001718,Tsavo Energy Group,32504,2026-06-28 21:35,Dispatched
DS001698,LD001719,Tsavo Energy Group,22093,2026-06-28 16:43,Dispatched
DS001699,LD001720,Amani Petroleum,25804,29/06/2026 21:48,Dispatched
DS001700,LD001721,Highland Energy Co,23412,2026-06-29 16:13,Dispatched
DS001701,LD001722,Summit Downstream Ltd,28288,2026-06-29 07:43,Dispatched
DS001702,LD001723,Kilele Fuels,26662,29/06/2026 22:19,Dispatched
DS001703,LD001724,Tsavo Energy Group,23607,2026-06-29 11:02,Dispatched
DS001704,LD001725,Aberdare Oil Traders,34191,2026-06-29 22:47,Dispatched
DS001705,LD001726,Nyanza Petroleum Co,33109,29/06/2026 22:11,Dispatched
DS001706,LD001727,Aberdare Oil Traders,27915,2026-06-29 21:52,Dispatched
DS001707,LD001728,Nyanza Petroleum Co,21546,29/06/2026 16:41,Dispatched
DS001708,LD001729,Coastline Energy Ltd,35145,2026-06-29 12:36,Dispatched
DS001709,LD001730,Crescent Oil Ltd,27454,29/06/2026 09:48,Dispatched
DS001710,LD001731,Coastline Energy Ltd,24347,2026-06-29 14:24,Dispatched
DS001711,LD001732,Delta Oil Marketers,25211,29/06/2026 21:58,Dispatched
DS001712,LD001733,Amani Petroleum,30524,2026-06-29 21:50,Dispatched
DS001713,LD001734,Delta Oil Marketers,23797,29/06/2026 21:55,Dispatched
DS001714,LD001735,Baraka Downstream,26491,2026-06-29 13:31,Dispatched
DS001715,LD001736,Rift Valley Fuels Ltd,33107,29/06/2026 20:13,Dispatched
DS001716,LD001737,Horizon Oil Marketers,23520,29/06/2026 09:08,Dispatched
DS001717,LD001738,Highland Energy Co,34621,2026-06-30 00:29,Dispatched
DS001718,LD001739,Aberdare Oil Traders,32584,2026-06-29 13:05,Dispatched
DS001719,LD001740,Savannah Petroleum,21605,29/06/2026 21:18,Dispatched
DS001720,LD001741,Baraka Downstream,33212,2026-06-29 10:50,Dispatched
DS001721,LD001742,Horizon Oil Marketers,35760,29/06/2026 22:16,Dispatched
DS001722,LD001743,Delta Oil Marketers,26703,2026-06-29 08:35,Dispatched
DS001723,LD001744,Delta Oil Marketers,20886,2026-06-29 14:00,Dispatched
DS001724,LD001745,Equator Fuels,29124,29/06/2026 20:53,Dispatched
DS001725,LD001746,Aberdare Oil Traders,21037,29/06/2026 20:02,Dispatched
DS001726,LD001747,Highland Energy Co,35776,29/06/2026 15:47,Dispatched
DS001727,LD001748,Tsavo Energy Group,21954,2026-06-29 11:40,Dispatched
DS001728,LD001749,Uhuru Energy Partners,24765,2026-06-29 11:01,Dispatched
DS001729,LD001750,Tsavo Energy Group,25420,2026-06-29 23:48,Dispatched
DS001730,LD001751,Amani Petroleum,34389,2026-06-29 16:04,Dispatched
DS001731,LD001752,Tsavo Energy Group,34562,2026-06-29 11:05,Dispatched
DS001732,LD001753,Amani Petroleum,29987,29/06/2026 13:20,Dispatched
DS001733,LD001754,Aberdare Oil Traders,27251,2026-06-29 15:41,Dispatched
DS001734,LD001755,Zenith Petroleum,22822,29/06/2026 16:40,Dispatched
DS001735,LD001756,,30652,2026-06-29 19:14,Dispatched
DS001736,LD001757,Aberdare Oil Traders,20311,29/06/2026 11:13,Dispatched
DS001737,LD001758,Zenith Petroleum,27016,29/06/2026 14:45,Dispatched
DS001738,LD001759,Equator Fuels,23213,29/06/2026 14:46,Dispatched
DS001739,LD001760,Delta Oil Marketers,34046,29/06/2026 12:35,Dispatched
DS001740,LD001761,Delta Oil Marketers,26139,29/06/2026 19:45,Dispatched
DS001741,LD001762,Mara Fuels,21022,29/06/2026 08:36,Dispatched
DS001742,LD001763,Lakeview Energy,29547,2026-06-29 11:08,Dispatched
DS001743,LD001764,Coastline Energy Ltd,20787,29/06/2026 11:20,Dispatched
DS001744,LD001765,Aberdare Oil Traders,20928,29/06/2026 23:44,Dispatched
DS001745,LD001766,Mara Fuels,27230,2026-06-29 08:36,Dispatched
DS001746,LD001767,Kilele Fuels,24640,2026-06-29 21:53,Dispatched
DS001747,LD001768,Horizon Oil Marketers,29979,2026-06-29 07:28,Dispatched
DS001748,LD001769,Amani Petroleum,23460,29/06/2026 22:28,Dispatched
DS001749,LD001770,Highland Energy Co,27914,29/06/2026 18:24,Dispatched
DS001750,LD001771,Horizon Oil Marketers,30373,29/06/2026 09:51,Dispatched
DS001751,LD001772,Equator Fuels,34717,29/06/2026 22:30,Dispatched
DS001752,LD001773,Baraka Downstream,32368,29/06/2026 20:37,Dispatched
DS001753,LD001774,Rift Valley Fuels Ltd,34555,29/06/2026 20:04,Dispatched
DS001754,LD001775,Uhuru Energy Partners,26565,29/06/2026 13:08,Dispatched
DS001755,LD001776,Pioneer Fuels Kenya,29256,2026-06-29 13:52,Dispatched
DS001756,LD001777,Coastline Energy Ltd,35566,29/06/2026 09:51,Dispatched
DS001757,LD001778,Lakeview Energy,31541,2026-06-29 23:23,Dispatched
DS001758,LD001779,Aberdare Oil Traders,28693,29/06/2026 12:41,Dispatched
DS001759,LD001780,Summit Downstream Ltd,35886,2026-06-29 20:00,Dispatched
DS001760,LD001781,Summit Downstream Ltd,31702,29/06/2026 22:26,Dispatched
DS001761,LD001782,Pioneer Fuels Kenya,24597,2026-06-29 12:38,Dispatched
DS001762,LD001783,Crescent Oil Ltd,23695,2026-06-29 23:21,Dispatched
DS001763,LD001784,Amani Petroleum,20083,2026-06-29 08:32,Dispatched
DS001764,LD001785,Summit Downstream Ltd,33399,2026-06-29 05:47,Dispatched
DS001765,LD001786,Lakeview Energy,29927,2026-06-29 16:50,Dispatched
DS001766,LD001787,Summit Downstream Ltd,29911,2026-06-29 08:40,Dispatched
DS001767,LD001788,,21844,2026-06-29 14:36,Dispatched
DS001768,LD001789,Crescent Oil Ltd,22201,29/06/2026 07:43,Dispatched
DS001769,LD001790,Tsavo Energy Group,25317,2026-06-29 20:37,Dispatched
DS001770,LD001791,Horizon Oil Marketers,32937,29/06/2026 11:43,Dispatched
DS001771,LD001792,Aberdare Oil Traders,22393,2026-06-29 19:07,Dispatched
DS001772,LD001793,Baraka Downstream,22889,29/06/2026 22:32,Dispatched
DS001773,LD001794,Tsavo Energy Group,24308,29/06/2026 21:46,Dispatched
DS001774,LD001795,Delta Oil Marketers,35652,29/06/2026 10:05,Dispatched
DS001775,LD001797,Horizon Oil Marketers,20874,29/06/2026 18:12,Dispatched
DS001776,LD001798,Baraka Downstream,34601,29/06/2026 22:51,Dispatched
DS001777,LD001799,Crescent Oil Ltd,30595,2026-06-29 15:44,Dispatched
DS001778,LD001800,Kilele Fuels,23407,2026-06-29 16:46,Dispatched
DS001779,LD001801,Uhuru Energy Partners,33209,2026-06-29 11:31,Dispatched
DS001780,LD001802,Savannah Petroleum,21231,30/06/2026 20:26,Dispatched
DS001781,LD001803,Summit Downstream Ltd,32060,2026-06-30 13:04,Dispatched
DS001782,LD001804,Pioneer Fuels Kenya,34813,30/06/2026 13:23,Dispatched
DS001783,LD001805,Aberdare Oil Traders,31622,30/06/2026 10:59,Dispatched
DS001784,LD001806,Mara Fuels,33107,30/06/2026 13:15,Dispatched
DS001785,LD001807,Amani Petroleum,24847,30/06/2026 18:17,Dispatched
DS001786,LD001808,Horizon Oil Marketers,27138,30/06/2026 22:44,Dispatched
DS001787,LD001809,Zenith Petroleum,20352,2026-06-30 14:39,Dispatched
DS001788,LD001810,Baraka Downstream,24356,2026-06-30 23:02,Dispatched
DS001789,LD001811,Crescent Oil Ltd,32231,2026-06-30 17:12,Dispatched
DS001790,LD001812,Zenith Petroleum,20670,2026-07-01 00:06,Dispatched
DS001791,LD001813,Crescent Oil Ltd,27190,2026-06-30 11:15,Dispatched
DS001792,LD001814,Summit Downstream Ltd,29220,30/06/2026 19:03,Dispatched
DS001793,LD001815,Lakeview Energy,23047,2026-06-30 16:18,Dispatched
DS001794,LD001816,Uhuru Energy Partners,29448,30/06/2026 09:45,Dispatched
DS001795,LD001817,Uhuru Energy Partners,25554,2026-06-30 12:38,Dispatched
DS001796,LD001818,Summit Downstream Ltd,28864,30/06/2026 13:44,Dispatched
DS001797,LD001819,Mara Fuels,34840,30/06/2026 14:18,Dispatched
DS001798,LD001820,Kilele Fuels,29114,30/06/2026 23:13,Dispatched
DS001799,LD001821,Aberdare Oil Traders,32404,30/06/2026 17:20,Dispatched
DS001800,LD001822,Pioneer Fuels Kenya,27225,2026-06-30 21:53,Dispatched
DS001801,LD001823,Crescent Oil Ltd,30883,2026-06-30 09:52,Dispatched
DS001802,LD001824,Uhuru Energy Partners,24890,2026-06-30 23:29,Dispatched
DS001803,LD001825,Aberdare Oil Traders,24500,30/06/2026 16:50,Dispatched
DS001804,LD001826,Horizon Oil Marketers,31538,30/06/2026 08:32,Dispatched
DS001805,LD001827,Aberdare Oil Traders,30591,30/06/2026 20:51,Dispatched
DS001806,LD001828,Amani Petroleum,31583,2026-06-30 19:09,Dispatched
DS001807,LD001829,Horizon Oil Marketers,34949,2026-06-30 11:09,Dispatched
DS001808,LD001830,Summit Downstream Ltd,31034,30/06/2026 20:55,Dispatched
DS001809,LD001831,Summit Downstream Ltd,32956,2026-06-30 22:53,Dispatched
DS001810,LD001832,Pioneer Fuels Kenya,24247,2026-06-30 07:09,Dispatched
DS001811,LD001833,Rift Valley Fuels Ltd,23637,30/06/2026 20:55,Dispatched
DS001812,LD001834,Nyanza Petroleum Co,25128,2026-06-30 19:08,Dispatched
DS001813,LD001835,Tsavo Energy Group,22104,2026-06-30 15:42,Cancelled
DS001814,LD001836,Tsavo Energy Group,20607,2026-06-30 18:19,Dispatched
DS001815,LD001837,Nyanza Petroleum Co,28443,2026-07-01 00:58,Dispatched
DS001816,LD001838,Delta Oil Marketers,33333,2026-06-30 16:41,Dispatched
DS001817,LD001839,Mara Fuels,29644,2026-06-30 21:36,Dispatched
DS001818,LD001840,Pioneer Fuels Kenya,30657,2026-06-30 09:10,Dispatched
DS001819,LD001841,Summit Downstream Ltd,33932,01/07/2026 00:29,Dispatched
DS001820,LD001842,Aberdare Oil Traders,30239,2026-06-30 19:30,Dispatched
DS001821,LD001843,Coastline Energy Ltd,21799,2026-06-30 17:58,Cancelled
DS001822,LD001844,Highland Energy Co,35582,30/06/2026 07:34,Dispatched
DS001823,LD001845,Nyanza Petroleum Co,22008,30/06/2026 12:58,Dispatched
DS001824,LD001846,Crescent Oil Ltd,22748,2026-06-30 13:21,Dispatched
DS001825,LD001847,Summit Downstream Ltd,28151,30/06/2026 23:14,Dispatched
DS001826,LD001848,Aberdare Oil Traders,30667,30/06/2026 18:23,Dispatched
DS001827,LD001849,Baraka Downstream,34961,2026-06-30 10:01,Dispatched
DS001828,LD001850,Amani Petroleum,20985,2026-06-30 11:51,Dispatched
DS001829,LD001851,Zenith Petroleum,23183,30/06/2026 13:36,Dispatched
DS001830,LD001852,Crescent Oil Ltd,27467,2026-06-30 08:37,Dispatched
DS001831,LD001853,Highland Energy Co,26020,2026-06-30 11:10,Dispatched
DS001832,LD001854,Zenith Petroleum,25268,2026-06-30 11:25,Dispatched
DS001833,LD001855,Crescent Oil Ltd,28157,30/06/2026 06:31,Dispatched
DS001834,LD001856,Highland Energy Co,20308,2026-06-30 20:51,Dispatched
DS001835,LD001857,Baraka Downstream,21375,2026-06-30 22:54,Dispatched
DS001836,LD001858,Zenith Petroleum,24261,30/06/2026 09:31,Dispatched
DS001837,LD001859,Equator Fuels,34716,2026-06-30 11:42,Dispatched
DS001838,LD001860,Horizon Oil Marketers,30903,30/06/2026 22:22,Dispatched
DS001839,LD001861,Delta Oil Marketers,31124,30/06/2026 18:56,Dispatched
DS001840,LD001862,Uhuru Energy Partners,22415,2026-07-01 12:21,Dispatched
DS001841,LD001863,Zenith Petroleum,31227,01/07/2026 13:33,Dispatched
DS001842,LD001864,Aberdare Oil Traders,30286,2026-07-01 09:32,Dispatched
DS001843,LD001865,Rift Valley Fuels Ltd,35936,2026-07-01 10:29,Dispatched
DS001844,LD001866,Pioneer Fuels Kenya,34703,01/07/2026 16:38,Dispatched
DS001845,LD001867,Highland Energy Co,22898,2026-07-01 20:55,Dispatched
DS001846,LD001868,Kilele Fuels,30406,2026-07-01 13:42,Dispatched
DS001847,LD001869,Crescent Oil Ltd,34262,01/07/2026 21:58,Dispatched
DS001848,LD001870,Tsavo Energy Group,31696,2026-07-01 09:52,Dispatched
DS001849,LD001871,Mara Fuels,29637,2026-07-01 11:50,Dispatched
DS001850,LD001872,Mara Fuels,21335,2026-07-02 00:44,Dispatched
DS001851,LD001873,Zenith Petroleum,22764,01/07/2026 18:53,Dispatched
DS001852,LD001874,Amani Petroleum,28824,2026-07-01 17:26,Dispatched
DS001853,LD001875,Equator Fuels,30684,01/07/2026 11:29,Dispatched
DS001854,LD001876,Rift Valley Fuels Ltd,33689,2026-07-01 08:18,Dispatched
DS001855,LD001877,Savannah Petroleum,27304,2026-07-01 17:14,Dispatched
DS001856,LD001878,Mara Fuels,35173,01/07/2026 23:36,Dispatched
DS001857,LD001879,Zenith Petroleum,30705,01/07/2026 19:57,Dispatched
DS001858,LD001880,Equator Fuels,29677,2026-07-01 09:26,Dispatched
DS001859,LD001881,Equator Fuels,28803,2026-07-01 14:23,Dispatched
DS001860,LD001882,Horizon Oil Marketers,26169,2026-07-01 12:30,Dispatched
DS001861,LD001883,Nyanza Petroleum Co,22215,2026-07-01 20:32,Dispatched
DS001862,LD001884,Aberdare Oil Traders,24963,2026-07-01 15:32,Dispatched
DS001863,LD001885,Rift Valley Fuels Ltd,35324,2026-07-01 14:06,Dispatched
DS001864,LD001886,Delta Oil Marketers,31290,01/07/2026 14:14,Dispatched
DS001865,LD001887,Nyanza Petroleum Co,20356,2026-07-01 20:52,Dispatched
DS001866,LD001888,Tsavo Energy Group,22517,2026-07-01 20:35,Dispatched
DS001867,LD001889,Pioneer Fuels Kenya,28115,2026-07-01 15:23,Dispatched
DS001868,LD001890,Highland Energy Co,33692,2026-07-01 12:16,Dispatched
DS001869,LD001891,Nyanza Petroleum Co,31583,01/07/2026 10:00,Dispatched
DS001870,LD001892,Uhuru Energy Partners,29009,01/07/2026 08:08,Dispatched
DS001871,LD001893,Amani Petroleum,21363,01/07/2026 07:20,Dispatched
DS001872,LD001894,Mara Fuels,21267,2026-07-01 06:11,Dispatched
DS001873,LD001895,Summit Downstream Ltd,24977,2026-07-01 08:42,Dispatched
DS001874,LD001896,Kilele Fuels,34005,2026-07-01 12:00,Dispatched
DS001875,LD001898,Highland Energy Co,21448,01/07/2026 20:12,Dispatched
DS001876,LD001899,Horizon Oil Marketers,26740,2026-07-01 12:23,Dispatched
DS001877,LD001900,Pioneer Fuels Kenya,30121,2026-07-01 20:45,Dispatched
DS001878,LD001901,Delta Oil Marketers,33146,2026-07-01 07:59,Dispatched
DS001879,LD001902,Nyanza Petroleum Co,35767,01/07/2026 19:47,Dispatched
DS001880,LD001903,Baraka Downstream,29920,2026-07-01 21:18,Dispatched
DS001881,LD001904,Aberdare Oil Traders,29133,2026-07-01 12:05,Dispatched
DS001882,LD001905,Savannah Petroleum,35656,2026-07-01 16:30,Dispatched
DS001883,LD001906,Zenith Petroleum,30786,01/07/2026 12:42,Dispatched
DS001884,LD001907,Summit Downstream Ltd,27429,01/07/2026 20:23,Dispatched
DS001885,LD001908,Nyanza Petroleum Co,28170,2026-07-01 22:19,Dispatched
DS001886,LD001909,Kilele Fuels,30616,01/07/2026 19:57,Dispatched
DS001887,LD001911,Equator Fuels,29646,01/07/2026 20:17,Dispatched
DS001888,LD001912,Kilele Fuels,28854,01/07/2026 19:30,Dispatched
DS001889,LD001913,Summit Downstream Ltd,24473,2026-07-01 11:13,Dispatched
DS001890,LD001914,Baraka Downstream,31949,01/07/2026 22:05,Dispatched
DS001891,LD001915,,35954,2026-07-01 08:35,Dispatched
DS001892,LD001916,Zenith Petroleum,26973,01/07/2026 17:47,Dispatched
DS001893,LD001917,Mara Fuels,30955,2026-07-01 17:59,Dispatched
DS001894,LD001918,Coastline Energy Ltd,20961,01/07/2026 12:12,Dispatched
DS001895,LD001919,Crescent Oil Ltd,25338,2026-07-01 10:55,Dispatched
DS001896,LD001920,Nyanza Petroleum Co,20844,2026-07-01 15:10,Dispatched
DS001897,LD001921,Summit Downstream Ltd,26326,2026-07-01 06:43,Dispatched
DS001898,LD001922,Kilele Fuels,34695,2026-07-01 19:29,Dispatched
DS001899,LD001923,Mara Fuels,28059,2026-07-01 18:45,Dispatched
DS001900,LD001924,Summit Downstream Ltd,24250,01/07/2026 16:37,Dispatched
DS001901,LD001925,Lakeview Energy,22516,01/07/2026 16:34,Dispatched
DS001902,LD001926,Zenith Petroleum,29428,2026-07-01 20:33,Dispatched
DS001903,LD001927,Mara Fuels,34899,2026-07-01 06:49,Dispatched
DS001904,LD001928,Uhuru Energy Partners,28853,2026-07-01 15:16,Dispatched
DS001905,LD001929,Savannah Petroleum,21656,2026-07-01 17:09,Dispatched
DS001906,LD001930,Delta Oil Marketers,19056,01/07/2026 14:06,Dispatched
DS001907,LD001931,Amani Petroleum,20526,2026-07-01 18:19,Dispatched
DS001908,LD001932,Aberdare Oil Traders,27743,2026-07-01 10:34,Dispatched
DS001909,LD001933,Lakeview Energy,29504,2026-07-02 22:41,Dispatched
DS001910,LD001934,Lakeview Energy,20973,2026-07-02 09:35,Dispatched
DS001911,LD001935,Rift Valley Fuels Ltd,23795,2026-07-02 09:39,Dispatched
DS001912,LD001937,Lakeview Energy,24301,2026-07-02 14:34,Dispatched
DS001913,LD001938,Savannah Petroleum,27225,2026-07-02 15:09,Dispatched
DS001914,LD001939,Delta Oil Marketers,28868,2026-07-02 13:39,Dispatched
DS001915,LD001940,Tsavo Energy Group,28479,02/07/2026 09:02,Dispatched
DS001916,LD001941,Equator Fuels,31651,02/07/2026 23:43,Dispatched
DS001917,LD001942,Nyanza Petroleum Co,35591,2026-07-02 16:44,Dispatched
DS001918,LD001943,Uhuru Energy Partners,24487,2026-07-02 16:42,Dispatched
DS001919,LD001944,Tsavo Energy Group,29644,02/07/2026 15:48,Dispatched
DS001920,LD001945,Uhuru Energy Partners,26601,02/07/2026 08:29,Dispatched
DS001921,LD001946,Pioneer Fuels Kenya,23506,2026-07-02 09:09,Dispatched
DS001922,LD001947,Zenith Petroleum,23249,02/07/2026 18:26,Dispatched
DS001923,LD001948,Highland Energy Co,21457,02/07/2026 22:17,Dispatched
DS001924,LD001949,Kilele Fuels,32403,02/07/2026 19:21,Dispatched
DS001925,LD001950,Baraka Downstream,23369,02/07/2026 22:26,Dispatched
DS001926,LD001951,Mara Fuels,20409,02/07/2026 12:45,Dispatched
DS001927,LD001952,Tsavo Energy Group,31749,02/07/2026 07:17,Dispatched
DS001928,LD001953,Aberdare Oil Traders,28556,02/07/2026 23:00,Dispatched
DS001929,LD001954,Nyanza Petroleum Co,35396,02/07/2026 23:42,Dispatched
DS001930,LD001955,Savannah Petroleum,34437,2026-07-02 11:54,Dispatched
DS001931,LD001956,Nyanza Petroleum Co,25764,2026-07-02 16:38,Dispatched
DS001932,LD001957,Tsavo Energy Group,23676,2026-07-02 15:16,Cancelled
DS001933,LD001958,Coastline Energy Ltd,34860,02/07/2026 10:43,Dispatched
DS001934,LD001959,Rift Valley Fuels Ltd,27913,02/07/2026 21:34,Dispatched
DS001935,LD001960,Mara Fuels,35492,2026-07-02 15:49,Dispatched
DS001936,LD001961,Equator Fuels,25395,02/07/2026 16:49,Dispatched
DS001937,LD001962,Nyanza Petroleum Co,27145,02/07/2026 14:02,Dispatched
DS001938,LD001963,Baraka Downstream,28399,2026-07-02 10:06,Dispatched
DS001939,LD001964,Kilele Fuels,20905,2026-07-02 14:06,Dispatched
DS001940,LD001965,Nyanza Petroleum Co,35221,02/07/2026 08:24,Dispatched
DS001941,LD001966,Baraka Downstream,29025,2026-07-02 22:33,Dispatched
DS001942,LD001967,Equator Fuels,25681,02/07/2026 23:20,Dispatched
DS001943,LD001968,Equator Fuels,26573,02/07/2026 08:06,Dispatched
DS001944,LD001969,Rift Valley Fuels Ltd,20265,2026-07-02 21:14,Dispatched
DS001945,LD001970,Zenith Petroleum,24236,2026-07-02 20:59,Dispatched
DS001946,LD001971,Mara Fuels,29149,2026-07-02 20:55,Dispatched
DS001947,LD001972,Tsavo Energy Group,26675,2026-07-02 21:11,Dispatched
DS001948,LD001973,Delta Oil Marketers,20821,2026-07-02 16:48,Dispatched
DS001949,LD001974,Mara Fuels,24955,02/07/2026 19:17,Dispatched
DS001950,LD001975,Pioneer Fuels Kenya,33680,02/07/2026 17:36,Cancelled
DS001951,LD001976,Baraka Downstream,23940,02/07/2026 09:00,Dispatched
DS001952,LD001977,Mara Fuels,27028,2026-07-02 18:36,Dispatched
DS001953,LD001978,Uhuru Energy Partners,24154,02/07/2026 09:07,Dispatched
DS001954,LD001979,Equator Fuels,34380,02/07/2026 09:17,Dispatched
DS001955,LD001980,Savannah Petroleum,30718,02/07/2026 23:20,Dispatched
DS001956,LD001981,Nyanza Petroleum Co,30641,2026-07-02 15:03,Dispatched
DS001957,LD001982,Amani Petroleum,24953,2026-07-02 19:07,Dispatched
DS001958,LD001983,Pioneer Fuels Kenya,27823,2026-07-02 08:30,Dispatched
DS001959,LD001984,Zenith Petroleum,32989,02/07/2026 08:54,Dispatched
DS001960,LD001985,Crescent Oil Ltd,28908,2026-07-02 22:35,Dispatched
DS001961,LD001986,Crescent Oil Ltd,30645,02/07/2026 14:16,Dispatched
DS001962,LD001987,Rift Valley Fuels Ltd,30274,2026-07-02 15:42,Dispatched
DS001963,LD001988,Summit Downstream Ltd,21343,2026-07-02 08:40,Dispatched
DS001964,LD001989,Equator Fuels,31991,2026-07-02 17:00,Dispatched
DS001965,LD001990,Aberdare Oil Traders,24384,2026-07-02 14:05,Dispatched
DS001966,LD001991,Mara Fuels,34364,2026-07-02 12:05,Dispatched
DS001967,LD001992,Tsavo Energy Group,21507,2026-07-02 19:34,Dispatched
DS001968,LD001993,Crescent Oil Ltd,25165,2026-07-02 14:20,Dispatched
DS001969,LD001994,Rift Valley Fuels Ltd,22372,03/07/2026 16:39,Dispatched
DS001970,LD001995,Equator Fuels,31746,03/07/2026 12:24,Dispatched
DS001971,LD001996,Savannah Petroleum,26399,2026-07-03 08:07,Dispatched
DS001972,LD001997,Rift Valley Fuels Ltd,24956,2026-07-03 12:14,Dispatched
DS001973,LD001998,Pioneer Fuels Kenya,32757,2026-07-03 15:11,Dispatched
DS001974,LD001999,Baraka Downstream,30246,2026-07-03 21:16,Dispatched
DS001975,LD002000,Kilele Fuels,28557,03/07/2026 20:29,Dispatched
DS001976,LD002001,Coastline Energy Ltd,20782,03/07/2026 15:24,Dispatched
DS001977,LD002002,Kilele Fuels,20264,03/07/2026 11:49,Dispatched
DS001978,LD002003,Nyanza Petroleum Co,28661,2026-07-03 22:25,Dispatched
DS001979,LD002004,Delta Oil Marketers,23312,03/07/2026 17:54,Dispatched
DS001980,LD002005,Tsavo Energy Group,32717,03/07/2026 19:16,Dispatched
DS001981,LD002007,Baraka Downstream,25654,03/07/2026 15:35,Dispatched
DS001982,LD002008,Savannah Petroleum,20454,03/07/2026 11:39,Dispatched
DS001983,LD002009,Pioneer Fuels Kenya,26434,2026-07-03 12:03,Dispatched
DS001984,LD002010,Horizon Oil Marketers,23821,03/07/2026 20:00,Dispatched
DS001985,LD002011,Highland Energy Co,25367,03/07/2026 14:47,Dispatched
DS001986,LD002012,Zenith Petroleum,21328,03/07/2026 16:22,Dispatched
DS001987,LD002013,Horizon Oil Marketers,22443,03/07/2026 21:26,Dispatched
DS001988,LD002014,Rift Valley Fuels Ltd,29465,2026-07-03 13:56,Dispatched
DS001989,LD002015,Coastline Energy Ltd,34248,03/07/2026 09:56,Dispatched
DS001990,LD002016,Equator Fuels,32514,2026-07-03 09:58,Dispatched
DS001991,LD002017,Aberdare Oil Traders,28820,2026-07-03 08:41,Dispatched
DS001992,LD002018,Crescent Oil Ltd,20214,2026-07-03 07:23,Dispatched
DS001993,LD002019,Crescent Oil Ltd,22458,03/07/2026 21:31,Dispatched
DS001994,LD002020,Aberdare Oil Traders,34173,2026-07-03 18:44,Dispatched
DS001995,LD002021,Delta Oil Marketers,22237,03/07/2026 19:24,Dispatched
DS001996,LD002022,Aberdare Oil Traders,33840,03/07/2026 08:26,Dispatched
DS001997,LD002023,Crescent Oil Ltd,30924,03/07/2026 15:59,Dispatched
DS001998,LD002024,Crescent Oil Ltd,24822,03/07/2026 21:31,Dispatched
DS001999,LD002025,Amani Petroleum,20008,03/07/2026 08:24,Dispatched
DS002000,LD002026,Highland Energy Co,36019,2026-07-03 18:34,Dispatched
DS002001,LD002027,Kilele Fuels,24335,03/07/2026 23:07,Dispatched
DS002002,LD002028,Baraka Downstream,32831,2026-07-03 19:04,Dispatched
DS002003,LD002029,Tsavo Energy Group,35494,03/07/2026 05:57,Dispatched
DS002004,LD002030,Kilele Fuels,21937,2026-07-03 21:25,Dispatched
DS002005,LD002031,Delta Oil Marketers,30272,2026-07-03 06:42,Dispatched
DS002006,LD002032,Highland Energy Co,31693,03/07/2026 19:10,Dispatched
DS002007,LD002033,Lakeview Energy,35766,03/07/2026 20:31,Dispatched
DS002008,LD002034,Nyanza Petroleum Co,28178,04/07/2026 00:16,Dispatched
DS002009,LD002035,Tsavo Energy Group,31677,2026-07-03 09:11,Dispatched
DS002010,LD002036,Tsavo Energy Group,33317,03/07/2026 21:40,Dispatched
DS002011,LD002037,Baraka Downstream,26370,2026-07-03 11:01,Dispatched
DS002012,LD002038,Amani Petroleum,24994,03/07/2026 05:47,Dispatched
DS002013,LD002039,Nyanza Petroleum Co,28481,2026-07-03 10:38,Dispatched
DS002014,LD002040,Equator Fuels,27450,03/07/2026 22:48,Dispatched
DS002015,LD002041,Amani Petroleum,32709,2026-07-03 10:53,Dispatched
DS002016,LD002042,Tsavo Energy Group,25133,03/07/2026 09:27,Dispatched
DS002017,LD002043,Savannah Petroleum,20810,03/07/2026 14:07,Dispatched
DS002018,LD002044,Kilele Fuels,22040,2026-07-03 17:15,Dispatched
DS002019,LD002045,Uhuru Energy Partners,34754,03/07/2026 23:20,Dispatched
DS002020,LD002046,Delta Oil Marketers,28136,03/07/2026 21:59,Dispatched
DS002021,LD002047,Baraka Downstream,35469,2026-07-04 00:59,Dispatched
DS002022,LD002048,Mara Fuels,23396,03/07/2026 21:46,Dispatched
DS002023,LD002049,Delta Oil Marketers,26540,2026-07-03 21:29,Dispatched
DS002024,LD002050,Delta Oil Marketers,35086,2026-07-03 10:26,Dispatched
DS002025,LD002051,Aberdare Oil Traders,26167,03/07/2026 15:33,Dispatched
DS002026,LD002052,Nyanza Petroleum Co,29393,03/07/2026 17:10,Dispatched
DS002027,LD002053,Uhuru Energy Partners,31428,2026-07-03 23:06,Dispatched
DS002028,LD002054,Coastline Energy Ltd,31495,2026-07-03 12:37,Dispatched
DS002029,LD002055,Amani Petroleum,28107,03/07/2026 21:54,Dispatched
DS002030,LD002056,Mara Fuels,24245,03/07/2026 12:42,Dispatched
DS002031,LD002057,Aberdare Oil Traders,29703,03/07/2026 21:56,Dispatched
DS002032,LD002058,Horizon Oil Marketers,36003,2026-07-03 10:06,Dispatched
DS002033,LD002059,Aberdare Oil Traders,26013,03/07/2026 13:33,Dispatched
DS002034,LD002060,Aberdare Oil Traders,22852,2026-07-03 20:20,Dispatched
DS002035,LD002061,Summit Downstream Ltd,31412,03/07/2026 21:23,Dispatched
DS002036,LD002062,Lakeview Energy,24232,03/07/2026 07:18,Dispatched
DS002037,LD002063,Uhuru Energy Partners,25375,03/07/2026 10:55,Dispatched
DS002038,LD002064,Aberdare Oil Traders,22843,03/07/2026 16:55,Dispatched
DS002039,LD002065,Highland Energy Co,31238,03/07/2026 16:37,Dispatched
DS002040,LD002066,Nyanza Petroleum Co,20125,03/07/2026 17:42,Dispatched
DS002041,LD002067,Lakeview Energy,21685,2026-07-03 06:55,Dispatched
DS002042,LD002068,Uhuru Energy Partners,28179,2026-07-03 13:58,Dispatched
DS002043,LD002069,,33461,03/07/2026 12:47,Dispatched
DS002044,LD002070,Equator Fuels,21867,2026-07-03 19:54,Dispatched
DS002045,LD002071,Summit Downstream Ltd,28602,2026-07-03 20:42,Dispatched
DS002046,LD002072,Delta Oil Marketers,30045,2026-07-03 15:58,Dispatched
DS002047,LD002073,Crescent Oil Ltd,23766,2026-07-04 22:31,Dispatched
DS002048,LD002074,Summit Downstream Ltd,26867,2026-07-04 09:52,Dispatched
DS002049,LD002075,Nyanza Petroleum Co,23209,04/07/2026 18:48,Dispatched
DS002050,LD002076,Lakeview Energy,26094,2026-07-04 14:58,Dispatched
DS002051,LD002077,Rift Valley Fuels Ltd,29775,2026-07-04 17:53,Dispatched
DS002052,LD002078,Nyanza Petroleum Co,29705,04/07/2026 15:08,Dispatched
DS002053,LD002079,Amani Petroleum,26467,04/07/2026 22:53,Dispatched
DS002054,LD002080,Tsavo Energy Group,25095,04/07/2026 14:20,Dispatched
DS002055,LD002081,Baraka Downstream,26788,2026-07-04 15:28,Dispatched
DS002056,LD002082,Uhuru Energy Partners,25152,04/07/2026 11:03,Dispatched
DS002057,LD002083,Tsavo Energy Group,28065,2026-07-04 07:53,Dispatched
DS002058,LD002084,Lakeview Energy,21162,04/07/2026 13:54,Dispatched
DS002059,LD002085,Zenith Petroleum,34041,2026-07-04 22:15,Dispatched
DS002060,LD002086,Tsavo Energy Group,34436,2026-07-04 17:47,Dispatched
DS002061,LD002087,Delta Oil Marketers,27674,2026-07-04 12:54,Dispatched
DS002062,LD002088,Nyanza Petroleum Co,24809,04/07/2026 14:42,Dispatched
DS002063,LD002089,Summit Downstream Ltd,28160,04/07/2026 06:44,Dispatched
DS002064,LD002090,Highland Energy Co,31065,2026-07-04 20:19,Dispatched
DS002065,LD002091,Aberdare Oil Traders,33574,2026-07-04 20:34,Dispatched
DS002066,LD002092,Lakeview Energy,33637,2026-07-04 06:54,Dispatched
DS002067,LD002093,Summit Downstream Ltd,25870,2026-07-04 21:12,Dispatched
DS002068,LD002094,Uhuru Energy Partners,31527,2026-07-04 06:25,Dispatched
DS002069,LD002095,Coastline Energy Ltd,25238,04/07/2026 12:01,Dispatched
DS002070,LD002096,Summit Downstream Ltd,33442,04/07/2026 15:54,Dispatched
DS002071,LD002097,Nyanza Petroleum Co,25620,2026-07-04 20:51,Dispatched
DS002072,LD002098,Summit Downstream Ltd,31169,2026-07-04 19:14,Dispatched
DS002073,LD002099,Amani Petroleum,23065,04/07/2026 18:00,Dispatched
DS002074,LD002100,Amani Petroleum,30955,2026-07-04 12:46,Dispatched
DS002075,LD002101,Amani Petroleum,25393,2026-07-04 21:44,Dispatched
DS002076,LD002102,Crescent Oil Ltd,24026,04/07/2026 21:00,Dispatched
DS002077,LD002103,Amani Petroleum,22676,2026-07-04 22:24,Dispatched
DS002078,LD002104,Summit Downstream Ltd,24979,2026-07-04 12:24,Dispatched
DS002079,LD002105,Crescent Oil Ltd,31112,04/07/2026 12:59,Dispatched
DS002080,LD002106,Equator Fuels,30049,2026-07-04 06:10,Dispatched
DS002081,LD002107,,30884,2026-07-04 15:56,Dispatched
DS002082,LD002108,Lakeview Energy,27173,2026-07-04 22:01,Dispatched
DS002083,LD002109,Mara Fuels,24091,2026-07-04 21:47,Dispatched
DS002084,LD002110,Mara Fuels,32453,2026-07-05 01:21,Dispatched
DS002085,LD002111,Aberdare Oil Traders,30375,2026-07-04 22:39,Dispatched
DS002086,LD002112,Aberdare Oil Traders,31696,04/07/2026 21:29,Dispatched
DS002087,LD002113,Pioneer Fuels Kenya,23363,04/07/2026 19:30,Dispatched
DS002088,LD002114,Nyanza Petroleum Co,35031,04/07/2026 22:46,Dispatched
DS002089,LD002115,Zenith Petroleum,27557,2026-07-05 00:52,Dispatched
DS002090,LD002116,Crescent Oil Ltd,26448,04/07/2026 12:58,Dispatched
DS002091,LD002117,Summit Downstream Ltd,20205,2026-07-04 08:56,Dispatched
DS002092,LD002118,Horizon Oil Marketers,27164,04/07/2026 17:41,Dispatched
DS002093,LD002119,Nyanza Petroleum Co,26043,04/07/2026 20:26,Dispatched
DS002094,LD002120,Summit Downstream Ltd,20243,2026-07-04 17:54,Dispatched
DS002095,LD002121,Highland Energy Co,35660,2026-07-04 07:01,Dispatched
DS002096,LD002122,Tsavo Energy Group,24060,2026-07-04 07:02,Dispatched
DS002097,LD002123,Tsavo Energy Group,27269,04/07/2026 09:41,Dispatched
DS002098,LD002124,,28367,2026-07-04 08:29,Dispatched
DS002099,LD002125,Aberdare Oil Traders,20645,2026-07-04 22:56,Dispatched
DS002100,LD002126,Lakeview Energy,22088,04/07/2026 16:11,Dispatched
DS002101,LD002127,Delta Oil Marketers,29437,2026-07-04 22:26,Dispatched
DS002102,LD002128,Tsavo Energy Group,21170,04/07/2026 18:07,Dispatched
DS002103,LD002129,Summit Downstream Ltd,23945,04/07/2026 16:09,Dispatched
DS002104,LD002130,Baraka Downstream,34743,04/07/2026 21:13,Dispatched
DS002105,LD002131,Baraka Downstream,23010,04/07/2026 21:44,Dispatched
DS002106,LD002132,Uhuru Energy Partners,34371,2026-07-05 21:03,Dispatched
DS002107,LD002133,Tsavo Energy Group,28429,2026-07-05 08:32,Dispatched
DS002108,LD002134,Tsavo Energy Group,21079,05/07/2026 15:10,Dispatched
DS002109,LD002135,Uhuru Energy Partners,25336,2026-07-05 18:40,Dispatched
DS002110,LD002136,Uhuru Energy Partners,30639,05/07/2026 11:19,Dispatched
DS002111,LD002137,Amani Petroleum,27864,2026-07-05 10:00,Dispatched
DS002112,LD002138,Zenith Petroleum,30657,2026-07-05 06:29,Dispatched
DS002113,LD002139,Amani Petroleum,35150,05/07/2026 22:06,Dispatched
DS002114,LD002140,Crescent Oil Ltd,34893,2026-07-05 23:22,Dispatched
DS002115,LD002141,Highland Energy Co,32117,05/07/2026 23:22,Dispatched
DS002116,LD002142,Lakeview Energy,32336,2026-07-05 19:13,Dispatched
DS002117,LD002143,Mara Fuels,35374,2026-07-05 13:43,Dispatched
DS002118,LD002144,Nyanza Petroleum Co,25028,05/07/2026 07:45,Dispatched
DS002119,LD002145,Savannah Petroleum,30202,2026-07-05 22:57,Dispatched
DS002120,LD002146,Lakeview Energy,31357,2026-07-05 20:24,Dispatched
DS002121,LD002147,Crescent Oil Ltd,33955,2026-07-05 15:42,Dispatched
DS002122,LD002148,Summit Downstream Ltd,27774,2026-07-05 14:11,Dispatched
DS002123,LD002149,Mara Fuels,26057,05/07/2026 19:47,Dispatched
DS002124,LD002150,Coastline Energy Ltd,35852,05/07/2026 14:40,Dispatched
DS002125,LD002152,Horizon Oil Marketers,32409,2026-07-05 10:47,Dispatched
DS002126,LD002153,Horizon Oil Marketers,23490,05/07/2026 14:40,Dispatched
DS002127,LD002154,Crescent Oil Ltd,28009,05/07/2026 22:03,Dispatched
DS002128,LD002155,Equator Fuels,21913,2026-07-05 20:19,Dispatched
DS002129,LD002156,Tsavo Energy Group,34378,2026-07-05 08:48,Dispatched
DS002130,LD002157,Mara Fuels,23643,2026-07-05 17:13,Dispatched
DS002131,LD002158,Tsavo Energy Group,30145,05/07/2026 18:40,Dispatched
DS002132,LD002159,Delta Oil Marketers,21207,2026-07-05 14:04,Dispatched
DS002133,LD002160,Savannah Petroleum,27085,05/07/2026 14:42,Dispatched
DS002134,LD002161,Mara Fuels,26736,2026-07-05 18:43,Dispatched
DS002135,LD002162,Horizon Oil Marketers,21679,2026-07-05 07:47,Dispatched
DS002136,LD002163,Mara Fuels,34550,2026-07-06 00:45,Dispatched
DS002137,LD002164,Uhuru Energy Partners,24845,06/07/2026 00:00,Dispatched
DS002138,LD002165,Aberdare Oil Traders,35512,2026-07-05 11:30,Dispatched
DS002139,LD002166,Zenith Petroleum,25491,2026-07-05 08:24,Dispatched
DS002140,LD002167,Mara Fuels,28721,2026-07-05 07:57,Dispatched
DS002141,LD002168,Mara Fuels,34053,2026-07-05 08:53,Dispatched
DS002142,LD002169,Savannah Petroleum,26879,05/07/2026 08:47,Dispatched
DS002143,LD002170,Pioneer Fuels Kenya,20786,06/07/2026 01:35,Dispatched
DS002144,LD002171,Savannah Petroleum,33654,05/07/2026 19:46,Dispatched
DS002145,LD002172,Savannah Petroleum,34675,05/07/2026 14:56,Dispatched
DS002146,LD002173,Delta Oil Marketers,34588,2026-07-05 20:51,Dispatched
DS002147,LD002174,Nyanza Petroleum Co,20656,2026-07-05 23:33,Dispatched
DS002148,LD002175,Equator Fuels,24227,05/07/2026 06:14,Dispatched
DS002149,LD002176,Amani Petroleum,27751,05/07/2026 06:20,Dispatched
DS002150,LD002177,Uhuru Energy Partners,25147,05/07/2026 13:25,Dispatched
DS002151,LD002178,Baraka Downstream,26918,05/07/2026 16:20,Dispatched
DS002152,LD002179,Uhuru Energy Partners,24649,2026-07-05 10:17,Dispatched
DS002153,LD002180,Equator Fuels,29147,05/07/2026 20:05,Dispatched
DS002154,LD002181,Nyanza Petroleum Co,22230,2026-07-05 09:14,Dispatched
DS002155,LD002182,Summit Downstream Ltd,28548,2026-07-05 08:25,Dispatched
DS002156,LD002183,Horizon Oil Marketers,35361,05/07/2026 13:10,Dispatched
DS002157,LD002184,Baraka Downstream,21730,2026-07-05 21:55,Dispatched
DS002158,LD002185,Amani Petroleum,22684,2026-07-05 19:37,Dispatched
DS002159,LD002186,Summit Downstream Ltd,25667,05/07/2026 11:49,Dispatched
DS002160,LD002187,Savannah Petroleum,22073,05/07/2026 14:33,Dispatched
DS002161,LD002188,Kilele Fuels,20673,2026-07-05 08:48,Dispatched
DS002162,LD002189,Aberdare Oil Traders,31252,2026-07-05 10:17,Dispatched
DS002163,LD002190,Pioneer Fuels Kenya,27069,2026-07-05 22:53,Dispatched
DS002164,LD002191,Delta Oil Marketers,24230,05/07/2026 16:41,Dispatched
DS002165,LD002192,Nyanza Petroleum Co,24957,2026-07-05 11:55,Dispatched
DS002166,LD002193,Aberdare Oil Traders,23606,05/07/2026 17:11,Dispatched
DS002167,LD002194,Pioneer Fuels Kenya,33137,05/07/2026 07:46,Dispatched
DS002168,LD002195,Highland Energy Co,30605,05/07/2026 15:20,Dispatched
DS002169,LD002196,Baraka Downstream,29002,2026-07-05 21:52,Dispatched
DS002170,LD002197,Equator Fuels,28315,06/07/2026 07:28,Dispatched
DS002171,LD002198,Equator Fuels,28710,2026-07-06 14:38,Dispatched
DS002172,LD002199,Nyanza Petroleum Co,26335,2026-07-06 12:54,Dispatched
DS002173,LD002200,Mara Fuels,24393,2026-07-06 13:49,Dispatched
DS002174,LD002201,Uhuru Energy Partners,27480,2026-07-06 10:01,Dispatched
DS002175,LD002202,Highland Energy Co,20713,06/07/2026 09:14,Dispatched
DS002176,LD002203,Aberdare Oil Traders,28755,2026-07-06 10:44,Dispatched
DS002177,LD002204,Equator Fuels,27366,06/07/2026 21:54,Dispatched
DS002178,LD002205,Nyanza Petroleum Co,23097,2026-07-07 00:23,Dispatched
DS002179,LD002206,Delta Oil Marketers,28200,2026-07-06 07:34,Dispatched
DS002180,LD002207,Nyanza Petroleum Co,31147,2026-07-06 22:29,Dispatched
DS002181,LD002208,Kilele Fuels,24837,06/07/2026 18:27,Dispatched
DS002182,LD002209,Aberdare Oil Traders,22531,2026-07-06 07:42,Dispatched
DS002183,LD002211,Baraka Downstream,32422,2026-07-06 13:31,Dispatched
DS002184,LD002212,Uhuru Energy Partners,24524,06/07/2026 16:01,Dispatched
DS002185,LD002213,Savannah Petroleum,20340,2026-07-06 12:53,Dispatched
DS002186,LD002214,Lakeview Energy,22962,06/07/2026 12:36,Dispatched
DS002187,LD002215,Amani Petroleum,21026,2026-07-06 11:46,Dispatched
DS002188,LD002216,Crescent Oil Ltd,24168,2026-07-06 12:46,Dispatched
DS002189,LD002217,Mara Fuels,30998,2026-07-06 22:16,Dispatched
DS002190,LD002218,Highland Energy Co,23580,2026-07-06 16:26,Dispatched
DS002191,LD002219,Savannah Petroleum,35557,2026-07-06 11:33,Dispatched
DS002192,LD002220,Pioneer Fuels Kenya,27256,2026-07-06 20:43,Dispatched
DS002193,LD002221,Nyanza Petroleum Co,33103,07/07/2026 01:27,Dispatched
DS002194,LD002222,Mara Fuels,22866,07/07/2026 00:39,Dispatched
DS002195,LD002223,Tsavo Energy Group,31312,06/07/2026 10:53,Dispatched
DS002196,LD002224,Lakeview Energy,26694,2026-07-06 14:53,Dispatched
DS002197,LD002225,Mara Fuels,28304,07/07/2026 00:36,Dispatched
DS002198,LD002226,Rift Valley Fuels Ltd,22795,2026-07-06 06:52,Dispatched
DS002199,LD002227,Pioneer Fuels Kenya,32888,2026-07-06 11:46,Dispatched
DS002200,LD002228,Highland Energy Co,19967,06/07/2026 10:52,Dispatched
DS002201,LD002229,Summit Downstream Ltd,34668,2026-07-06 18:11,Dispatched
DS002202,LD002230,Lakeview Energy,35252,06/07/2026 14:34,Dispatched
DS002203,LD002231,Lakeview Energy,33376,2026-07-07 00:39,Dispatched
DS002204,LD002232,Amani Petroleum,23054,2026-07-06 22:25,Dispatched
DS002205,LD002233,Nyanza Petroleum Co,27257,06/07/2026 15:38,Dispatched
DS002206,LD002234,Amani Petroleum,29614,06/07/2026 22:48,Dispatched
DS002207,LD002235,Aberdare Oil Traders,23714,2026-07-06 10:44,Dispatched
DS002208,LD002236,Pioneer Fuels Kenya,34747,2026-07-06 12:22,Dispatched
DS002209,LD002237,Equator Fuels,26124,2026-07-06 09:14,Dispatched
DS002210,LD002238,Crescent Oil Ltd,29816,06/07/2026 08:19,Dispatched
DS002211,LD002239,Savannah Petroleum,33128,2026-07-06 09:09,Dispatched
DS002212,LD002240,Highland Energy Co,26348,06/07/2026 10:49,Dispatched
DS002213,LD002241,Tsavo Energy Group,30622,2026-07-06 14:45,Dispatched
DS002214,LD002242,Equator Fuels,25502,06/07/2026 20:14,Dispatched
DS002215,LD002243,Summit Downstream Ltd,27053,2026-07-06 07:39,Dispatched
DS002216,LD002244,Coastline Energy Ltd,26796,06/07/2026 15:26,Dispatched
DS002217,LD002245,Equator Fuels,29552,2026-07-06 22:17,Dispatched
DS002218,LD002246,Summit Downstream Ltd,28991,2026-07-06 09:49,Dispatched
DS002219,LD002247,Coastline Energy Ltd,21347,06/07/2026 18:35,Dispatched
DS002220,LD002248,Highland Energy Co,30533,06/07/2026 17:38,Dispatched
DS002221,LD002249,Coastline Energy Ltd,33296,06/07/2026 23:17,Dispatched
DS002222,LD002250,Nyanza Petroleum Co,35109,2026-07-06 09:07,Dispatched
DS002223,LD002251,Baraka Downstream,25171,2026-07-06 15:18,Dispatched
DS002224,LD002252,Coastline Energy Ltd,32947,2026-07-06 17:54,Dispatched
DS002225,LD002253,Zenith Petroleum,23774,2026-07-06 13:26,Dispatched
DS002226,LD002254,Nyanza Petroleum Co,28238,06/07/2026 10:38,Dispatched
DS002227,LD002255,Kilele Fuels,31756,06/07/2026 20:55,Dispatched
DS002228,LD002256,Pioneer Fuels Kenya,28900,2026-07-06 13:29,Dispatched
DS002229,LD002257,Mara Fuels,24112,06/07/2026 18:11,Dispatched
DS002230,LD002259,Uhuru Energy Partners,32625,07/07/2026 22:29,Dispatched
DS002231,LD002260,Rift Valley Fuels Ltd,23106,07/07/2026 12:37,Dispatched
DS002232,LD002261,Baraka Downstream,29510,2026-07-07 10:56,Dispatched
DS002233,LD002262,Delta Oil Marketers,33356,2026-07-07 18:07,Dispatched
DS002234,LD002263,Zenith Petroleum,35116,2026-07-07 14:06,Dispatched
DS002235,LD002264,Horizon Oil Marketers,27103,07/07/2026 10:12,Dispatched
DS002236,LD002265,Summit Downstream Ltd,28152,07/07/2026 13:29,Dispatched
DS002237,LD002266,Tsavo Energy Group,30677,07/07/2026 19:50,Dispatched
DS002238,LD002267,Mara Fuels,31625,2026-07-07 21:47,Dispatched
DS002239,LD002268,Amani Petroleum,28817,07/07/2026 16:48,Dispatched
DS002240,LD002269,Delta Oil Marketers,31946,2026-07-07 18:12,Dispatched
DS002241,LD002270,Baraka Downstream,31292,2026-07-07 10:02,Dispatched
DS002242,LD002271,Equator Fuels,31156,2026-07-07 07:48,Dispatched
DS002243,LD002272,Mara Fuels,30779,07/07/2026 20:06,Dispatched
DS002244,LD002273,Mara Fuels,31787,2026-07-07 16:02,Dispatched
DS002245,LD002274,Delta Oil Marketers,36092,07/07/2026 09:09,Dispatched
DS002246,LD002275,Aberdare Oil Traders,33027,2026-07-07 22:33,Dispatched
DS002247,LD002276,Amani Petroleum,24897,07/07/2026 23:57,Dispatched
DS002248,LD002277,Highland Energy Co,32786,2026-07-07 23:27,Dispatched
DS002249,LD002278,Zenith Petroleum,34159,07/07/2026 15:38,Dispatched
DS002250,LD002279,Rift Valley Fuels Ltd,29592,07/07/2026 21:07,Dispatched
DS002251,LD002280,Coastline Energy Ltd,30142,2026-07-07 09:14,Dispatched
DS002252,LD002281,Crescent Oil Ltd,35393,07/07/2026 12:01,Dispatched
DS002253,LD002282,Coastline Energy Ltd,22425,2026-07-07 19:05,Dispatched
DS002254,LD002283,Baraka Downstream,28115,07/07/2026 22:44,Dispatched
DS002255,LD002284,Mara Fuels,34429,2026-07-07 13:32,Dispatched
DS002256,LD002285,Equator Fuels,25731,07/07/2026 11:54,Dispatched
DS002257,LD002286,Pioneer Fuels Kenya,25199,2026-07-07 19:48,Dispatched
DS002258,LD002287,Summit Downstream Ltd,20849,2026-07-07 20:41,Dispatched
DS002259,LD002288,Equator Fuels,26854,07/07/2026 13:34,Dispatched
DS002260,LD002289,Nyanza Petroleum Co,22608,2026-07-07 17:32,Dispatched
DS002261,LD002290,Rift Valley Fuels Ltd,25108,07/07/2026 16:18,Dispatched
DS002262,LD002291,Rift Valley Fuels Ltd,20279,07/07/2026 19:20,Dispatched
DS002263,LD002292,Baraka Downstream,32998,07/07/2026 18:42,Dispatched
DS002264,LD002293,Lakeview Energy,21781,2026-07-07 17:32,Dispatched
DS002265,LD002294,Baraka Downstream,31598,2026-07-07 09:53,Dispatched
DS002266,LD002295,Equator Fuels,24733,07/07/2026 10:41,Dispatched
DS002267,LD002296,Amani Petroleum,31382,2026-07-07 16:56,Dispatched
DS002268,LD002297,Rift Valley Fuels Ltd,26588,2026-07-07 14:52,Dispatched
DS002269,LD002298,Savannah Petroleum,35571,2026-07-07 19:30,Dispatched
DS002270,LD002299,Crescent Oil Ltd,28345,2026-07-07 12:42,Dispatched
DS002271,LD002300,Savannah Petroleum,24349,07/07/2026 20:13,Dispatched
DS002272,LD002301,Mara Fuels,22772,2026-07-07 09:56,Dispatched
DS002273,LD002302,Uhuru Energy Partners,28012,07/07/2026 20:13,Dispatched
DS002274,LD002303,Rift Valley Fuels Ltd,22762,07/07/2026 13:56,Dispatched
DS002275,LD002304,Kilele Fuels,22335,07/07/2026 09:15,Dispatched
DS002276,LD002305,Rift Valley Fuels Ltd,29447,2026-07-07 12:15,Dispatched
DS002277,LD002306,Summit Downstream Ltd,34319,07/07/2026 21:29,Dispatched
DS002278,LD002307,Summit Downstream Ltd,31492,07/07/2026 15:31,Dispatched
DS002279,LD002308,Equator Fuels,31061,07/07/2026 13:24,Dispatched
DS002280,LD002309,Zenith Petroleum,25415,07/07/2026 12:28,Dispatched
DS002281,LD002310,Rift Valley Fuels Ltd,20726,07/07/2026 09:12,Dispatched
DS002282,LD002311,Summit Downstream Ltd,26955,07/07/2026 11:43,Dispatched
DS002283,LD002312,Kilele Fuels,22317,2026-07-07 17:38,Dispatched
DS002284,LD002313,Lakeview Energy,22199,07/07/2026 12:21,Dispatched
DS002285,LD002314,Tsavo Energy Group,22800,2026-07-07 08:53,Dispatched
DS002286,LD002315,Savannah Petroleum,29154,2026-07-07 16:41,Dispatched
DS002287,LD002316,Kilele Fuels,31264,07/07/2026 07:37,Dispatched
DS002288,LD002317,Baraka Downstream,32658,2026-07-07 09:45,Dispatched
DS002289,LD002318,Tsavo Energy Group,21393,08/07/2026 07:38,Dispatched
DS002290,LD002319,Amani Petroleum,34752,2026-07-08 11:51,Dispatched
DS002291,LD002320,Crescent Oil Ltd,29669,2026-07-08 22:37,Dispatched
DS002292,LD002321,Horizon Oil Marketers,31936,09/07/2026 00:56,Dispatched
DS002293,LD002322,Kilele Fuels,22645,2026-07-08 14:56,Dispatched
DS002294,LD002323,Delta Oil Marketers,24714,08/07/2026 11:05,Dispatched
DS002295,LD002324,Baraka Downstream,22100,09/07/2026 00:42,Dispatched
DS002296,LD002325,Tsavo Energy Group,28928,08/07/2026 10:44,Dispatched
DS002297,LD002326,Zenith Petroleum,29029,2026-07-08 10:01,Dispatched
DS002298,LD002327,Baraka Downstream,21276,08/07/2026 20:26,Dispatched
DS002299,LD002328,Pioneer Fuels Kenya,32744,08/07/2026 12:16,Dispatched
DS002300,LD002329,Highland Energy Co,30360,08/07/2026 23:10,Dispatched
DS002301,LD002330,Nyanza Petroleum Co,24807,2026-07-08 09:01,Dispatched
DS002302,LD002331,Baraka Downstream,20436,2026-07-08 16:21,Dispatched
DS002303,LD002332,Kilele Fuels,28381,2026-07-08 16:35,Dispatched
DS002304,LD002333,Zenith Petroleum,20591,08/07/2026 20:57,Dispatched
DS002305,LD002334,Highland Energy Co,34775,2026-07-08 21:24,Dispatched
DS002306,LD002335,Summit Downstream Ltd,29265,2026-07-08 22:02,Dispatched
DS002307,LD002336,Summit Downstream Ltd,30225,2026-07-08 23:27,Dispatched
DS002308,LD002337,Baraka Downstream,19384,2026-07-08 10:39,Dispatched
DS002309,LD002338,Highland Energy Co,24348,08/07/2026 08:39,Dispatched
DS002310,LD002340,Crescent Oil Ltd,35909,08/07/2026 18:09,Dispatched
DS002311,LD002341,Aberdare Oil Traders,28106,2026-07-08 10:30,Dispatched
DS002312,LD002342,Tsavo Energy Group,29839,2026-07-08 14:33,Dispatched
DS002313,LD002343,Crescent Oil Ltd,27559,08/07/2026 18:22,Dispatched
DS002314,LD002344,Summit Downstream Ltd,30446,2026-07-08 15:49,Dispatched
DS002315,LD002345,Lakeview Energy,30134,2026-07-08 10:57,Dispatched
DS002316,LD002346,Mara Fuels,29013,08/07/2026 21:37,Dispatched
DS002317,LD002347,Nyanza Petroleum Co,32567,08/07/2026 15:07,Dispatched
DS002318,LD002348,Highland Energy Co,26357,08/07/2026 21:36,Dispatched
DS002319,LD002349,Aberdare Oil Traders,33196,2026-07-08 23:06,Dispatched
DS002320,LD002350,Delta Oil Marketers,23461,08/07/2026 16:25,Dispatched
DS002321,LD002351,Crescent Oil Ltd,33259,08/07/2026 15:34,Dispatched
DS002322,LD002352,Delta Oil Marketers,22165,2026-07-08 11:06,Dispatched
DS002323,LD002353,Nyanza Petroleum Co,33364,08/07/2026 18:32,Dispatched
DS002324,LD002354,Mara Fuels,33418,2026-07-08 16:10,Dispatched
DS002325,LD002355,Tsavo Energy Group,22221,08/07/2026 13:12,Dispatched
DS002326,LD002356,Nyanza Petroleum Co,33968,08/07/2026 23:26,Dispatched
DS002327,LD002358,Zenith Petroleum,25942,2026-07-08 08:51,Dispatched
DS002328,LD002359,Highland Energy Co,26929,09/07/2026 00:22,Dispatched
DS002329,LD002360,Nyanza Petroleum Co,35019,2026-07-08 17:03,Dispatched
DS002330,LD002361,Mara Fuels,28513,08/07/2026 11:04,Dispatched
DS002331,LD002362,Pioneer Fuels Kenya,30336,08/07/2026 16:59,Dispatched
DS002332,LD002363,Delta Oil Marketers,20806,08/07/2026 10:51,Dispatched
DS002333,LD002364,Pioneer Fuels Kenya,21622,08/07/2026 16:34,Dispatched
DS002334,LD002365,Crescent Oil Ltd,23374,08/07/2026 11:18,Dispatched
DS002335,LD002366,Rift Valley Fuels Ltd,22466,2026-07-08 07:17,Dispatched
DS002336,LD002367,Nyanza Petroleum Co,32910,2026-07-08 13:40,Dispatched
DS002337,LD002368,,31472,08/07/2026 17:08,Dispatched
DS002338,LD002369,Tsavo Energy Group,24131,2026-07-08 19:48,Dispatched
DS002339,LD002370,Summit Downstream Ltd,24314,2026-07-08 22:25,Dispatched
DS002340,LD002371,Kilele Fuels,20731,2026-07-08 13:55,Dispatched
DS002341,LD002372,Rift Valley Fuels Ltd,21431,09/07/2026 11:03,Dispatched
DS002342,LD002373,Equator Fuels,30551,2026-07-09 08:37,Dispatched
DS002343,LD002374,Equator Fuels,29868,09/07/2026 08:50,Dispatched
DS002344,LD002375,Rift Valley Fuels Ltd,26943,2026-07-09 09:03,Dispatched
DS002345,LD002376,Highland Energy Co,27093,09/07/2026 13:12,Dispatched
DS002346,LD002377,Kilele Fuels,20603,09/07/2026 08:24,Dispatched
DS002347,LD002378,Zenith Petroleum,21629,2026-07-09 14:33,Dispatched
DS002348,LD002379,Baraka Downstream,21534,09/07/2026 06:51,Dispatched
DS002349,LD002380,Horizon Oil Marketers,35587,10/07/2026 01:07,Dispatched
DS002350,LD002381,Lakeview Energy,27045,09/07/2026 22:59,Dispatched
DS002351,LD002382,Pioneer Fuels Kenya,23303,2026-07-09 13:34,Dispatched
DS002352,LD002383,Pioneer Fuels Kenya,34348,09/07/2026 12:30,Dispatched
DS002353,LD002384,Mara Fuels,19342,09/07/2026 21:04,Dispatched
DS002354,LD002385,Nyanza Petroleum Co,20833,10/07/2026 00:47,Dispatched
DS002355,LD002386,Mara Fuels,33210,10/07/2026 00:24,Dispatched
DS002356,LD002387,Delta Oil Marketers,20602,09/07/2026 20:27,Dispatched
DS002357,LD002388,Mara Fuels,27410,09/07/2026 06:42,Dispatched
DS002358,LD002389,Pioneer Fuels Kenya,20522,09/07/2026 22:04,Dispatched
DS002359,LD002390,Nyanza Petroleum Co,34191,09/07/2026 07:36,Dispatched
DS002360,LD002391,Mara Fuels,30223,09/07/2026 13:40,Dispatched
DS002361,LD002392,Zenith Petroleum,34580,09/07/2026 09:02,Dispatched
DS002362,LD002393,Savannah Petroleum,31591,09/07/2026 12:46,Dispatched
DS002363,LD002394,Pioneer Fuels Kenya,30780,2026-07-10 00:01,Dispatched
DS002364,LD002395,Nyanza Petroleum Co,26987,09/07/2026 18:20,Dispatched
DS002365,LD002396,Nyanza Petroleum Co,32843,09/07/2026 15:28,Dispatched
DS002366,LD002397,Tsavo Energy Group,30628,09/07/2026 08:40,Dispatched
DS002367,LD002398,Pioneer Fuels Kenya,35434,09/07/2026 11:53,Dispatched
DS002368,LD002399,Equator Fuels,24055,2026-07-09 08:00,Dispatched
DS002369,LD002400,Rift Valley Fuels Ltd,24963,2026-07-09 14:33,Dispatched
DS002370,LD002401,Crescent Oil Ltd,35924,2026-07-09 22:08,Dispatched
DS002371,LD002402,Equator Fuels,33060,2026-07-09 10:14,Dispatched
DS002372,LD002403,Horizon Oil Marketers,30912,2026-07-09 11:00,Dispatched
DS002373,LD002405,Baraka Downstream,26449,09/07/2026 09:11,Dispatched
DS002374,LD002406,Crescent Oil Ltd,31786,2026-07-09 14:24,Dispatched
DS002375,LD002407,Mara Fuels,22862,2026-07-09 19:32,Dispatched
DS002376,LD002408,Amani Petroleum,31765,09/07/2026 15:41,Dispatched
DS002377,LD002409,Highland Energy Co,20270,2026-07-09 16:16,Dispatched
DS002378,LD002410,Mara Fuels,32624,2026-07-09 06:44,Dispatched
DS002379,LD002412,Rift Valley Fuels Ltd,35545,09/07/2026 08:58,Dispatched
DS002380,LD002413,Rift Valley Fuels Ltd,20686,09/07/2026 22:19,Dispatched
DS002381,LD002414,Zenith Petroleum,31338,09/07/2026 12:16,Dispatched
DS002382,LD002415,Rift Valley Fuels Ltd,33866,2026-07-09 10:50,Dispatched
DS002383,LD002416,Savannah Petroleum,35453,2026-07-09 23:28,Dispatched
DS002384,LD002417,Aberdare Oil Traders,32991,2026-07-10 00:18,Dispatched
DS002385,LD002418,Uhuru Energy Partners,27587,09/07/2026 10:12,Dispatched
DS002386,LD002419,Horizon Oil Marketers,29924,2026-07-09 17:27,Dispatched
DS002387,LD002420,Nyanza Petroleum Co,27194,09/07/2026 14:35,Dispatched
DS002388,LD002421,Pioneer Fuels Kenya,26945,09/07/2026 19:20,Dispatched
DS002389,LD002422,Lakeview Energy,33252,09/07/2026 17:00,Dispatched
DS002390,LD002423,Tsavo Energy Group,29913,09/07/2026 21:18,Dispatched
DS002391,LD002424,,25791,2026-07-09 15:45,Dispatched
DS002392,LD002425,Savannah Petroleum,31797,09/07/2026 23:43,Dispatched
DS002393,LD002426,Summit Downstream Ltd,26665,09/07/2026 09:45,Dispatched
DS002394,LD002427,Rift Valley Fuels Ltd,23697,2026-07-09 09:03,Dispatched
DS002395,LD002428,Rift Valley Fuels Ltd,29023,09/07/2026 11:31,Dispatched
DS002396,LD002429,Savannah Petroleum,25310,09/07/2026 14:23,Dispatched
DS002397,LD002430,Lakeview Energy,21818,09/07/2026 13:58,Dispatched
DS002398,LD002431,Coastline Energy Ltd,33015,09/07/2026 14:12,Dispatched
DS002399,LD002432,Pioneer Fuels Kenya,34619,2026-07-09 07:39,Dispatched
DS002400,LD002433,Aberdare Oil Traders,26637,2026-07-09 21:08,Dispatched
DS002401,LD002434,Summit Downstream Ltd,21963,2026-07-09 13:47,Dispatched
DS002402,LD002435,Baraka Downstream,20317,2026-07-09 18:31,Dispatched
DS002403,LD002436,Savannah Petroleum,23952,10/07/2026 21:46,Dispatched
DS002404,LD002437,Pioneer Fuels Kenya,28518,2026-07-10 15:58,Dispatched
DS002405,LD002438,Kilele Fuels,30584,10/07/2026 22:51,Dispatched
DS002406,LD002439,Nyanza Petroleum Co,19912,10/07/2026 15:44,Dispatched
DS002407,LD002440,Lakeview Energy,29704,10/07/2026 16:37,Dispatched
DS002408,LD002441,Pioneer Fuels Kenya,26104,2026-07-10 22:03,Dispatched
DS002409,LD002442,Nyanza Petroleum Co,35297,2026-07-10 23:11,Dispatched
DS002410,LD002443,Crescent Oil Ltd,24683,2026-07-10 20:53,Dispatched
DS002411,LD002444,Equator Fuels,26083,10/07/2026 09:56,Dispatched
DS002412,LD002445,Tsavo Energy Group,20324,10/07/2026 15:02,Dispatched
DS002413,LD002446,Pioneer Fuels Kenya,24024,11/07/2026 00:27,Dispatched
DS002414,LD002447,Aberdare Oil Traders,33216,2026-07-10 08:28,Dispatched
DS002415,LD002448,Kilele Fuels,26186,10/07/2026 09:28,Dispatched
DS002416,LD002449,Tsavo Energy Group,32351,2026-07-10 09:14,Dispatched
DS002417,LD002450,Lakeview Energy,34972,2026-07-11 00:34,Dispatched
DS002418,LD002451,Rift Valley Fuels Ltd,20290,10/07/2026 08:39,Dispatched
DS002419,LD002452,Summit Downstream Ltd,23082,10/07/2026 08:14,Dispatched
DS002420,LD002453,Zenith Petroleum,30381,2026-07-10 20:56,Dispatched
DS002421,LD002454,Rift Valley Fuels Ltd,19944,10/07/2026 19:20,Dispatched
DS002422,LD002455,Mara Fuels,25320,10/07/2026 20:57,Dispatched
DS002423,LD002456,Crescent Oil Ltd,25425,10/07/2026 09:19,Cancelled
DS002424,LD002457,Pioneer Fuels Kenya,20356,2026-07-10 21:48,Dispatched
DS002425,LD002458,Delta Oil Marketers,23678,2026-07-10 18:53,Dispatched
DS002426,LD002459,Horizon Oil Marketers,32174,2026-07-10 14:09,Dispatched
DS002427,LD002460,Delta Oil Marketers,30988,10/07/2026 19:38,Dispatched
DS002428,LD002461,Nyanza Petroleum Co,34891,2026-07-11 00:00,Dispatched
DS002429,LD002462,Summit Downstream Ltd,27033,10/07/2026 21:39,Dispatched
DS002430,LD002463,Crescent Oil Ltd,27482,10/07/2026 15:32,Dispatched
DS002431,LD002464,Aberdare Oil Traders,28902,2026-07-10 19:40,Dispatched
DS002432,LD002465,Mara Fuels,24645,10/07/2026 11:09,Dispatched
DS002433,LD002466,Uhuru Energy Partners,21621,2026-07-10 14:32,Dispatched
DS002434,LD002467,Highland Energy Co,25591,10/07/2026 15:00,Dispatched
DS002435,LD002468,Aberdare Oil Traders,29465,2026-07-10 19:17,Dispatched
DS002436,LD002469,Rift Valley Fuels Ltd,23069,10/07/2026 08:57,Dispatched
DS002437,LD002470,Nyanza Petroleum Co,21493,2026-07-10 09:11,Dispatched
DS002438,LD002471,Uhuru Energy Partners,31057,2026-07-10 13:19,Dispatched
DS002439,LD002472,Nyanza Petroleum Co,31416,10/07/2026 17:07,Dispatched
DS002440,LD002473,Tsavo Energy Group,20316,10/07/2026 07:34,Dispatched
DS002441,LD002474,Horizon Oil Marketers,23523,10/07/2026 09:59,Dispatched
DS002442,LD002475,Pioneer Fuels Kenya,34678,10/07/2026 15:11,Dispatched
DS002443,LD002476,Lakeview Energy,24109,10/07/2026 23:16,Dispatched
DS002444,LD002477,Savannah Petroleum,29926,2026-07-11 00:42,Dispatched
DS002445,LD002478,Horizon Oil Marketers,29738,2026-07-10 23:58,Dispatched
DS002446,LD002479,Nyanza Petroleum Co,32835,2026-07-10 10:16,Dispatched
DS002447,LD002480,Uhuru Energy Partners,20461,10/07/2026 16:23,Dispatched
DS002448,LD002481,Crescent Oil Ltd,29787,10/07/2026 19:03,Dispatched
DS002449,LD002482,Mara Fuels,32662,2026-07-10 08:19,Dispatched
DS002450,LD002483,Crescent Oil Ltd,34497,2026-07-10 11:13,Dispatched
DS002451,LD002484,Summit Downstream Ltd,26955,10/07/2026 14:00,Dispatched
DS002452,LD002485,Savannah Petroleum,21602,2026-07-10 08:37,Dispatched
DS002453,LD002486,Uhuru Energy Partners,35193,10/07/2026 17:59,Dispatched
DS002454,LD002487,Zenith Petroleum,23305,2026-07-10 14:54,Dispatched
DS002455,LD002488,Baraka Downstream,23879,10/07/2026 17:47,Dispatched
DS002456,LD002489,Aberdare Oil Traders,29562,10/07/2026 18:00,Dispatched
DS002457,LD002490,Mara Fuels,30137,2026-07-10 19:32,Dispatched
DS002458,LD002491,Uhuru Energy Partners,35201,2026-07-10 16:30,Dispatched
DS002459,LD002492,Kilele Fuels,22657,2026-07-10 07:56,Dispatched
DS002460,LD002493,Crescent Oil Ltd,21790,2026-07-11 00:00,Dispatched
DS002461,LD002494,Summit Downstream Ltd,31563,10/07/2026 19:58,Dispatched
DS002462,LD002495,Coastline Energy Ltd,30718,10/07/2026 18:07,Dispatched
DS002463,LD002496,,21843,2026-07-10 17:14,Dispatched
DS002464,LD002497,Baraka Downstream,32910,2026-07-10 10:40,Dispatched
DS002465,LD002498,Delta Oil Marketers,32468,10/07/2026 22:59,Dispatched
DS002466,LD002499,Tsavo Energy Group,27445,10/07/2026 10:19,Dispatched
DS002467,LD002500,Aberdare Oil Traders,22880,10/07/2026 22:30,Dispatched
DS002468,LD002501,Highland Energy Co,35539,10/07/2026 07:46,Dispatched
DS002469,LD002502,Baraka Downstream,33214,2026-07-10 22:20,Dispatched
DS002470,LD002503,Aberdare Oil Traders,33565,2026-07-10 08:14,Dispatched
DS002471,LD002504,Baraka Downstream,24724,10/07/2026 19:25,Dispatched
DS002472,LD002505,Delta Oil Marketers,20802,10/07/2026 14:46,Dispatched
DS002473,LD002506,Kilele Fuels,23560,11/07/2026 00:45,Dispatched
DS002474,LD002507,Tsavo Energy Group,31262,2026-07-11 16:31,Dispatched
DS002475,LD002508,Aberdare Oil Traders,27512,11/07/2026 18:22,Dispatched
DS002476,LD002509,Kilele Fuels,29714,2026-07-11 16:57,Dispatched
DS002477,LD002510,Kilele Fuels,24335,2026-07-11 12:40,Dispatched
DS002478,LD002511,Equator Fuels,22586,11/07/2026 19:27,Dispatched
DS002479,LD002512,Highland Energy Co,21053,2026-07-11 13:23,Dispatched
DS002480,LD002513,Rift Valley Fuels Ltd,29017,2026-07-11 18:44,Dispatched
DS002481,LD002514,Mara Fuels,27448,2026-07-11 08:49,Dispatched
DS002482,LD002515,Highland Energy Co,32335,2026-07-11 15:06,Dispatched
DS002483,LD002516,Coastline Energy Ltd,21123,11/07/2026 13:56,Dispatched
DS002484,LD002517,Delta Oil Marketers,27106,2026-07-11 20:12,Dispatched
DS002485,LD002518,Aberdare Oil Traders,34976,11/07/2026 12:44,Dispatched
DS002486,LD002519,Highland Energy Co,28390,2026-07-11 07:22,Dispatched
DS002487,LD002520,Highland Energy Co,26082,2026-07-11 13:03,Dispatched
DS002488,LD002521,Highland Energy Co,35725,11/07/2026 09:15,Dispatched
DS002489,LD002522,Amani Petroleum,20753,11/07/2026 20:57,Dispatched
DS002490,LD002523,Pioneer Fuels Kenya,28944,11/07/2026 17:49,Dispatched
DS002491,LD002524,Baraka Downstream,24097,2026-07-11 20:22,Dispatched
DS002492,LD002525,Summit Downstream Ltd,20293,12/07/2026 00:07,Dispatched
DS002493,LD002526,Nyanza Petroleum Co,35784,12/07/2026 00:36,Dispatched
DS002494,LD002527,Horizon Oil Marketers,22137,2026-07-11 08:56,Dispatched
DS002495,LD002528,Pioneer Fuels Kenya,33914,2026-07-11 13:17,Dispatched
DS002496,LD002529,Horizon Oil Marketers,24077,11/07/2026 09:55,Dispatched
DS002497,LD002530,Kilele Fuels,20734,2026-07-11 23:52,Dispatched
DS002498,LD002531,Delta Oil Marketers,24131,2026-07-12 00:28,Dispatched
DS002499,LD002532,Summit Downstream Ltd,24479,11/07/2026 12:48,Dispatched
DS002500,LD002533,Mara Fuels,30256,11/07/2026 17:30,Dispatched
DS002501,LD002534,Highland Energy Co,33267,2026-07-11 15:24,Dispatched
DS002502,LD002535,Horizon Oil Marketers,31963,11/07/2026 17:10,Dispatched
DS002503,LD002536,,30213,2026-07-11 20:28,Dispatched
DS002504,LD002537,Lakeview Energy,21565,2026-07-11 20:16,Dispatched
DS002505,LD002538,Aberdare Oil Traders,21527,2026-07-11 18:58,Dispatched
DS002506,LD002539,Lakeview Energy,20956,11/07/2026 17:50,Dispatched
DS002507,LD002540,Mara Fuels,28488,2026-07-11 22:34,Dispatched
DS002508,LD002541,Amani Petroleum,22501,11/07/2026 21:25,Dispatched
DS002509,LD002542,Coastline Energy Ltd,24796,2026-07-12 00:36,Dispatched
DS002510,LD002543,Rift Valley Fuels Ltd,20620,11/07/2026 20:36,Dispatched
DS002511,LD002544,Crescent Oil Ltd,35207,11/07/2026 22:53,Dispatched
DS002512,LD002545,Lakeview Energy,24615,2026-07-11 22:30,Dispatched
DS002513,LD002546,Uhuru Energy Partners,20453,2026-07-11 08:55,Dispatched
DS002514,LD002547,Highland Energy Co,29017,11/07/2026 23:04,Dispatched
DS002515,LD002548,Rift Valley Fuels Ltd,31257,11/07/2026 09:55,Dispatched
DS002516,LD002549,Mara Fuels,21932,2026-07-11 19:54,Dispatched
DS002517,LD002550,Baraka Downstream,33612,2026-07-11 10:23,Cancelled
DS002518,LD002551,Highland Energy Co,22388,11/07/2026 11:25,Dispatched
DS002519,LD002552,Tsavo Energy Group,25698,11/07/2026 19:52,Dispatched
DS002520,LD002553,Savannah Petroleum,27752,11/07/2026 10:10,Dispatched
DS002521,LD002554,Highland Energy Co,27738,11/07/2026 10:44,Dispatched
DS002522,LD002555,Uhuru Energy Partners,26314,2026-07-11 09:20,Dispatched
DS002523,LD002556,Rift Valley Fuels Ltd,29114,11/07/2026 17:09,Dispatched
DS002524,LD002558,Delta Oil Marketers,21922,2026-07-11 11:14,Dispatched
DS002525,LD002559,Savannah Petroleum,29350,2026-07-11 15:02,Dispatched
DS002526,LD002560,Kilele Fuels,33548,2026-07-11 15:57,Dispatched
DS002527,LD002561,,35536,12/07/2026 01:00,Dispatched
DS002528,LD002562,Horizon Oil Marketers,22678,2026-07-11 07:37,Dispatched
DS002529,LD002563,Lakeview Energy,29086,2026-07-11 10:32,Dispatched
DS002530,LD002564,Kilele Fuels,22632,2026-07-11 14:15,Dispatched
DS002531,LD002565,Uhuru Energy Partners,30535,11/07/2026 21:05,Dispatched
DS002532,LD002567,Baraka Downstream,27204,2026-07-11 14:12,Dispatched
DS002533,LD002568,Uhuru Energy Partners,24545,2026-07-11 14:03,Dispatched
DS002534,LD002569,Lakeview Energy,33750,2026-07-11 09:27,Dispatched
DS002535,LD002570,Coastline Energy Ltd,25456,11/07/2026 12:35,Dispatched
DS002536,LD002571,Baraka Downstream,24318,11/07/2026 16:27,Dispatched
DS002537,LD002572,Kilele Fuels,27449,2026-07-11 11:26,Dispatched
DS002538,LD002573,Nyanza Petroleum Co,33957,2026-07-11 23:42,Dispatched
DS002539,LD002574,Uhuru Energy Partners,33528,2026-07-11 14:25,Dispatched
DS002540,LD002575,Aberdare Oil Traders,26411,2026-07-11 13:50,Dispatched
DS002541,LD002576,Nyanza Petroleum Co,28359,11/07/2026 11:15,Dispatched
DS002542,LD002577,Savannah Petroleum,28303,2026-07-11 12:03,Dispatched
DS002543,LD002578,Zenith Petroleum,33356,2026-07-12 08:21,Dispatched
DS002544,LD002579,Equator Fuels,27741,12/07/2026 19:04,Dispatched
DS002545,LD002580,Mara Fuels,22488,12/07/2026 17:53,Dispatched
DS002546,LD002581,Nyanza Petroleum Co,25378,12/07/2026 10:38,Dispatched
DS002547,LD002582,Crescent Oil Ltd,26360,12/07/2026 19:46,Dispatched
DS002548,LD002583,Summit Downstream Ltd,32106,2026-07-12 21:27,Dispatched
DS002549,LD002584,Crescent Oil Ltd,33494,12/07/2026 20:00,Dispatched
DS002550,LD002585,Tsavo Energy Group,35667,2026-07-12 09:06,Dispatched
DS002551,LD002586,Pioneer Fuels Kenya,25538,2026-07-12 18:29,Dispatched
DS002552,LD002587,Mara Fuels,26792,12/07/2026 07:59,Dispatched
DS002553,LD002588,Crescent Oil Ltd,28522,2026-07-12 16:04,Dispatched
DS002554,LD002589,Kilele Fuels,33100,2026-07-12 21:06,Dispatched
DS002555,LD002590,Zenith Petroleum,33239,12/07/2026 09:59,Dispatched
DS002556,LD002591,Rift Valley Fuels Ltd,24464,12/07/2026 07:37,Dispatched
DS002557,LD002592,Pioneer Fuels Kenya,26940,12/07/2026 06:55,Dispatched
DS002558,LD002593,Savannah Petroleum,31544,2026-07-12 13:04,Dispatched
DS002559,LD002594,Crescent Oil Ltd,23569,12/07/2026 15:43,Dispatched
DS002560,LD002595,Nyanza Petroleum Co,25875,2026-07-12 18:57,Dispatched
DS002561,LD002596,Savannah Petroleum,22566,12/07/2026 17:41,Dispatched
DS002562,LD002597,Highland Energy Co,26888,2026-07-12 19:33,Dispatched
DS002563,LD002598,Nyanza Petroleum Co,28840,12/07/2026 07:58,Dispatched
DS002564,LD002599,Equator Fuels,31172,2026-07-12 12:28,Dispatched
DS002565,LD002600,Summit Downstream Ltd,35238,2026-07-12 06:21,Dispatched
DS002566,LD002601,Zenith Petroleum,28089,2026-07-12 12:52,Dispatched
DS002567,LD002602,Baraka Downstream,22248,12/07/2026 17:16,Dispatched
DS002568,LD002603,Pioneer Fuels Kenya,28559,2026-07-12 14:28,Dispatched
DS002569,LD002604,Horizon Oil Marketers,25328,12/07/2026 16:54,Dispatched
DS002570,LD002605,Savannah Petroleum,30468,12/07/2026 19:36,Dispatched
DS002571,LD002606,Baraka Downstream,20402,2026-07-12 13:47,Dispatched
DS002572,LD002607,Baraka Downstream,20216,2026-07-12 15:06,Dispatched
DS002573,LD002608,Pioneer Fuels Kenya,25546,12/07/2026 20:13,Dispatched
DS002574,LD002609,Tsavo Energy Group,32635,12/07/2026 11:15,Dispatched
DS002575,LD002610,Nyanza Petroleum Co,33739,2026-07-12 07:41,Dispatched
DS002576,LD002611,Zenith Petroleum,23371,12/07/2026 11:01,Dispatched
DS002577,LD002612,Rift Valley Fuels Ltd,33148,12/07/2026 22:53,Dispatched
DS002578,LD002613,Tsavo Energy Group,33422,12/07/2026 17:29,Dispatched
DS002579,LD002614,Tsavo Energy Group,35045,2026-07-12 21:35,Dispatched
DS002580,LD002615,Horizon Oil Marketers,30028,12/07/2026 23:12,Dispatched
DS002581,LD002616,Horizon Oil Marketers,26848,2026-07-12 09:45,Dispatched
DS002582,LD002617,Highland Energy Co,32840,2026-07-12 17:55,Dispatched
DS002583,LD002618,Horizon Oil Marketers,21889,2026-07-12 21:40,Dispatched
DS002584,LD002619,Nyanza Petroleum Co,24724,12/07/2026 16:44,Dispatched
DS002585,LD002620,Baraka Downstream,20508,12/07/2026 20:03,Dispatched
DS002586,LD002621,Coastline Energy Ltd,32148,12/07/2026 15:41,Dispatched
DS002587,LD002622,Rift Valley Fuels Ltd,31839,12/07/2026 21:14,Dispatched
DS002588,LD002623,Baraka Downstream,32317,12/07/2026 13:01,Dispatched
DS002589,LD002624,Equator Fuels,26130,12/07/2026 16:14,Dispatched
DS002590,LD002625,Crescent Oil Ltd,26858,2026-07-12 17:13,Dispatched
DS002591,LD002626,Savannah Petroleum,24039,12/07/2026 06:20,Dispatched
DS002592,LD002627,Kilele Fuels,29405,2026-07-12 11:31,Dispatched
DS002593,LD002628,Baraka Downstream,27831,12/07/2026 13:52,Dispatched
DS002594,LD002629,Rift Valley Fuels Ltd,28695,12/07/2026 20:07,Dispatched
DS002595,LD002630,Kilele Fuels,24501,2026-07-12 14:47,Dispatched
DS002596,LD002631,Lakeview Energy,25561,2026-07-12 15:03,Dispatched
DS002597,LD002632,Coastline Energy Ltd,26953,2026-07-12 09:24,Dispatched
DS002598,LD002633,Horizon Oil Marketers,19466,12/07/2026 22:54,Dispatched
DS002599,LD002634,Aberdare Oil Traders,25527,13/07/2026 01:51,Dispatched
DS002600,LD002635,Equator Fuels,28008,2026-07-12 10:51,Dispatched
DS002601,LD002636,Highland Energy Co,20359,2026-07-12 17:26,Dispatched
DS002602,LD002637,Nyanza Petroleum Co,27794,2026-07-12 07:31,Dispatched
DS002603,LD002638,Pioneer Fuels Kenya,25242,2026-07-12 09:12,Dispatched
DS002604,LD002639,Summit Downstream Ltd,28806,12/07/2026 20:50,Dispatched
DS002605,LD002640,Rift Valley Fuels Ltd,20602,13/07/2026 20:31,Dispatched
DS002606,LD002641,Tsavo Energy Group,23208,13/07/2026 11:41,Dispatched
DS002607,LD002642,Equator Fuels,30567,13/07/2026 10:48,Dispatched
DS002608,LD002643,Mara Fuels,29405,14/07/2026 00:52,Dispatched
DS002609,LD002644,Crescent Oil Ltd,21271,13/07/2026 23:03,Dispatched
DS002610,LD002645,Lakeview Energy,21957,2026-07-13 17:25,Dispatched
DS002611,LD002646,Nyanza Petroleum Co,30518,2026-07-14 00:21,Dispatched
DS002612,LD002647,Zenith Petroleum,26382,13/07/2026 13:28,Dispatched
DS002613,LD002648,Savannah Petroleum,31772,2026-07-13 13:29,Dispatched
DS002614,LD002649,Amani Petroleum,35070,13/07/2026 17:33,Dispatched
DS002615,LD002650,Summit Downstream Ltd,34634,2026-07-13 21:23,Dispatched
DS002616,LD002651,Pioneer Fuels Kenya,29240,13/07/2026 20:17,Dispatched
DS002617,LD002652,Uhuru Energy Partners,20326,2026-07-13 17:10,Dispatched
DS002618,LD002653,Lakeview Energy,34967,14/07/2026 00:21,Dispatched
DS002619,LD002654,Rift Valley Fuels Ltd,28472,2026-07-13 14:58,Dispatched
DS002620,LD002655,Summit Downstream Ltd,22342,2026-07-13 17:02,Dispatched
DS002621,LD002656,Horizon Oil Marketers,26786,2026-07-13 20:48,Dispatched
DS002622,LD002657,Nyanza Petroleum Co,21779,13/07/2026 15:46,Dispatched
DS002623,LD002658,Coastline Energy Ltd,32620,2026-07-13 10:21,Dispatched
DS002624,LD002659,Horizon Oil Marketers,31386,2026-07-13 11:28,Dispatched
DS002625,LD002660,Pioneer Fuels Kenya,31122,13/07/2026 09:07,Dispatched
DS002626,LD002661,Highland Energy Co,31413,13/07/2026 07:04,Dispatched
DS002627,LD002662,Tsavo Energy Group,32804,13/07/2026 18:43,Dispatched
DS002628,LD002663,Highland Energy Co,22545,2026-07-13 19:40,Dispatched
DS002629,LD002664,Tsavo Energy Group,20189,2026-07-13 15:46,Dispatched
DS002630,LD002665,Horizon Oil Marketers,26830,2026-07-13 21:28,Dispatched
DS002631,LD002666,Mara Fuels,22725,13/07/2026 19:21,Dispatched
DS002632,LD002667,Baraka Downstream,24827,2026-07-13 20:08,Dispatched
DS002633,LD002668,Rift Valley Fuels Ltd,35061,13/07/2026 12:34,Dispatched
DS002634,LD002669,Baraka Downstream,25335,13/07/2026 18:13,Dispatched
DS002635,LD002670,Amani Petroleum,34039,2026-07-13 17:29,Dispatched
DS002636,LD002671,Tsavo Energy Group,21767,13/07/2026 22:27,Dispatched
DS002637,LD002672,Uhuru Energy Partners,20464,2026-07-13 13:18,Dispatched
DS002638,LD002673,Summit Downstream Ltd,20267,2026-07-13 14:03,Dispatched
DS002639,LD002674,Savannah Petroleum,21764,13/07/2026 12:05,Dispatched
DS002640,LD002675,Summit Downstream Ltd,33472,2026-07-13 11:59,Dispatched
DS002641,LD002676,Nyanza Petroleum Co,20188,13/07/2026 23:21,Dispatched
DS002642,LD002677,Nyanza Petroleum Co,33556,13/07/2026 12:29,Dispatched
DS002643,LD002678,Amani Petroleum,31565,13/07/2026 12:37,Cancelled
DS002644,LD002679,Nyanza Petroleum Co,29827,2026-07-13 21:32,Dispatched
DS002645,LD002680,Zenith Petroleum,27327,2026-07-13 09:58,Dispatched
DS002646,LD002681,Savannah Petroleum,33959,2026-07-14 00:32,Dispatched
DS002647,LD002682,Amani Petroleum,32412,13/07/2026 10:17,Dispatched
DS002648,LD002683,Horizon Oil Marketers,23855,13/07/2026 08:30,Dispatched
DS002649,LD002684,Highland Energy Co,20207,2026-07-13 23:27,Dispatched
DS002650,LD002685,Uhuru Energy Partners,25416,2026-07-13 21:39,Dispatched
DS002651,LD002686,Mara Fuels,29873,13/07/2026 22:23,Dispatched
DS002652,LD002687,Baraka Downstream,24184,2026-07-13 13:38,Dispatched
DS002653,LD002688,Baraka Downstream,29118,2026-07-13 16:03,Dispatched
DS002654,LD002689,Zenith Petroleum,29554,13/07/2026 11:59,Dispatched
DS002655,LD002690,Summit Downstream Ltd,30830,13/07/2026 08:23,Dispatched
DS002656,LD002691,Horizon Oil Marketers,26239,2026-07-13 13:31,Dispatched
DS002657,LD002693,Baraka Downstream,25886,2026-07-14 00:24,Dispatched
DS002658,LD002695,Zenith Petroleum,25895,13/07/2026 22:24,Dispatched
DS002659,LD002696,Mara Fuels,29342,2026-07-13 08:47,Dispatched
DS002660,LD002697,Aberdare Oil Traders,23231,13/07/2026 19:18,Dispatched
DS002661,LD002698,Pioneer Fuels Kenya,27982,2026-07-13 14:18,Dispatched
DS002662,LD002699,Mara Fuels,35690,13/07/2026 13:04,Dispatched
DS002663,LD002700,Baraka Downstream,27063,13/07/2026 08:39,Dispatched
DS002664,LD002701,Delta Oil Marketers,25423,2026-07-13 10:02,Dispatched
DS002665,LD002702,Pioneer Fuels Kenya,29200,2026-07-13 08:42,Dispatched
DS002666,LD002703,Savannah Petroleum,26028,13/07/2026 20:12,Dispatched
DS002667,LD002704,Delta Oil Marketers,33882,2026-07-13 21:31,Dispatched
DS002668,LD002705,Rift Valley Fuels Ltd,24838,13/07/2026 18:31,Dispatched
DS002669,LD002706,Nyanza Petroleum Co,25918,14/07/2026 20:59,Dispatched
DS002670,LD002707,Summit Downstream Ltd,20711,14/07/2026 08:21,Dispatched
DS002671,LD002708,Savannah Petroleum,20148,14/07/2026 10:09,Dispatched
DS002672,LD002709,Summit Downstream Ltd,26298,14/07/2026 18:35,Dispatched
DS002673,LD002710,Baraka Downstream,35813,2026-07-14 06:31,Dispatched
DS002674,LD002711,Uhuru Energy Partners,26869,2026-07-15 00:34,Dispatched
DS002675,LD002712,Equator Fuels,27690,2026-07-14 10:24,Dispatched
DS002676,LD002713,Rift Valley Fuels Ltd,26796,2026-07-14 17:10,Dispatched
DS002677,LD002714,Summit Downstream Ltd,21834,2026-07-14 08:58,Dispatched
DS002678,LD002715,Horizon Oil Marketers,36082,2026-07-14 20:31,Cancelled
DS002679,LD002716,Mara Fuels,28890,14/07/2026 20:10,Dispatched
DS002680,LD002717,Zenith Petroleum,34753,14/07/2026 11:43,Dispatched
DS002681,LD002718,Coastline Energy Ltd,28027,14/07/2026 14:12,Dispatched
DS002682,LD002719,Pioneer Fuels Kenya,24068,2026-07-15 01:28,Dispatched
DS002683,LD002720,Uhuru Energy Partners,26836,2026-07-14 21:42,Dispatched
DS002684,LD002721,Aberdare Oil Traders,26002,14/07/2026 15:40,Dispatched
DS002685,LD002722,Crescent Oil Ltd,31619,14/07/2026 13:25,Dispatched
DS002686,LD002723,Pioneer Fuels Kenya,25348,2026-07-14 16:16,Dispatched
DS002687,LD002724,Baraka Downstream,25417,2026-07-14 23:22,Dispatched
DS002688,LD002725,Equator Fuels,35478,14/07/2026 22:50,Dispatched
DS002689,LD002726,Rift Valley Fuels Ltd,21143,14/07/2026 12:51,Dispatched
DS002690,LD002727,Delta Oil Marketers,31104,14/07/2026 12:43,Dispatched
DS002691,LD002728,Equator Fuels,21397,15/07/2026 00:06,Dispatched
DS002692,LD002729,Baraka Downstream,26144,14/07/2026 12:45,Dispatched
DS002693,LD002730,Coastline Energy Ltd,31348,14/07/2026 21:19,Dispatched
DS002694,LD002731,Zenith Petroleum,24710,14/07/2026 07:14,Dispatched
DS002695,LD002732,Summit Downstream Ltd,31521,14/07/2026 21:09,Dispatched
DS002696,LD002733,Delta Oil Marketers,28525,2026-07-14 18:10,Dispatched
DS002697,LD002734,Aberdare Oil Traders,27825,14/07/2026 11:54,Dispatched
DS002698,LD002735,Summit Downstream Ltd,35633,14/07/2026 17:44,Dispatched
DS002699,LD002736,Tsavo Energy Group,34446,2026-07-14 12:16,Dispatched
DS002700,LD002737,Coastline Energy Ltd,29397,2026-07-14 13:43,Dispatched
DS002701,LD002738,Coastline Energy Ltd,30825,14/07/2026 10:53,Dispatched
DS002702,LD002739,Highland Energy Co,29433,14/07/2026 20:35,Dispatched
DS002703,LD002740,Aberdare Oil Traders,25699,14/07/2026 11:06,Dispatched
DS002704,LD002741,Delta Oil Marketers,28394,14/07/2026 08:24,Dispatched
DS002705,LD002742,Equator Fuels,20891,2026-07-14 08:58,Dispatched
DS002706,LD002743,Tsavo Energy Group,32653,2026-07-14 19:03,Dispatched
DS002707,LD002744,Kilele Fuels,30330,2026-07-14 18:07,Dispatched
DS002708,LD002745,Crescent Oil Ltd,30425,14/07/2026 22:00,Dispatched
DS002709,LD002746,Horizon Oil Marketers,29032,14/07/2026 18:08,Dispatched
DS002710,LD002747,Uhuru Energy Partners,34831,2026-07-14 13:38,Dispatched
DS002711,LD002748,Kilele Fuels,24494,14/07/2026 21:23,Dispatched
DS002712,LD002749,Delta Oil Marketers,25609,2026-07-14 12:43,Dispatched
DS002713,LD002750,Aberdare Oil Traders,20458,2026-07-14 07:58,Dispatched
DS002714,LD002751,Nyanza Petroleum Co,29890,14/07/2026 13:36,Dispatched
DS002715,LD002752,Aberdare Oil Traders,34868,14/07/2026 05:51,Dispatched
DS002716,LD002753,Lakeview Energy,20814,2026-07-14 16:08,Dispatched
DS002717,LD002754,Baraka Downstream,30803,14/07/2026 12:15,Dispatched
DS002718,LD002755,Aberdare Oil Traders,35957,14/07/2026 20:33,Dispatched
DS002719,LD002756,Delta Oil Marketers,33588,14/07/2026 23:08,Dispatched
DS002720,LD002757,Aberdare Oil Traders,23308,14/07/2026 13:11,Dispatched
DS002721,LD002758,Delta Oil Marketers,27976,2026-07-14 20:06,Dispatched
DS002722,LD002759,Savannah Petroleum,34095,14/07/2026 18:12,Dispatched
DS002723,LD002760,Aberdare Oil Traders,26501,2026-07-15 00:17,Dispatched
DS002724,LD002761,Equator Fuels,31023,2026-07-14 20:45,Dispatched
DS002725,LD002762,Savannah Petroleum,28927,2026-07-14 09:21,Dispatched
DS002726,LD002763,Highland Energy Co,20123,2026-07-14 17:53,Dispatched
DS002727,LD002764,Savannah Petroleum,27171,2026-07-14 09:21,Dispatched
DS002728,LD002765,Baraka Downstream,21987,2026-07-15 14:31,Dispatched
DS002729,LD002766,Horizon Oil Marketers,24257,15/07/2026 17:51,Dispatched
DS002730,LD002767,Aberdare Oil Traders,34843,15/07/2026 18:58,Dispatched
DS002731,LD002768,Coastline Energy Ltd,31813,2026-07-15 18:36,Dispatched
DS002732,LD002769,Aberdare Oil Traders,21940,15/07/2026 17:12,Dispatched
DS002733,LD002770,Highland Energy Co,26026,15/07/2026 06:57,Dispatched
DS002734,LD002772,Tsavo Energy Group,31038,15/07/2026 06:42,Dispatched
DS002735,LD002773,Kilele Fuels,31046,15/07/2026 17:20,Dispatched
DS002736,LD002774,Crescent Oil Ltd,27162,2026-07-15 12:46,Dispatched
DS002737,LD002775,Mara Fuels,24977,2026-07-15 22:03,Dispatched
DS002738,LD002776,Summit Downstream Ltd,32080,15/07/2026 10:53,Dispatched
DS002739,LD002777,Tsavo Energy Group,35624,2026-07-15 17:40,Dispatched
DS002740,LD002778,Savannah Petroleum,26917,2026-07-15 18:43,Dispatched
DS002741,LD002779,Baraka Downstream,22826,15/07/2026 14:41,Dispatched
DS002742,LD002780,Mara Fuels,35239,15/07/2026 17:55,Dispatched
DS002743,LD002781,Horizon Oil Marketers,23482,15/07/2026 13:05,Dispatched
DS002744,LD002782,Nyanza Petroleum Co,21231,2026-07-15 23:27,Dispatched
DS002745,LD002783,Tsavo Energy Group,35614,2026-07-15 11:26,Dispatched
DS002746,LD002784,Uhuru Energy Partners,31517,2026-07-15 23:04,Dispatched
DS002747,LD002785,Pioneer Fuels Kenya,33679,2026-07-15 07:00,Dispatched
DS002748,LD002786,Baraka Downstream,26568,2026-07-15 17:47,Dispatched
DS002749,LD002787,Amani Petroleum,28265,15/07/2026 11:46,Dispatched
DS002750,LD002788,Mara Fuels,35009,2026-07-15 17:17,Cancelled
DS002751,LD002789,Coastline Energy Ltd,33923,15/07/2026 20:28,Dispatched
DS002752,LD002790,Tsavo Energy Group,33339,2026-07-15 14:16,Dispatched
DS002753,LD002791,Equator Fuels,29817,2026-07-15 11:13,Dispatched
DS002754,LD002792,Aberdare Oil Traders,22644,2026-07-15 11:16,Dispatched
DS002755,LD002793,Pioneer Fuels Kenya,24165,16/07/2026 00:37,Dispatched
DS002756,LD002794,Uhuru Energy Partners,29652,15/07/2026 21:47,Dispatched
DS002757,LD002795,Tsavo Energy Group,32379,2026-07-15 22:52,Dispatched
DS002758,LD002796,Uhuru Energy Partners,29915,15/07/2026 19:28,Dispatched
DS002759,LD002797,Zenith Petroleum,35842,15/07/2026 06:56,Dispatched
DS002760,LD002798,,34639,15/07/2026 20:09,Dispatched
DS002761,LD002799,Amani Petroleum,26072,2026-07-15 14:23,Dispatched
DS002762,LD002800,Tsavo Energy Group,25887,2026-07-15 23:39,Dispatched
DS002763,LD002801,Kilele Fuels,22818,2026-07-15 08:04,Dispatched
DS002764,LD002802,Nyanza Petroleum Co,30965,2026-07-15 20:29,Dispatched
DS002765,LD002803,Summit Downstream Ltd,32359,15/07/2026 22:46,Dispatched
DS002766,LD002804,Mara Fuels,33770,2026-07-15 09:42,Dispatched
DS002767,LD002805,Nyanza Petroleum Co,23704,2026-07-15 20:16,Dispatched
DS002768,LD002806,Amani Petroleum,22474,15/07/2026 12:43,Dispatched
DS002769,LD002807,Amani Petroleum,31024,2026-07-16 01:18,Dispatched
DS002770,LD002808,Delta Oil Marketers,23199,15/07/2026 08:53,Dispatched
DS002771,LD002809,Summit Downstream Ltd,28084,15/07/2026 22:50,Dispatched
DS002772,LD002810,Highland Energy Co,29266,15/07/2026 12:48,Dispatched
DS002773,LD002811,Baraka Downstream,23194,15/07/2026 08:43,Dispatched
DS002774,LD002812,Horizon Oil Marketers,26481,2026-07-15 23:28,Dispatched
DS002775,LD002813,Delta Oil Marketers,24804,2026-07-15 15:01,Dispatched
DS002776,LD002814,Summit Downstream Ltd,25942,15/07/2026 19:59,Dispatched
DS002777,LD002815,Mara Fuels,34030,15/07/2026 09:13,Dispatched
DS002778,LD002816,Aberdare Oil Traders,28849,2026-07-15 13:24,Dispatched
DS002779,LD002817,Baraka Downstream,31559,2026-07-15 17:30,Dispatched
DS002780,LD002818,Crescent Oil Ltd,32299,2026-07-15 22:00,Dispatched
DS002781,LD002819,Rift Valley Fuels Ltd,22083,2026-07-15 18:44,Dispatched
DS002782,LD002820,Highland Energy Co,33481,15/07/2026 21:35,Dispatched
DS002783,LD002821,Equator Fuels,25039,2026-07-15 09:51,Dispatched
DS002784,LD002822,Coastline Energy Ltd,20956,2026-07-15 20:44,Dispatched
DS002785,LD002823,Highland Energy Co,21317,2026-07-16 00:55,Dispatched
DS002786,LD002824,Crescent Oil Ltd,30329,2026-07-15 17:58,Dispatched
DS002787,LD002825,Horizon Oil Marketers,22274,15/07/2026 16:59,Dispatched
