invoice_id,dispatch_id,customer,product,volume_invoiced_litres,unit_price_kes,amount_kes,invoice_date,currency
INV000001,DS000001,Aberdare Oil Traders,AGO,32633,154.03,5026533.24,01/06/2026 08:36,KES
INV000002,DS000003,Nyanza Petroleum Co,AGO,27328,152.84,4176933.52,02/06/2026 05:06,KES
INV000003,DS000004,Baraka Downstream,AGO,20888,156.60,3271109.84,01/06/2026 18:48,KES
INV000004,DS000005,Zenith Petroleum,PMS,35142,165.72,5823850.74,2026-06-02 14:38,KES
INV000005,DS000006,Highland Energy Co,AGO,26303,158.16,4160039.86,2026-06-03 00:29,KES
INV000006,DS000007,Zenith Petroleum,PMS,26236,163.39,4286588.59,01/06/2026 22:38,KES
INV000007,DS000008,Tsavo Energy Group,AGO,27555,152.94,4214332.19,2026-06-02 10:39,KES
INV000008,DS000009,Mara Fuels,PMS,20185,165.95,3349672.07,2026-06-03 05:08,KES
INV000009,DS000010,Aberdare Oil Traders,AGO,28980,157.58,4566670.23,2026-06-08 18:13,KES
INV000010,DS000011,Kilele Fuels,AGO,29602,152.80,4523222.41,09/06/2026 02:51,KES
INV000011,DS000012,Pioneer Fuels Kenya,AGO,34412,152.90,5261505.15,2026-06-05 00:42,KES
INV000012,DS000013,Horizon Oil Marketers,PMS,28270,166.96,4719872.06,2026-06-02 09:17,KES
INV000013,DS000014,Aberdare Oil Traders,PMS,23012,166.38,3828695.26,2026-06-02 04:12,KES
INV000014,DS000015,Aberdare Oil Traders,AGO,34831,153.92,5361068.95,2026-06-02 01:29,KES
INV000015,DS000016,Aberdare Oil Traders,PMS,23241,163.33,3795879.56,2026-06-05 00:53,KES
INV000016,DS000017,Amani Petroleum,AGO,24320,154.85,3765960.62,2026-06-01 15:32,KES
INV000017,DS000018,Rift Valley Fuels Ltd,AGO,25716,152.57,3923541.09,2026-06-05 04:56,KES
INV000018,DS000019,Savannah Petroleum,IK,32752,142.24,4658603.18,02/06/2026 00:33,KES
INV000019,DS000020,Highland Energy Co,AGO,26662,154.02,"4,106,604.69",2026-06-01 09:20,KES
INV000020,DS000021,Amani Petroleum,IK,32541,140.24,"4,563,614.32",03/06/2026 10:53,KES
INV000021,DS000022,Zenith Petroleum,AGO,34779,152.79,5313841.13,2026-06-04 03:25,KES
INV000022,DS000023,Rift Valley Fuels Ltd,PMS,25976,168.38,4373815.92,2026-06-04 16:14,KES
INV000023,DS000024,Lakeview Energy,PMS,29311,162.41,4760524.25,01/06/2026 12:04,KES
INV000024,DS000025,Delta Oil Marketers,AGO,26141,155.09,4054202.93,11/06/2026 21:41,KES
INV000025,DS000028,Kilele Fuels,PMS,27455,166.27,4564868.43,02/06/2026 15:45,KES
INV000026,DS000029,Rift Valley Fuels Ltd,PMS,30894,167.57,5176764.24,2026-06-04 08:42,KES
INV000027,DS000030,Summit Downstream Ltd,PMS,23261,163.76,3809140.77,2026-06-02 03:05,KES
INV000028,DS000031,Kilele Fuels,IK,24527,141.79,3477666.13,04/06/2026 16:57,KES
INV000029,DS000032,Savannah Petroleum,PMS,32805,168.77,5536660.87,02/06/2026 23:51,KES
INV000030,DS000033,Amani Petroleum,PMS,34401,163.62,5628651.69,2026-06-04 04:16,KES
INV000031,DS000034,Nyanza Petroleum Co,PMS,23565,164.94,"3,886,705.77",03/06/2026 15:36,KES
INV000032,DS000035,Pioneer Fuels Kenya,AGO,33190,154.09,5114293.01,01/06/2026 21:45,KES
INV000033,DS000036,Aberdare Oil Traders,AGO,26651,158.06,4212376.04,2026-06-03 19:00,KES
INV000034,DS000037,Kilele Fuels,AGO,21924,153.63,3368104.61,01/06/2026 09:28,KES
INV000035,DS000038,Baraka Downstream,AGO,28257,157.13,4440161.82,03/06/2026 00:00,KES
INV000036,DS000039,Highland Energy Co,PMS,25729,165.90,4268362.06,03/06/2026 23:28,KES
INV000037,DS000040,Horizon Oil Marketers,AGO,24728,153.60,3798194.84,2026-06-03 03:44,KES
INV000038,DS000041,Aberdare Oil Traders,AGO,29900,153.68,4595071.16,02/06/2026 04:40,KES
INV000039,DS000042,Delta Oil Marketers,PMS,22251,162.94,3625469.15,2026-06-04 14:11,KES
INV000040,DS000043,Rift Valley Fuels Ltd,AGO,23887,153.71,3671714.68,02/06/2026 23:54,KES
INV000041,DS000044,Uhuru Energy Partners,PMS,30157,164.17,4950938.40,2026-06-03 01:55,KES
INV000042,DS000045,Highland Energy Co,AGO,30200,153.71,4642118.10,2026-06-02 01:23,KES
INV000043,DS000046,Zenith Petroleum,PMS,33522,164.61,5518091.25,2026-06-03 10:21,KES
INV000044,DS000047,Uhuru Energy Partners,PMS,22970,,3794854.93,04/06/2026 03:37,KES
INV000045,DS000048,Uhuru Energy Partners,AGO,20317,155.47,"3,158,658.16",02/06/2026 14:28,KES
INV000046,DS000049,Tsavo Energy Group,AGO,23610,154.37,3644787.23,2026-06-08 14:49,KES
INV000047,DS000050,Kilele Fuels,AGO,25978,157.76,4098195.87,01/06/2026 22:23,KES
INV000048,DS000051,Mara Fuels,PMS,22107,167.71,3707650.73,01/06/2026 19:36,KES
INV000049,DS000052,Highland Energy Co,AGO,30686,156.19,4792703.98,2026-06-02 04:03,KES
INV000050,DS000053,Horizon Oil Marketers,PMS,28828,168.30,4851776.27,2026-06-01 15:59,KES
INV000051,DS000054,Summit Downstream Ltd,PMS,34455,164.37,5663361.21,03/06/2026 02:53,KES
INV000052,DS000055,Highland Energy Co,AGO,25420,154.40,3924857.19,01/06/2026 16:19,KES
INV000053,DS000056,Mara Fuels,PMS,34325,164.74,"5,654,644.72",2026-06-03 08:33,KES
INV000054,DS000057,Summit Downstream Ltd,AGO,30176,155.68,4697816.51,2026-06-02 02:33,KES
INV000055,DS000058,Tsavo Energy Group,PMS,20124,163.29,3286000.41,2026-06-01 22:10,KES
INV000056,DS000059,Pioneer Fuels Kenya,PMS,28794,166.87,4804952.63,01/06/2026 17:02,KES
INV000057,DS000060,Delta Oil Marketers,PMS,31326,163.73,5129102.55,2026-06-08 16:34,KES
INV000058,DS000061,Crescent Oil Ltd,AGO,25140,152.64,3837366.14,2026-06-03 22:20,KES
INV000059,DS000062,Rift Valley Fuels Ltd,PMS,30521,165.54,5052576.83,01/06/2026 19:55,KES
INV000060,DS000063,Summit Downstream Ltd,AGO,21541,155.38,3347118.62,01/06/2026 14:13,KES
INV000061,DS000064,Uhuru Energy Partners,AGO,35707,157.96,5640244.54,2026-06-05 11:26,KES
INV000062,DS000065,Baraka Downstream,AGO,34510,153.78,5307072.71,2026-06-02 10:51,KES
INV000063,DS000067,Aberdare Oil Traders,PMS,23669,163.98,3881246.64,09/06/2026 19:30,KES
INV000064,DS000068,Coastline Energy Ltd,PMS,20651,163.87,3384035.25,03/06/2026 12:44,KES
INV000065,DS000069,Baraka Downstream,PMS,27457,163.46,4488018.72,02/06/2026 18:14,KES
INV000066,DS000070,Savannah Petroleum,PMS,35263,168.03,5925352.43,06/06/2026 02:01,KES
INV000067,DS000071,Rift Valley Fuels Ltd,AGO,28861,157.21,4537204.49,2026-06-02 20:53,KES
INV000068,DS000072,Crescent Oil Ltd,AGO,24207,152.71,3696668.22,03/06/2026 06:09,KES
INV000069,DS000073,Mara Fuels,PMS,25930,166.14,4307970.64,2026-06-04 11:29,KES
INV000070,DS000074,Highland Energy Co,AGO,24049,153.67,3695528.60,02/06/2026 15:26,KES
INV000071,DS000075,Kilele Fuels,AGO,31894,157.45,5021723.26,09/06/2026 18:28,KES
INV000072,DS000076,Summit Downstream Ltd,PMS,24575,163.04,4006646.00,05/06/2026 01:32,KES
INV000073,DS000077,Highland Energy Co,AGO,32913,153.43,5049771.34,05/06/2026 03:00,KES
INV000074,DS000078,Rift Valley Fuels Ltd,AGO,27884,152.42,4250061.70,2026-06-09 13:19,KES
INV000075,DS000079,Horizon Oil Marketers,PMS,30437,,5022946.54,2026-06-02 22:14,KES
INV000076,DS000080,Crescent Oil Ltd,AGO,25398,156.85,3983745.16,04/06/2026 14:31,KES
INV000077,DS000081,Rift Valley Fuels Ltd,IK,21470,140.37,3013682.45,02/06/2026 13:30,KES
INV000078,DS000082,Pioneer Fuels Kenya,IK,28608,137.30,3927933.26,2026-06-04 13:26,KES
INV000079,DS000083,Crescent Oil Ltd,AGO,29460,157.97,4653923.78,04/06/2026 21:06,KES
INV000080,DS000084,Amani Petroleum,AGO,28352,152.38,4320248.47,2026-06-02 18:44,KES
INV000081,DS000085,Kilele Fuels,PMS,23615,162.77,"3,843,837.98",2026-06-02 22:11,KES
INV000082,DS000086,Delta Oil Marketers,AGO,30290,156.62,"4,744,014.83",04/06/2026 02:38,KES
INV000083,DS000087,Kilele Fuels,AGO,35526,153.32,5446684.65,03/06/2026 14:01,KES
INV000084,DS000088,Delta Oil Marketers,PMS,24312,166.72,4053387.49,2026-06-04 01:17,KES
INV000085,DS000089,Rift Valley Fuels Ltd,PMS,21360,163.16,"3,485,135.95",09/06/2026 16:34,KES
INV000086,DS000090,Nyanza Petroleum Co,AGO,34528,157.75,5446934.95,04/06/2026 03:15,KES
INV000087,DS000091,Coastline Energy Ltd,PMS,23699,164.59,3900502.61,2026-06-03 13:21,KES
INV000088,DS000092,Highland Energy Co,AGO,30336,157.48,4777222.67,02/06/2026 22:36,KES
INV000089,DS000093,Coastline Energy Ltd,PMS,31821,168.31,5355879.12,2026-06-03 00:00,KES
INV000090,DS000094,Tsavo Energy Group,PMS,21887,164.68,"3,604,424.61",05/06/2026 04:03,KES
INV000091,DS000095,Coastline Energy Ltd,AGO,21519,152.26,3276584.00,2026-06-04 03:30,KES
INV000092,DS000096,Rift Valley Fuels Ltd,PMS,25456,166.89,4248402.91,02/06/2026 16:56,KES
INV000093,DS000097,Baraka Downstream,IK,30284,139.18,4214892.87,2026-06-04 02:11,KES
INV000094,DS000098,Lakeview Energy,IK,29803,138.52,4128331.88,04/06/2026 22:24,KES
INV000095,DS000099,Nyanza Petroleum Co,PMS,30676,165.32,5071299.66,03/06/2026 23:41,KES
INV000096,DS000100,Kilele Fuels,AGO,22156,158.02,3501148.00,2026-06-02 20:52,KES
INV000097,DS000101,Horizon Oil Marketers,AGO,33248,155.44,5168180.48,2026-06-03 15:51,KES
INV000098,DS000102,Nyanza Petroleum Co,PMS,23303,163.24,"3,804,087.52",2026-06-03 10:24,KES
INV000099,DS000104,Aberdare Oil Traders,PMS,21131,166.64,3521349.28,02/06/2026 16:58,KES
INV000100,DS000105,Baraka Downstream,PMS,21983,167.59,3684240.71,06/06/2026 06:40,KES
INV000101,DS000106,Pioneer Fuels Kenya,PMS,30188,165.06,"4,982,915.59",2026-06-02 20:58,KES
INV000102,DS000108,Aberdare Oil Traders,AGO,31977,152.73,"4,883,856.35",02/06/2026 20:01,KES
INV000103,DS000109,Savannah Petroleum,IK,25997,140.17,3643979.44,2026-06-03 17:58,KES
INV000104,DS000110,Uhuru Energy Partners,IK,25594,140.80,"3,603,624.53",02/06/2026 15:03,KES
INV000105,DS000111,Horizon Oil Marketers,PMS,32073,164.17,5265429.18,04/06/2026 19:45,KES
INV000106,DS000112,Highland Energy Co,PMS,21575,163.55,3528615.08,2026-06-04 18:25,KES
INV000107,DS000113,Amani Petroleum,PMS,25069,167.51,4199417.01,2026-06-03 22:12,KES
INV000108,DS000114,Zenith Petroleum,PMS,26162,168.20,4400467.06,03/06/2026 17:32,KES
INV000109,DS000115,Highland Energy Co,AGO,35088,155.75,5464894.68,02/06/2026 14:04,KES
INV000110,DS000116,Tsavo Energy Group,PMS,21587,166.56,3595563.94,2026-06-03 18:23,KES
INV000111,DS000117,Horizon Oil Marketers,PMS,35017,167.00,5847669.08,04/06/2026 18:07,KES
INV000112,DS000118,Delta Oil Marketers,AGO,21832,153.89,3359704.09,2026-06-04 16:02,KES
INV000113,DS000119,Baraka Downstream,PMS,35430,166.34,5893400.11,03/06/2026 07:12,KES
INV000114,DS000120,Rift Valley Fuels Ltd,IK,33352,,4755400.92,2026-06-04 03:06,KES
INV000115,DS000121,Delta Oil Marketers,AGO,23592,154.28,3639696.76,03/06/2026 03:40,KES
INV000116,DS000122,Equator Fuels,AGO,34356,157.48,"5,410,531.27",2026-06-03 20:47,KES
INV000117,DS000123,Mara Fuels,PMS,29277,164.41,4813565.09,05/06/2026 20:59,KES
INV000118,DS000124,Savannah Petroleum,IK,33983,139.56,4742703.85,2026-06-02 12:07,KES
INV000119,DS000125,Amani Petroleum,AGO,25601,158.22,4050593.08,2026-06-03 00:43,KES
INV000120,DS000126,Delta Oil Marketers,PMS,32325,164.21,5308213.87,02/06/2026 10:59,KES
INV000121,DS000127,Highland Energy Co,AGO,21901,154.56,3385021.15,03/06/2026 00:42,KES
INV000122,DS000128,Lakeview Energy,AGO,18928,152.60,2888392.74,2026-06-04 14:10,KES
INV000123,DS000129,Horizon Oil Marketers,AGO,31875,158.09,5039275.10,2026-06-03 01:19,KES
INV000124,DS000130,Zenith Petroleum,PMS,35242,167.11,5889150.38,02/06/2026 15:13,KES
INV000125,DS000131,Tsavo Energy Group,AGO,23579,155.71,"3,671,432.44",02/06/2026 14:57,KES
INV000126,DS000132,Coastline Energy Ltd,AGO,21260,154.00,3274001.81,2026-06-03 05:47,KES
INV000127,DS000133,Uhuru Energy Partners,IK,21265,,"2,945,149.84",2026-06-04 17:34,KES
INV000128,DS000134,Nyanza Petroleum Co,IK,36059,138.43,4991670.89,2026-06-05 06:34,KES
INV000129,DS000135,Rift Valley Fuels Ltd,PMS,26108,168.18,4390760.57,2026-06-04 20:30,KES
INV000130,DS000136,Nyanza Petroleum Co,AGO,21696,153.44,3329050.56,03/06/2026 19:29,KES
INV000131,DS000137,Horizon Oil Marketers,AGO,22594,156.02,3525040.96,2026-06-05 17:57,KES
INV000132,DS000137,Horizon Oil Marketers,AGO,22594,156.02,3525040.96,05/06/2026 18:57,KES
INV000133,DS000138,Zenith Petroleum,AGO,24378,155.12,3781399.85,03/06/2026 16:18,KES
INV000134,DS000139,Baraka Downstream,AGO,24167,153.33,"3,705,574.21",2026-06-03 13:24,KES
INV000135,DS000140,Delta Oil Marketers,AGO,24302,156.82,3811128.34,2026-06-10 21:29,KES
INV000136,DS000141,Nyanza Petroleum Co,AGO,21198,153.58,3255573.37,2026-06-04 11:16,KES
INV000137,DS000142,Aberdare Oil Traders,PMS,26508,167.95,4452148.81,03/06/2026 21:03,KES
INV000138,DS000143,Nyanza Petroleum Co,AGO,33817,154.51,5224905.82,2026-06-04 01:03,KES
INV000139,DS000144,Coastline Energy Ltd,AGO,33045,155.64,5143021.21,2026-06-04 03:04,KES
INV000140,DS000145,Horizon Oil Marketers,IK,22397,138.94,"3,111,900.77",03/06/2026 19:19,KES
INV000141,DS000146,Pioneer Fuels Kenya,AGO,33546,155.84,5227828.64,07/06/2026 07:32,KES
INV000142,DS000147,Savannah Petroleum,AGO,27565,156.61,4316842.61,2026-06-04 02:17,KES
INV000143,DS000148,Zenith Petroleum,IK,33717,139.62,4707730.31,03/06/2026 23:56,KES
INV000144,DS000149,Kilele Fuels,PMS,35944,163.99,"5,894,462.80",04/06/2026 19:43,KES
INV000145,DS000150,Pioneer Fuels Kenya,AGO,35085,156.65,5496191.58,03/06/2026 21:09,KES
INV000146,DS000151,Baraka Downstream,AGO,24056,155.38,3737858.65,10/06/2026 21:18,KES
INV000147,DS000152,Highland Energy Co,AGO,30678,154.20,4730461.18,2026-06-03 13:55,KES
INV000148,DS000153,Nyanza Petroleum Co,PMS,23744,165.08,"3,919,614.40",2026-06-03 19:38,KES
INV000149,DS000155,Amani Petroleum,AGO,33674,152.85,5147002.30,04/06/2026 19:09,KES
INV000150,DS000156,Delta Oil Marketers,AGO,29520,155.25,4582905.59,03/06/2026 09:48,KES
INV000151,DS000157,Lakeview Energy,AGO,26722,158.25,4228720.63,2026-06-04 02:40,KES
INV000152,DS000158,Mara Fuels,PMS,34346,167.95,5768344.43,04/06/2026 05:37,KES
INV000153,DS000159,Horizon Oil Marketers,AGO,35656,157.29,5608187.17,07/06/2026 01:41,KES
INV000154,DS000160,Mara Fuels,PMS,21531,,3627200.18,03/06/2026 22:12,KES
INV000155,DS000161,Aberdare Oil Traders,PMS,28875,162.42,4689812.59,2026-06-03 22:44,KES
INV000156,DS000162,Uhuru Energy Partners,PMS,28443,163.48,4649818.33,03/06/2026 16:43,KES
INV000157,DS000163,Mara Fuels,AGO,32675,153.88,"5,028,119.97",2026-06-04 03:35,KES
INV000158,DS000164,Crescent Oil Ltd,AGO,21154,156.35,3307368.88,03/06/2026 08:38,KES
INV000159,DS000165,Horizon Oil Marketers,PMS,29843,165.79,"4,947,534.98",04/06/2026 05:26,KES
INV000160,DS000167,Tsavo Energy Group,AGO,27462,154.78,4250574.68,2026-06-13 19:31,KES
INV000161,DS000168,Baraka Downstream,PMS,22940,168.61,3867850.10,2026-06-04 16:39,KES
INV000162,DS000171,Crescent Oil Ltd,AGO,25420,,"3,932,339.59",2026-06-03 13:18,KES
INV000163,DS000172,Kilele Fuels,AGO,28602,157.88,4515791.12,06/06/2026 23:04,KES
INV000164,DS000173,Pioneer Fuels Kenya,PMS,34206,163.14,5580347.83,2026-06-04 10:59,KES
INV000165,DS000174,Equator Fuels,PMS,21481,163.34,3508810.43,2026-06-06 12:51,KES
INV000166,DS000175,Delta Oil Marketers,PMS,30891,164.68,5087002.08,2026-06-03 17:36,KES
INV000167,DS000176,Highland Energy Co,AGO,20021,157.00,3143324.02,2026-06-03 21:32,KES
INV000168,DS000177,Rift Valley Fuels Ltd,PMS,21274,166.95,3551781.88,05/06/2026 15:21,KES
INV000169,DS000178,Horizon Oil Marketers,AGO,34864,155.60,5424927.60,2026-06-04 03:12,KES
INV000170,DS000179,Uhuru Energy Partners,AGO,32201,154.86,4986525.57,05/06/2026 19:57,KES
INV000171,DS000180,Coastline Energy Ltd,AGO,22528,157.21,3541631.74,2026-06-11 00:51,KES
INV000172,DS000181,Amani Petroleum,PMS,30981,162.60,5037611.43,2026-06-04 18:09,KES
INV000173,DS000182,Horizon Oil Marketers,AGO,26384,157.76,4162210.19,2026-06-04 14:07,KES
INV000174,DS000183,Delta Oil Marketers,AGO,31865,157.30,5012336.67,2026-06-03 11:03,KES
INV000175,DS000184,Mara Fuels,AGO,21391,155.64,3329192.59,2026-06-03 22:34,KES
INV000176,DS000185,Savannah Petroleum,AGO,34228,156.30,"5,350,007.31",04/06/2026 21:31,KES
INV000177,DS000186,Coastline Energy Ltd,AGO,28084,153.55,4312369.39,06/06/2026 13:11,KES
INV000178,DS000187,Savannah Petroleum,AGO,28577,156.47,"4,471,348.50",04/06/2026 06:16,KES
INV000179,DS000188,Baraka Downstream,PMS,22079,165.26,3648852.16,2026-06-04 00:40,KES
INV000180,DS000189,Tsavo Energy Group,IK,25670,137.99,3542190.06,03/06/2026 16:10,KES
INV000181,DS000190,Zenith Petroleum,AGO,35972,156.74,5638116.08,04/06/2026 19:52,KES
INV000182,DS000191,Mara Fuels,AGO,23672,153.51,3633879.75,2026-06-03 10:00,KES
INV000183,DS000192,Lakeview Energy,PMS,22692,,3745523.21,2026-06-03 18:06,KES
INV000184,DS000193,Crescent Oil Ltd,IK,24462,139.65,3416090.36,03/06/2026 21:02,KES
INV000185,DS000194,Baraka Downstream,AGO,35912,156.34,"5,614,427.37",2026-06-05 17:07,KES
INV000186,DS000195,Zenith Petroleum,AGO,26413,156.28,4127789.78,2026-06-04 04:15,KES
INV000187,DS000196,Nyanza Petroleum Co,PMS,24032,164.49,3953038.37,07/06/2026 03:57,KES
INV000188,DS000197,Highland Energy Co,AGO,30872,155.64,4805025.86,2026-06-03 11:46,KES
INV000189,DS000198,Summit Downstream Ltd,AGO,24420,156.14,3812963.27,03/06/2026 13:05,KES
INV000190,DS000199,Zenith Petroleum,AGO,35476,154.95,5496915.71,2026-06-05 10:28,KES
INV000191,DS000200,Highland Energy Co,AGO,28723,156.14,4484892.65,2026-06-04 20:06,KES
INV000192,DS000201,Coastline Energy Ltd,PMS,30561,163.40,4993796.24,04/06/2026 00:34,KES
INV000193,DS000202,Crescent Oil Ltd,IK,25130,142.46,3579964.41,06/06/2026 18:18,KES
INV000194,DS000203,Horizon Oil Marketers,AGO,25992,157.82,4101930.30,2026-06-06 00:40,KES
INV000195,DS000204,Kilele Fuels,PMS,23135,163.83,3790203.50,03/06/2026 13:39,KES
INV000196,DS000205,Kilele Fuels,IK,21248,137.51,"2,921,810.68",2026-06-03 14:28,KES
INV000197,DS000206,Mara Fuels,PMS,33497,168.71,5651119.48,05/06/2026 12:15,KES
INV000198,DS000207,Baraka Downstream,IK,35840,140.31,5028633.77,2026-06-06 02:43,KES
INV000199,DS000208,Equator Fuels,IK,26075,138.31,3606357.85,03/06/2026 11:02,KES
INV000200,DS000209,Coastline Energy Ltd,PMS,23111,166.61,3850415.97,2026-06-04 17:17,KES
INV000201,DS000210,Highland Energy Co,PMS,22677,168.37,3818205.32,05/06/2026 04:08,KES
INV000202,DS000211,Zenith Petroleum,PMS,25645,162.87,4176747.09,07/06/2026 15:51,KES
INV000203,DS000212,Amani Petroleum,AGO,26351,156.29,4118505.64,2026-06-04 21:27,KES
INV000204,DS000213,Summit Downstream Ltd,AGO,27404,157.01,4302611.98,04/06/2026 08:19,KES
INV000205,DS000214,Horizon Oil Marketers,AGO,32090,153.52,4926546.26,06/06/2026 00:25,KES
INV000206,DS000215,Tsavo Energy Group,PMS,26081,164.88,4300188.99,2026-06-06 02:36,KES
INV000207,DS000216,Kilele Fuels,AGO,34404,152.30,5239580.05,07/06/2026 17:37,KES
INV000208,DS000217,Coastline Energy Ltd,AGO,22160,156.14,3460153.91,2026-06-07 23:38,KES
INV000209,DS000218,Zenith Petroleum,PMS,29848,162.21,4841562.34,06/06/2026 16:24,KES
INV000210,DS000219,Summit Downstream Ltd,PMS,32198,166.09,5347629.89,06/06/2026 02:47,KES
INV000211,DS000220,Amani Petroleum,AGO,32507,156.97,5102775.32,06/06/2026 02:58,KES
INV000212,DS000221,Coastline Energy Ltd,PMS,27900,167.86,4683405.14,2026-06-05 12:14,KES
INV000213,DS000222,Kilele Fuels,PMS,21657,167.53,3628102.02,05/06/2026 00:05,KES
INV000214,DS000223,Summit Downstream Ltd,PMS,28783,168.42,4847513.94,2026-06-04 07:54,KES
INV000215,DS000224,Baraka Downstream,PMS,28696,165.70,4754865.43,2026-06-05 02:21,KES
INV000216,DS000225,Baraka Downstream,PMS,20177,162.72,"3,283,122.80",2026-06-05 16:16,KES
INV000217,DS000226,Zenith Petroleum,AGO,28959,154.33,"4,469,373.12",2026-06-05 11:50,KES
INV000218,DS000227,Tsavo Energy Group,IK,35196,142.11,"5,001,682.63",2026-06-07 08:21,KES
INV000219,DS000228,Crescent Oil Ltd,AGO,23731,156.17,3705992.85,2026-06-07 00:29,KES
INV000220,DS000229,Tsavo Energy Group,PMS,34593,164.61,5694451.74,06/06/2026 10:09,KES
INV000221,DS000230,Highland Energy Co,AGO,29695,155.53,4618564.28,04/06/2026 16:35,KES
INV000222,DS000231,Highland Energy Co,AGO,22413,156.59,3509664.92,11/06/2026 16:00,KES
INV000223,DS000232,Coastline Energy Ltd,AGO,31738,156.88,4979016.94,05/06/2026 07:48,KES
INV000224,DS000233,Pioneer Fuels Kenya,AGO,34759,156.63,5444327.80,05/06/2026 03:16,KES
INV000225,DS000234,Baraka Downstream,PMS,26425,164.04,4334792.90,05/06/2026 03:02,KES
INV000226,DS000235,Amani Petroleum,AGO,25516,156.36,3989685.23,05/06/2026 16:58,KES
INV000227,DS000236,Nyanza Petroleum Co,PMS,25508,165.93,4232634.65,2026-06-05 15:20,KES
INV000228,DS000237,Baraka Downstream,PMS,31732,167.27,5307882.74,06/06/2026 04:13,KES
INV000229,DS000238,Pioneer Fuels Kenya,AGO,22266,154.30,3435577.23,2026-06-07 20:37,KES
INV000230,DS000239,Rift Valley Fuels Ltd,AGO,28055,156.05,4378045.40,11/06/2026 10:28,KES
INV000231,DS000240,Rift Valley Fuels Ltd,AGO,29128,156.44,"4,556,789.16",07/06/2026 02:33,KES
INV000232,DS000241,Nyanza Petroleum Co,AGO,20137,152.54,3071687.70,04/06/2026 17:52,KES
INV000233,DS000242,Kilele Fuels,AGO,21414,155.27,3324922.12,06/06/2026 12:45,KES
INV000234,DS000243,Mara Fuels,AGO,27857,155.06,4319401.68,06/06/2026 18:25,KES
INV000235,DS000244,Highland Energy Co,PMS,23378,164.08,3835787.86,05/06/2026 00:01,KES
INV000236,DS000245,Horizon Oil Marketers,PMS,23267,164.02,3816306.49,2026-06-06 18:50,KES
INV000237,DS000246,Mara Fuels,PMS,29076,164.73,"4,789,742.28",2026-06-06 13:13,KES
INV000238,DS000247,Kilele Fuels,AGO,27280,152.98,4173364.35,2026-06-07 00:07,KES
INV000239,DS000248,Kilele Fuels,PMS,29103,166.73,4852364.58,2026-06-04 22:00,KES
INV000240,DS000249,Crescent Oil Ltd,PMS,22905,163.54,3745876.25,2026-06-05 17:02,KES
INV000241,DS000250,Horizon Oil Marketers,PMS,22560,164.98,3721892.23,07/06/2026 08:44,KES
INV000242,DS000251,Summit Downstream Ltd,AGO,26390,154.50,4077383.66,2026-06-04 20:37,KES
INV000243,DS000252,Amani Petroleum,AGO,30648,153.93,4717612.73,2026-06-05 09:35,KES
INV000244,DS000253,Zenith Petroleum,PMS,23571,164.80,"3,884,449.80",06/06/2026 15:04,KES
INV000245,DS000254,Amani Petroleum,AGO,23001,153.38,3527927.97,06/06/2026 17:04,KES
INV000246,DS000255,Delta Oil Marketers,PMS,19524,,"3,264,650.62",2026-06-04 18:14,KES
INV000247,DS000256,Summit Downstream Ltd,PMS,33015,167.60,5533445.74,2026-06-05 21:10,KES
INV000248,DS000257,Delta Oil Marketers,AGO,30744,157.06,4828676.93,06/06/2026 06:40,KES
INV000249,DS000258,Pioneer Fuels Kenya,PMS,20260,162.21,3286453.97,2026-06-05 15:12,KES
INV000250,DS000259,Pioneer Fuels Kenya,AGO,23393,155.16,3629706.48,2026-06-04 14:13,KES
INV000251,DS000260,Nyanza Petroleum Co,PMS,26606,162.62,"4,326,779.77",2026-06-05 20:19,KES
INV000252,DS000261,Baraka Downstream,PMS,31375,165.67,5197916.93,2026-06-07 00:52,KES
INV000253,DS000262,Baraka Downstream,AGO,29417,155.79,"4,582,835.06",2026-06-04 09:11,KES
INV000254,DS000263,Kilele Fuels,AGO,30039,152.50,4580877.20,2026-06-04 19:00,KES
INV000255,DS000264,Delta Oil Marketers,AGO,24774,154.09,3817532.22,2026-06-06 16:34,KES
INV000256,DS000265,Coastline Energy Ltd,PMS,32312,163.57,5285258.01,04/06/2026 18:39,KES
INV000257,DS000266,Aberdare Oil Traders,PMS,34233,162.53,5564033.15,2026-06-04 21:07,KES
INV000258,DS000268,Kilele Fuels,PMS,24103,165.68,3993374.44,05/06/2026 16:02,KES
INV000259,DS000269,Highland Energy Co,PMS,33376,168.81,"5,634,129.57",07/06/2026 07:16,KES
INV000260,DS000270,Nyanza Petroleum Co,PMS,24389,164.75,4018134.91,2026-06-06 04:47,KES
INV000261,DS000271,Highland Energy Co,PMS,34620,163.45,5658632.30,06/06/2026 09:49,KES
INV000262,DS000272,Coastline Energy Ltd,AGO,28848,,4490151.92,2026-06-08 16:52,KES
INV000263,DS000273,Savannah Petroleum,AGO,33388,157.02,5242640.03,05/06/2026 15:31,KES
INV000264,DS000273,Savannah Petroleum,AGO,33388,157.02,5242640.03,05/06/2026 16:31,KES
INV000265,DS000274,Summit Downstream Ltd,IK,30717,142.70,"4,383,388.38",05/06/2026 13:21,KES
INV000266,DS000275,Mara Fuels,PMS,34515,,5730429.26,2026-06-08 17:43,KES
INV000267,DS000276,Equator Fuels,AGO,20882,153.43,"3,203,975.66",2026-06-06 03:35,KES
INV000268,DS000277,Mara Fuels,AGO,31722,153.59,4872255.73,05/06/2026 12:23,KES
INV000269,DS000278,Uhuru Energy Partners,AGO,26271,157.96,4149762.71,2026-06-06 23:20,KES
INV000270,DS000279,Mara Fuels,PMS,25802,166.57,"4,297,827.72",2026-06-05 15:03,KES
INV000271,DS000280,Coastline Energy Ltd,PMS,27592,167.96,4634348.58,2026-06-06 14:06,KES
INV000272,DS000281,Horizon Oil Marketers,AGO,34915,154.61,"5,398,071.32",05/06/2026 14:48,KES
INV000273,DS000282,Crescent Oil Ltd,AGO,27851,157.15,"4,376,915.39",2026-06-07 19:11,KES
INV000274,DS000283,Highland Energy Co,AGO,25327,156.46,3962635.76,08/06/2026 21:42,KES
INV000275,DS000284,Kilele Fuels,AGO,31183,155.24,4840698.40,05/06/2026 12:43,KES
INV000276,DS000285,Amani Petroleum,PMS,23779,166.47,3958553.52,2026-06-06 00:14,KES
INV000277,DS000286,Horizon Oil Marketers,PMS,24407,166.60,"4,066,314.96",07/06/2026 00:47,KES
INV000278,DS000287,Savannah Petroleum,AGO,25793,156.36,4033060.88,13/06/2026 02:57,KES
INV000279,DS000288,Coastline Energy Ltd,AGO,32056,153.33,4915138.70,2026-06-06 04:52,KES
INV000280,DS000289,Uhuru Energy Partners,AGO,32092,153.30,"4,919,781.07",08/06/2026 09:07,KES
INV000281,DS000290,Delta Oil Marketers,IK,34444,138.36,4765569.46,2026-06-05 10:30,KES
INV000282,DS000291,Summit Downstream Ltd,AGO,31216,152.87,4771894.89,07/06/2026 00:05,KES
INV000283,DS000292,Zenith Petroleum,AGO,29518,158.09,4666633.54,2026-06-13 02:37,KES
INV000284,DS000293,Rift Valley Fuels Ltd,AGO,27985,152.34,4263203.75,12/06/2026 22:29,KES
INV000285,DS000294,Kilele Fuels,AGO,31745,158.29,5024851.03,12/06/2026 17:12,KES
INV000286,DS000295,Rift Valley Fuels Ltd,PMS,21896,166.63,"3,648,565.85",2026-06-12 21:04,KES
INV000287,DS000296,Savannah Petroleum,PMS,20899,163.00,3406522.67,07/06/2026 14:07,KES
INV000288,DS000297,Amani Petroleum,AGO,28352,152.47,4322722.91,08/06/2026 10:36,KES
INV000289,DS000298,Coastline Energy Ltd,AGO,29061,158.25,"4,598,876.21",05/06/2026 21:04,KES
INV000290,DS000299,Highland Energy Co,PMS,34241,163.06,5583277.68,2026-06-05 17:47,KES
INV000291,DS000300,Summit Downstream Ltd,AGO,29183,158.21,"4,616,912.24",2026-06-12 08:35,KES
INV000292,DS000301,Tsavo Energy Group,PMS,32748,167.92,5498880.46,2026-06-05 19:39,KES
INV000293,DS000302,Kilele Fuels,PMS,29866,164.71,4919368.01,05/06/2026 13:40,KES
INV000294,DS000303,Nyanza Petroleum Co,AGO,20368,152.37,3103544.70,05/06/2026 18:24,KES
INV000295,DS000304,Highland Energy Co,IK,32613,137.50,"4,484,325.03",05/06/2026 21:50,KES
INV000296,DS000305,Lakeview Energy,PMS,25575,166.57,4260042.86,08/06/2026 10:33,KES
INV000297,DS000306,Rift Valley Fuels Ltd,AGO,29841,156.55,4671576.93,08/06/2026 23:33,KES
INV000298,DS000307,Nyanza Petroleum Co,AGO,35632,157.94,5627544.56,2026-06-06 02:13,KES
INV000299,DS000308,Coastline Energy Ltd,IK,31855,139.15,4432598.60,09/06/2026 07:15,KES
INV000300,DS000309,Delta Oil Marketers,PMS,21702,166.85,3621011.35,2026-06-06 02:43,KES
INV000301,DS000310,Equator Fuels,AGO,20688,157.66,3261742.79,2026-06-08 00:34,KES
INV000302,DS000311,Highland Energy Co,AGO,35807,152.98,5477600.80,2026-06-05 06:06,KES
INV000303,DS000312,Nyanza Petroleum Co,PMS,23483,166.29,3904956.39,2026-06-06 15:53,KES
INV000304,DS000313,Delta Oil Marketers,AGO,32553,154.56,5031396.70,2026-06-06 01:31,KES
INV000305,DS000314,Baraka Downstream,AGO,35134,156.68,5504688.09,2026-06-06 19:37,KES
INV000306,DS000315,Savannah Petroleum,AGO,29841,155.10,4628341.27,2026-06-05 15:33,KES
INV000307,DS000316,Equator Fuels,PMS,29700,168.50,5004592.12,2026-06-07 09:31,KES
INV000308,DS000317,Highland Energy Co,AGO,23670,153.67,3637295.19,2026-06-05 12:53,KES
INV000309,DS000318,Amani Petroleum,AGO,32584,154.55,5035981.55,2026-06-12 17:51,KES
INV000310,DS000320,Summit Downstream Ltd,AGO,22546,155.90,"3,514,852.47",2026-06-07 18:42,KES
INV000311,DS000321,Lakeview Energy,IK,23630,140.86,3328520.58,2026-06-05 15:01,KES
INV000312,DS000322,Highland Energy Co,PMS,29317,166.11,4869904.74,06/06/2026 21:44,KES
INV000313,DS000323,Mara Fuels,PMS,33999,168.78,"5,738,284.50",2026-06-06 05:07,KES
INV000314,DS000324,Savannah Petroleum,PMS,28637,166.42,4765632.70,2026-06-05 22:39,KES
INV000315,DS000325,Equator Fuels,PMS,26610,164.99,4390441.64,08/06/2026 21:31,KES
INV000316,DS000326,Pioneer Fuels Kenya,IK,28572,142.64,4075573.42,08/06/2026 16:27,KES
INV000317,DS000327,Lakeview Energy,PMS,20312,168.18,3416171.96,2026-06-06 16:25,KES
INV000318,DS000328,Crescent Oil Ltd,PMS,34579,162.38,5614913.74,2026-06-06 14:34,KES
INV000319,DS000329,Kilele Fuels,PMS,30617,167.63,5132295.14,09/06/2026 20:36,KES
INV000320,DS000330,Crescent Oil Ltd,PMS,28251,162.58,4592921.41,2026-06-14 01:53,KES
INV000321,DS000331,Baraka Downstream,PMS,23985,162.89,3906848.75,2026-06-06 23:55,KES
INV000322,DS000332,Zenith Petroleum,PMS,23769,166.20,"3,950,450.27",2026-06-07 22:40,KES
INV000323,DS000333,Highland Energy Co,PMS,21788,,3542078.29,2026-06-07 05:29,KES
INV000324,DS000334,Crescent Oil Ltd,PMS,35457,165.96,"5,884,592.55",2026-06-07 14:05,KES
INV000325,DS000335,Lakeview Energy,PMS,34198,168.21,5752342.38,2026-06-07 02:02,KES
INV000326,DS000336,Aberdare Oil Traders,AGO,34560,156.71,5415956.52,2026-06-06 16:31,KES
INV000327,DS000337,Coastline Energy Ltd,PMS,28946,166.03,"4,805,792.20",09/06/2026 15:37,KES
INV000328,DS000338,Crescent Oil Ltd,IK,20571,138.93,2857965.89,2026-06-06 23:41,KES
INV000329,DS000339,Crescent Oil Ltd,PMS,29149,164.16,4785229.91,09/06/2026 22:08,KES
INV000330,DS000340,Mara Fuels,PMS,24515,168.74,4136781.07,08/06/2026 13:57,KES
INV000331,DS000341,Coastline Energy Ltd,PMS,35395,165.72,5865717.30,17/06/2026 02:15,KES
INV000332,DS000342,Summit Downstream Ltd,PMS,21671,168.75,3656882.74,08/06/2026 19:52,KES
INV000333,DS000343,Kilele Fuels,AGO,30913,153.66,4750183.04,2026-06-07 05:34,KES
INV000334,DS000344,Uhuru Energy Partners,AGO,21072,152.97,3223398.69,2026-06-06 16:25,KES
INV000335,DS000345,Uhuru Energy Partners,PMS,25371,166.09,4213802.08,2026-06-09 17:39,KES
INV000336,DS000346,Uhuru Energy Partners,AGO,31979,157.00,5020605.05,10/06/2026 05:48,KES
INV000337,DS000347,Zenith Petroleum,PMS,20518,166.22,3410576.78,07/06/2026 14:47,KES
INV000338,DS000348,Uhuru Energy Partners,IK,30964,142.08,4399511.92,2026-06-06 17:30,KES
INV000339,DS000349,Pioneer Fuels Kenya,AGO,24300,155.57,3780379.11,2026-06-07 04:31,KES
INV000340,DS000350,Zenith Petroleum,PMS,22681,168.39,3819181.16,07/06/2026 00:27,KES
INV000341,DS000351,Baraka Downstream,PMS,31034,165.79,5145018.26,09/06/2026 12:03,KES
INV000342,DS000352,Horizon Oil Marketers,AGO,30559,156.47,4781650.67,2026-06-07 17:35,KES
INV000343,DS000353,Horizon Oil Marketers,PMS,35266,163.66,5771601.17,2026-06-06 09:19,KES
INV000344,DS000354,Tsavo Energy Group,IK,26833,137.78,3697178.62,2026-06-07 19:56,KES
INV000345,DS000355,Tsavo Energy Group,PMS,32148,165.45,5318953.28,07/06/2026 18:22,KES
INV000346,DS000356,Pioneer Fuels Kenya,PMS,31530,163.42,5152521.47,2026-06-06 19:04,KES
INV000347,DS000357,Horizon Oil Marketers,PMS,23013,164.42,3783903.99,06/06/2026 13:10,KES
INV000348,DS000358,Aberdare Oil Traders,PMS,27490,166.66,4581384.08,2026-06-07 20:37,KES
INV000349,DS000359,Horizon Oil Marketers,AGO,22549,152.99,3449793.28,2026-06-14 04:25,KES
INV000350,DS000360,Crescent Oil Ltd,AGO,20352,153.86,3131362.32,09/06/2026 23:46,KES
INV000351,DS000361,Tsavo Energy Group,PMS,24793,165.81,4110912.42,08/06/2026 00:04,KES
INV000352,DS000362,Summit Downstream Ltd,PMS,24021,166.98,4010993.77,2026-06-07 16:36,KES
INV000353,DS000363,Baraka Downstream,AGO,23636,154.08,3641763.32,2026-06-07 01:02,KES
INV000354,DS000364,Baraka Downstream,AGO,29406,153.46,4512713.86,2026-06-09 10:11,KES
INV000355,DS000365,Kilele Fuels,PMS,35776,162.29,5806205.86,2026-06-07 01:11,KES
INV000356,DS000366,Savannah Petroleum,AGO,27622,155.32,4290112.12,2026-06-06 15:10,KES
INV000357,DS000367,Amani Petroleum,AGO,22668,152.54,3457882.76,2026-06-08 01:49,KES
INV000358,DS000368,Kilele Fuels,AGO,20549,156.80,3222114.25,08/06/2026 10:47,KES
INV000359,DS000369,Aberdare Oil Traders,PMS,21714,168.15,3651169.92,16/06/2026 14:19,KES
INV000360,DS000370,Nyanza Petroleum Co,AGO,31078,157.05,"4,880,838.73",09/06/2026 12:59,KES
INV000361,DS000371,Crescent Oil Ltd,AGO,20162,152.89,3082649.10,2026-06-08 00:56,KES
INV000362,DS000372,Crescent Oil Ltd,AGO,25554,152.44,3895537.98,2026-06-08 02:03,KES
INV000363,DS000373,Amani Petroleum,PMS,25760,165.38,4260179.97,2026-06-09 17:28,KES
INV000364,DS000374,Savannah Petroleum,IK,20741,137.49,"2,851,733.28",08/06/2026 00:11,KES
INV000365,DS000375,Baraka Downstream,AGO,35207,153.97,5420689.52,07/06/2026 16:10,KES
INV000366,DS000376,Uhuru Energy Partners,AGO,29940,154.51,"4,626,178.62",06/06/2026 20:56,KES
INV000367,DS000377,Zenith Petroleum,PMS,24835,165.28,4104711.29,06/06/2026 19:58,KES
INV000368,DS000378,Kilele Fuels,AGO,32465,,"5,111,754.39",07/06/2026 12:29,KES
INV000369,DS000379,Uhuru Energy Partners,AGO,27755,154.35,4284066.33,07/06/2026 00:45,KES
INV000370,DS000380,Pioneer Fuels Kenya,AGO,32650,155.64,5081714.31,16/06/2026 19:24,KES
INV000371,DS000381,Horizon Oil Marketers,AGO,20545,155.17,3188065.64,2026-06-07 15:23,KES
INV000372,DS000382,,PMS,30332,164.45,4987954.16,08/06/2026 12:56,KES
INV000373,DS000383,Aberdare Oil Traders,AGO,29882,156.79,"4,685,152.82",06/06/2026 20:41,KES
INV000374,DS000384,Summit Downstream Ltd,PMS,33957,167.92,5701971.83,2026-06-06 12:09,KES
INV000375,DS000385,,PMS,20771,166.04,3448778.61,2026-06-06 11:57,KES
INV000376,DS000386,,AGO,28055,153.75,4313390.33,2026-06-09 04:27,KES
INV000377,DS000387,Baraka Downstream,IK,26493,142.68,3780118.20,2026-06-10 02:09,KES
INV000378,DS000388,Mara Fuels,AGO,33398,157.91,5273961.91,07/06/2026 12:02,KES
INV000379,DS000389,Baraka Downstream,AGO,35439,157.65,5586867.22,2026-06-06 18:34,KES
INV000380,DS000390,Baraka Downstream,PMS,31749,164.25,5214839.91,06/06/2026 18:38,KES
INV000381,DS000391,Horizon Oil Marketers,AGO,28000,154.06,4313792.62,06/06/2026 09:56,KES
INV000382,DS000392,Baraka Downstream,PMS,20494,168.19,"3,446,821.38",2026-06-06 21:13,KES
INV000383,DS000393,Rift Valley Fuels Ltd,AGO,29766,152.73,"4,546,176.89",09/06/2026 17:58,KES
INV000384,DS000394,Summit Downstream Ltd,AGO,29479,157.45,4641392.25,08/06/2026 02:32,KES
INV000385,DS000395,Crescent Oil Ltd,PMS,23429,163.31,3826203.54,2026-06-07 23:03,KES
INV000386,DS000396,Highland Energy Co,PMS,21976,164.95,"3,624,904.77",2026-06-08 19:46,KES
INV000387,DS000397,Aberdare Oil Traders,PMS,34502,166.96,5760501.52,2026-06-07 09:41,KES
INV000388,DS000398,Uhuru Energy Partners,AGO,27866,152.71,4255547.81,2026-06-08 23:46,KES
INV000389,DS000399,Amani Petroleum,PMS,33770,165.89,5602006.39,10/06/2026 17:41,KES
INV000390,DS000400,Uhuru Energy Partners,PMS,29558,163.56,4834377.96,07/06/2026 08:35,KES
INV000391,DS000400,Uhuru Energy Partners,PMS,29558,163.56,4834377.96,2026-06-07 09:35,KES
INV000392,DS000401,Kilele Fuels,PMS,26446,165.00,4363619.08,08/06/2026 01:45,KES
INV000393,DS000402,Rift Valley Fuels Ltd,PMS,32496,164.94,5359978.13,2026-06-07 15:22,KES
INV000394,DS000402,Rift Valley Fuels Ltd,PMS,32496,164.94,5359978.13,2026-06-07 16:22,KES
INV000395,DS000403,Horizon Oil Marketers,PMS,35612,166.54,5930753.60,2026-06-07 15:55,KES
INV000396,DS000404,Pioneer Fuels Kenya,PMS,25454,165.83,4220981.85,09/06/2026 17:01,KES
INV000397,DS000405,Tsavo Energy Group,PMS,26952,168.40,4538772.52,08/06/2026 13:28,KES
INV000398,DS000406,Rift Valley Fuels Ltd,AGO,21018,154.89,3255401.78,2026-06-08 08:16,KES
INV000399,DS000408,Mara Fuels,PMS,31348,163.06,5111459.69,2026-06-11 01:54,KES
INV000400,DS000409,Nyanza Petroleum Co,PMS,33854,166.01,5620156.51,2026-06-07 09:21,KES
INV000401,DS000410,Coastline Energy Ltd,AGO,35937,156.84,5636208.23,08/06/2026 15:27,KES
INV000402,DS000411,Coastline Energy Ltd,PMS,23627,163.16,3854877.07,2026-06-07 20:55,KES
INV000403,DS000412,Equator Fuels,AGO,22942,,3500266.51,15/06/2026 06:34,KES
INV000404,DS000413,Nyanza Petroleum Co,PMS,21631,165.47,3579206.29,08/06/2026 00:28,KES
INV000405,DS000414,Summit Downstream Ltd,IK,35378,141.54,5007303.88,09/06/2026 11:13,KES
INV000406,DS000415,Delta Oil Marketers,PMS,35193,163.13,5740942.91,2026-06-14 21:01,KES
INV000407,DS000416,Amani Petroleum,PMS,28273,164.06,4638405.64,2026-06-07 18:06,KES
INV000408,DS000417,Summit Downstream Ltd,AGO,30769,155.13,4773124.37,11/06/2026 04:54,KES
INV000409,DS000418,Coastline Energy Ltd,AGO,30811,156.49,4821645.53,2026-06-07 20:11,KES
INV000410,DS000419,Lakeview Energy,PMS,21361,165.71,"3,539,649.96",07/06/2026 14:26,KES
INV000411,DS000420,Kilele Fuels,PMS,22830,163.89,3741599.66,10/06/2026 13:54,KES
INV000412,DS000421,Coastline Energy Ltd,IK,35671,138.67,4946635.90,07/06/2026 14:58,KES
INV000413,DS000422,Crescent Oil Ltd,PMS,32435,162.90,5283683.66,2026-06-07 20:31,KES
INV000414,DS000423,Summit Downstream Ltd,PMS,32813,163.56,5366992.05,2026-06-08 19:02,KES
INV000415,DS000424,Summit Downstream Ltd,AGO,33107,153.43,5079771.90,10/06/2026 15:25,KES
INV000416,DS000425,Baraka Downstream,PMS,29251,164.16,4801735.17,07/06/2026 12:55,KES
INV000417,DS000426,Lakeview Energy,PMS,25145,165.02,"4,149,446.88",09/06/2026 19:54,KES
INV000418,DS000427,Kilele Fuels,IK,35957,141.60,5091337.92,09/06/2026 21:38,KES
INV000419,DS000428,Tsavo Energy Group,PMS,21726,,"3,632,559.38",11/06/2026 00:41,KES
INV000420,DS000429,Uhuru Energy Partners,AGO,32261,157.29,5074456.64,2026-06-07 19:05,KES
INV000421,DS000430,Crescent Oil Ltd,PMS,34153,168.77,5763941.10,2026-06-14 18:40,KES
INV000422,DS000431,Savannah Petroleum,AGO,33844,155.90,5276387.92,2026-06-08 03:20,KES
INV000423,DS000432,Highland Energy Co,PMS,25231,163.93,4136062.67,08/06/2026 05:02,KES
INV000424,DS000433,Pioneer Fuels Kenya,AGO,26362,158.17,4169555.25,10/06/2026 04:07,KES
INV000425,DS000434,Aberdare Oil Traders,PMS,23666,167.82,3971648.69,08/06/2026 19:50,KES
INV000426,DS000435,Horizon Oil Marketers,AGO,23646,152.32,3601839.33,07/06/2026 21:20,KES
INV000427,DS000436,Summit Downstream Ltd,AGO,29943,154.51,4626517.10,2026-06-08 17:47,KES
INV000428,DS000437,Zenith Petroleum,PMS,25916,164.19,4255125.24,10/06/2026 18:49,KES
INV000429,DS000438,Equator Fuels,IK,20361,140.16,2853722.25,07/06/2026 19:31,KES
INV000430,DS000439,Savannah Petroleum,PMS,26223,168.20,4410819.68,2026-06-07 15:14,KES
INV000431,DS000440,Baraka Downstream,PMS,29570,165.00,"4,878,988.20",08/06/2026 15:20,KES
INV000432,DS000441,Horizon Oil Marketers,PMS,33021,164.26,5423874.16,09/06/2026 11:37,KES
INV000433,DS000442,Horizon Oil Marketers,PMS,23828,163.00,3883950.81,09/06/2026 22:59,KES
INV000434,DS000444,Coastline Energy Ltd,PMS,27960,168.48,4710828.63,07/06/2026 10:58,KES
INV000435,DS000445,Pioneer Fuels Kenya,AGO,24609,154.50,3802190.82,09/06/2026 23:01,KES
INV000436,DS000446,Delta Oil Marketers,AGO,25039,157.95,3954909.02,08/06/2026 11:21,KES
INV000437,DS000447,Lakeview Energy,PMS,31489,162.58,5119502.07,2026-06-07 17:49,KES
INV000438,DS000448,Nyanza Petroleum Co,PMS,30760,163.13,5018001.57,09/06/2026 22:45,KES
INV000439,DS000449,Kilele Fuels,AGO,28299,157.63,4460790.48,2026-06-08 09:11,KES
INV000440,DS000450,Summit Downstream Ltd,AGO,24185,157.17,3801079.51,2026-06-08 22:40,KES
INV000441,DS000451,Rift Valley Fuels Ltd,AGO,27713,155.57,4311258.74,09/06/2026 10:15,KES
INV000442,DS000452,Lakeview Energy,PMS,30030,165.05,4956336.36,10/06/2026 00:44,KES
INV000443,DS000454,Uhuru Energy Partners,PMS,23446,162.87,"3,818,665.73",2026-06-08 15:11,KES
INV000444,DS000455,Summit Downstream Ltd,PMS,26636,163.65,4359068.04,2026-06-10 16:49,KES
INV000445,DS000456,Lakeview Energy,PMS,23745,168.68,4005188.92,2026-06-08 11:15,KES
INV000446,DS000457,Coastline Energy Ltd,PMS,24285,164.69,3999576.68,2026-06-18 20:22,KES
INV000447,DS000458,Aberdare Oil Traders,AGO,21474,156.61,3363061.59,09/06/2026 05:16,KES
INV000448,DS000459,Tsavo Energy Group,PMS,27290,163.02,4448750.05,10/06/2026 19:00,KES
INV000449,DS000460,Savannah Petroleum,PMS,27671,167.63,4638576.14,2026-06-08 23:34,KES
INV000450,DS000461,Pioneer Fuels Kenya,AGO,22928,157.01,3599810.78,12/06/2026 00:55,KES
INV000451,DS000462,Nyanza Petroleum Co,IK,30185,139.50,4210943.90,2026-06-08 22:54,KES
INV000452,DS000464,Tsavo Energy Group,IK,29586,138.10,"4,085,756.88",2026-06-10 01:49,KES
INV000453,DS000465,Uhuru Energy Partners,PMS,27164,164.06,4456599.34,2026-06-08 12:09,KES
INV000454,DS000466,Summit Downstream Ltd,PMS,29790,165.57,4932375.83,09/06/2026 15:22,KES
INV000455,DS000467,Crescent Oil Ltd,AGO,32375,156.77,5075451.00,10/06/2026 09:15,KES
INV000456,DS000468,Pioneer Fuels Kenya,PMS,26601,167.70,4461089.03,11/06/2026 19:31,KES
INV000457,DS000469,Zenith Petroleum,AGO,25507,154.15,3931972.67,2026-06-08 23:46,KES
INV000458,DS000470,Tsavo Energy Group,AGO,30668,152.18,4667197.17,2026-06-09 22:08,KES
INV000459,DS000471,Nyanza Petroleum Co,PMS,30334,162.48,4928776.27,2026-06-11 21:18,KES
INV000460,DS000473,Coastline Energy Ltd,IK,23033,140.39,3233542.50,2026-06-08 20:21,KES
INV000461,DS000474,Kilele Fuels,AGO,35892,156.16,5604854.77,2026-06-09 10:18,KES
INV000462,DS000475,Savannah Petroleum,AGO,25410,153.52,3900883.25,10/06/2026 02:37,KES
INV000463,DS000476,Amani Petroleum,AGO,22741,157.73,3586896.76,2026-06-09 01:08,KES
INV000464,DS000477,Savannah Petroleum,AGO,26811,153.84,4124612.46,08/06/2026 17:43,KES
INV000465,DS000478,Kilele Fuels,AGO,26152,152.96,4000252.63,2026-06-08 20:04,KES
INV000466,DS000479,Kilele Fuels,PMS,22329,166.59,3719844.16,09/06/2026 22:17,KES
INV000467,DS000480,Lakeview Energy,PMS,33597,166.90,5607333.49,10/06/2026 18:42,KES
INV000468,DS000481,Nyanza Petroleum Co,AGO,29879,154.93,4629071.75,08/06/2026 22:06,KES
INV000469,DS000482,Rift Valley Fuels Ltd,AGO,33236,152.21,5058734.90,2026-06-08 23:40,KES
INV000470,DS000483,Aberdare Oil Traders,AGO,31303,153.67,4810218.65,2026-06-08 10:02,KES
INV000471,DS000484,Zenith Petroleum,PMS,25664,166.98,4285489.54,09/06/2026 22:08,KES
INV000472,DS000485,,AGO,35007,156.82,"5,489,738.82",2026-06-11 22:21,KES
INV000473,DS000486,Lakeview Energy,PMS,25111,164.65,4134529.77,2026-06-08 15:32,KES
INV000474,DS000487,Coastline Energy Ltd,AGO,22619,154.49,3494479.66,2026-06-08 21:36,KES
INV000475,DS000488,Mara Fuels,AGO,26384,152.70,"4,028,904.00",2026-06-08 21:51,KES
INV000476,DS000489,Uhuru Energy Partners,IK,26341,141.23,3720248.36,09/06/2026 19:49,KES
INV000477,DS000490,Highland Energy Co,PMS,28505,165.18,4708320.54,10/06/2026 15:11,KES
INV000478,DS000491,Highland Energy Co,AGO,22374,155.30,"3,474,712.82",2026-06-09 21:14,KES
INV000479,DS000492,Tsavo Energy Group,AGO,20456,152.39,3117361.83,10/06/2026 04:30,KES
INV000480,DS000493,Coastline Energy Ltd,PMS,23495,166.04,3901207.77,2026-06-10 18:20,KES
INV000481,DS000494,Horizon Oil Marketers,AGO,29111,152.40,4436532.63,09/06/2026 04:45,KES
INV000482,DS000495,Horizon Oil Marketers,AGO,24994,155.35,3882899.98,08/06/2026 16:19,KES
INV000483,DS000496,Equator Fuels,PMS,32658,164.70,5378766.08,2026-06-10 13:15,KES
INV000484,DS000497,Lakeview Energy,PMS,30694,,5021542.90,15/06/2026 14:37,KES
INV000485,DS000498,Aberdare Oil Traders,AGO,23757,154.23,3663991.98,2026-06-08 12:22,KES
INV000486,DS000499,Crescent Oil Ltd,AGO,27023,155.98,4215120.17,2026-06-10 13:05,KES
INV000487,DS000500,Savannah Petroleum,IK,29931,142.60,4268238.85,2026-06-08 20:48,KES
INV000488,DS000501,Rift Valley Fuels Ltd,AGO,22445,152.48,3422414.40,11/06/2026 06:16,KES
INV000489,DS000502,Baraka Downstream,PMS,20967,162.35,3403974.32,10/06/2026 22:35,KES
INV000490,DS000503,Coastline Energy Ltd,PMS,20708,163.58,3387484.97,09/06/2026 13:53,KES
INV000491,DS000504,Delta Oil Marketers,PMS,31064,164.24,5101974.37,2026-06-09 16:57,KES
INV000492,DS000505,Baraka Downstream,PMS,28125,164.42,4624322.89,11/06/2026 15:41,KES
INV000493,DS000506,Aberdare Oil Traders,PMS,24936,164.08,"4,091,569.71",09/06/2026 11:28,KES
INV000494,DS000507,Horizon Oil Marketers,AGO,28361,156.94,4451100.78,11/06/2026 11:06,KES
INV000495,DS000508,Rift Valley Fuels Ltd,AGO,28406,157.99,4487754.01,2026-06-09 18:27,KES
INV000496,DS000509,Horizon Oil Marketers,AGO,22858,156.14,3569111.61,2026-06-09 12:35,KES
INV000497,DS000510,Equator Fuels,PMS,32541,162.34,5282758.41,2026-06-11 09:02,KES
INV000498,DS000511,Tsavo Energy Group,PMS,30934,164.47,5087721.21,2026-06-17 03:18,KES
INV000499,DS000512,Lakeview Energy,PMS,33455,167.82,"5,614,474.49",09/06/2026 07:33,KES
INV000500,DS000513,Horizon Oil Marketers,IK,23258,137.69,"3,202,295.46",12/06/2026 00:47,KES
INV000501,DS000514,Kilele Fuels,IK,24184,141.21,3414903.52,2026-06-09 20:15,KES
INV000502,DS000515,Mara Fuels,AGO,27975,157.79,4414170.36,2026-06-09 19:58,KES
INV000503,DS000516,Tsavo Energy Group,PMS,30432,164.41,5003354.29,2026-06-11 12:24,KES
INV000504,DS000517,Horizon Oil Marketers,PMS,29849,165.54,4941293.13,09/06/2026 22:28,KES
INV000505,DS000518,Uhuru Energy Partners,AGO,22083,156.96,3466142.66,2026-06-09 23:15,KES
INV000506,DS000519,Tsavo Energy Group,PMS,30441,166.06,5055018.23,2026-06-16 08:30,KES
INV000507,DS000520,Zenith Petroleum,PMS,27406,163.66,4485396.54,09/06/2026 21:16,KES
INV000508,DS000521,Uhuru Energy Partners,IK,30401,141.04,4287733.64,2026-06-10 14:26,KES
INV000509,DS000522,Pioneer Fuels Kenya,PMS,21170,162.37,3437344.13,11/06/2026 01:27,KES
INV000510,DS000523,Zenith Petroleum,PMS,22526,,3703911.11,2026-06-12 19:01,KES
INV000511,DS000524,Crescent Oil Ltd,AGO,20725,156.81,3249946.96,2026-06-12 01:57,KES
INV000512,DS000525,Delta Oil Marketers,AGO,31478,154.55,"4,864,840.90",10/06/2026 15:52,KES
INV000513,DS000526,Summit Downstream Ltd,AGO,25672,152.35,"3,911,015.05",11/06/2026 08:30,KES
INV000514,DS000527,Delta Oil Marketers,PMS,30671,162.85,"4,994,750.17",2026-06-12 00:30,KES
INV000515,DS000528,Highland Energy Co,PMS,24180,162.88,"3,938,340.63",2026-06-10 02:35,KES
INV000516,DS000530,Crescent Oil Ltd,AGO,29945,,4656815.14,11/06/2026 21:07,KES
INV000517,DS000531,Mara Fuels,PMS,23312,166.71,3886313.07,10/06/2026 21:49,KES
INV000518,DS000532,Tsavo Energy Group,AGO,30327,152.92,4637574.24,11/06/2026 11:30,KES
INV000519,DS000534,Mara Fuels,AGO,27710,155.67,4313516.84,10/06/2026 18:56,KES
INV000520,DS000535,Pioneer Fuels Kenya,AGO,28187,,4322375.92,2026-06-10 05:34,KES
INV000521,DS000536,Uhuru Energy Partners,AGO,21527,152.55,3283867.00,09/06/2026 10:16,KES
INV000522,DS000536,Uhuru Energy Partners,AGO,21527,152.55,3283867.00,2026-06-09 11:16,KES
INV000523,DS000537,Baraka Downstream,AGO,28799,152.26,4385076.08,09/06/2026 14:32,KES
INV000524,DS000538,Crescent Oil Ltd,AGO,34891,153.41,5352593.35,2026-06-10 21:22,KES
INV000525,DS000539,Kilele Fuels,PMS,27939,168.22,"4,699,823.76",09/06/2026 22:40,KES
INV000526,DS000540,Mara Fuels,AGO,28622,153.77,4401091.55,11/06/2026 07:58,KES
INV000527,DS000541,Zenith Petroleum,PMS,23425,163.53,"3,830,574.65",10/06/2026 23:18,KES
INV000528,DS000542,Horizon Oil Marketers,AGO,22917,152.23,3488558.35,2026-06-10 00:05,KES
INV000529,DS000543,Uhuru Energy Partners,AGO,24970,156.59,3910161.77,2026-06-17 05:58,KES
INV000530,DS000544,Savannah Petroleum,PMS,31575,168.68,5326187.05,11/06/2026 14:35,KES
INV000531,DS000545,Savannah Petroleum,AGO,31229,156.67,4892671.07,2026-06-16 17:43,KES
INV000532,DS000546,Crescent Oil Ltd,PMS,22309,164.42,3668044.60,11/06/2026 05:12,KES
INV000533,DS000547,Nyanza Petroleum Co,AGO,26566,155.66,4135201.65,2026-06-10 08:17,KES
INV000534,DS000548,Summit Downstream Ltd,AGO,21562,158.01,3406957.48,10/06/2026 11:59,KES
INV000535,DS000549,Aberdare Oil Traders,IK,21485,141.07,3030857.21,09/06/2026 09:26,KES
INV000536,DS000550,Pioneer Fuels Kenya,IK,22733,138.19,3141470.03,11/06/2026 01:38,KES
INV000537,DS000551,Lakeview Energy,PMS,33046,165.77,5477889.11,10/06/2026 14:22,KES
INV000538,DS000552,Highland Energy Co,PMS,23057,165.59,"3,817,982.34",11/06/2026 01:01,KES
INV000539,DS000553,Baraka Downstream,PMS,30700,165.26,"5,073,427.43",10/06/2026 03:05,KES
INV000540,DS000554,Pioneer Fuels Kenya,AGO,25566,155.13,3966168.64,2026-06-10 23:19,KES
INV000541,DS000555,Lakeview Energy,AGO,28939,152.58,"4,415,432.46",2026-06-10 19:50,KES
INV000542,DS000556,Equator Fuels,PMS,35307,164.31,5801464.03,09/06/2026 14:59,KES
INV000543,DS000558,Crescent Oil Ltd,AGO,35987,155.78,5606168.71,09/06/2026 21:20,KES
INV000544,DS000559,Aberdare Oil Traders,PMS,27104,163.24,4424556.45,2026-06-12 18:29,KES
INV000545,DS000560,Highland Energy Co,AGO,22921,154.88,"3,550,115.97",09/06/2026 13:52,KES
INV000546,DS000561,Uhuru Energy Partners,AGO,26215,155.52,4077014.55,09/06/2026 19:35,KES
INV000547,DS000562,Baraka Downstream,AGO,33911,157.08,"5,326,639.99",11/06/2026 09:50,KES
INV000548,DS000564,Summit Downstream Ltd,PMS,20789,168.37,3500307.32,2026-06-10 03:05,KES
INV000549,DS000565,Pioneer Fuels Kenya,AGO,20392,156.04,3181874.16,09/06/2026 09:18,KES
INV000550,DS000566,Coastline Energy Ltd,IK,30107,141.01,4245307.20,10/06/2026 17:55,KES
INV000551,DS000567,Tsavo Energy Group,PMS,35683,164.38,5865460.37,2026-06-09 12:25,KES
INV000552,DS000568,Baraka Downstream,AGO,33433,153.34,5126450.36,11/06/2026 08:15,KES
INV000553,DS000569,Highland Energy Co,IK,31776,140.35,4459698.33,2026-06-09 13:21,KES
INV000554,DS000570,Equator Fuels,AGO,25940,156.17,4051127.29,2026-06-10 10:55,KES
INV000555,DS000571,Tsavo Energy Group,PMS,31790,167.76,5332992.58,2026-06-09 22:14,KES
INV000556,DS000572,Highland Energy Co,PMS,22236,165.17,3672627.40,2026-06-09 14:48,KES
INV000557,DS000573,Equator Fuels,AGO,35856,157.66,"5,653,127.84",11/06/2026 16:06,KES
INV000558,DS000574,Coastline Energy Ltd,PMS,31845,163.39,5203272.21,2026-06-10 20:51,KES
INV000559,DS000575,Pioneer Fuels Kenya,AGO,35674,153.61,5479991.29,10/06/2026 23:55,KES
INV000560,DS000576,Mara Fuels,IK,28781,142.04,4088086.09,2026-06-11 17:04,KES
INV000561,DS000577,Mara Fuels,AGO,34998,152.10,5323108.10,2026-06-11 11:57,KES
INV000562,DS000578,Horizon Oil Marketers,AGO,20896,154.15,3221033.94,13/06/2026 05:52,KES
INV000563,DS000579,Highland Energy Co,AGO,27500,154.47,4248036.48,2026-06-10 14:29,KES
INV000564,DS000580,Rift Valley Fuels Ltd,AGO,26993,154.84,4179604.57,12/06/2026 03:53,KES
INV000565,DS000581,Highland Energy Co,IK,20718,138.02,2859539.22,2026-06-12 06:19,KES
INV000566,DS000582,Pioneer Fuels Kenya,PMS,34244,167.02,5719432.66,17/06/2026 13:44,KES
INV000567,DS000583,Zenith Petroleum,AGO,26254,156.59,"4,111,157.09",10/06/2026 14:19,KES
INV000568,DS000584,Tsavo Energy Group,AGO,35124,152.77,5366028.54,11/06/2026 13:33,KES
INV000569,DS000585,Delta Oil Marketers,IK,24219,,3328449.27,2026-06-10 13:07,KES
INV000570,DS000586,Zenith Petroleum,PMS,34399,165.84,5704808.78,2026-06-12 14:10,KES
INV000571,DS000587,Amani Petroleum,IK,27039,137.91,3728881.74,2026-06-11 00:57,KES
INV000572,DS000588,Pioneer Fuels Kenya,PMS,20992,165.67,3477686.49,11/06/2026 22:14,KES
INV000573,DS000589,Summit Downstream Ltd,PMS,25517,168.61,4302446.49,12/06/2026 21:17,KES
INV000574,DS000590,Baraka Downstream,AGO,20328,154.62,"3,143,047.47",10/06/2026 12:18,KES
INV000575,DS000591,Zenith Petroleum,PMS,35046,,5875960.82,2026-06-10 17:19,KES
INV000576,DS000592,Horizon Oil Marketers,PMS,26744,164.47,4398479.81,11/06/2026 02:22,KES
INV000577,DS000593,Nyanza Petroleum Co,AGO,23022,152.19,3503797.24,12/06/2026 23:32,KES
INV000578,DS000594,Pioneer Fuels Kenya,AGO,27404,156.08,4277164.36,2026-06-10 14:29,KES
INV000579,DS000595,Pioneer Fuels Kenya,AGO,21792,153.98,3355428.15,11/06/2026 01:10,KES
INV000580,DS000596,Delta Oil Marketers,PMS,23514,164.98,3879428.98,2026-06-12 05:06,KES
INV000581,DS000597,Amani Petroleum,AGO,28218,157.92,4456202.50,2026-06-10 16:57,KES
INV000582,DS000598,Summit Downstream Ltd,AGO,26491,,"4,152,474.93",10/06/2026 13:18,KES
INV000583,DS000599,Uhuru Energy Partners,AGO,29895,155.00,"4,633,634.49",11/06/2026 01:23,KES
INV000584,DS000600,Highland Energy Co,AGO,33340,152.97,5100084.32,10/06/2026 10:07,KES
INV000585,DS000601,Rift Valley Fuels Ltd,AGO,23441,154.91,3631172.63,11/06/2026 02:09,KES
INV000586,DS000602,Savannah Petroleum,AGO,33813,,5170820.93,2026-06-11 19:05,KES
INV000587,DS000603,Pioneer Fuels Kenya,AGO,32710,153.70,"5,027,403.05",17/06/2026 19:03,KES
INV000588,DS000605,Rift Valley Fuels Ltd,PMS,34197,163.62,5595371.43,2026-06-11 11:13,KES
INV000589,DS000606,Mara Fuels,PMS,31927,167.19,5338029.33,2026-06-11 21:08,KES
INV000590,DS000607,Highland Energy Co,AGO,23954,153.87,3685785.41,2026-06-11 16:00,KES
INV000591,DS000608,Equator Fuels,IK,29089,141.45,"4,114,640.00",2026-06-11 03:40,KES
INV000592,DS000609,Delta Oil Marketers,PMS,21348,164.64,3514717.18,2026-06-11 04:37,KES
INV000593,DS000610,Baraka Downstream,AGO,24534,153.70,3770814.81,10/06/2026 23:42,KES
INV000594,DS000612,Lakeview Energy,PMS,21442,168.06,3603551.83,2026-06-10 07:23,KES
INV000595,DS000613,Zenith Petroleum,PMS,21472,165.90,3562276.48,2026-06-12 18:22,KES
INV000596,DS000614,Amani Petroleum,IK,31976,140.06,4478471.27,10/06/2026 23:01,KES
INV000597,DS000615,Equator Fuels,AGO,23078,155.76,3594657.58,2026-06-12 02:12,KES
INV000598,DS000616,Nyanza Petroleum Co,PMS,27420,168.63,4623851.35,11/06/2026 03:56,KES
INV000599,DS000617,Lakeview Energy,PMS,25955,168.32,4368840.09,2026-06-11 10:48,KES
INV000600,DS000617,Lakeview Energy,PMS,25955,168.32,4368840.09,11/06/2026 11:48,KES
INV000601,DS000618,Equator Fuels,AGO,22715,153.63,3489770.02,2026-06-11 00:20,KES
INV000602,DS000619,Highland Energy Co,IK,25794,141.51,3650105.09,2026-06-11 07:04,KES
INV000603,DS000620,Summit Downstream Ltd,PMS,33015,167.75,5538400.30,10/06/2026 18:50,KES
INV000604,DS000621,Amani Petroleum,AGO,35674,156.24,"5,573,765.34",13/06/2026 04:21,KES
INV000605,DS000622,Kilele Fuels,AGO,22051,156.44,3449715.58,11/06/2026 18:04,KES
INV000606,DS000623,Kilele Fuels,AGO,21546,154.50,"3,328,812.34",2026-06-12 05:56,KES
INV000607,DS000624,Nyanza Petroleum Co,PMS,33357,168.13,5608340.23,11/06/2026 14:37,KES
INV000608,DS000625,Rift Valley Fuels Ltd,IK,33148,142.49,4723304.22,2026-06-11 07:16,KES
INV000609,DS000626,Highland Energy Co,PMS,31363,164.50,5159242.55,10/06/2026 16:27,KES
INV000610,DS000627,Equator Fuels,PMS,27342,163.03,4457517.68,2026-06-10 22:59,KES
INV000611,DS000628,Equator Fuels,AGO,27893,157.80,4401438.15,12/06/2026 19:53,KES
INV000612,DS000629,Lakeview Energy,PMS,31482,168.66,5309602.88,2026-06-12 14:40,KES
INV000613,DS000630,Delta Oil Marketers,AGO,21686,152.97,3317309.28,11/06/2026 05:18,KES
INV000614,DS000631,Summit Downstream Ltd,AGO,27186,157.24,4274799.10,2026-06-12 05:43,KES
INV000615,DS000632,Highland Energy Co,AGO,30560,,4836928.97,10/06/2026 21:25,KES
INV000616,DS000633,Amani Petroleum,AGO,27598,158.17,4365265.93,2026-06-11 15:40,KES
INV000617,DS000634,Horizon Oil Marketers,AGO,28172,154.94,4364953.11,2026-06-10 22:11,KES
INV000618,DS000635,Delta Oil Marketers,AGO,31002,157.02,"4,867,843.65",2026-06-12 17:28,KES
INV000619,DS000636,Zenith Petroleum,AGO,22713,157.87,3585660.54,10/06/2026 14:12,KES
INV000620,DS000637,Nyanza Petroleum Co,PMS,24501,162.31,3976770.03,13/06/2026 12:04,KES
INV000621,DS000638,Baraka Downstream,AGO,31003,155.18,"4,810,914.42",2026-06-10 21:50,KES
INV000622,DS000639,Delta Oil Marketers,AGO,32299,156.49,5054589.71,2026-06-12 21:10,KES
INV000623,DS000640,Pioneer Fuels Kenya,PMS,32008,166.46,5328017.82,12/06/2026 09:43,KES
INV000624,DS000641,Horizon Oil Marketers,PMS,20850,163.74,3413907.31,2026-06-12 19:38,KES
INV000625,DS000642,Aberdare Oil Traders,PMS,30358,163.66,4968420.99,13/06/2026 07:34,KES
INV000626,DS000643,Pioneer Fuels Kenya,AGO,23759,155.65,3698183.90,11/06/2026 14:33,KES
INV000627,DS000644,Kilele Fuels,PMS,22167,163.76,"3,630,034.64",19/06/2026 03:24,KES
INV000628,DS000645,Tsavo Energy Group,AGO,20398,153.69,3134944.28,11/06/2026 18:04,KES
INV000629,DS000646,Tsavo Energy Group,AGO,20289,154.61,3136785.41,2026-06-11 13:28,KES
INV000630,DS000647,Kilele Fuels,AGO,33074,152.34,5038390.58,2026-06-14 00:06,KES
INV000631,DS000648,Nyanza Petroleum Co,PMS,33534,162.50,"5,449,153.37",18/06/2026 12:20,KES
INV000632,DS000649,Lakeview Energy,PMS,29941,168.11,5033404.95,14/06/2026 15:57,KES
INV000633,DS000650,Lakeview Energy,AGO,30139,152.95,4609653.85,13/06/2026 06:42,KES
INV000634,DS000651,Nyanza Petroleum Co,AGO,21230,156.00,3311849.18,12/06/2026 20:20,KES
INV000635,DS000653,Aberdare Oil Traders,AGO,21084,155.52,3278898.47,15/06/2026 02:55,KES
INV000636,DS000654,Highland Energy Co,AGO,31705,157.30,4987200.04,12/06/2026 00:17,KES
INV000637,DS000655,Zenith Petroleum,AGO,34117,156.10,5325691.02,22/06/2026 02:16,KES
INV000638,DS000656,Coastline Energy Ltd,PMS,21379,166.15,3552198.38,2026-06-14 19:03,KES
INV000639,DS000657,Equator Fuels,AGO,29521,156.37,"4,616,143.90",2026-06-12 23:44,KES
INV000640,DS000658,Summit Downstream Ltd,PMS,33988,164.32,5584741.92,14/06/2026 03:22,KES
INV000641,DS000659,Highland Energy Co,AGO,28302,155.78,4409009.91,2026-06-12 22:43,KES
INV000642,DS000660,Kilele Fuels,PMS,32361,164.51,5323579.40,2026-06-11 16:53,KES
INV000643,DS000662,Kilele Fuels,PMS,29546,166.05,4906043.33,2026-06-13 17:33,KES
INV000644,DS000663,Uhuru Energy Partners,PMS,23784,167.74,3989412.97,11/06/2026 17:02,KES
INV000645,DS000664,Lakeview Energy,AGO,27703,154.99,4293682.55,2026-06-14 10:41,KES
INV000646,DS000665,Delta Oil Marketers,AGO,24353,157.98,3847256.28,2026-06-11 17:31,KES
INV000647,DS000666,Nyanza Petroleum Co,AGO,19958,153.61,3065810.69,14/06/2026 13:58,KES
INV000648,DS000667,Equator Fuels,PMS,29623,165.11,4890968.42,2026-06-11 17:12,KES
INV000649,DS000668,Highland Energy Co,PMS,27212,163.35,"4,445,109.38",2026-06-12 13:47,KES
INV000650,DS000668,Highland Energy Co,PMS,27212,163.35,4445109.38,12/06/2026 14:47,KES
INV000651,DS000669,Equator Fuels,PMS,27922,168.09,"4,693,281.90",2026-06-12 13:35,KES
INV000652,DS000670,Aberdare Oil Traders,PMS,29535,165.72,4894646.52,2026-06-11 18:17,KES
INV000653,DS000671,Crescent Oil Ltd,IK,33720,138.88,4682975.40,19/06/2026 05:34,KES
INV000654,DS000672,Highland Energy Co,PMS,29298,167.48,4906926.29,11/06/2026 13:18,KES
INV000655,DS000673,Zenith Petroleum,PMS,26360,167.70,4420491.66,2026-06-12 03:43,KES
INV000656,DS000674,Baraka Downstream,PMS,30019,162.93,4890892.09,11/06/2026 22:03,KES
INV000657,DS000675,Delta Oil Marketers,AGO,34054,155.45,5293808.81,15/06/2026 05:33,KES
INV000658,DS000676,Crescent Oil Ltd,PMS,31197,163.68,5106369.02,14/06/2026 04:47,KES
INV000659,DS000677,Aberdare Oil Traders,AGO,26343,157.28,4143211.13,12/06/2026 00:17,KES
INV000660,DS000678,Zenith Petroleum,AGO,34110,154.92,5284349.94,2026-06-11 09:22,KES
INV000661,DS000679,Summit Downstream Ltd,AGO,24662,154.49,3810070.55,12/06/2026 03:43,KES
INV000662,DS000680,Mara Fuels,AGO,35313,157.19,"5,551,008.54",13/06/2026 21:06,KES
INV000663,DS000681,Savannah Petroleum,PMS,20567,166.77,3430004.45,2026-06-12 15:37,KES
INV000664,DS000682,Delta Oil Marketers,PMS,24127,165.75,3999140.49,2026-06-13 01:44,KES
INV000665,DS000683,Lakeview Energy,PMS,21987,163.83,3602067.28,2026-06-14 18:55,KES
INV000666,DS000685,Savannah Petroleum,AGO,35109,157.99,5546980.92,2026-06-12 22:57,KES
INV000667,DS000686,Horizon Oil Marketers,IK,30974,137.98,4273823.70,13/06/2026 06:51,KES
INV000668,DS000687,Tsavo Energy Group,PMS,30308,167.07,5063692.93,13/06/2026 17:14,KES
INV000669,DS000688,Kilele Fuels,AGO,29760,154.30,4591975.06,2026-06-13 18:40,KES
INV000670,DS000689,Amani Petroleum,AGO,34418,156.47,"5,385,230.18",20/06/2026 05:34,KES
INV000671,DS000690,Zenith Petroleum,IK,25810,138.52,3575230.95,2026-06-15 07:51,KES
INV000672,DS000691,Summit Downstream Ltd,AGO,24724,153.23,3788448.37,13/06/2026 02:26,KES
INV000673,DS000692,Rift Valley Fuels Ltd,IK,29037,138.46,4020477.93,12/06/2026 23:44,KES
INV000674,DS000693,Coastline Energy Ltd,IK,31793,141.10,4485870.64,13/06/2026 17:51,KES
INV000675,DS000694,Highland Energy Co,AGO,33553,152.36,5112220.56,2026-06-14 20:34,KES
INV000676,DS000695,Baraka Downstream,PMS,24443,163.00,3984185.55,12/06/2026 22:59,KES
INV000677,DS000696,Pioneer Fuels Kenya,PMS,32483,165.06,"5,361,738.83",12/06/2026 23:28,KES
INV000678,DS000697,Pioneer Fuels Kenya,AGO,33715,157.64,5314788.52,2026-06-13 13:15,KES
INV000679,DS000698,Savannah Petroleum,AGO,26968,156.05,4208323.04,14/06/2026 22:55,KES
INV000680,DS000699,Nyanza Petroleum Co,PMS,29522,166.68,4920770.13,15/06/2026 14:39,KES
INV000681,DS000700,Mara Fuels,PMS,30942,165.92,5133965.09,15/06/2026 07:14,KES
INV000682,DS000701,Crescent Oil Ltd,PMS,22358,166.98,3733417.62,2026-06-13 18:44,KES
INV000683,DS000702,Baraka Downstream,PMS,25449,166.76,4243882.86,2026-06-12 20:04,KES
INV000684,DS000703,Uhuru Energy Partners,PMS,30181,166.92,5037700.75,20/06/2026 04:27,KES
INV000685,DS000704,Pioneer Fuels Kenya,AGO,21035,154.44,3248685.66,2026-06-13 02:20,KES
INV000686,DS000705,Pioneer Fuels Kenya,PMS,28367,168.54,4780860.39,15/06/2026 04:55,KES
INV000687,DS000706,Zenith Petroleum,PMS,23628,167.76,3963802.67,12/06/2026 19:02,KES
INV000688,DS000707,Baraka Downstream,IK,27850,137.89,3840247.75,2026-06-16 02:39,KES
INV000689,DS000708,Lakeview Energy,AGO,28087,154.11,4328457.89,14/06/2026 16:28,KES
INV000690,DS000709,Mara Fuels,AGO,20596,155.44,3201480.90,2026-06-13 18:26,KES
INV000691,DS000710,Highland Energy Co,AGO,22458,156.69,3519007.00,2026-06-13 18:48,KES
INV000692,DS000711,Rift Valley Fuels Ltd,AGO,24699,157.61,3892825.04,2026-06-12 14:11,KES
INV000693,DS000712,Equator Fuels,PMS,21877,,3661979.82,14/06/2026 11:51,KES
INV000694,DS000713,Summit Downstream Ltd,AGO,29557,152.33,4502395.72,13/06/2026 12:29,KES
INV000695,DS000714,Summit Downstream Ltd,AGO,21300,157.67,3358446.61,13/06/2026 13:09,KES
INV000696,DS000715,Crescent Oil Ltd,IK,28540,142.70,4072729.86,2026-06-12 22:48,KES
INV000697,DS000716,Nyanza Petroleum Co,AGO,23868,156.50,3735404.61,14/06/2026 13:43,KES
INV000698,DS000717,Zenith Petroleum,PMS,31377,166.08,5210970.15,2026-06-13 15:50,KES
INV000699,DS000718,Savannah Petroleum,PMS,27972,164.98,4614904.89,15/06/2026 06:13,KES
INV000700,DS000719,Baraka Downstream,IK,28583,141.10,4033048.08,14/06/2026 19:34,KES
INV000701,DS000720,Crescent Oil Ltd,PMS,35871,167.44,6006106.32,14/06/2026 21:43,KES
INV000702,DS000721,Coastline Energy Ltd,PMS,32430,162.56,"5,271,767.03",12/06/2026 13:26,KES
INV000703,DS000722,Highland Energy Co,PMS,24870,163.91,4076370.13,2026-06-14 20:24,KES
INV000704,DS000723,Baraka Downstream,AGO,31843,,4930906.29,2026-06-13 23:45,KES
INV000705,DS000724,Horizon Oil Marketers,PMS,33538,162.46,5448471.53,2026-06-13 08:18,KES
INV000706,DS000725,Coastline Energy Ltd,AGO,25696,155.87,4005196.01,14/06/2026 21:55,KES
INV000707,DS000726,Baraka Downstream,PMS,20630,168.44,"3,474,950.43",13/06/2026 14:41,KES
INV000708,DS000727,Nyanza Petroleum Co,AGO,30869,153.70,4744487.60,12/06/2026 18:10,KES
INV000709,DS000728,Amani Petroleum,AGO,20628,156.91,3236711.84,2026-06-15 06:08,KES
INV000710,DS000729,Delta Oil Marketers,PMS,21500,168.49,3622437.76,13/06/2026 00:42,KES
INV000711,DS000730,Aberdare Oil Traders,PMS,27879,162.27,4523985.33,2026-06-19 15:28,KES
INV000712,DS000731,Kilele Fuels,AGO,28876,157.19,4538958.44,2026-06-12 11:15,KES
INV000713,DS000732,Summit Downstream Ltd,AGO,29713,152.69,4536837.33,12/06/2026 20:14,KES
INV000714,DS000733,Pioneer Fuels Kenya,AGO,35803,154.92,5546531.10,15/06/2026 00:25,KES
INV000715,DS000734,Savannah Petroleum,AGO,33122,153.25,5076045.24,2026-06-13 21:27,KES
INV000716,DS000735,Summit Downstream Ltd,IK,23063,140.29,3235437.96,2026-06-13 15:44,KES
INV000717,DS000736,Coastline Energy Ltd,PMS,33668,164.44,5536466.74,13/06/2026 04:04,KES
INV000718,DS000737,Amani Petroleum,PMS,30136,168.31,5072270.15,13/06/2026 12:45,KES
INV000719,DS000738,Tsavo Energy Group,PMS,20374,164.10,3343290.62,2026-06-16 04:58,KES
INV000720,DS000739,Rift Valley Fuels Ltd,PMS,28971,167.32,4847541.76,15/06/2026 01:51,KES
INV000721,DS000739,Rift Valley Fuels Ltd,PMS,28971,167.32,4847541.76,15/06/2026 02:51,KES
INV000722,DS000740,Mara Fuels,AGO,24836,155.64,3865457.46,14/06/2026 16:05,KES
INV000723,DS000741,Zenith Petroleum,PMS,23352,167.23,3905208.60,2026-06-13 03:23,KES
INV000724,DS000742,Tsavo Energy Group,PMS,20063,162.96,3269540.48,12/06/2026 19:34,KES
INV000725,DS000743,Savannah Petroleum,PMS,20008,168.70,3375367.72,2026-06-14 11:33,KES
INV000726,DS000744,Baraka Downstream,AGO,25458,156.11,3974126.03,2026-06-13 11:59,KES
INV000727,DS000745,Rift Valley Fuels Ltd,AGO,31323,157.68,4938863.16,2026-06-14 06:17,KES
INV000728,DS000746,Uhuru Energy Partners,AGO,26353,,4042129.06,2026-06-14 22:06,KES
INV000729,DS000747,Highland Energy Co,AGO,20281,154.78,3139110.22,13/06/2026 22:16,KES
INV000730,DS000748,Baraka Downstream,PMS,28688,162.71,4667859.33,13/06/2026 23:19,KES
INV000731,DS000749,Uhuru Energy Partners,IK,20025,139.48,"2,793,089.49",14/06/2026 14:33,KES
INV000732,DS000750,Savannah Petroleum,IK,31513,137.82,4343005.88,15/06/2026 22:48,KES
INV000733,DS000751,Uhuru Energy Partners,AGO,22212,154.85,3439484.85,14/06/2026 14:29,KES
INV000734,DS000752,Amani Petroleum,PMS,30721,165.80,5093437.01,2026-06-13 19:23,KES
INV000735,DS000753,Delta Oil Marketers,PMS,24719,167.67,4144622.49,14/06/2026 05:05,KES
INV000736,DS000754,Amani Petroleum,AGO,24226,155.55,"3,768,442.83",2026-06-14 22:34,KES
INV000737,DS000755,Delta Oil Marketers,AGO,30154,153.88,"4,640,113.62",13/06/2026 21:07,KES
INV000738,DS000756,Rift Valley Fuels Ltd,IK,29713,140.75,4181997.42,2026-06-14 10:54,KES
INV000739,DS000757,Savannah Petroleum,AGO,34277,152.15,5215281.26,13/06/2026 20:38,KES
INV000740,DS000758,Lakeview Energy,AGO,27147,155.09,4210327.75,2026-06-13 16:03,KES
INV000741,DS000759,Summit Downstream Ltd,PMS,30826,165.45,5100104.23,2026-06-13 20:26,KES
INV000742,DS000760,Delta Oil Marketers,PMS,31580,165.20,5217101.06,14/06/2026 00:07,KES
INV000743,DS000761,Highland Energy Co,AGO,22282,156.00,3475936.93,2026-06-14 01:52,KES
INV000744,DS000762,Mara Fuels,AGO,24318,153.16,3724471.44,2026-06-13 22:31,KES
INV000745,DS000763,Baraka Downstream,AGO,30159,154.31,"4,653,771.65",2026-06-13 23:26,KES
INV000746,DS000764,Crescent Oil Ltd,AGO,31828,157.09,4999725.14,2026-06-13 16:17,KES
INV000747,DS000765,Amani Petroleum,PMS,31298,163.84,5127744.99,2026-06-16 22:08,KES
INV000748,DS000766,Amani Petroleum,AGO,24976,154.94,3869885.53,15/06/2026 12:07,KES
INV000749,DS000767,Amani Petroleum,PMS,25790,168.71,4351126.82,14/06/2026 06:58,KES
INV000750,DS000768,Baraka Downstream,AGO,32734,158.27,5180755.34,16/06/2026 00:29,KES
INV000751,DS000769,Rift Valley Fuels Ltd,AGO,34496,152.99,"5,277,507.69",2026-06-14 06:09,KES
INV000752,DS000770,Amani Petroleum,PMS,26069,166.42,4338346.19,2026-06-14 16:39,KES
INV000753,DS000771,Equator Fuels,AGO,31477,157.44,4955661.87,13/06/2026 21:39,KES
INV000754,DS000772,Horizon Oil Marketers,AGO,30594,154.65,4731274.20,15/06/2026 03:11,KES
INV000755,DS000773,Horizon Oil Marketers,PMS,32055,166.39,5333740.23,15/06/2026 04:04,KES
INV000756,DS000774,Nyanza Petroleum Co,PMS,21805,168.81,3680886.56,13/06/2026 19:12,KES
INV000757,DS000775,Rift Valley Fuels Ltd,AGO,30192,152.48,4603617.49,13/06/2026 12:53,KES
INV000758,DS000776,Summit Downstream Ltd,PMS,28138,168.76,4748675.34,16/06/2026 13:14,KES
INV000759,DS000777,Equator Fuels,AGO,30225,157.38,4756946.10,15/06/2026 21:12,KES
INV000760,DS000778,Baraka Downstream,IK,26803,142.37,3815809.72,15/06/2026 03:09,KES
INV000761,DS000779,Kilele Fuels,PMS,25914,167.27,4334523.66,13/06/2026 20:16,KES
INV000762,DS000780,Mara Fuels,IK,32806,137.48,4510092.63,2026-06-15 00:24,KES
INV000763,DS000781,Zenith Petroleum,PMS,20543,165.60,3401914.63,15/06/2026 05:33,KES
INV000764,DS000782,Horizon Oil Marketers,AGO,27449,152.58,4188094.72,14/06/2026 19:51,KES
INV000765,DS000783,Coastline Energy Ltd,AGO,21264,152.96,"3,252,571.56",15/06/2026 10:38,KES
INV000766,DS000784,Tsavo Energy Group,PMS,28383,168.02,4769028.79,2026-06-13 17:13,KES
INV000767,DS000785,Uhuru Energy Partners,PMS,33442,164.70,5507994.11,14/06/2026 22:10,KES
INV000768,DS000786,Pioneer Fuels Kenya,PMS,20239,166.64,3372636.08,2026-06-13 11:21,KES
INV000769,DS000787,Kilele Fuels,PMS,26460,168.23,"4,451,262.40",2026-06-23 10:46,KES
INV000770,DS000788,Delta Oil Marketers,AGO,29525,152.75,4509933.65,15/06/2026 21:52,KES
INV000771,DS000789,Baraka Downstream,AGO,27538,153.26,4220362.59,2026-06-13 16:48,KES
INV000772,DS000790,Equator Fuels,PMS,24990,163.75,4092090.61,2026-06-14 03:45,KES
INV000773,DS000791,Zenith Petroleum,IK,32336,140.65,4548177.64,2026-06-13 22:49,KES
INV000774,DS000792,Zenith Petroleum,AGO,24132,156.30,3771827.43,14/06/2026 00:03,KES
INV000775,DS000793,Rift Valley Fuels Ltd,PMS,24793,166.42,4125969.83,2026-06-20 23:00,KES
INV000776,DS000794,Summit Downstream Ltd,AGO,25839,156.76,4050568.44,16/06/2026 00:24,KES
INV000777,DS000795,Summit Downstream Ltd,AGO,30266,152.19,4606148.01,2026-06-14 18:32,KES
INV000778,DS000796,Rift Valley Fuels Ltd,PMS,32602,164.06,5348594.10,14/06/2026 18:50,KES
INV000779,DS000797,Baraka Downstream,AGO,26450,157.72,4171818.02,15/06/2026 10:40,KES
INV000780,DS000798,Uhuru Energy Partners,AGO,31968,152.26,"4,867,334.79",2026-06-21 23:57,KES
INV000781,DS000799,Rift Valley Fuels Ltd,PMS,20856,164.32,3427160.77,24/06/2026 23:24,KES
INV000782,DS000800,Zenith Petroleum,PMS,35556,163.38,5809265.72,2026-06-17 04:35,KES
INV000783,DS000801,Lakeview Energy,PMS,25813,164.69,4251264.62,2026-06-14 22:27,KES
INV000784,DS000802,Crescent Oil Ltd,AGO,29981,153.47,4601090.56,18/06/2026 08:22,KES
INV000785,DS000803,Rift Valley Fuels Ltd,AGO,29168,157.74,4601078.90,14/06/2026 23:30,KES
INV000786,DS000804,Tsavo Energy Group,PMS,26293,162.27,4266645.81,2026-06-21 22:47,KES
INV000787,DS000805,Tsavo Energy Group,PMS,23587,164.67,3884084.10,17/06/2026 03:52,KES
INV000788,DS000806,Amani Petroleum,PMS,34128,165.02,5631644.08,2026-06-15 09:03,KES
INV000789,DS000807,Aberdare Oil Traders,PMS,21042,166.05,"3,493,923.83",15/06/2026 22:26,KES
INV000790,DS000808,Tsavo Energy Group,AGO,35149,156.45,5499106.97,2026-06-15 21:31,KES
INV000791,DS000809,Savannah Petroleum,PMS,23946,165.11,"3,953,608.59",17/06/2026 04:33,KES
INV000792,DS000810,Summit Downstream Ltd,AGO,24374,156.07,3804125.41,2026-06-15 04:47,KES
INV000793,DS000811,Aberdare Oil Traders,AGO,28596,156.06,4462616.95,17/06/2026 01:42,KES
INV000794,DS000812,Delta Oil Marketers,AGO,33700,153.52,"5,173,630.39",2026-06-16 06:15,KES
INV000795,DS000813,Aberdare Oil Traders,PMS,34329,164.41,5643919.26,2026-06-16 02:27,KES
INV000796,DS000814,Mara Fuels,PMS,30459,166.52,5071960.40,17/06/2026 23:45,KES
INV000797,DS000815,Uhuru Energy Partners,IK,30091,139.85,"4,208,177.92",2026-06-14 21:02,KES
INV000798,DS000816,Pioneer Fuels Kenya,PMS,28425,164.41,4673376.18,2026-06-16 16:43,KES
INV000799,DS000817,Mara Fuels,AGO,27200,156.32,4251778.64,15/06/2026 21:23,KES
INV000800,DS000818,Uhuru Energy Partners,AGO,35447,153.18,5429612.75,2026-06-16 16:43,KES
INV000801,DS000819,Equator Fuels,PMS,32888,168.23,5532707.57,2026-06-15 19:13,KES
INV000802,DS000820,Horizon Oil Marketers,IK,32119,140.87,"4,524,745.25",21/06/2026 14:45,KES
INV000803,DS000821,Horizon Oil Marketers,PMS,27766,165.97,4608274.91,24/06/2026 16:46,KES
INV000804,DS000822,Kilele Fuels,AGO,30604,155.52,4759541.88,14/06/2026 12:07,KES
INV000805,DS000823,Savannah Petroleum,PMS,29042,164.85,4787555.10,2026-06-14 17:58,KES
INV000806,DS000824,Kilele Fuels,IK,20154,141.95,2860906.97,2026-06-15 19:46,KES
INV000807,DS000825,Baraka Downstream,PMS,32881,166.17,5463883.25,2026-06-17 03:36,KES
INV000808,DS000826,Savannah Petroleum,IK,28078,138.25,3881710.32,2026-06-14 14:46,KES
INV000809,DS000827,Delta Oil Marketers,AGO,24081,156.32,"3,764,250.98",2026-06-14 09:31,KES
INV000810,DS000828,Mara Fuels,AGO,18761,154.50,2898519.52,14/06/2026 22:09,KES
INV000811,DS000829,Lakeview Energy,AGO,21979,156.44,3438344.10,2026-06-16 23:14,KES
INV000812,DS000830,Zenith Petroleum,PMS,28200,165.06,4654625.22,2026-06-15 03:51,KES
INV000813,DS000831,Highland Energy Co,AGO,30281,153.14,4637218.68,2026-06-14 11:08,KES
INV000814,DS000832,Equator Fuels,AGO,30077,152.91,4598974.22,2026-06-14 21:08,KES
INV000815,DS000833,Horizon Oil Marketers,PMS,26159,163.53,4277828.25,2026-06-15 00:08,KES
INV000816,DS000833,Horizon Oil Marketers,PMS,26159,163.53,4277828.25,15/06/2026 01:08,KES
INV000817,DS000834,Equator Fuels,AGO,34243,156.07,5344330.30,15/06/2026 00:45,KES
INV000818,DS000835,Highland Energy Co,AGO,35620,157.55,5612073.17,2026-06-24 15:45,KES
INV000819,DS000835,Highland Energy Co,AGO,35620,157.55,5612073.17,24/06/2026 16:45,KES
INV000820,DS000836,Mara Fuels,IK,23647,139.57,3300391.20,14/06/2026 12:38,KES
INV000821,DS000837,Amani Petroleum,PMS,22410,163.08,3654657.47,2026-06-17 18:17,KES
INV000822,DS000838,Lakeview Energy,AGO,31627,155.78,4926711.28,16/06/2026 14:58,KES
INV000823,DS000839,Baraka Downstream,AGO,26835,157.53,"4,227,436.99",21/06/2026 13:48,KES
INV000824,DS000840,Crescent Oil Ltd,AGO,34433,156.18,5377737.78,15/06/2026 14:19,KES
INV000825,DS000841,Equator Fuels,PMS,34196,162.96,"5,572,679.49",14/06/2026 15:21,KES
INV000826,DS000842,Mara Fuels,PMS,28091,163.43,4590776.17,15/06/2026 06:48,KES
INV000827,DS000843,Horizon Oil Marketers,AGO,29648,153.97,4564986.89,2026-06-15 00:53,KES
INV000828,DS000844,Kilele Fuels,AGO,23304,152.20,3546926.03,2026-06-18 03:31,KES
INV000829,DS000845,Tsavo Energy Group,PMS,21247,165.00,3505696.05,15/06/2026 00:38,KES
INV000830,DS000846,Pioneer Fuels Kenya,PMS,32915,163.39,5378049.10,2026-06-15 14:36,KES
INV000831,DS000847,Aberdare Oil Traders,AGO,25252,155.69,3931474.89,2026-06-21 19:20,KES
INV000832,DS000848,Tsavo Energy Group,AGO,22444,152.15,3414871.90,15/06/2026 12:38,KES
INV000833,DS000849,Nyanza Petroleum Co,PMS,28605,167.74,4798070.53,2026-06-15 09:23,KES
INV000834,DS000850,Nyanza Petroleum Co,AGO,21951,154.28,3386518.99,2026-06-15 00:33,KES
INV000835,DS000851,Baraka Downstream,PMS,20037,168.66,"3,379,385.52",2026-06-14 20:01,KES
INV000836,DS000852,Zenith Petroleum,PMS,23225,168.14,3904963.80,15/06/2026 10:26,KES
INV000837,DS000853,Horizon Oil Marketers,AGO,20164,155.74,3140412.95,15/06/2026 22:56,KES
INV000838,DS000854,Horizon Oil Marketers,AGO,31718,152.97,4851910.94,2026-06-17 05:21,KES
INV000839,DS000855,Horizon Oil Marketers,PMS,26761,164.34,4398025.45,2026-06-15 22:06,KES
INV000840,DS000856,Nyanza Petroleum Co,AGO,33040,157.27,5196150.12,15/06/2026 19:52,KES
INV000841,DS000857,Crescent Oil Ltd,AGO,24338,156.15,3800413.39,2026-06-15 17:00,KES
INV000842,DS000858,Zenith Petroleum,AGO,32116,153.29,"4,923,021.14",2026-06-15 20:23,KES
INV000843,DS000859,Baraka Downstream,PMS,22355,165.99,3710783.34,16/06/2026 15:20,KES
INV000844,DS000860,Coastline Energy Ltd,PMS,20368,165.59,3372651.58,15/06/2026 19:48,KES
INV000845,DS000861,Equator Fuels,PMS,28352,167.91,4760518.28,2026-06-16 07:02,KES
INV000846,DS000862,Nyanza Petroleum Co,PMS,25654,163.81,4202456.47,16/06/2026 01:06,KES
INV000847,DS000863,Savannah Petroleum,IK,30066,137.30,4128017.24,2026-06-17 09:03,KES
INV000848,DS000864,Horizon Oil Marketers,AGO,31346,154.43,4840651.61,2026-06-16 03:48,KES
INV000849,DS000866,Kilele Fuels,AGO,21640,158.00,3419040.86,18/06/2026 16:05,KES
INV000850,DS000867,Summit Downstream Ltd,AGO,22008,155.15,3414621.25,2026-06-17 12:12,KES
INV000851,DS000868,Lakeview Energy,AGO,20792,154.67,3215817.94,16/06/2026 12:51,KES
INV000852,DS000869,Crescent Oil Ltd,PMS,21686,168.48,3653734.37,15/06/2026 17:33,KES
INV000853,DS000870,Savannah Petroleum,AGO,27142,154.25,4186556.09,15/06/2026 23:33,KES
INV000854,DS000871,Crescent Oil Ltd,PMS,24967,166.98,4168919.66,18/06/2026 21:30,KES
INV000855,DS000872,Mara Fuels,AGO,34616,152.24,5269919.17,15/06/2026 14:45,KES
INV000856,DS000873,Zenith Petroleum,AGO,32523,,5044390.25,2026-06-16 21:19,KES
INV000857,DS000874,Kilele Fuels,PMS,33339,164.19,5473980.94,2026-06-16 00:01,KES
INV000858,DS000875,Coastline Energy Ltd,AGO,28828,153.78,4433299.49,26/06/2026 06:49,KES
INV000859,DS000876,Lakeview Energy,AGO,28648,154.61,4429255.14,2026-06-16 23:07,KES
INV000860,DS000877,Baraka Downstream,PMS,24982,163.53,4085339.85,15/06/2026 15:38,KES
INV000861,DS000878,Baraka Downstream,PMS,33021,167.87,5543295.10,2026-06-19 00:39,KES
INV000862,DS000879,Nyanza Petroleum Co,PMS,25127,167.99,4221006.50,2026-06-15 10:18,KES
INV000863,DS000881,Coastline Energy Ltd,AGO,33508,155.99,5226765.47,2026-06-15 12:42,KES
INV000864,DS000882,Savannah Petroleum,PMS,22677,168.02,"3,810,145.25",2026-06-15 19:36,KES
INV000865,DS000883,Highland Energy Co,AGO,20222,155.54,3145351.83,15/06/2026 14:43,KES
INV000866,DS000884,Mara Fuels,PMS,34989,162.96,5701928.01,2026-06-17 16:08,KES
INV000867,DS000885,Savannah Petroleum,PMS,34241,162.47,5563056.86,2026-06-16 08:32,KES
INV000868,DS000886,Coastline Energy Ltd,PMS,21267,164.23,3492579.80,2026-06-16 14:35,KES
INV000869,DS000887,Mara Fuels,AGO,30682,157.89,4844270.58,2026-06-16 21:38,KES
INV000870,DS000888,Coastline Energy Ltd,AGO,35511,152.40,"5,411,801.09",2026-06-15 16:29,KES
INV000871,DS000889,Horizon Oil Marketers,AGO,31929,156.98,5012237.08,2026-06-16 22:54,KES
INV000872,DS000890,Nyanza Petroleum Co,PMS,29631,163.23,4836805.67,23/06/2026 01:02,KES
INV000873,DS000891,Amani Petroleum,AGO,24336,157.34,3828939.21,2026-06-15 15:08,KES
INV000874,DS000892,Kilele Fuels,PMS,35480,166.33,"5,901,251.72",2026-06-18 02:56,KES
INV000875,DS000893,Crescent Oil Ltd,PMS,26447,164.07,4339167.58,2026-06-15 21:06,KES
INV000876,DS000894,Summit Downstream Ltd,PMS,25357,168.29,4267397.27,2026-06-15 19:59,KES
INV000877,DS000895,Highland Energy Co,PMS,24257,165.98,4026237.73,2026-06-16 01:49,KES
INV000878,DS000896,Uhuru Energy Partners,AGO,24602,154.39,3798315.34,16/06/2026 17:12,KES
INV000879,DS000897,Amani Petroleum,PMS,35575,166.62,5927366.17,15/06/2026 21:07,KES
INV000880,DS000898,Aberdare Oil Traders,PMS,21500,,3523395.57,15/06/2026 20:42,KES
INV000881,DS000899,Highland Energy Co,PMS,30012,167.54,"5,028,112.13",2026-06-16 02:44,KES
INV000882,DS000900,Rift Valley Fuels Ltd,AGO,29600,156.04,"4,618,901.78",2026-06-23 04:42,KES
INV000883,DS000901,Coastline Energy Ltd,IK,24366,140.18,3415718.94,2026-06-18 00:01,KES
INV000884,DS000902,Lakeview Energy,PMS,29304,168.73,4944497.14,2026-06-16 19:02,KES
INV000885,DS000903,Delta Oil Marketers,AGO,30823,152.51,4700732.79,2026-06-15 19:34,KES
INV000886,DS000904,Aberdare Oil Traders,AGO,28655,157.02,4499388.82,22/06/2026 11:50,KES
INV000887,DS000905,Tsavo Energy Group,AGO,23355,158.19,3694637.42,2026-06-15 14:52,KES
INV000888,DS000906,Lakeview Energy,PMS,23359,164.65,3846139.60,2026-06-15 20:15,KES
INV000889,DS000907,Mara Fuels,AGO,27945,153.80,"4,297,917.21",2026-06-16 14:23,KES
INV000890,DS000908,Highland Energy Co,PMS,21276,163.20,3472282.97,17/06/2026 02:23,KES
INV000891,DS000909,Delta Oil Marketers,PMS,33628,165.73,5573198.45,15/06/2026 23:04,KES
INV000892,DS000910,Equator Fuels,PMS,29482,162.90,4802501.54,2026-06-16 19:20,KES
INV000893,DS000911,Baraka Downstream,PMS,30236,165.99,5018727.23,2026-06-22 09:58,KES
INV000894,DS000912,Kilele Fuels,AGO,23140,154.03,"3,564,241.13",2026-06-15 17:11,KES
INV000895,DS000913,Horizon Oil Marketers,PMS,31745,165.65,5258679.65,2026-06-17 17:12,KES
INV000896,DS000914,Equator Fuels,AGO,24361,152.73,3720764.82,2026-06-15 18:24,KES
INV000897,DS000915,Uhuru Energy Partners,PMS,20984,,3450266.61,15/06/2026 23:05,KES
INV000898,DS000916,Lakeview Energy,AGO,30685,157.84,4843318.35,2026-06-16 14:49,KES
INV000899,DS000917,Equator Fuels,IK,35191,141.99,"4,996,745.81",2026-06-15 17:39,KES
INV000900,DS000918,Zenith Petroleum,PMS,23124,168.16,3888560.91,19/06/2026 22:48,KES
INV000901,DS000919,Equator Fuels,PMS,31832,167.76,"5,340,287.81",23/06/2026 12:15,KES
INV000902,DS000920,Equator Fuels,IK,25896,139.50,3612366.10,17/06/2026 11:36,KES
INV000903,DS000921,Horizon Oil Marketers,AGO,29493,157.51,4645536.11,2026-06-17 12:32,KES
INV000904,DS000922,Horizon Oil Marketers,PMS,34508,163.24,5633234.73,16/06/2026 13:32,KES
INV000905,DS000923,Zenith Petroleum,PMS,32733,167.66,5488168.77,16/06/2026 11:57,KES
INV000906,DS000924,Coastline Energy Ltd,PMS,31293,165.48,5178503.71,18/06/2026 13:51,KES
INV000907,DS000925,Uhuru Energy Partners,PMS,27284,166.68,4547582.51,17/06/2026 04:28,KES
INV000908,DS000926,Horizon Oil Marketers,PMS,27145,165.95,4504758.03,2026-06-17 02:38,KES
INV000909,DS000927,Pioneer Fuels Kenya,PMS,24727,168.66,4170540.65,2026-06-16 23:20,KES
INV000910,DS000928,Equator Fuels,PMS,34810,165.85,5773099.70,2026-06-17 20:22,KES
INV000911,DS000929,Pioneer Fuels Kenya,AGO,32137,155.10,4984577.73,18/06/2026 22:40,KES
INV000912,DS000930,Amani Petroleum,AGO,22515,155.43,"3,499,538.44",2026-06-17 02:33,KES
INV000913,DS000931,Nyanza Petroleum Co,PMS,32485,164.90,5356893.79,2026-06-24 02:00,KES
INV000914,DS000933,Lakeview Energy,PMS,32948,168.66,5557160.79,17/06/2026 11:47,KES
INV000915,DS000934,Amani Petroleum,PMS,28892,166.55,4812043.67,19/06/2026 05:58,KES
INV000916,DS000935,Coastline Energy Ltd,PMS,23552,168.39,3965909.95,2026-06-18 11:52,KES
INV000917,DS000936,Horizon Oil Marketers,PMS,32631,168.60,"5,501,735.69",2026-06-23 20:38,KES
INV000918,DS000937,Savannah Petroleum,AGO,23713,154.48,3663285.97,2026-06-17 16:18,KES
INV000919,DS000938,Mara Fuels,PMS,28291,164.74,4660725.19,2026-06-16 12:54,KES
INV000920,DS000939,Nyanza Petroleum Co,PMS,33530,168.08,5635737.71,23/06/2026 08:07,KES
INV000921,DS000940,Coastline Energy Ltd,IK,29836,140.21,4183223.24,17/06/2026 11:24,KES
INV000922,DS000941,Amani Petroleum,PMS,30678,165.20,5067970.08,2026-06-17 02:42,KES
INV000923,DS000942,Pioneer Fuels Kenya,AGO,21869,154.59,3380822.53,18/06/2026 19:24,KES
INV000924,DS000943,Delta Oil Marketers,PMS,19986,165.77,3313089.02,16/06/2026 17:17,KES
INV000925,DS000944,Uhuru Energy Partners,PMS,22600,168.64,3811259.11,2026-06-16 22:40,KES
INV000926,DS000945,Pioneer Fuels Kenya,PMS,20311,168.21,3416553.57,2026-06-16 16:49,KES
INV000927,DS000946,Mara Fuels,AGO,25627,153.27,3927865.91,16/06/2026 18:34,KES
INV000928,DS000947,Lakeview Energy,PMS,23595,167.35,3948611.20,2026-06-17 19:34,KES
INV000929,DS000948,Equator Fuels,PMS,20880,163.71,3418290.85,18/06/2026 03:52,KES
INV000930,DS000950,Highland Energy Co,PMS,28814,166.28,4791280.44,17/06/2026 02:39,KES
INV000931,DS000951,Baraka Downstream,AGO,28699,154.23,4426144.57,16/06/2026 19:30,KES
INV000932,DS000952,Lakeview Energy,AGO,27942,152.70,4266869.96,18/06/2026 03:26,KES
INV000933,DS000953,Crescent Oil Ltd,AGO,34089,152.48,"5,197,850.63",2026-06-16 19:20,KES
INV000934,DS000954,Coastline Energy Ltd,PMS,29812,164.75,4911599.99,26/06/2026 14:59,KES
INV000935,DS000955,Tsavo Energy Group,AGO,25275,153.92,3890292.10,19/06/2026 14:44,KES
INV000936,DS000956,Savannah Petroleum,AGO,26237,153.46,"4,026,224.17",2026-06-18 13:28,KES
INV000937,DS000957,Crescent Oil Ltd,AGO,32485,157.22,5107136.24,2026-06-17 12:08,KES
INV000938,DS000958,Baraka Downstream,AGO,33746,157.03,5299029.59,18/06/2026 17:03,KES
INV000939,DS000959,Delta Oil Marketers,AGO,26534,153.41,4070549.63,19/06/2026 04:48,KES
INV000940,DS000960,Pioneer Fuels Kenya,AGO,34120,155.11,5292219.52,18/06/2026 00:12,KES
INV000941,DS000961,Horizon Oil Marketers,IK,31289,138.86,4344871.71,19/06/2026 12:57,KES
INV000942,DS000962,Highland Energy Co,PMS,23355,165.17,3857645.02,23/06/2026 12:36,KES
INV000943,DS000963,Baraka Downstream,AGO,24579,153.77,3779395.50,17/06/2026 16:54,KES
INV000944,DS000964,Savannah Petroleum,PMS,26405,166.89,4406700.93,16/06/2026 14:03,KES
INV000945,DS000965,Zenith Petroleum,PMS,20098,168.35,3383524.17,18/06/2026 00:23,KES
INV000946,DS000966,Summit Downstream Ltd,AGO,20694,155.60,3219982.54,2026-06-19 00:50,KES
INV000947,DS000966,Summit Downstream Ltd,AGO,20694,155.60,3219982.54,19/06/2026 01:50,KES
INV000948,DS000967,Equator Fuels,IK,22774,140.93,3209474.13,2026-06-19 19:22,KES
INV000949,DS000968,Savannah Petroleum,AGO,35727,153.63,5488577.28,17/06/2026 23:05,KES
INV000950,DS000969,Uhuru Energy Partners,AGO,26875,156.34,4201582.38,17/06/2026 00:55,KES
INV000951,DS000970,Zenith Petroleum,AGO,23637,154.05,3641396.11,20/06/2026 04:04,KES
INV000952,DS000971,Savannah Petroleum,AGO,26027,155.78,4054529.39,16/06/2026 10:03,KES
INV000953,DS000972,Summit Downstream Ltd,AGO,31597,156.53,"4,945,937.65",16/06/2026 15:46,KES
INV000954,DS000973,Baraka Downstream,PMS,31148,164.54,5125088.03,18/06/2026 14:16,KES
INV000955,DS000974,Tsavo Energy Group,AGO,27595,155.21,4283117.65,2026-06-19 15:52,KES
INV000956,DS000975,Tsavo Energy Group,PMS,32967,163.58,5392656.46,18/06/2026 02:45,KES
INV000957,DS000976,Highland Energy Co,PMS,32270,167.90,5418107.32,16/06/2026 08:47,KES
INV000958,DS000977,Tsavo Energy Group,IK,32747,139.39,4564513.18,16/06/2026 13:21,KES
INV000959,DS000978,Pioneer Fuels Kenya,PMS,22194,163.19,3621846.62,2026-06-16 19:46,KES
INV000960,DS000979,Delta Oil Marketers,AGO,29915,153.54,4593180.52,2026-06-17 04:50,KES
INV000961,DS000980,Delta Oil Marketers,IK,31874,,4505391.22,20/06/2026 18:23,KES
INV000962,DS000981,Equator Fuels,IK,32191,141.47,4554212.03,17/06/2026 16:29,KES
INV000963,DS000982,Crescent Oil Ltd,PMS,29219,165.68,4840875.17,2026-06-17 16:40,KES
INV000964,DS000983,Mara Fuels,PMS,22535,162.95,"3,672,006.41",2026-06-18 02:27,KES
INV000965,DS000984,Horizon Oil Marketers,AGO,23257,153.33,3566077.35,20/06/2026 15:59,KES
INV000966,DS000985,Crescent Oil Ltd,AGO,23907,154.66,3697487.37,2026-06-19 22:49,KES
INV000967,DS000986,Summit Downstream Ltd,PMS,28248,167.04,4718528.05,18/06/2026 01:39,KES
INV000968,DS000988,Aberdare Oil Traders,AGO,30754,154.23,4743269.97,18/06/2026 23:17,KES
INV000969,DS000989,Zenith Petroleum,AGO,24307,152.55,3708117.32,2026-06-17 21:29,KES
INV000970,DS000990,Tsavo Energy Group,AGO,30272,155.16,4697083.99,2026-06-24 22:31,KES
INV000971,DS000991,Nyanza Petroleum Co,PMS,31087,167.94,5220771.29,2026-06-17 15:27,KES
INV000972,DS000992,Delta Oil Marketers,AGO,30535,153.36,4682846.55,2026-06-17 22:47,KES
INV000973,DS000993,Zenith Petroleum,AGO,32239,155.60,5016416.11,2026-06-17 17:58,KES
INV000974,DS000994,Aberdare Oil Traders,AGO,26879,155.09,4168576.67,2026-06-18 07:26,KES
INV000975,DS000995,Lakeview Energy,AGO,24176,153.26,3705314.56,20/06/2026 18:30,KES
INV000976,DS000996,Zenith Petroleum,PMS,26997,166.07,4483412.88,2026-06-17 13:08,KES
INV000977,DS000997,Delta Oil Marketers,PMS,30767,164.80,5070458.51,21/06/2026 02:46,KES
INV000978,DS000998,Pioneer Fuels Kenya,IK,35813,,"4,983,326.12",2026-06-18 03:50,KES
INV000979,DS001000,Summit Downstream Ltd,PMS,21465,166.50,3574024.40,2026-06-17 11:57,KES
INV000980,DS001001,Baraka Downstream,PMS,20136,164.12,3304772.20,17/06/2026 20:05,KES
INV000981,DS001002,Horizon Oil Marketers,IK,25107,138.75,3483673.37,2026-06-18 16:35,KES
INV000982,DS001003,Aberdare Oil Traders,PMS,34280,162.95,5585905.28,18/06/2026 19:24,KES
INV000983,DS001004,Uhuru Energy Partners,AGO,21303,153.90,3278573.23,2026-06-24 12:52,KES
INV000984,DS001005,Delta Oil Marketers,AGO,20243,154.12,3119826.59,20/06/2026 15:19,KES
INV000985,DS001006,Delta Oil Marketers,PMS,24871,,4074361.26,20/06/2026 03:47,KES
INV000986,DS001007,Coastline Energy Ltd,AGO,28087,154.11,"4,328,364.84",2026-06-19 06:52,KES
INV000987,DS001008,Uhuru Energy Partners,AGO,26356,156.28,"4,118,890.33",2026-06-19 03:55,KES
INV000988,DS001009,Amani Petroleum,PMS,19995,,"3,251,683.02",18/06/2026 14:33,KES
INV000989,DS001010,Summit Downstream Ltd,PMS,22256,165.98,3693952.42,17/06/2026 17:49,KES
INV000990,DS001011,Kilele Fuels,PMS,29071,163.85,"4,763,261.98",18/06/2026 02:30,KES
INV000991,DS001012,Crescent Oil Ltd,PMS,29860,163.84,4892383.26,17/06/2026 17:55,KES
INV000992,DS001013,Horizon Oil Marketers,AGO,27518,155.71,4284795.03,18/06/2026 11:35,KES
INV000993,DS001014,Crescent Oil Ltd,AGO,27415,154.49,4235411.36,2026-06-21 02:56,KES
INV000994,DS001015,Baraka Downstream,AGO,28050,156.14,4379820.48,20/06/2026 12:43,KES
INV000995,DS001016,Baraka Downstream,AGO,26031,157.27,4093900.44,20/06/2026 18:52,KES
INV000996,DS001017,Delta Oil Marketers,PMS,22688,164.55,3733251.89,18/06/2026 20:40,KES
INV000997,DS001018,Delta Oil Marketers,AGO,30346,153.48,4657401.09,2026-06-18 01:40,KES
INV000998,DS001019,,PMS,22467,168.54,3786492.89,2026-06-25 00:36,KES
INV000999,DS001020,Pioneer Fuels Kenya,IK,31389,142.15,4461923.04,19/06/2026 23:25,KES
INV001000,DS001021,Pioneer Fuels Kenya,AGO,28662,155.27,4450398.64,20/06/2026 21:55,KES
INV001001,DS001022,Delta Oil Marketers,AGO,32827,154.70,5078193.38,19/06/2026 04:53,KES
INV001002,DS001023,Tsavo Energy Group,PMS,26346,162.44,4279760.15,2026-06-18 00:09,KES
INV001003,DS001024,Pioneer Fuels Kenya,PMS,29298,166.65,4882467.83,2026-06-18 00:01,KES
INV001004,DS001025,Summit Downstream Ltd,PMS,29428,167.97,4942884.38,17/06/2026 16:48,KES
INV001005,DS001026,Equator Fuels,AGO,30051,152.92,4595389.61,17/06/2026 18:10,KES
INV001006,DS001027,Crescent Oil Ltd,PMS,29877,166.65,4979047.92,19/06/2026 12:41,KES
INV001007,DS001028,Savannah Petroleum,PMS,31136,165.74,5160521.34,17/06/2026 12:07,KES
INV001008,DS001029,Amani Petroleum,AGO,30941,157.92,4886340.14,17/06/2026 20:04,KES
INV001009,DS001030,Highland Energy Co,PMS,32786,163.24,5351938.67,18/06/2026 20:06,KES
INV001010,DS001031,Baraka Downstream,AGO,23368,157.45,3679309.19,2026-06-19 00:19,KES
INV001011,DS001032,Kilele Fuels,AGO,27307,157.33,4296099.51,2026-06-19 03:36,KES
INV001012,DS001032,Kilele Fuels,AGO,27307,157.33,4296099.51,19/06/2026 04:36,KES
INV001013,DS001033,Highland Energy Co,AGO,27088,157.61,4269363.66,17/06/2026 11:58,KES
INV001014,DS001034,Coastline Energy Ltd,AGO,30639,156.62,4798713.78,2026-06-20 00:54,KES
INV001015,DS001035,Zenith Petroleum,AGO,32573,157.61,5133719.17,17/06/2026 12:42,KES
INV001016,DS001036,Rift Valley Fuels Ltd,PMS,22058,164.58,3630297.50,2026-06-18 22:43,KES
INV001017,DS001037,Aberdare Oil Traders,PMS,35627,164.39,5856725.10,2026-06-17 15:03,KES
INV001018,DS001038,Amani Petroleum,AGO,35520,155.41,5520070.60,2026-06-18 18:30,KES
INV001019,DS001039,Kilele Fuels,PMS,25332,165.80,4200169.26,19/06/2026 00:37,KES
INV001020,DS001040,Rift Valley Fuels Ltd,IK,23703,138.15,"3,274,630.30",2026-06-20 04:39,KES
INV001021,DS001041,Tsavo Energy Group,PMS,30833,168.07,"5,182,182.11",2026-06-17 21:52,KES
INV001022,DS001042,Amani Petroleum,IK,23405,140.47,"3,287,629.74",2026-06-18 10:47,KES
INV001023,DS001043,,AGO,33767,155.50,5250904.73,2026-06-18 19:14,KES
INV001024,DS001044,Equator Fuels,AGO,21323,155.49,3315533.52,2026-06-18 02:13,KES
INV001025,DS001045,Equator Fuels,AGO,32858,155.61,5113034.15,28/06/2026 01:31,KES
INV001026,DS001046,Highland Energy Co,PMS,32494,167.46,5441523.35,18/06/2026 19:28,KES
INV001027,DS001047,Rift Valley Fuels Ltd,AGO,27194,153.05,4162042.29,2026-06-18 16:55,KES
INV001028,DS001048,Uhuru Energy Partners,AGO,26262,153.33,4026621.62,2026-06-21 17:54,KES
INV001029,DS001049,Horizon Oil Marketers,PMS,23127,165.11,3818607.50,22/06/2026 06:21,KES
INV001030,DS001050,Mara Fuels,PMS,28586,165.81,4739876.46,2026-06-20 15:25,KES
INV001031,DS001051,Summit Downstream Ltd,PMS,20688,166.63,3447295.58,18/06/2026 11:28,KES
INV001032,DS001052,Zenith Petroleum,AGO,28957,156.87,4542597.70,2026-06-25 15:44,KES
INV001033,DS001053,Baraka Downstream,PMS,30511,168.75,5148668.95,19/06/2026 11:20,KES
INV001034,DS001053,Baraka Downstream,PMS,30511,168.75,5148668.95,19/06/2026 12:20,KES
INV001035,DS001054,Highland Energy Co,AGO,30978,152.48,4723618.87,19/06/2026 01:46,KES
INV001036,DS001055,Delta Oil Marketers,AGO,22009,156.51,3444583.48,19/06/2026 00:19,KES
INV001037,DS001056,Kilele Fuels,AGO,26670,,4161552.24,2026-06-20 22:59,KES
INV001038,DS001057,Tsavo Energy Group,AGO,28233,156.43,"4,416,460.95",2026-06-21 13:34,KES
INV001039,DS001058,Coastline Energy Ltd,PMS,26264,163.39,4291273.12,18/06/2026 19:13,KES
INV001040,DS001059,Coastline Energy Ltd,PMS,24508,162.88,3991760.43,22/06/2026 00:25,KES
INV001041,DS001060,Coastline Energy Ltd,AGO,33605,154.05,5176694.36,2026-06-20 02:09,KES
INV001042,DS001061,Lakeview Energy,PMS,26593,166.47,"4,426,815.09",19/06/2026 03:18,KES
INV001043,DS001062,Summit Downstream Ltd,AGO,29615,157.78,4672796.69,2026-06-18 18:02,KES
INV001044,DS001063,Kilele Fuels,AGO,32697,156.30,5110578.58,2026-06-19 05:08,KES
INV001045,DS001064,Nyanza Petroleum Co,AGO,34999,156.34,"5,471,593.24",2026-06-20 20:49,KES
INV001046,DS001065,Tsavo Energy Group,AGO,29040,153.53,4458536.19,2026-06-21 12:47,KES
INV001047,DS001066,Crescent Oil Ltd,AGO,35706,152.44,5443034.46,18/06/2026 09:56,KES
INV001048,DS001068,Pioneer Fuels Kenya,PMS,32076,168.63,5409077.25,2026-06-21 17:01,KES
INV001049,DS001069,Rift Valley Fuels Ltd,AGO,25899,156.40,4050638.16,2026-06-19 02:36,KES
INV001050,DS001070,Aberdare Oil Traders,AGO,24313,153.27,"3,726,381.16",2026-06-18 21:06,KES
INV001051,DS001071,Lakeview Energy,PMS,34697,162.63,5642640.32,2026-06-19 16:12,KES
INV001052,DS001072,Rift Valley Fuels Ltd,PMS,24766,166.58,4125428.68,2026-06-19 21:57,KES
INV001053,DS001073,Mara Fuels,PMS,27400,165.19,4526322.76,2026-06-21 02:02,KES
INV001054,DS001074,Amani Petroleum,PMS,32156,165.76,5330242.57,19/06/2026 18:27,KES
INV001055,DS001075,Uhuru Energy Partners,PMS,29637,167.11,4952561.04,19/06/2026 00:05,KES
INV001056,DS001076,Highland Energy Co,IK,32270,137.38,4433191.64,2026-06-18 11:09,KES
INV001057,DS001077,Pioneer Fuels Kenya,AGO,19565,157.47,3080898.17,19/06/2026 11:51,KES
INV001058,DS001078,Highland Energy Co,AGO,25177,,3831330.61,2026-06-18 11:47,KES
INV001059,DS001079,,IK,28031,139.24,"3,902,938.08",19/06/2026 09:27,KES
INV001060,DS001079,,IK,28031,139.24,"3,902,938.08",2026-06-19 10:27,KES
INV001061,DS001080,Savannah Petroleum,AGO,20788,153.29,"3,186,680.23",19/06/2026 13:29,KES
INV001062,DS001081,Equator Fuels,AGO,33541,156.77,5258305.37,2026-06-21 00:18,KES
INV001063,DS001082,Lakeview Energy,PMS,20329,165.42,3362763.21,20/06/2026 05:31,KES
INV001064,DS001083,Uhuru Energy Partners,AGO,29585,154.43,4568741.78,2026-06-19 09:05,KES
INV001065,DS001084,Nyanza Petroleum Co,AGO,29857,152.58,4555460.72,2026-06-20 06:01,KES
INV001066,DS001085,Baraka Downstream,AGO,30144,154.28,"4,650,560.82",20/06/2026 01:12,KES
INV001067,DS001086,Tsavo Energy Group,PMS,28933,,4745953.05,18/06/2026 13:55,KES
INV001068,DS001087,Lakeview Energy,AGO,32141,157.69,5068408.61,2026-06-19 08:28,KES
INV001069,DS001088,Summit Downstream Ltd,AGO,20811,155.65,3239200.66,19/06/2026 00:11,KES
INV001070,DS001089,Kilele Fuels,AGO,25221,155.04,3910238.38,2026-06-21 15:00,KES
INV001071,DS001090,Aberdare Oil Traders,PMS,34962,163.59,5719435.98,2026-06-21 13:46,KES
INV001072,DS001091,Nyanza Petroleum Co,PMS,25012,163.02,4077532.58,19/06/2026 23:48,KES
INV001073,DS001092,Equator Fuels,PMS,35286,165.96,5856162.04,18/06/2026 16:36,KES
INV001074,DS001094,Lakeview Energy,PMS,20307,164.61,3342731.22,19/06/2026 15:35,KES
INV001075,DS001095,Highland Energy Co,PMS,35871,166.53,5973535.16,18/06/2026 12:06,KES
INV001076,DS001096,Savannah Petroleum,PMS,25403,163.10,4143131.20,2026-06-20 03:32,KES
INV001077,DS001097,Delta Oil Marketers,PMS,25631,168.52,4319247.09,26/06/2026 02:29,KES
INV001078,DS001098,Kilele Fuels,PMS,35108,167.78,5890294.14,22/06/2026 02:56,KES
INV001079,DS001099,Nyanza Petroleum Co,PMS,21023,168.77,"3,547,976.89",2026-06-18 06:27,KES
INV001080,DS001100,Mara Fuels,PMS,23766,163.27,3880271.54,2026-06-18 12:14,KES
INV001081,DS001101,Savannah Petroleum,PMS,30536,163.68,4998264.94,2026-06-21 02:17,KES
INV001082,DS001102,Horizon Oil Marketers,AGO,24780,152.89,3788632.13,20/06/2026 03:30,KES
INV001083,DS001103,Mara Fuels,IK,34963,140.33,4906203.69,19/06/2026 08:58,KES
INV001084,DS001104,Coastline Energy Ltd,PMS,23945,162.65,3894654.32,2026-06-19 02:36,KES
INV001085,DS001105,Coastline Energy Ltd,AGO,33597,155.01,5207776.80,20/06/2026 07:16,KES
INV001086,DS001106,Summit Downstream Ltd,PMS,24830,168.29,4178665.59,2026-06-18 13:27,KES
INV001087,DS001107,Amani Petroleum,PMS,27078,167.91,4546679.07,2026-06-18 11:43,KES
INV001088,DS001108,Equator Fuels,PMS,33898,164.30,5569474.20,18/06/2026 14:17,KES
INV001089,DS001109,Crescent Oil Ltd,PMS,22742,164.89,3750012.06,19/06/2026 03:50,KES
INV001090,DS001110,Uhuru Energy Partners,PMS,24829,165.11,4099507.51,2026-06-19 22:55,KES
INV001091,DS001111,Baraka Downstream,AGO,26827,153.48,4117470.73,2026-06-20 07:19,KES
INV001092,DS001112,Pioneer Fuels Kenya,PMS,34378,168.49,5792178.50,2026-06-20 11:26,KES
INV001093,DS001113,Savannah Petroleum,AGO,31749,156.51,"4,969,188.31",2026-06-20 08:34,KES
INV001094,DS001114,Delta Oil Marketers,AGO,34510,155.19,5355549.34,22/06/2026 01:48,KES
INV001095,DS001115,Tsavo Energy Group,AGO,25038,158.10,3958391.36,2026-06-23 02:23,KES
INV001096,DS001116,Nyanza Petroleum Co,PMS,21706,166.50,"3,614,045.54",19/06/2026 12:34,KES
INV001097,DS001117,Summit Downstream Ltd,AGO,27516,154.60,4254022.29,20/06/2026 19:38,KES
INV001098,DS001118,Highland Energy Co,PMS,31165,167.42,"5,217,634.26",2026-06-19 22:39,KES
INV001099,DS001119,Rift Valley Fuels Ltd,AGO,30508,152.84,"4,662,850.05",19/06/2026 22:02,KES
INV001100,DS001120,Highland Energy Co,AGO,34941,152.60,"5,332,045.23",2026-06-22 12:57,KES
INV001101,DS001121,Baraka Downstream,AGO,35848,153.50,5502801.18,2026-06-20 14:32,KES
INV001102,DS001122,Nyanza Petroleum Co,IK,25560,137.53,"3,515,368.28",20/06/2026 01:13,KES
INV001103,DS001123,Baraka Downstream,AGO,20794,,3172700.05,2026-06-19 11:21,KES
INV001104,DS001124,Crescent Oil Ltd,AGO,29758,156.11,4645645.05,2026-06-21 01:54,KES
INV001105,DS001125,Highland Energy Co,AGO,25708,156.71,4028643.79,19/06/2026 16:50,KES
INV001106,DS001126,Baraka Downstream,PMS,25709,165.04,4242964.84,2026-06-20 22:43,KES
INV001107,DS001127,Crescent Oil Ltd,AGO,32811,154.77,"5,078,234.23",2026-06-20 00:36,KES
INV001108,DS001128,Mara Fuels,AGO,33511,156.33,5238646.45,27/06/2026 02:31,KES
INV001109,DS001129,Pioneer Fuels Kenya,AGO,26131,156.65,4093468.24,20/06/2026 00:09,KES
INV001110,DS001130,Equator Fuels,AGO,27233,152.88,4163284.04,19/06/2026 19:15,KES
INV001111,DS001131,Lakeview Energy,PMS,34894,167.16,"5,832,943.08",20/06/2026 11:39,KES
INV001112,DS001132,Crescent Oil Ltd,AGO,28658,157.49,4513400.95,20/06/2026 00:27,KES
INV001113,DS001133,Aberdare Oil Traders,PMS,27454,164.51,4516345.92,2026-06-20 05:23,KES
INV001114,DS001134,Lakeview Energy,PMS,35455,165.38,5863688.47,2026-06-29 12:57,KES
INV001115,DS001135,Lakeview Energy,IK,31424,141.71,4453030.09,2026-06-21 11:04,KES
INV001116,DS001136,Coastline Energy Ltd,PMS,29766,162.75,4844476.19,22/06/2026 18:45,KES
INV001117,DS001137,Highland Energy Co,AGO,30865,156.86,4841551.19,19/06/2026 13:49,KES
INV001118,DS001138,Pioneer Fuels Kenya,AGO,26544,155.57,4129452.46,21/06/2026 01:05,KES
INV001119,DS001139,Equator Fuels,AGO,32897,153.84,5060920.47,19/06/2026 21:41,KES
INV001120,DS001140,Equator Fuels,PMS,26910,164.02,4413911.15,2026-06-20 16:27,KES
INV001121,DS001141,Zenith Petroleum,PMS,28529,162.77,4643692.29,2026-06-19 22:44,KES
INV001122,DS001142,Zenith Petroleum,IK,24544,141.51,3473114.91,2026-06-19 14:30,KES
INV001123,DS001143,Mara Fuels,AGO,20579,152.38,"3,135,839.04",2026-06-22 06:39,KES
INV001124,DS001144,Crescent Oil Ltd,PMS,28277,165.90,4691160.36,2026-06-20 00:28,KES
INV001125,DS001145,Highland Energy Co,PMS,21463,167.64,3598055.44,2026-06-19 19:05,KES
INV001126,DS001146,Coastline Energy Ltd,AGO,34839,157.63,5491704.04,22/06/2026 05:56,KES
INV001127,DS001147,Tsavo Energy Group,PMS,30289,164.52,4983168.88,2026-06-20 22:22,KES
INV001128,DS001148,Kilele Fuels,PMS,28536,162.78,"4,645,092.50",2026-06-21 05:09,KES
INV001129,DS001149,Tsavo Energy Group,PMS,27042,162.30,4389002.03,20/06/2026 01:43,KES
INV001130,DS001150,Equator Fuels,AGO,33279,153.51,5108722.71,2026-06-19 12:59,KES
INV001131,DS001151,Crescent Oil Ltd,AGO,33587,155.92,5236748.81,2026-06-19 22:45,KES
INV001132,DS001152,,AGO,24063,153.20,"3,686,439.37",29/06/2026 21:50,KES
INV001133,DS001153,Mara Fuels,AGO,27756,152.84,4242206.73,20/06/2026 21:24,KES
INV001134,DS001154,Kilele Fuels,AGO,25161,153.91,3872459.46,2026-06-26 08:48,KES
INV001135,DS001155,Nyanza Petroleum Co,PMS,24435,164.06,4008903.01,22/06/2026 19:02,KES
INV001136,DS001156,Pioneer Fuels Kenya,AGO,25493,153.40,3910520.13,21/06/2026 16:32,KES
INV001137,DS001157,Highland Energy Co,AGO,32888,153.29,5041430.69,2026-06-19 18:12,KES
INV001138,DS001158,Highland Energy Co,IK,20351,141.88,2887303.18,2026-06-20 03:16,KES
INV001139,DS001159,Kilele Fuels,AGO,30405,154.62,4701090.39,20/06/2026 20:24,KES
INV001140,DS001160,Kilele Fuels,AGO,23688,154.98,3671210.31,26/06/2026 16:24,KES
INV001141,DS001161,Horizon Oil Marketers,PMS,28737,163.49,"4,698,252.52",2026-06-26 09:19,KES
INV001142,DS001162,Highland Energy Co,AGO,26592,152.18,4046818.64,2026-06-22 13:35,KES
INV001143,DS001163,Tsavo Energy Group,AGO,34474,154.72,5333896.89,20/06/2026 23:57,KES
INV001144,DS001164,Summit Downstream Ltd,PMS,20377,165.85,3379602.98,2026-06-20 13:28,KES
INV001145,DS001165,Equator Fuels,PMS,29669,168.80,5008069.93,2026-06-19 21:30,KES
INV001146,DS001166,Amani Petroleum,PMS,33809,168.56,5698735.31,2026-06-26 09:26,KES
INV001147,DS001167,Savannah Petroleum,PMS,26641,167.44,4460762.17,26/06/2026 15:19,KES
INV001148,DS001168,Nyanza Petroleum Co,IK,26257,142.20,3733672.33,30/06/2026 00:57,KES
INV001149,DS001170,Tsavo Energy Group,AGO,20630,156.97,3238247.70,2026-06-19 14:55,KES
INV001150,DS001171,Equator Fuels,PMS,26621,166.91,4443243.29,2026-06-22 16:03,KES
INV001151,DS001172,Mara Fuels,PMS,31245,162.63,5081234.73,19/06/2026 15:13,KES
INV001152,DS001173,Nyanza Petroleum Co,PMS,22097,168.50,3723281.70,21/06/2026 14:38,KES
INV001153,DS001174,Coastline Energy Ltd,PMS,23364,163.20,3812902.42,2026-06-19 20:15,KES
INV001154,DS001175,Mara Fuels,PMS,24243,166.05,4025476.45,2026-06-19 15:11,KES
INV001155,DS001176,Delta Oil Marketers,PMS,24679,166.23,4102446.83,19/06/2026 21:19,KES
INV001156,DS001177,Pioneer Fuels Kenya,PMS,25409,166.63,4233908.34,26/06/2026 14:22,KES
INV001157,DS001178,Nyanza Petroleum Co,AGO,29870,157.91,4716626.96,19/06/2026 15:02,KES
INV001158,DS001178,Nyanza Petroleum Co,AGO,29870,157.91,4716626.96,2026-06-19 16:02,KES
INV001159,DS001179,Coastline Energy Ltd,PMS,31118,163.04,5073473.28,2026-06-21 01:37,KES
INV001160,DS001180,Mara Fuels,PMS,23543,167.74,3949085.02,2026-06-21 01:25,KES
INV001161,DS001181,Coastline Energy Ltd,AGO,28757,154.07,"4,430,490.90",2026-06-26 20:25,KES
INV001162,DS001182,Savannah Petroleum,PMS,22039,,3585276.87,2026-06-19 20:45,KES
INV001163,DS001183,Mara Fuels,AGO,33220,157.03,"5,216,614.42",21/06/2026 23:55,KES
INV001164,DS001184,Savannah Petroleum,AGO,23876,154.55,3690129.03,2026-06-19 14:58,KES
INV001165,DS001185,Equator Fuels,PMS,34164,,5748381.02,28/06/2026 01:11,KES
INV001166,DS001186,Uhuru Energy Partners,PMS,26706,167.36,4469488.03,20/06/2026 18:05,KES
INV001167,DS001187,Delta Oil Marketers,AGO,30773,153.05,4709912.73,21/06/2026 16:07,KES
INV001168,DS001188,Amani Petroleum,PMS,26319,163.36,"4,299,600.04",2026-06-20 22:16,KES
INV001169,DS001189,Lakeview Energy,PMS,31718,166.26,5273539.15,2026-06-21 00:17,KES
INV001170,DS001190,Kilele Fuels,PMS,21343,164.80,3517298.10,20/06/2026 22:09,KES
INV001171,DS001191,Baraka Downstream,PMS,22652,162.77,"3,687,007.68",2026-06-22 05:21,KES
INV001172,DS001192,Zenith Petroleum,AGO,33847,,5232401.39,2026-06-22 20:57,KES
INV001173,DS001193,Pioneer Fuels Kenya,AGO,27677,158.14,4376964.02,21/06/2026 12:56,KES
INV001174,DS001194,Delta Oil Marketers,AGO,28999,156.12,4527328.03,2026-06-21 02:12,KES
INV001175,DS001195,Delta Oil Marketers,IK,23181,142.21,3296523.26,2026-06-20 19:32,KES
INV001176,DS001196,Crescent Oil Ltd,AGO,28821,153.60,4426790.42,22/06/2026 17:11,KES
INV001177,DS001197,Horizon Oil Marketers,PMS,20288,162.62,3299263.75,21/06/2026 18:21,KES
INV001178,DS001198,Equator Fuels,AGO,23946,154.26,3693970.56,27/06/2026 12:19,KES
INV001179,DS001199,Summit Downstream Ltd,AGO,21546,154.07,3319653.02,2026-06-23 05:05,KES
INV001180,DS001200,Baraka Downstream,PMS,30647,168.70,5170190.92,22/06/2026 00:51,KES
INV001181,DS001201,,PMS,29857,163.25,4874203.69,2026-06-23 16:55,KES
INV001182,DS001202,Tsavo Energy Group,AGO,24478,154.26,3775968.58,22/06/2026 03:19,KES
INV001183,DS001203,Kilele Fuels,AGO,23619,154.18,3641502.24,2026-06-20 22:57,KES
INV001184,DS001204,Equator Fuels,PMS,31986,165.78,5302693.54,2026-06-20 14:29,KES
INV001185,DS001205,Tsavo Energy Group,AGO,21000,155.43,3264075.17,20/06/2026 18:55,KES
INV001186,DS001206,Pioneer Fuels Kenya,PMS,20652,164.10,3389056.54,20/06/2026 18:08,KES
INV001187,DS001207,Pioneer Fuels Kenya,PMS,22822,162.39,3705971.23,22/06/2026 09:47,KES
INV001188,DS001208,Crescent Oil Ltd,AGO,20444,154.63,3161173.40,2026-06-20 11:08,KES
INV001189,DS001209,Uhuru Energy Partners,AGO,32874,156.25,"5,136,536.87",2026-06-21 17:43,KES
INV001190,DS001210,Summit Downstream Ltd,AGO,30830,153.42,4729912.55,20/06/2026 17:29,KES
INV001191,DS001211,Summit Downstream Ltd,AGO,27761,158.19,4391409.54,2026-06-23 11:47,KES
INV001192,DS001212,Nyanza Petroleum Co,AGO,32869,155.49,5110750.40,2026-06-20 17:42,KES
INV001193,DS001213,Mara Fuels,AGO,22621,153.82,3479461.59,2026-06-20 13:14,KES
INV001194,DS001214,Delta Oil Marketers,AGO,29643,156.06,4626150.40,2026-06-20 20:06,KES
INV001195,DS001215,Horizon Oil Marketers,PMS,34804,168.23,5855186.13,21/06/2026 02:58,KES
INV001196,DS001216,Pioneer Fuels Kenya,AGO,24808,154.12,3823339.03,2026-06-22 07:02,KES
INV001197,DS001217,Highland Energy Co,PMS,31141,162.30,5054128.71,22/06/2026 08:44,KES
INV001198,DS001218,Mara Fuels,PMS,24616,164.54,4050368.58,20/06/2026 06:36,KES
INV001199,DS001219,Horizon Oil Marketers,AGO,30562,154.19,"4,712,310.13",2026-06-20 22:25,KES
INV001200,DS001220,Nyanza Petroleum Co,PMS,29438,163.20,4804193.60,20/06/2026 23:11,KES
INV001201,DS001221,Summit Downstream Ltd,AGO,30640,158.23,4848268.13,20/06/2026 23:10,KES
INV001202,DS001222,Horizon Oil Marketers,AGO,25393,153.13,3888511.18,2026-06-20 17:57,KES
INV001203,DS001223,Horizon Oil Marketers,AGO,30141,156.00,4701881.97,27/06/2026 12:54,KES
INV001204,DS001224,Savannah Petroleum,AGO,24774,152.58,3780139.50,21/06/2026 10:00,KES
INV001205,DS001225,Baraka Downstream,PMS,21547,163.10,3514364.31,2026-06-21 23:38,KES
INV001206,DS001226,Kilele Fuels,PMS,34194,168.67,5767575.44,2026-06-21 13:06,KES
INV001207,DS001227,Crescent Oil Ltd,AGO,33084,153.43,5075913.94,21/06/2026 21:41,KES
INV001208,DS001228,Horizon Oil Marketers,AGO,30734,155.28,4772383.74,2026-06-21 16:16,KES
INV001209,DS001229,Coastline Energy Ltd,AGO,27829,155.06,4315278.50,2026-06-21 17:32,KES
INV001210,DS001231,Tsavo Energy Group,AGO,21297,155.65,3314806.42,21/06/2026 22:24,KES
INV001211,DS001232,Summit Downstream Ltd,PMS,29353,167.66,4921242.26,2026-07-01 00:54,KES
INV001212,DS001233,Highland Energy Co,PMS,26422,166.99,4412328.90,20/06/2026 21:12,KES
INV001213,DS001235,Equator Fuels,PMS,22031,,3687309.37,20/06/2026 14:01,KES
INV001214,DS001236,Baraka Downstream,PMS,31172,165.32,5153508.61,20/06/2026 10:07,KES
INV001215,DS001237,Delta Oil Marketers,IK,27947,138.77,3878166.93,22/06/2026 17:34,KES
INV001216,DS001238,Summit Downstream Ltd,AGO,29918,156.09,"4,670,046.85",22/06/2026 13:13,KES
INV001217,DS001239,Summit Downstream Ltd,AGO,33554,154.72,5191628.25,20/06/2026 16:54,KES
INV001218,DS001240,Kilele Fuels,AGO,22023,153.45,"3,379,386.33",2026-06-23 23:17,KES
INV001219,DS001241,Rift Valley Fuels Ltd,PMS,21323,166.87,3558217.79,2026-06-23 00:58,KES
INV001220,DS001242,Pioneer Fuels Kenya,AGO,21733,156.52,"3,401,721.40",2026-06-24 11:34,KES
INV001221,DS001243,Lakeview Energy,AGO,30260,157.70,4771967.50,22/06/2026 14:25,KES
INV001222,DS001244,Highland Energy Co,AGO,20707,156.55,3241592.81,23/06/2026 13:42,KES
INV001223,DS001245,Horizon Oil Marketers,AGO,23315,156.02,3637577.65,22/06/2026 08:45,KES
INV001224,DS001246,Highland Energy Co,AGO,34421,154.08,5303530.13,2026-06-22 19:41,KES
INV001225,DS001247,Tsavo Energy Group,PMS,25871,165.85,4290727.01,21/06/2026 19:33,KES
INV001226,DS001248,Zenith Petroleum,IK,27508,138.50,3809990.11,22/06/2026 05:58,KES
INV001227,DS001249,Coastline Energy Ltd,PMS,25764,167.39,"4,312,634.76",2026-06-21 13:20,KES
INV001228,DS001250,Zenith Petroleum,AGO,20207,153.44,"3,100,561.75",23/06/2026 04:15,KES
INV001229,DS001251,Savannah Petroleum,AGO,30803,155.19,4780431.94,2026-06-21 14:31,KES
INV001230,DS001252,Zenith Petroleum,AGO,31991,156.15,"4,995,352.88",23/06/2026 17:25,KES
INV001231,DS001253,Tsavo Energy Group,AGO,24010,154.81,"3,716,917.86",2026-06-21 22:19,KES
INV001232,DS001254,Equator Fuels,IK,26935,140.18,3775738.90,24/06/2026 16:28,KES
INV001233,DS001255,Tsavo Energy Group,AGO,21251,152.87,3248574.66,2026-06-21 23:10,KES
INV001234,DS001256,Aberdare Oil Traders,PMS,21031,165.87,"3,488,409.21",21/06/2026 20:00,KES
INV001235,DS001257,Mara Fuels,PMS,19980,162.87,3254238.77,2026-06-21 12:11,KES
INV001236,DS001258,Summit Downstream Ltd,PMS,29832,162.48,4847046.79,2026-06-22 02:55,KES
INV001237,DS001259,Delta Oil Marketers,AGO,26413,152.91,4038687.85,2026-06-21 17:04,KES
INV001238,DS001260,Mara Fuels,AGO,22205,157.01,3486351.97,21/06/2026 13:03,KES
INV001239,DS001261,Crescent Oil Ltd,AGO,28497,154.86,4413075.34,2026-06-23 03:00,KES
INV001240,DS001262,Baraka Downstream,PMS,33911,166.29,5639018.50,2026-06-22 07:17,KES
INV001241,DS001263,Nyanza Petroleum Co,PMS,31692,162.70,5156193.37,2026-06-21 18:17,KES
INV001242,DS001264,Kilele Fuels,PMS,20909,168.23,3517475.83,22/06/2026 21:04,KES
INV001243,DS001265,Uhuru Energy Partners,PMS,29166,162.46,"4,738,348.99",2026-06-22 18:03,KES
INV001244,DS001266,Tsavo Energy Group,PMS,32819,162.63,5337464.45,24/06/2026 13:50,KES
INV001245,DS001267,Rift Valley Fuels Ltd,AGO,34458,154.53,5324740.11,25/06/2026 02:12,KES
INV001246,DS001269,Uhuru Energy Partners,IK,29493,140.24,4136088.45,21/06/2026 11:36,KES
INV001247,DS001270,Crescent Oil Ltd,IK,34990,142.23,4976730.82,29/06/2026 01:24,KES
INV001248,DS001271,Mara Fuels,PMS,32683,166.80,5451405.10,22/06/2026 19:29,KES
INV001249,DS001272,Aberdare Oil Traders,PMS,20550,166.78,3427343.71,22/06/2026 23:59,KES
INV001250,DS001273,Amani Petroleum,PMS,24666,164.35,"4,053,771.51",2026-06-23 17:39,KES
INV001251,DS001274,Kilele Fuels,PMS,27687,168.47,4664556.43,28/06/2026 09:15,KES
INV001252,DS001275,,PMS,35282,163.52,"5,769,437.31",2026-06-21 14:54,KES
INV001253,DS001276,Baraka Downstream,PMS,22008,165.45,3641278.66,2026-07-02 01:50,KES
INV001254,DS001277,Delta Oil Marketers,AGO,30231,153.13,4629246.93,22/06/2026 15:29,KES
INV001255,DS001278,Aberdare Oil Traders,AGO,34405,153.53,"5,282,257.75",25/06/2026 06:12,KES
INV001256,DS001279,,PMS,23461,163.70,3840569.70,2026-06-21 23:44,KES
INV001257,DS001280,Baraka Downstream,PMS,28070,166.84,4683278.66,2026-06-24 19:09,KES
INV001258,DS001281,Aberdare Oil Traders,PMS,23496,164.69,3869461.80,23/06/2026 13:42,KES
INV001259,DS001282,Summit Downstream Ltd,AGO,20242,157.00,3177926.08,24/06/2026 14:54,KES
INV001260,DS001283,Rift Valley Fuels Ltd,PMS,33890,168.62,"5,714,451.30",23/06/2026 14:24,KES
INV001261,DS001284,Mara Fuels,AGO,27536,,4292557.42,2026-06-21 15:11,KES
INV001262,DS001285,Delta Oil Marketers,PMS,33040,167.43,5531744.63,2026-06-24 21:36,KES
INV001263,DS001286,Aberdare Oil Traders,AGO,28743,152.57,4385294.63,2026-06-22 21:02,KES
INV001264,DS001287,Delta Oil Marketers,AGO,28408,,4353224.66,23/06/2026 04:16,KES
INV001265,DS001288,Horizon Oil Marketers,PMS,23959,164.46,3940352.38,24/06/2026 16:49,KES
INV001266,DS001289,Crescent Oil Ltd,IK,26287,,3705558.75,2026-06-21 23:15,KES
INV001267,DS001290,Nyanza Petroleum Co,PMS,27610,162.78,4494384.53,22/06/2026 20:48,KES
INV001268,DS001291,Horizon Oil Marketers,AGO,20416,152.68,3117164.81,2026-06-21 10:16,KES
INV001269,DS001292,,PMS,23129,162.24,3752391.02,2026-06-21 10:04,KES
INV001270,DS001293,Crescent Oil Ltd,PMS,21658,164.38,"3,560,089.23",21/06/2026 23:49,KES
INV001271,DS001294,Horizon Oil Marketers,PMS,34254,168.28,5764112.92,22/06/2026 18:25,KES
INV001272,DS001295,Pioneer Fuels Kenya,PMS,27143,166.86,4529110.71,22/06/2026 20:17,KES
INV001273,DS001297,Kilele Fuels,PMS,35669,167.17,5962636.77,21/06/2026 20:02,KES
INV001274,DS001298,Equator Fuels,PMS,22669,165.23,3745685.84,23/06/2026 01:00,KES
INV001275,DS001299,Aberdare Oil Traders,PMS,31187,164.20,5120887.96,22/06/2026 04:45,KES
INV001276,DS001300,Horizon Oil Marketers,AGO,30710,154.74,4752094.81,23/06/2026 00:37,KES
INV001277,DS001301,Rift Valley Fuels Ltd,AGO,25311,153.55,"3,886,602.47",26/06/2026 07:10,KES
INV001278,DS001302,Equator Fuels,PMS,29263,166.09,"4,860,335.20",2026-06-22 07:41,KES
INV001279,DS001303,Highland Energy Co,PMS,35692,164.60,5875066.40,26/06/2026 04:00,KES
INV001280,DS001304,Equator Fuels,PMS,35323,163.72,5783150.49,2026-06-23 14:46,KES
INV001281,DS001305,Aberdare Oil Traders,PMS,27629,167.40,"4,625,054.92",2026-06-23 20:48,KES
INV001282,DS001306,Baraka Downstream,AGO,23352,152.75,3566984.83,2026-06-25 18:56,KES
INV001283,DS001307,Nyanza Petroleum Co,AGO,21892,,3416616.85,2026-06-22 07:57,KES
INV001284,DS001308,Lakeview Energy,AGO,29976,156.38,4687746.97,2026-06-22 21:41,KES
INV001285,DS001309,Savannah Petroleum,PMS,35903,164.10,5891693.39,2026-06-23 16:54,KES
INV001286,DS001310,Aberdare Oil Traders,AGO,23579,153.90,3628728.75,2026-06-24 16:08,KES
INV001287,DS001311,Crescent Oil Ltd,IK,26535,141.77,3761911.34,2026-07-02 22:59,KES
INV001288,DS001312,Summit Downstream Ltd,PMS,25354,162.60,"4,122,462.05",2026-06-24 20:30,KES
INV001289,DS001313,Delta Oil Marketers,PMS,26726,167.42,4474471.36,26/06/2026 03:29,KES
INV001290,DS001314,Coastline Energy Ltd,AGO,33604,154.53,5192862.30,22/06/2026 18:12,KES
INV001291,DS001315,Baraka Downstream,AGO,31003,158.21,4904899.52,22/06/2026 14:18,KES
INV001292,DS001316,Rift Valley Fuels Ltd,PMS,26237,168.35,4416948.88,2026-06-26 01:56,KES
INV001293,DS001317,Savannah Petroleum,PMS,20998,165.21,"3,469,101.11",24/06/2026 09:31,KES
INV001294,DS001318,Rift Valley Fuels Ltd,PMS,21989,163.57,3596685.55,22/06/2026 07:33,KES
INV001295,DS001319,Baraka Downstream,AGO,25719,155.49,3999037.03,22/06/2026 11:03,KES
INV001296,DS001320,Nyanza Petroleum Co,PMS,29369,168.76,4956186.25,2026-06-26 07:06,KES
INV001297,DS001321,Nyanza Petroleum Co,PMS,25083,166.81,4184000.47,22/06/2026 17:39,KES
INV001298,DS001322,Horizon Oil Marketers,PMS,21154,,3499437.62,2026-06-24 03:27,KES
INV001299,DS001323,Lakeview Energy,IK,20687,139.28,2881277.77,24/06/2026 00:38,KES
INV001300,DS001324,Uhuru Energy Partners,AGO,25430,156.48,3979170.10,2026-06-29 12:58,KES
INV001301,DS001325,Coastline Energy Ltd,PMS,28216,163.79,"4,621,635.04",24/06/2026 23:45,KES
INV001302,DS001326,Lakeview Energy,AGO,26882,154.54,"4,154,453.63",22/06/2026 18:39,KES
INV001303,DS001327,Delta Oil Marketers,PMS,20106,168.40,3385947.49,24/06/2026 20:45,KES
INV001304,DS001328,Lakeview Energy,IK,24638,141.54,3487146.18,22/06/2026 18:35,KES
INV001305,DS001329,Delta Oil Marketers,PMS,35086,164.14,5759170.80,2026-06-24 05:28,KES
INV001306,DS001330,Uhuru Energy Partners,PMS,27466,167.47,4599843.58,24/06/2026 19:28,KES
INV001307,DS001331,Lakeview Energy,AGO,26640,153.99,4102306.71,2026-06-22 13:04,KES
INV001308,DS001332,Rift Valley Fuels Ltd,AGO,34178,153.25,5237912.73,23/06/2026 19:00,KES
INV001309,DS001333,Horizon Oil Marketers,AGO,29355,155.77,4572540.31,2026-06-25 14:41,KES
INV001310,DS001334,Highland Energy Co,PMS,27031,163.41,4417089.15,22/06/2026 19:53,KES
INV001311,DS001335,Baraka Downstream,AGO,22816,156.68,"3,574,777.81",29/06/2026 08:24,KES
INV001312,DS001336,Uhuru Energy Partners,PMS,23180,162.67,3770689.23,2026-06-24 11:01,KES
INV001313,DS001337,Baraka Downstream,AGO,29367,154.85,4547500.78,2026-06-25 11:36,KES
INV001314,DS001338,Tsavo Energy Group,PMS,29910,168.54,"5,041,125.40",2026-06-23 20:57,KES
INV001315,DS001339,Rift Valley Fuels Ltd,AGO,24605,155.09,3815988.77,22/06/2026 21:19,KES
INV001316,DS001340,Tsavo Energy Group,AGO,32872,155.20,5101641.63,22/06/2026 20:32,KES
INV001317,DS001341,Pioneer Fuels Kenya,AGO,32934,157.75,5195400.90,22/06/2026 20:39,KES
INV001318,DS001342,Amani Petroleum,IK,29016,140.75,4083992.88,22/06/2026 18:44,KES
INV001319,DS001343,Summit Downstream Ltd,PMS,34202,168.70,"5,769,947.18",25/06/2026 11:58,KES
INV001320,DS001344,Mara Fuels,AGO,20357,154.93,3153815.22,2026-06-23 22:27,KES
INV001321,DS001345,Uhuru Energy Partners,PMS,30294,162.27,4915938.61,22/06/2026 19:01,KES
INV001322,DS001346,Nyanza Petroleum Co,PMS,20884,162.62,3396226.54,23/06/2026 15:40,KES
INV001323,DS001347,Coastline Energy Ltd,PMS,34584,162.21,5610004.64,22/06/2026 15:20,KES
INV001324,DS001348,Pioneer Fuels Kenya,PMS,28250,165.01,4661426.52,2026-06-23 16:25,KES
INV001325,DS001349,Rift Valley Fuels Ltd,PMS,32739,164.15,5374170.81,2026-06-22 09:09,KES
INV001326,DS001350,Summit Downstream Ltd,AGO,32466,,5070308.61,2026-06-23 18:12,KES
INV001327,DS001351,Amani Petroleum,PMS,30589,167.51,5124030.97,2026-06-23 23:54,KES
INV001328,DS001352,Tsavo Energy Group,AGO,29325,152.62,4475606.71,22/06/2026 14:32,KES
INV001329,DS001353,Equator Fuels,IK,26771,140.20,3753311.22,2026-06-22 17:55,KES
INV001330,DS001354,Crescent Oil Ltd,IK,31926,137.93,4403582.55,2026-06-25 01:40,KES
INV001331,DS001355,Zenith Petroleum,AGO,23185,155.06,"3,594,994.03",2026-06-23 20:22,KES
INV001332,DS001356,Pioneer Fuels Kenya,PMS,34471,166.94,"5,754,577.55",02/07/2026 14:56,KES
INV001333,DS001357,Lakeview Energy,PMS,33521,165.97,5563358.93,2026-06-23 22:05,KES
INV001334,DS001357,Lakeview Energy,PMS,33521,165.97,5563358.93,2026-06-23 23:05,KES
INV001335,DS001358,Aberdare Oil Traders,IK,35223,142.69,5025989.99,2026-07-02 17:47,KES
INV001336,DS001359,Delta Oil Marketers,PMS,27783,165.20,4589843.67,2026-06-24 06:02,KES
INV001337,DS001360,Zenith Petroleum,IK,23985,139.60,3348275.24,24/06/2026 00:02,KES
INV001338,DS001361,Crescent Oil Ltd,PMS,24769,164.00,4062143.94,2026-06-24 04:42,KES
INV001339,DS001362,Savannah Petroleum,AGO,33740,155.14,5234401.61,25/06/2026 16:49,KES
INV001340,DS001363,Baraka Downstream,AGO,35053,155.05,5434851.46,2026-06-25 05:26,KES
INV001341,DS001364,Kilele Fuels,AGO,25020,154.19,3857767.83,26/06/2026 06:34,KES
INV001342,DS001365,Mara Fuels,AGO,22843,155.19,3545002.66,2026-06-24 13:52,KES
INV001343,DS001366,Aberdare Oil Traders,AGO,30775,157.57,4849176.78,2026-06-23 22:58,KES
INV001344,DS001367,Pioneer Fuels Kenya,PMS,35158,165.41,5815605.42,23/06/2026 21:57,KES
INV001345,DS001368,Uhuru Energy Partners,IK,32832,142.02,4662863.30,23/06/2026 21:53,KES
INV001346,DS001369,Aberdare Oil Traders,AGO,29612,156.03,4620311.07,2026-06-23 23:58,KES
INV001347,DS001370,Kilele Fuels,PMS,30134,164.87,4968208.51,23/06/2026 10:05,KES
INV001348,DS001371,Uhuru Energy Partners,PMS,33577,163.29,5482766.39,2026-06-26 10:05,KES
INV001349,DS001372,Delta Oil Marketers,PMS,22699,163.54,3712282.05,25/06/2026 00:14,KES
INV001350,DS001373,Rift Valley Fuels Ltd,PMS,28676,165.77,4753588.51,2026-06-24 03:43,KES
INV001351,DS001374,Mara Fuels,AGO,29737,155.84,4634106.74,2026-06-24 16:18,KES
INV001352,DS001375,Uhuru Energy Partners,AGO,33317,153.78,5123592.88,2026-06-24 11:44,KES
INV001353,DS001376,Kilele Fuels,IK,30111,141.51,4260858.23,23/06/2026 15:20,KES
INV001354,DS001377,Highland Energy Co,PMS,31371,163.51,5129439.19,2026-06-25 20:34,KES
INV001355,DS001378,Pioneer Fuels Kenya,PMS,21719,162.47,3528648.59,2026-06-23 12:53,KES
INV001356,DS001380,Highland Energy Co,PMS,29999,167.53,"5,025,839.72",2026-07-01 03:34,KES
INV001357,DS001381,Zenith Petroleum,IK,24147,139.90,3378133.58,2026-06-23 22:19,KES
INV001358,DS001382,Coastline Energy Ltd,PMS,26407,,4387358.14,2026-06-24 01:35,KES
INV001359,DS001383,Rift Valley Fuels Ltd,AGO,20114,154.87,3115120.82,2026-06-25 08:51,KES
INV001360,DS001384,Kilele Fuels,AGO,21708,155.31,"3,371,376.06",27/06/2026 00:51,KES
INV001361,DS001385,Kilele Fuels,AGO,27332,155.96,4262676.44,23/06/2026 14:09,KES
INV001362,DS001386,Kilele Fuels,IK,20967,142.44,2986534.50,2026-06-25 00:40,KES
INV001363,DS001387,Nyanza Petroleum Co,PMS,27520,164.86,4536863.85,24/06/2026 02:10,KES
INV001364,DS001388,,PMS,27543,165.68,4563287.02,25/06/2026 01:30,KES
INV001365,DS001389,Amani Petroleum,PMS,32983,168.74,5565627.50,2026-06-23 17:48,KES
INV001366,DS001390,Highland Energy Co,PMS,22069,164.03,"3,619,917.17",23/06/2026 19:59,KES
INV001367,DS001391,Summit Downstream Ltd,AGO,20772,152.12,3159773.06,26/06/2026 21:04,KES
INV001368,DS001392,Horizon Oil Marketers,AGO,24915,155.76,3880797.60,23/06/2026 20:07,KES
INV001369,DS001393,Aberdare Oil Traders,AGO,24145,158.22,3820122.20,24/06/2026 00:27,KES
INV001370,DS001394,Rift Valley Fuels Ltd,PMS,27769,166.14,4613668.01,24/06/2026 10:43,KES
INV001371,DS001395,Lakeview Energy,AGO,21705,153.89,3340235.83,24/06/2026 09:35,KES
INV001372,DS001396,Nyanza Petroleum Co,IK,33311,140.28,4672783.77,2026-06-24 18:18,KES
INV001373,DS001397,Summit Downstream Ltd,AGO,31780,153.77,4886727.96,2026-06-25 21:23,KES
INV001374,DS001398,Rift Valley Fuels Ltd,PMS,21870,164.12,"3,589,222.56",24/06/2026 14:32,KES
INV001375,DS001399,Baraka Downstream,AGO,25678,155.85,4001968.48,2026-06-24 13:06,KES
INV001376,DS001400,Equator Fuels,AGO,21811,155.50,3391652.25,23/06/2026 21:19,KES
INV001377,DS001401,Uhuru Energy Partners,PMS,35836,165.51,5931145.23,23/06/2026 10:51,KES
INV001378,DS001402,Rift Valley Fuels Ltd,AGO,32829,152.55,5008003.07,24/06/2026 11:37,KES
INV001379,DS001403,Delta Oil Marketers,PMS,26994,165.23,"4,460,136.60",2026-07-01 00:14,KES
INV001380,DS001404,Horizon Oil Marketers,PMS,30777,162.90,"5,013,603.39",01/07/2026 00:40,KES
INV001381,DS001405,Zenith Petroleum,AGO,28660,152.77,4378499.85,30/06/2026 14:20,KES
INV001382,DS001406,Baraka Downstream,PMS,29010,168.40,"4,885,269.71",24/06/2026 12:53,KES
INV001383,DS001407,Coastline Energy Ltd,PMS,32313,162.42,5248286.40,2026-06-24 05:57,KES
INV001384,DS001408,Equator Fuels,AGO,24384,155.80,3798911.27,26/06/2026 00:31,KES
INV001385,DS001409,Pioneer Fuels Kenya,IK,33744,137.39,4636166.55,24/06/2026 18:34,KES
INV001386,DS001410,Crescent Oil Ltd,PMS,26898,163.33,4393146.69,25/06/2026 04:05,KES
INV001387,DS001411,Pioneer Fuels Kenya,AGO,23587,,3687898.04,01/07/2026 01:48,KES
INV001388,DS001412,Aberdare Oil Traders,PMS,32847,163.73,5378028.85,2026-06-25 12:32,KES
INV001389,DS001413,Mara Fuels,PMS,28570,165.75,4735471.49,26/06/2026 14:51,KES
INV001390,DS001414,Baraka Downstream,PMS,35983,163.98,5900624.48,2026-06-26 17:53,KES
INV001391,DS001415,Kilele Fuels,AGO,30752,155.66,4786945.85,2026-06-25 16:15,KES
INV001392,DS001416,Equator Fuels,PMS,21982,164.87,3624246.34,2026-06-23 12:28,KES
INV001393,DS001417,Savannah Petroleum,PMS,21192,164.57,3487519.32,2026-06-24 05:31,KES
INV001394,DS001418,Summit Downstream Ltd,AGO,23993,,3719979.21,23/06/2026 17:10,KES
INV001395,DS001419,Kilele Fuels,AGO,20163,155.64,"3,138,182.01",2026-06-24 07:33,KES
INV001396,DS001420,Mara Fuels,AGO,32284,156.76,5060719.70,24/06/2026 02:55,KES
INV001397,DS001421,Coastline Energy Ltd,AGO,24525,154.26,3783241.54,01/07/2026 04:46,KES
INV001398,DS001422,Crescent Oil Ltd,PMS,25929,165.76,4298115.77,23/06/2026 23:13,KES
INV001399,DS001423,Zenith Petroleum,AGO,31085,156.31,4858916.29,2026-06-25 18:24,KES
INV001400,DS001424,Horizon Oil Marketers,PMS,25145,,4102609.36,24/06/2026 13:52,KES
INV001401,DS001425,Zenith Petroleum,PMS,30294,165.01,4998740.68,25/06/2026 17:22,KES
INV001402,DS001426,Savannah Petroleum,PMS,28720,162.76,4674498.27,23/06/2026 15:49,KES
INV001403,DS001427,Tsavo Energy Group,AGO,35089,155.93,5471511.17,24/06/2026 22:11,KES
INV001404,DS001428,Pioneer Fuels Kenya,PMS,24108,168.56,4063724.48,2026-06-25 19:34,KES
INV001405,DS001429,Delta Oil Marketers,AGO,33764,158.22,5341994.32,2026-06-24 21:48,KES
INV001406,DS001430,Coastline Energy Ltd,PMS,31395,165.20,5186359.70,25/06/2026 16:58,KES
INV001407,DS001431,Savannah Petroleum,AGO,29784,156.41,4658435.92,2026-06-27 16:12,KES
INV001408,DS001432,Horizon Oil Marketers,AGO,27718,157.58,4367924.51,24/06/2026 16:49,KES
INV001409,DS001433,Amani Petroleum,AGO,27300,156.43,4270658.64,25/06/2026 13:06,KES
INV001410,DS001434,Crescent Oil Ltd,PMS,31896,165.16,"5,267,896.00",2026-06-28 03:33,KES
INV001411,DS001435,Coastline Energy Ltd,PMS,33051,167.12,5523477.88,25/06/2026 22:00,KES
INV001412,DS001436,Horizon Oil Marketers,AGO,28035,156.89,4398273.72,25/06/2026 12:39,KES
INV001413,DS001437,Zenith Petroleum,PMS,30823,166.94,5145671.55,2026-06-24 23:38,KES
INV001414,DS001438,Amani Petroleum,PMS,24089,164.49,"3,962,325.77",2026-06-27 16:52,KES
INV001415,DS001439,Summit Downstream Ltd,PMS,30305,163.73,4961884.91,24/06/2026 16:47,KES
INV001416,DS001440,Aberdare Oil Traders,PMS,31220,168.43,5258397.32,25/06/2026 18:30,KES
INV001417,DS001441,Nyanza Petroleum Co,AGO,27401,152.80,4186759.72,25/06/2026 14:43,KES
INV001418,DS001442,Nyanza Petroleum Co,PMS,22850,167.04,3816896.76,2026-06-25 14:18,KES
INV001419,DS001443,Aberdare Oil Traders,PMS,30800,166.97,5142565.83,2026-06-24 16:07,KES
INV001420,DS001444,Rift Valley Fuels Ltd,AGO,30991,156.99,4865421.87,24/06/2026 21:05,KES
INV001421,DS001445,Mara Fuels,AGO,23922,153.69,3676474.41,2026-06-24 19:32,KES
INV001422,DS001446,Delta Oil Marketers,AGO,21368,155.50,3322743.72,2026-06-27 17:58,KES
INV001423,DS001447,Rift Valley Fuels Ltd,AGO,33427,157.90,"5,278,157.38",24/06/2026 12:36,KES
INV001424,DS001448,Horizon Oil Marketers,AGO,23911,153.47,3669528.11,25/06/2026 22:11,KES
INV001425,DS001449,Tsavo Energy Group,AGO,29178,157.50,"4,595,511.30",26/06/2026 02:44,KES
INV001426,DS001450,Delta Oil Marketers,PMS,31502,163.81,5160352.25,26/06/2026 00:11,KES
INV001427,DS001451,Zenith Petroleum,PMS,21272,166.29,"3,537,296.10",2026-06-26 04:39,KES
INV001428,DS001452,Rift Valley Fuels Ltd,PMS,31659,163.37,5172106.70,27/06/2026 03:32,KES
INV001429,DS001453,Pioneer Fuels Kenya,PMS,30851,166.80,5145906.09,2026-06-25 15:37,KES
INV001430,DS001454,Summit Downstream Ltd,AGO,20111,153.18,3080574.87,01/07/2026 17:32,KES
INV001431,DS001455,Aberdare Oil Traders,IK,20982,140.46,2947217.34,2026-06-25 02:45,KES
INV001432,DS001456,Equator Fuels,AGO,27898,154.23,4302816.16,26/06/2026 18:40,KES
INV001433,DS001457,Kilele Fuels,AGO,27036,157.68,4263001.95,25/06/2026 14:32,KES
INV001434,DS001458,Baraka Downstream,PMS,25498,166.90,4255538.95,26/06/2026 11:42,KES
INV001435,DS001459,Delta Oil Marketers,AGO,33042,157.75,5212512.73,2026-06-24 14:05,KES
INV001436,DS001460,Pioneer Fuels Kenya,AGO,26989,153.37,4139313.20,24/06/2026 17:27,KES
INV001437,DS001461,Aberdare Oil Traders,PMS,34950,166.49,5818966.49,24/06/2026 07:54,KES
INV001438,DS001462,Equator Fuels,IK,31908,137.94,4401378.07,2026-06-27 22:34,KES
INV001439,DS001463,Summit Downstream Ltd,PMS,20363,167.57,3412246.05,26/06/2026 23:06,KES
INV001440,DS001464,Uhuru Energy Partners,AGO,26262,156.82,4118357.01,25/06/2026 12:52,KES
INV001441,DS001465,Baraka Downstream,AGO,27764,,4252023.00,2026-06-24 19:57,KES
INV001442,DS001466,Tsavo Energy Group,PMS,23416,165.49,3875060.98,2026-06-28 04:09,KES
INV001443,DS001467,Mara Fuels,PMS,20447,166.75,3409524.88,2026-06-24 22:38,KES
INV001444,DS001468,Uhuru Energy Partners,AGO,21688,156.02,3383793.40,2026-06-27 20:34,KES
INV001445,DS001469,Baraka Downstream,IK,34510,139.91,4828160.60,2026-06-25 03:53,KES
INV001446,DS001470,Pioneer Fuels Kenya,PMS,31342,162.64,"5,097,364.41",27/06/2026 05:16,KES
INV001447,DS001471,Amani Petroleum,PMS,23243,165.25,3840959.23,2026-06-24 14:01,KES
INV001448,DS001472,Crescent Oil Ltd,PMS,20617,164.44,3390162.09,2026-06-25 13:44,KES
INV001449,DS001473,Pioneer Fuels Kenya,AGO,33482,152.35,"5,101,080.24",24/06/2026 10:46,KES
INV001450,DS001474,Highland Energy Co,AGO,22466,153.83,3455858.01,2026-06-25 05:46,KES
INV001451,DS001475,Coastline Energy Ltd,AGO,33713,155.55,5244055.61,2026-06-26 17:39,KES
INV001452,DS001476,Crescent Oil Ltd,PMS,23278,,3814337.04,2026-06-26 10:24,KES
INV001453,DS001477,Amani Petroleum,PMS,22938,163.11,3741384.86,2026-06-26 01:00,KES
INV001454,DS001478,Nyanza Petroleum Co,PMS,33494,164.18,5498898.36,25/06/2026 16:23,KES
INV001455,DS001479,Baraka Downstream,AGO,28979,154.12,4466327.32,2026-07-05 16:55,KES
INV001456,DS001480,Delta Oil Marketers,PMS,23336,164.79,3845464.19,03/07/2026 03:07,KES
INV001457,DS001481,Summit Downstream Ltd,PMS,30862,167.47,"5,168,352.86",25/06/2026 15:02,KES
INV001458,DS001482,Coastline Energy Ltd,AGO,22543,153.23,3454214.32,25/06/2026 18:34,KES
INV001459,DS001483,Crescent Oil Ltd,AGO,23025,155.24,"3,574,325.82",02/07/2026 09:19,KES
INV001460,DS001484,Rift Valley Fuels Ltd,AGO,20668,152.39,3149599.41,26/06/2026 05:51,KES
INV001461,DS001485,Amani Petroleum,IK,30782,142.09,4373840.38,29/06/2026 05:29,KES
INV001462,DS001486,Baraka Downstream,AGO,35015,153.11,5361121.53,2026-06-26 21:36,KES
INV001463,DS001487,Delta Oil Marketers,PMS,24025,164.34,3948240.94,28/06/2026 04:23,KES
INV001464,DS001488,Crescent Oil Ltd,AGO,31681,156.33,4952779.86,2026-06-25 18:24,KES
INV001465,DS001489,Horizon Oil Marketers,AGO,29116,156.00,4542060.56,2026-06-25 20:27,KES
INV001466,DS001490,Tsavo Energy Group,AGO,26023,157.05,4086810.48,2026-06-28 13:06,KES
INV001467,DS001491,Savannah Petroleum,PMS,29407,164.10,4825575.19,2026-06-25 22:54,KES
INV001468,DS001492,Tsavo Energy Group,AGO,30830,154.26,4755837.46,25/06/2026 15:11,KES
INV001469,DS001493,Equator Fuels,PMS,28489,164.95,"4,699,200.02",2026-06-27 00:06,KES
INV001470,DS001494,Amani Petroleum,PMS,28224,163.27,"4,608,191.12",25/06/2026 13:59,KES
INV001471,DS001495,Savannah Petroleum,AGO,21467,155.59,3339949.50,2026-06-25 13:09,KES
INV001472,DS001496,Tsavo Energy Group,AGO,30546,155.11,4738123.65,2026-06-26 13:03,KES
INV001473,DS001497,Delta Oil Marketers,PMS,21147,167.07,3533041.70,27/06/2026 18:12,KES
INV001474,DS001498,Summit Downstream Ltd,AGO,26134,152.87,3995066.13,26/06/2026 00:54,KES
INV001475,DS001499,Horizon Oil Marketers,AGO,33838,154.46,5226758.24,2026-06-26 17:28,KES
INV001476,DS001499,Horizon Oil Marketers,AGO,33838,154.46,5226758.24,2026-06-26 18:28,KES
INV001477,DS001500,Aberdare Oil Traders,PMS,33726,168.69,5689226.46,25/06/2026 23:38,KES
INV001478,DS001501,Pioneer Fuels Kenya,IK,21040,140.70,2960422.00,2026-06-25 14:49,KES
INV001479,DS001502,Horizon Oil Marketers,PMS,30885,163.14,5038440.63,26/06/2026 13:43,KES
INV001480,DS001503,Equator Fuels,PMS,27415,166.33,4560008.05,25/06/2026 22:15,KES
INV001481,DS001504,Savannah Petroleum,PMS,21227,163.80,3477046.06,2026-06-25 20:19,KES
INV001482,DS001505,Crescent Oil Ltd,PMS,23061,165.25,3810759.67,02/07/2026 15:27,KES
INV001483,DS001506,Savannah Petroleum,IK,32385,139.10,"4,504,854.52",25/06/2026 19:12,KES
INV001484,DS001507,Coastline Energy Ltd,AGO,20532,154.14,"3,164,715.15",26/06/2026 22:21,KES
INV001485,DS001508,Equator Fuels,IK,33278,139.69,4648542.03,2026-06-25 12:08,KES
INV001486,DS001509,Summit Downstream Ltd,AGO,33559,155.94,5233181.92,2026-06-25 09:53,KES
INV001487,DS001510,Horizon Oil Marketers,AGO,26442,152.33,4027920.67,26/06/2026 13:56,KES
INV001488,DS001511,Nyanza Petroleum Co,PMS,30523,164.93,5034115.75,25/06/2026 14:10,KES
INV001489,DS001512,Savannah Petroleum,AGO,29927,153.93,4606781.67,2026-06-27 00:14,KES
INV001490,DS001513,Baraka Downstream,AGO,35778,158.20,5660028.01,2026-06-25 15:29,KES
INV001491,DS001514,Baraka Downstream,PMS,29028,168.74,4898111.59,2026-06-25 22:39,KES
INV001492,DS001515,Highland Energy Co,AGO,33619,153.89,5173494.23,25/06/2026 10:52,KES
INV001493,DS001516,Coastline Energy Ltd,AGO,24603,152.99,3763904.62,26/06/2026 17:44,KES
INV001494,DS001517,Aberdare Oil Traders,AGO,21577,153.69,3316108.48,25/06/2026 19:20,KES
INV001495,DS001518,Crescent Oil Ltd,PMS,21857,164.71,3599987.21,2026-07-03 01:44,KES
INV001496,DS001519,Coastline Energy Ltd,AGO,21040,156.47,3292091.79,2026-06-27 02:26,KES
INV001497,DS001520,Nyanza Petroleum Co,AGO,23428,156.37,3663374.47,27/06/2026 16:12,KES
INV001498,DS001521,Aberdare Oil Traders,PMS,34498,162.93,5620746.66,2026-06-25 11:06,KES
INV001499,DS001522,Rift Valley Fuels Ltd,PMS,26092,163.58,4268185.57,27/06/2026 00:19,KES
INV001500,DS001523,Uhuru Energy Partners,PMS,31463,168.38,5297881.68,26/06/2026 22:48,KES
INV001501,DS001524,Rift Valley Fuels Ltd,AGO,22103,152.41,3368695.88,30/06/2026 00:15,KES
INV001502,DS001525,Rift Valley Fuels Ltd,AGO,34168,152.96,"5,226,406.26",2026-06-26 20:37,KES
INV001503,DS001526,Horizon Oil Marketers,AGO,34576,153.36,5302674.23,26/06/2026 15:58,KES
INV001504,DS001527,Tsavo Energy Group,PMS,23126,162.75,"3,763,691.94",2026-07-03 22:22,KES
INV001505,DS001528,Aberdare Oil Traders,IK,32185,137.65,4430331.25,26/06/2026 19:16,KES
INV001506,DS001529,Aberdare Oil Traders,AGO,25995,157.80,4101946.30,2026-07-06 14:34,KES
INV001507,DS001530,Aberdare Oil Traders,PMS,31157,165.01,5141214.75,28/06/2026 17:29,KES
INV001508,DS001531,Zenith Petroleum,PMS,23947,163.66,3919076.51,2026-06-26 22:38,KES
INV001509,DS001532,Crescent Oil Ltd,PMS,33438,167.28,5593362.65,26/06/2026 11:02,KES
INV001510,DS001533,Delta Oil Marketers,PMS,35841,164.25,"5,886,792.59",2026-06-26 18:39,KES
INV001511,DS001534,Horizon Oil Marketers,AGO,32864,153.57,5046984.42,2026-06-27 15:25,KES
INV001512,DS001535,Aberdare Oil Traders,PMS,28422,164.75,4682604.27,27/06/2026 22:59,KES
INV001513,DS001536,Lakeview Energy,AGO,21869,154.60,3380859.26,2026-06-26 18:55,KES
INV001514,DS001537,Uhuru Energy Partners,PMS,26875,164.13,4411004.52,29/06/2026 19:58,KES
INV001515,DS001538,Uhuru Energy Partners,PMS,21530,162.63,3501349.16,26/06/2026 17:07,KES
INV001516,DS001539,Savannah Petroleum,AGO,31286,154.29,4827021.37,2026-06-27 15:03,KES
INV001517,DS001540,Mara Fuels,PMS,23242,168.52,3916806.23,2026-06-26 21:37,KES
INV001518,DS001541,Pioneer Fuels Kenya,IK,26152,140.38,3671116.18,28/06/2026 20:04,KES
INV001519,DS001542,Nyanza Petroleum Co,AGO,24926,153.47,"3,825,311.32",26/06/2026 11:39,KES
INV001520,DS001543,Amani Petroleum,AGO,35670,155.34,5540808.90,28/06/2026 11:45,KES
INV001521,DS001544,Pioneer Fuels Kenya,PMS,32770,,"5,330,956.72",2026-06-27 18:28,KES
INV001522,DS001545,Kilele Fuels,AGO,35302,157.20,"5,549,601.31",2026-06-28 02:48,KES
INV001523,DS001545,Kilele Fuels,AGO,35302,157.20,5549601.31,2026-06-28 03:48,KES
INV001524,DS001546,Lakeview Energy,PMS,25126,162.90,4092930.86,03/07/2026 21:22,KES
INV001525,DS001547,Uhuru Energy Partners,AGO,26976,155.62,4198121.11,27/06/2026 15:15,KES
INV001526,DS001548,Pioneer Fuels Kenya,AGO,23605,156.76,3700313.26,2026-06-30 05:32,KES
INV001527,DS001549,Uhuru Energy Partners,PMS,22627,168.55,3813677.11,03/07/2026 16:19,KES
INV001528,DS001550,Tsavo Energy Group,AGO,26296,156.60,"4,117,926.73",2026-06-26 14:30,KES
INV001529,DS001551,Delta Oil Marketers,PMS,22536,163.61,3687129.95,28/06/2026 02:42,KES
INV001530,DS001552,Baraka Downstream,PMS,30458,162.73,4956332.21,2026-06-26 19:02,KES
INV001531,DS001553,Highland Energy Co,PMS,24168,164.34,3971726.14,29/06/2026 02:24,KES
INV001532,DS001554,Crescent Oil Ltd,AGO,22098,155.87,3444468.78,2026-06-29 22:06,KES
INV001533,DS001555,Uhuru Energy Partners,AGO,25017,153.91,3850284.18,2026-06-28 02:14,KES
INV001534,DS001556,Pioneer Fuels Kenya,PMS,31414,164.92,5180782.50,2026-06-27 15:08,KES
INV001535,DS001557,Pioneer Fuels Kenya,PMS,35034,167.70,5875244.91,2026-06-26 20:28,KES
INV001536,DS001558,Pioneer Fuels Kenya,PMS,30915,162.44,5021764.58,27/06/2026 17:01,KES
INV001537,DS001559,Tsavo Energy Group,PMS,35999,162.89,"5,863,948.03",28/06/2026 23:12,KES
INV001538,DS001560,Crescent Oil Ltd,PMS,23571,165.97,3912119.43,2026-06-26 16:30,KES
INV001539,DS001561,Kilele Fuels,PMS,20992,166.51,3495425.19,26/06/2026 15:04,KES
INV001540,DS001562,Nyanza Petroleum Co,IK,27994,140.85,3943071.00,27/06/2026 15:35,KES
INV001541,DS001563,Tsavo Energy Group,AGO,30439,153.68,4677974.68,2026-06-27 07:46,KES
INV001542,DS001564,Equator Fuels,PMS,32537,168.55,5483969.60,2026-06-26 09:10,KES
INV001543,DS001565,Lakeview Energy,AGO,25578,154.76,3958393.77,26/06/2026 23:26,KES
INV001544,DS001566,Nyanza Petroleum Co,IK,27883,141.51,3945695.71,29/06/2026 12:11,KES
INV001545,DS001567,Lakeview Energy,PMS,31397,168.63,5294368.84,2026-06-28 23:56,KES
INV001546,DS001567,Lakeview Energy,PMS,31397,168.63,5294368.84,2026-06-29 00:56,KES
INV001547,DS001568,Equator Fuels,PMS,20770,164.24,3411263.10,27/06/2026 00:52,KES
INV001548,DS001569,Baraka Downstream,IK,22956,138.04,"3,168,848.73",26/06/2026 12:15,KES
INV001549,DS001570,Tsavo Energy Group,PMS,20290,163.23,"3,312,012.04",27/06/2026 18:01,KES
INV001550,DS001571,,AGO,29710,152.33,4525639.33,2026-06-28 15:31,KES
INV001551,DS001572,Aberdare Oil Traders,AGO,32552,156.41,5091568.12,2026-06-26 16:03,KES
INV001552,DS001573,Tsavo Energy Group,AGO,26979,156.62,4225454.89,2026-06-27 02:03,KES
INV001553,DS001574,Summit Downstream Ltd,AGO,27622,157.04,4337877.58,06/07/2026 23:12,KES
INV001554,DS001575,Coastline Energy Ltd,PMS,34739,168.15,5841429.49,2026-06-26 11:54,KES
INV001555,DS001576,Kilele Fuels,AGO,27167,152.24,4135925.41,26/06/2026 11:54,KES
INV001556,DS001577,Delta Oil Marketers,AGO,24612,158.23,3894281.26,26/06/2026 17:35,KES
INV001557,DS001578,Aberdare Oil Traders,AGO,26419,157.19,4152793.63,26/06/2026 11:01,KES
INV001558,DS001579,Mara Fuels,AGO,21242,157.31,3341598.07,27/06/2026 01:41,KES
INV001559,DS001580,Delta Oil Marketers,PMS,20950,165.07,3458284.59,04/07/2026 15:45,KES
INV001560,DS001581,Tsavo Energy Group,PMS,26367,166.35,4386192.46,28/06/2026 14:45,KES
INV001561,DS001582,Rift Valley Fuels Ltd,PMS,25741,163.89,"4,218,683.37",05/07/2026 02:37,KES
INV001562,DS001583,Savannah Petroleum,AGO,30853,,4754813.31,29/06/2026 04:11,KES
INV001563,DS001584,Nyanza Petroleum Co,AGO,29815,152.62,"4,550,460.27",28/06/2026 02:16,KES
INV001564,DS001585,Nyanza Petroleum Co,PMS,31928,168.03,"5,364,842.87",29/06/2026 09:00,KES
INV001565,DS001586,Tsavo Energy Group,AGO,34073,155.53,5299270.32,2026-06-28 03:33,KES
INV001566,DS001587,Summit Downstream Ltd,PMS,21653,164.93,3571337.21,28/06/2026 13:18,KES
INV001567,DS001588,Uhuru Energy Partners,PMS,22045,164.59,3628418.28,30/06/2026 23:08,KES
INV001568,DS001589,Crescent Oil Ltd,AGO,24544,152.99,3754988.48,2026-06-28 00:39,KES
INV001569,DS001590,Aberdare Oil Traders,AGO,30796,158.23,4872837.34,30/06/2026 08:10,KES
INV001570,DS001591,Nyanza Petroleum Co,PMS,26155,163.14,4266943.70,27/06/2026 23:06,KES
INV001571,DS001592,Nyanza Petroleum Co,PMS,26968,166.89,4500610.66,29/06/2026 07:10,KES
INV001572,DS001593,Nyanza Petroleum Co,AGO,29226,158.00,4617722.02,28/06/2026 17:39,KES
INV001573,DS001594,Horizon Oil Marketers,PMS,32818,167.94,5511540.11,30/06/2026 01:42,KES
INV001574,DS001595,Delta Oil Marketers,PMS,24141,164.36,3967731.76,2026-06-28 19:20,KES
INV001575,DS001596,Pioneer Fuels Kenya,AGO,30368,154.82,4701623.60,29/06/2026 23:39,KES
INV001576,DS001597,Baraka Downstream,PMS,29041,163.20,4739434.05,28/06/2026 00:23,KES
INV001577,DS001598,Highland Energy Co,PMS,22208,166.12,3689280.87,2026-06-28 21:10,KES
INV001578,DS001599,Kilele Fuels,IK,31538,137.85,4347597.53,2026-06-28 14:13,KES
INV001579,DS001600,Baraka Downstream,PMS,21615,163.30,"3,529,835.44",2026-06-28 11:06,KES
INV001580,DS001601,Uhuru Energy Partners,PMS,23934,165.03,3949888.38,28/06/2026 15:54,KES
INV001581,DS001602,,AGO,35458,156.93,5564334.36,2026-06-30 01:25,KES
INV001582,DS001603,Mara Fuels,AGO,25164,156.45,"3,936,811.57",29/06/2026 22:35,KES
INV001583,DS001604,Equator Fuels,PMS,22679,162.59,"3,687,482.30",2026-06-29 04:14,KES
INV001584,DS001605,Mara Fuels,AGO,23673,154.99,"3,669,188.42",28/06/2026 13:46,KES
INV001585,DS001605,Mara Fuels,AGO,23673,154.99,3669188.42,28/06/2026 14:46,KES
INV001586,DS001606,Mara Fuels,AGO,33009,154.45,5098206.04,2026-06-29 02:18,KES
INV001587,DS001607,Equator Fuels,IK,20042,138.60,2777759.61,30/06/2026 11:56,KES
INV001588,DS001608,Kilele Fuels,PMS,27976,168.57,4715783.67,2026-06-27 10:12,KES
INV001589,DS001609,Equator Fuels,PMS,32684,162.28,"5,304,065.81",2026-06-29 07:52,KES
INV001590,DS001610,Aberdare Oil Traders,PMS,19923,163.69,3261203.94,30/06/2026 21:15,KES
INV001591,DS001611,Equator Fuels,PMS,20185,165.85,"3,347,709.38",2026-06-29 15:36,KES
INV001592,DS001612,Summit Downstream Ltd,PMS,24487,166.94,4087924.41,29/06/2026 05:19,KES
INV001593,DS001613,,IK,26575,138.09,"3,669,756.12",28/06/2026 02:23,KES
INV001594,DS001614,Tsavo Energy Group,IK,34883,,4842710.74,2026-06-28 13:07,KES
INV001595,DS001615,Amani Petroleum,AGO,24114,154.90,3735234.14,04/07/2026 09:07,KES
INV001596,DS001617,Amani Petroleum,AGO,31510,156.35,4926700.06,2026-06-27 19:59,KES
INV001597,DS001618,Baraka Downstream,IK,27965,138.03,3860067.39,2026-06-27 15:53,KES
INV001598,DS001619,Horizon Oil Marketers,AGO,24924,158.08,3940033.07,2026-06-27 18:13,KES
INV001599,DS001620,Kilele Fuels,PMS,25688,164.49,4225402.41,2026-06-28 01:33,KES
INV001600,DS001622,,PMS,30379,162.27,4929606.59,27/06/2026 21:02,KES
INV001601,DS001623,Rift Valley Fuels Ltd,IK,36005,141.96,5111204.19,27/06/2026 20:45,KES
INV001602,DS001624,Aberdare Oil Traders,AGO,23629,153.08,3617044.64,2026-07-04 22:45,KES
INV001603,DS001625,Kilele Fuels,AGO,22278,158.09,3522040.36,2026-06-29 04:35,KES
INV001604,DS001626,Baraka Downstream,PMS,33065,163.42,"5,403,593.72",2026-06-27 10:35,KES
INV001605,DS001627,Kilele Fuels,PMS,22522,166.86,3758058.13,2026-06-30 09:33,KES
INV001606,DS001628,Equator Fuels,AGO,29070,154.54,4492442.99,2026-06-27 17:46,KES
INV001607,DS001629,Tsavo Energy Group,AGO,29168,154.78,4514682.10,27/06/2026 20:09,KES
INV001608,DS001630,Savannah Petroleum,AGO,29119,155.54,4529025.37,2026-06-29 21:21,KES
INV001609,DS001631,Kilele Fuels,AGO,23711,154.12,3654455.49,2026-06-28 10:08,KES
INV001610,DS001632,Aberdare Oil Traders,PMS,24998,162.28,4056596.26,2026-06-27 07:56,KES
INV001611,DS001633,Kilele Fuels,AGO,24127,156.05,3764978.58,2026-06-29 10:29,KES
INV001612,DS001634,Tsavo Energy Group,PMS,22194,164.96,3661122.97,27/06/2026 11:17,KES
INV001613,DS001635,Equator Fuels,AGO,21687,155.44,3371032.72,29/06/2026 16:57,KES
INV001614,DS001636,Aberdare Oil Traders,PMS,32806,163.96,5378831.13,27/06/2026 22:50,KES
INV001615,DS001637,Equator Fuels,AGO,33275,157.21,5231153.27,27/06/2026 22:01,KES
INV001616,DS001638,Pioneer Fuels Kenya,PMS,30288,166.88,"5,054,601.38",2026-06-29 00:46,KES
INV001617,DS001638,Pioneer Fuels Kenya,PMS,30288,166.88,5054601.38,2026-06-29 01:46,KES
INV001618,DS001639,Pioneer Fuels Kenya,AGO,30289,158.22,4792399.41,2026-06-30 14:14,KES
INV001619,DS001640,Coastline Energy Ltd,IK,27009,138.21,"3,732,996.37",2026-06-28 03:49,KES
INV001620,DS001641,Equator Fuels,PMS,30993,162.42,5033950.37,28/06/2026 17:02,KES
INV001621,DS001642,Mara Fuels,AGO,21752,157.58,3427731.97,2026-06-29 23:47,KES
INV001622,DS001643,Zenith Petroleum,PMS,30759,163.96,5043372.58,2026-06-28 15:29,KES
INV001623,DS001644,Horizon Oil Marketers,AGO,34611,154.47,5346304.10,27/06/2026 21:11,KES
INV001624,DS001645,Rift Valley Fuels Ltd,AGO,30386,154.26,"4,687,202.00",2026-06-29 18:16,KES
INV001625,DS001646,Nyanza Petroleum Co,AGO,30000,153.80,"4,613,961.98",2026-06-28 02:41,KES
INV001626,DS001647,Savannah Petroleum,AGO,22075,156.30,3450250.97,2026-07-07 21:47,KES
INV001627,DS001648,Summit Downstream Ltd,PMS,35404,167.32,5923783.40,2026-07-01 21:34,KES
INV001628,DS001649,Pioneer Fuels Kenya,AGO,34899,153.02,5340212.19,2026-06-30 04:54,KES
INV001629,DS001650,Baraka Downstream,IK,22737,140.47,3193842.41,2026-06-28 21:46,KES
INV001630,DS001651,Tsavo Energy Group,AGO,29591,153.76,4550028.59,2026-07-01 17:46,KES
INV001631,DS001652,Nyanza Petroleum Co,AGO,35893,155.57,5583702.84,28/06/2026 20:22,KES
INV001632,DS001653,Delta Oil Marketers,AGO,25612,155.89,3992529.84,28/06/2026 21:38,KES
INV001633,DS001654,Nyanza Petroleum Co,AGO,19652,154.57,3037690.49,2026-06-29 01:17,KES
INV001634,DS001655,Mara Fuels,PMS,30370,165.80,5035346.09,29/06/2026 14:30,KES
INV001635,DS001656,Pioneer Fuels Kenya,AGO,34688,157.63,5467801.88,2026-06-28 22:57,KES
INV001636,DS001657,Rift Valley Fuels Ltd,PMS,33290,162.45,5408002.95,28/06/2026 22:23,KES
INV001637,DS001658,Equator Fuels,AGO,26992,152.86,4126054.12,2026-06-29 13:26,KES
INV001638,DS001659,Baraka Downstream,PMS,34880,168.49,5876956.98,29/06/2026 13:44,KES
INV001639,DS001660,Tsavo Energy Group,PMS,25045,166.28,4164421.55,29/06/2026 21:05,KES
INV001640,DS001661,Horizon Oil Marketers,AGO,25609,153.21,3923569.73,29/06/2026 21:29,KES
INV001641,DS001662,Kilele Fuels,PMS,30566,164.46,5026808.12,2026-06-28 23:18,KES
INV001642,DS001663,Aberdare Oil Traders,AGO,20273,153.60,3113939.37,05/07/2026 20:15,KES
INV001643,DS001664,Mara Fuels,AGO,31454,157.92,4967202.99,30/06/2026 03:37,KES
INV001644,DS001665,Summit Downstream Ltd,IK,34063,142.60,"4,857,427.58",2026-07-01 02:39,KES
INV001645,DS001666,Amani Petroleum,PMS,27938,164.40,4592997.95,29/06/2026 17:24,KES
INV001646,DS001667,Horizon Oil Marketers,PMS,30830,164.12,5059802.35,2026-06-30 16:32,KES
INV001647,DS001668,Uhuru Energy Partners,AGO,24102,156.48,"3,771,496.41",2026-06-29 00:10,KES
INV001648,DS001669,Rift Valley Fuels Ltd,PMS,25433,168.01,4272963.79,30/06/2026 00:52,KES
INV001649,DS001670,Savannah Petroleum,AGO,21591,157.42,3398800.87,2026-07-06 01:11,KES
INV001650,DS001671,Baraka Downstream,PMS,22917,166.59,"3,817,721.92",2026-06-28 08:51,KES
INV001651,DS001672,Amani Petroleum,IK,20850,142.70,2975270.00,2026-06-30 19:34,KES
INV001652,DS001673,Horizon Oil Marketers,PMS,33149,163.31,5413716.21,28/06/2026 16:01,KES
INV001653,DS001674,Summit Downstream Ltd,IK,25606,138.98,"3,558,665.90",2026-07-01 15:54,KES
INV001654,DS001675,Equator Fuels,AGO,29324,154.52,4531040.87,29/06/2026 20:19,KES
INV001655,DS001676,Pioneer Fuels Kenya,AGO,34262,156.64,"5,366,907.25",28/06/2026 07:39,KES
INV001656,DS001677,Amani Petroleum,AGO,24810,156.40,"3,880,249.52",28/06/2026 14:09,KES
INV001657,DS001678,Uhuru Energy Partners,AGO,29841,154.11,"4,598,838.62",2026-06-28 15:40,KES
INV001658,DS001679,Mara Fuels,PMS,25400,167.15,4245541.16,29/06/2026 04:07,KES
INV001659,DS001680,Crescent Oil Ltd,PMS,25099,166.38,4176037.52,2026-06-28 17:14,KES
INV001660,DS001681,Highland Energy Co,AGO,33062,156.18,5163739.07,30/06/2026 04:30,KES
INV001661,DS001682,Delta Oil Marketers,AGO,28027,154.66,"4,334,760.46",29/06/2026 16:56,KES
INV001662,DS001683,Pioneer Fuels Kenya,PMS,35237,165.93,5846788.95,28/06/2026 13:30,KES
INV001663,DS001684,Coastline Energy Ltd,PMS,32404,167.99,"5,443,480.80",29/06/2026 01:00,KES
INV001664,DS001686,Summit Downstream Ltd,AGO,22276,154.25,3435991.83,2026-07-01 03:58,KES
INV001665,DS001687,Horizon Oil Marketers,PMS,22268,,"3,749,070.48",2026-06-29 14:23,KES
INV001666,DS001688,Equator Fuels,AGO,23708,156.71,3715165.99,2026-06-28 23:53,KES
INV001667,DS001689,Mara Fuels,AGO,32266,155.35,5012364.81,28/06/2026 09:21,KES
INV001668,DS001690,Kilele Fuels,AGO,27244,155.52,"4,237,014.43",2026-07-02 01:21,KES
INV001669,DS001691,Mara Fuels,PMS,28989,168.20,4875908.41,2026-06-29 08:33,KES
INV001670,DS001692,Uhuru Energy Partners,PMS,34726,166.80,5792180.72,01/07/2026 04:01,KES
INV001671,DS001693,Crescent Oil Ltd,PMS,22710,166.38,3778498.53,30/06/2026 01:42,KES
INV001672,DS001694,Delta Oil Marketers,AGO,27331,158.18,4323083.08,2026-06-30 13:46,KES
INV001673,DS001695,Tsavo Energy Group,AGO,22954,156.49,"3,592,034.47",30/06/2026 17:08,KES
INV001674,DS001696,Baraka Downstream,AGO,21426,157.17,3367490.89,28/06/2026 20:35,KES
INV001675,DS001697,Tsavo Energy Group,AGO,32504,156.88,5099189.92,2026-07-01 05:35,KES
INV001676,DS001698,Tsavo Energy Group,AGO,22093,157.70,"3,484,167.25",28/06/2026 23:43,KES
INV001677,DS001699,Amani Petroleum,AGO,25804,153.67,3965311.61,2026-06-30 05:48,KES
INV001678,DS001701,Summit Downstream Ltd,AGO,28288,156.28,4420803.93,2026-06-30 09:43,KES
INV001679,DS001702,Kilele Fuels,PMS,26662,166.83,4448129.73,30/06/2026 01:19,KES
INV001680,DS001703,Tsavo Energy Group,AGO,23607,152.10,3590555.99,29/06/2026 13:02,KES
INV001681,DS001704,Aberdare Oil Traders,IK,34191,142.14,4859999.77,30/06/2026 05:47,KES
INV001682,DS001705,Nyanza Petroleum Co,AGO,33109,152.80,"5,058,954.13",30/06/2026 04:11,KES
INV001683,DS001706,Aberdare Oil Traders,PMS,27915,165.11,"4,608,975.21",30/06/2026 22:52,KES
INV001684,DS001706,Aberdare Oil Traders,PMS,27915,165.11,4608975.21,2026-06-30 23:52,KES
INV001685,DS001707,Nyanza Petroleum Co,PMS,21546,167.89,3617417.52,01/07/2026 18:41,KES
INV001686,DS001708,Coastline Energy Ltd,PMS,35145,164.26,5772992.24,2026-07-01 18:36,KES
INV001687,DS001709,Crescent Oil Ltd,AGO,27454,156.13,4286450.12,30/06/2026 14:48,KES
INV001688,DS001710,Coastline Energy Ltd,PMS,24347,162.46,"3,955,464.20",2026-06-29 19:24,KES
INV001689,DS001711,Delta Oil Marketers,AGO,25211,152.18,3836498.45,2026-06-30 21:58,KES
INV001690,DS001712,Amani Petroleum,AGO,30524,157.04,4793544.27,07/07/2026 05:50,KES
INV001691,DS001713,Delta Oil Marketers,AGO,23797,153.88,3661912.00,2026-06-30 01:55,KES
INV001692,DS001714,Baraka Downstream,PMS,26491,164.66,"4,362,084.66",2026-07-09 19:31,KES
INV001693,DS001715,Rift Valley Fuels Ltd,PMS,33107,165.15,"5,467,552.13",2026-07-01 20:13,KES
INV001694,DS001716,Horizon Oil Marketers,PMS,23520,166.85,3924284.91,2026-07-02 17:08,KES
INV001695,DS001717,Highland Energy Co,AGO,34621,153.92,5328988.00,2026-06-30 01:29,KES
INV001696,DS001718,Aberdare Oil Traders,AGO,32584,157.85,5143243.91,2026-06-30 19:05,KES
INV001697,DS001719,Savannah Petroleum,AGO,21605,155.83,3366664.31,30/06/2026 02:18,KES
INV001698,DS001720,Baraka Downstream,AGO,33212,157.62,"5,234,774.04",2026-06-29 12:50,KES
INV001699,DS001721,Horizon Oil Marketers,PMS,35760,164.64,5887434.57,02/07/2026 01:16,KES
INV001700,DS001722,Delta Oil Marketers,AGO,26703,152.17,4063325.53,2026-06-29 13:35,KES
INV001701,DS001723,Delta Oil Marketers,PMS,20886,164.88,3443653.18,30/06/2026 15:00,KES
INV001702,DS001724,Equator Fuels,AGO,29124,158.21,4607824.48,29/06/2026 22:53,KES
INV001703,DS001725,Aberdare Oil Traders,PMS,21037,167.15,3516417.35,2026-06-30 20:02,KES
INV001704,DS001725,Aberdare Oil Traders,PMS,21037,167.15,3516417.35,2026-06-30 21:02,KES
INV001705,DS001726,Highland Energy Co,AGO,35776,152.18,5444374.87,2026-06-29 18:47,KES
INV001706,DS001727,Tsavo Energy Group,AGO,21954,156.23,3429839.33,29/06/2026 18:40,KES
INV001707,DS001728,Uhuru Energy Partners,AGO,24765,157.62,3903558.72,30/06/2026 12:01,KES
INV001708,DS001729,Tsavo Energy Group,AGO,25420,154.03,3915358.85,30/06/2026 03:48,KES
INV001709,DS001730,Amani Petroleum,PMS,34389,164.88,5670162.56,02/07/2026 18:04,KES
INV001710,DS001731,Tsavo Energy Group,AGO,34562,152.70,5277696.20,2026-06-29 16:05,KES
INV001711,DS001732,Amani Petroleum,AGO,29987,157.22,4714501.20,01/07/2026 15:20,KES
INV001712,DS001733,Aberdare Oil Traders,AGO,27251,154.32,4205441.68,29/06/2026 16:41,KES
INV001713,DS001734,Zenith Petroleum,PMS,22822,168.46,3844481.10,01/07/2026 19:40,KES
INV001714,DS001735,,PMS,30652,167.96,5148401.68,29/06/2026 20:14,KES
INV001715,DS001736,Aberdare Oil Traders,PMS,20311,163.38,3318375.73,2026-06-29 15:13,KES
INV001716,DS001737,Zenith Petroleum,AGO,27016,154.15,"4,164,401.95",2026-06-29 17:45,KES
INV001717,DS001738,Equator Fuels,AGO,23213,157.96,3666801.84,29/06/2026 17:46,KES
INV001718,DS001739,Delta Oil Marketers,PMS,34046,164.72,5608069.62,2026-06-29 15:35,KES
INV001719,DS001740,Delta Oil Marketers,AGO,26139,156.84,4099537.63,2026-06-29 21:45,KES
INV001720,DS001741,Mara Fuels,PMS,21022,163.76,3442654.64,2026-07-02 09:36,KES
INV001721,DS001742,Lakeview Energy,PMS,29547,,4816113.30,29/06/2026 18:08,KES
INV001722,DS001743,Coastline Energy Ltd,AGO,20787,152.92,3178826.82,2026-06-30 17:20,KES
INV001723,DS001744,Aberdare Oil Traders,PMS,20928,167.05,"3,496,089.33",2026-07-01 04:44,KES
INV001724,DS001745,Mara Fuels,PMS,27230,163.81,4460637.62,30/06/2026 08:36,KES
INV001725,DS001746,Kilele Fuels,PMS,24640,166.42,4100523.54,30/06/2026 05:53,KES
INV001726,DS001747,Horizon Oil Marketers,PMS,29979,163.10,"4,889,438.47",30/06/2026 13:28,KES
INV001727,DS001748,Amani Petroleum,AGO,23460,155.05,3637378.52,2026-07-01 22:28,KES
INV001728,DS001749,Highland Energy Co,IK,27914,137.89,3849000.85,2026-06-29 21:24,KES
INV001729,DS001750,Horizon Oil Marketers,AGO,30373,153.84,4672696.83,06/07/2026 10:51,KES
INV001730,DS001751,Equator Fuels,AGO,34717,154.64,5368807.46,2026-07-02 23:30,KES
INV001731,DS001752,Baraka Downstream,AGO,32368,156.45,5063888.38,2026-06-30 00:37,KES
INV001732,DS001753,Rift Valley Fuels Ltd,AGO,34555,154.19,5328203.38,2026-06-30 00:04,KES
INV001733,DS001754,Uhuru Energy Partners,PMS,26565,167.94,4461241.34,29/06/2026 14:08,KES
INV001734,DS001755,Pioneer Fuels Kenya,AGO,29256,154.36,4515934.26,2026-06-30 20:52,KES
INV001735,DS001756,Coastline Energy Ltd,PMS,35566,166.10,5907483.26,2026-06-29 14:51,KES
INV001736,DS001757,Lakeview Energy,AGO,31541,153.62,"4,845,468.44",30/06/2026 06:23,KES
INV001737,DS001758,Aberdare Oil Traders,PMS,28693,166.21,4769188.55,29/06/2026 19:41,KES
INV001738,DS001759,Summit Downstream Ltd,PMS,35886,165.54,5940506.91,2026-06-30 02:00,KES
INV001739,DS001760,Summit Downstream Ltd,PMS,31702,168.52,5342437.46,2026-07-01 05:26,KES
INV001740,DS001761,Pioneer Fuels Kenya,PMS,24597,164.87,4055376.26,01/07/2026 14:38,KES
INV001741,DS001762,Crescent Oil Ltd,PMS,23695,168.48,3992061.93,02/07/2026 01:21,KES
INV001742,DS001763,Amani Petroleum,PMS,20083,164.91,3311837.12,30/06/2026 16:32,KES
INV001743,DS001764,Summit Downstream Ltd,IK,33399,142.20,4749246.76,2026-06-29 11:47,KES
INV001744,DS001765,Lakeview Energy,PMS,29927,162.61,4866531.26,2026-06-29 17:50,KES
INV001745,DS001766,Summit Downstream Ltd,PMS,29911,167.79,5018762.37,30/06/2026 10:40,KES
INV001746,DS001767,,PMS,21844,167.37,3656115.62,29/06/2026 20:36,KES
INV001747,DS001768,Crescent Oil Ltd,AGO,20838,155.76,3245823.76,01/07/2026 11:43,KES
INV001748,DS001769,Tsavo Energy Group,PMS,25317,168.41,4263572.09,2026-06-30 21:37,KES
INV001749,DS001770,Horizon Oil Marketers,AGO,32937,157.84,5198793.48,01/07/2026 13:43,KES
INV001750,DS001771,Aberdare Oil Traders,PMS,22393,164.24,3677910.70,2026-06-29 22:07,KES
INV001751,DS001772,Baraka Downstream,PMS,22889,165.50,3788115.55,30/06/2026 03:32,KES
INV001752,DS001773,Tsavo Energy Group,AGO,24308,154.13,3746472.06,2026-07-03 00:46,KES
INV001753,DS001774,Delta Oil Marketers,PMS,35652,162.64,5798552.31,29/06/2026 12:05,KES
INV001754,DS001775,Horizon Oil Marketers,AGO,20874,153.11,3196106.79,2026-06-29 22:12,KES
INV001755,DS001776,Baraka Downstream,PMS,34601,167.62,5799759.63,29/06/2026 22:51,KES
INV001756,DS001777,Crescent Oil Ltd,AGO,30595,155.88,4769212.20,29/06/2026 17:44,KES
INV001757,DS001778,Kilele Fuels,AGO,23407,156.56,3664521.62,2026-07-01 00:46,KES
INV001758,DS001779,Uhuru Energy Partners,AGO,33209,157.81,5240715.54,29/06/2026 15:31,KES
INV001759,DS001780,Savannah Petroleum,AGO,21231,153.78,3264862.43,02/07/2026 01:26,KES
INV001760,DS001781,Summit Downstream Ltd,AGO,32060,153.03,"4,905,997.41",30/06/2026 17:04,KES
INV001761,DS001782,Pioneer Fuels Kenya,AGO,34813,155.75,5422019.87,02/07/2026 21:23,KES
INV001762,DS001783,Aberdare Oil Traders,AGO,31622,154.16,4874931.27,30/06/2026 14:59,KES
INV001763,DS001784,Mara Fuels,IK,33107,142.10,4704460.67,2026-07-03 18:15,KES
INV001764,DS001785,Amani Petroleum,AGO,24847,155.35,3860040.33,02/07/2026 00:17,KES
INV001765,DS001786,Horizon Oil Marketers,AGO,27138,156.75,4253823.77,2026-07-03 06:44,KES
INV001766,DS001787,Zenith Petroleum,AGO,20352,152.61,3105911.43,2026-06-30 15:39,KES
INV001767,DS001788,Baraka Downstream,PMS,24356,163.31,3977500.44,03/07/2026 05:02,KES
INV001768,DS001789,Crescent Oil Ltd,AGO,32231,157.33,"5,070,942.65",30/06/2026 19:12,KES
INV001769,DS001790,Zenith Petroleum,AGO,20670,157.63,3258242.34,02/07/2026 02:06,KES
INV001770,DS001791,Crescent Oil Ltd,AGO,27190,157.85,"4,291,876.10",01/07/2026 18:15,KES
INV001771,DS001792,Summit Downstream Ltd,IK,29220,141.26,4127538.98,2026-07-01 02:03,KES
INV001772,DS001793,Lakeview Energy,PMS,23047,162.20,3738170.47,2026-06-30 18:18,KES
INV001773,DS001794,Uhuru Energy Partners,IK,29448,141.33,"4,161,929.63",30/06/2026 16:45,KES
INV001774,DS001795,Uhuru Energy Partners,PMS,25554,165.53,4229999.35,2026-06-30 13:38,KES
INV001775,DS001796,Summit Downstream Ltd,PMS,28864,162.68,"4,695,711.31",2026-06-30 21:44,KES
INV001776,DS001797,Mara Fuels,PMS,34840,168.49,5870262.17,01/07/2026 21:18,KES
INV001777,DS001798,Kilele Fuels,AGO,29114,155.70,4533068.70,01/07/2026 00:13,KES
INV001778,DS001799,Aberdare Oil Traders,PMS,32404,166.50,5395142.86,2026-07-07 20:20,KES
INV001779,DS001800,Pioneer Fuels Kenya,PMS,27225,163.37,4447870.95,2026-07-02 00:53,KES
INV001780,DS001801,Crescent Oil Ltd,PMS,30883,164.62,5083962.17,01/07/2026 10:52,KES
INV001781,DS001802,Uhuru Energy Partners,AGO,24890,157.07,3909410.86,02/07/2026 00:29,KES
INV001782,DS001803,Aberdare Oil Traders,AGO,22181,157.72,3498334.14,2026-07-01 23:50,KES
INV001783,DS001804,Horizon Oil Marketers,IK,31538,142.38,4490291.14,01/07/2026 08:32,KES
INV001784,DS001805,Aberdare Oil Traders,PMS,30591,162.65,4975656.51,2026-07-01 23:51,KES
INV001785,DS001806,Amani Petroleum,AGO,31583,155.67,4916531.53,02/07/2026 01:09,KES
INV001786,DS001807,Horizon Oil Marketers,AGO,34949,155.02,5417799.17,2026-06-30 19:09,KES
INV001787,DS001808,Summit Downstream Ltd,AGO,31034,155.96,4840150.00,02/07/2026 03:55,KES
INV001788,DS001809,Summit Downstream Ltd,AGO,32956,155.71,5131496.18,2026-07-01 02:53,KES
INV001789,DS001810,Pioneer Fuels Kenya,AGO,24247,154.87,3755073.05,30/06/2026 09:09,KES
INV001790,DS001811,Rift Valley Fuels Ltd,PMS,23637,162.44,3839521.71,2026-07-01 03:55,KES
INV001791,DS001812,Nyanza Petroleum Co,AGO,25128,153.80,3864700.01,2026-06-30 20:08,KES
INV001792,DS001814,Tsavo Energy Group,AGO,20607,158.07,3257307.03,2026-06-30 21:19,KES
INV001793,DS001815,Nyanza Petroleum Co,PMS,28443,165.85,4717329.28,02/07/2026 05:58,KES
INV001794,DS001816,Delta Oil Marketers,AGO,33333,157.81,5260430.11,2026-07-07 16:41,KES
INV001795,DS001817,Mara Fuels,PMS,26927,166.39,4480357.92,03/07/2026 21:36,KES
INV001796,DS001818,Pioneer Fuels Kenya,PMS,30657,167.72,"5,141,838.16",02/07/2026 10:10,KES
INV001797,DS001819,Summit Downstream Ltd,AGO,33932,152.20,5164606.91,2026-07-02 00:29,KES
INV001798,DS001820,Aberdare Oil Traders,PMS,30239,165.32,4998988.78,2026-07-08 00:30,KES
INV001799,DS001822,Highland Energy Co,PMS,35582,164.80,5864075.87,2026-06-30 14:34,KES
INV001800,DS001823,Nyanza Petroleum Co,PMS,22008,163.79,3604761.55,2026-06-30 18:58,KES
INV001801,DS001824,Crescent Oil Ltd,PMS,22748,168.71,3837884.86,30/06/2026 18:21,KES
INV001802,DS001825,Summit Downstream Ltd,PMS,28151,165.68,4663970.96,2026-06-30 23:14,KES
INV001803,DS001826,Aberdare Oil Traders,AGO,30667,155.37,4764740.13,02/07/2026 21:23,KES
INV001804,DS001827,Baraka Downstream,AGO,34961,155.35,5431102.06,2026-06-30 13:01,KES
INV001805,DS001828,Amani Petroleum,AGO,20985,152.90,3208671.20,2026-06-30 17:51,KES
INV001806,DS001829,Zenith Petroleum,AGO,23183,157.79,3658082.56,01/07/2026 13:36,KES
INV001807,DS001830,Crescent Oil Ltd,AGO,27467,152.56,4190343.52,2026-07-02 16:37,KES
INV001808,DS001831,Highland Energy Co,IK,26020,137.21,3570316.09,30/06/2026 18:10,KES
INV001809,DS001832,Zenith Petroleum,AGO,25268,153.30,3873468.51,01/07/2026 12:25,KES
INV001810,DS001833,Crescent Oil Ltd,IK,28157,137.78,3879591.87,2026-07-03 13:31,KES
INV001811,DS001834,Highland Energy Co,PMS,20308,165.18,3354406.12,2026-06-30 23:51,KES
INV001812,DS001835,Baraka Downstream,AGO,21375,156.68,3348979.84,30/06/2026 23:54,KES
INV001813,DS001836,Zenith Petroleum,AGO,24261,152.36,3696317.44,03/07/2026 14:31,KES
INV001814,DS001837,Equator Fuels,AGO,34716,158.28,5494995.24,2026-06-30 17:42,KES
INV001815,DS001838,Horizon Oil Marketers,PMS,30903,168.50,5207158.66,2026-07-02 22:22,KES
INV001816,DS001839,Delta Oil Marketers,AGO,31124,153.47,4776608.25,2026-07-01 02:56,KES
INV001817,DS001840,Uhuru Energy Partners,PMS,22415,164.19,3680356.57,01/07/2026 20:21,KES
INV001818,DS001841,Zenith Petroleum,PMS,31227,163.28,5098805.36,03/07/2026 13:33,KES
INV001819,DS001842,Aberdare Oil Traders,AGO,30286,153.77,4656995.09,2026-07-02 09:32,KES
INV001820,DS001843,Rift Valley Fuels Ltd,AGO,35936,152.14,5467192.56,03/07/2026 10:29,KES
INV001821,DS001844,Pioneer Fuels Kenya,PMS,34703,166.20,5767523.87,01/07/2026 17:38,KES
INV001822,DS001845,Highland Energy Co,PMS,22898,165.28,3784512.45,01/07/2026 20:55,KES
INV001823,DS001846,Kilele Fuels,AGO,30406,157.39,4785553.60,2026-07-01 15:42,KES
INV001824,DS001846,Kilele Fuels,AGO,30406,157.39,4785553.60,01/07/2026 16:42,KES
INV001825,DS001847,Crescent Oil Ltd,AGO,34262,156.07,5347176.82,02/07/2026 23:58,KES
INV001826,DS001848,Tsavo Energy Group,IK,31696,142.70,4523057.81,08/07/2026 15:52,KES
INV001827,DS001849,Mara Fuels,PMS,29637,165.65,"4,909,240.12",2026-07-02 11:50,KES
INV001828,DS001850,Mara Fuels,IK,21335,139.34,2972854.84,2026-07-03 06:44,KES
INV001829,DS001851,Zenith Petroleum,PMS,22764,166.86,3798338.23,2026-07-11 18:53,KES
INV001830,DS001852,Amani Petroleum,AGO,28824,152.45,4394351.77,01/07/2026 18:26,KES
INV001831,DS001853,Equator Fuels,PMS,28150,163.73,4609052.55,2026-07-01 11:29,KES
INV001832,DS001854,Rift Valley Fuels Ltd,PMS,33689,163.61,5511934.12,01/07/2026 14:18,KES
INV001833,DS001855,Savannah Petroleum,PMS,27304,163.59,4466620.58,2026-07-03 00:14,KES
INV001834,DS001856,Mara Fuels,PMS,35173,165.31,5814434.17,2026-07-02 03:36,KES
INV001835,DS001857,Zenith Petroleum,IK,30705,139.82,"4,293,250.19",2026-07-05 02:57,KES
INV001836,DS001858,Equator Fuels,AGO,29677,155.68,"4,620,258.20",01/07/2026 09:26,KES
INV001837,DS001859,Equator Fuels,PMS,28803,164.53,4738950.39,01/07/2026 20:23,KES
INV001838,DS001860,Horizon Oil Marketers,IK,26169,140.40,3674183.50,2026-07-01 20:30,KES
INV001839,DS001861,Nyanza Petroleum Co,IK,22215,140.97,3131708.81,03/07/2026 01:32,KES
INV001840,DS001862,Aberdare Oil Traders,PMS,24963,167.35,4177589.78,01/07/2026 16:32,KES
INV001841,DS001863,Rift Valley Fuels Ltd,IK,35324,138.04,4876186.59,2026-07-01 16:06,KES
INV001842,DS001864,Delta Oil Marketers,AGO,31290,155.81,4875194.63,01/07/2026 16:14,KES
INV001843,DS001865,Nyanza Petroleum Co,AGO,20356,156.12,3177964.98,2026-07-02 04:52,KES
INV001844,DS001866,Tsavo Energy Group,IK,22517,138.84,3126296.01,2026-07-04 22:35,KES
INV001845,DS001867,Pioneer Fuels Kenya,PMS,28115,163.70,4602465.28,2026-07-02 19:23,KES
INV001846,DS001868,Highland Energy Co,AGO,33692,152.23,5129013.80,01/07/2026 16:16,KES
INV001847,DS001869,Nyanza Petroleum Co,AGO,31583,154.68,"4,885,190.42",2026-07-08 12:00,KES
INV001848,DS001870,Uhuru Energy Partners,AGO,29009,152.98,"4,437,841.22",2026-07-03 14:08,KES
INV001849,DS001871,Amani Petroleum,PMS,21363,167.88,3586509.63,2026-07-03 07:20,KES
INV001850,DS001872,Mara Fuels,PMS,21267,168.17,3576455.21,03/07/2026 13:11,KES
INV001851,DS001873,Summit Downstream Ltd,AGO,24977,155.05,3872783.74,01/07/2026 15:42,KES
INV001852,DS001874,Kilele Fuels,PMS,34005,166.14,"5,649,481.80",02/07/2026 18:00,KES
INV001853,DS001875,Highland Energy Co,AGO,21448,153.44,3290874.14,2026-07-05 02:12,KES
INV001854,DS001876,Horizon Oil Marketers,PMS,26740,163.87,"4,381,813.37",2026-07-01 15:23,KES
INV001855,DS001877,Pioneer Fuels Kenya,AGO,30121,157.94,4757247.37,05/07/2026 00:45,KES
INV001856,DS001878,Delta Oil Marketers,AGO,33146,155.21,5144541.50,02/07/2026 08:59,KES
INV001857,DS001879,Nyanza Petroleum Co,AGO,35767,155.92,5576863.53,2026-07-02 23:47,KES
INV001858,DS001880,Baraka Downstream,IK,29920,141.04,4220033.52,2026-07-01 23:18,KES
INV001859,DS001881,Aberdare Oil Traders,PMS,29133,165.62,4824863.79,02/07/2026 13:05,KES
INV001860,DS001882,Savannah Petroleum,PMS,35656,167.25,"5,963,514.67",01/07/2026 22:30,KES
INV001861,DS001883,Zenith Petroleum,IK,30786,140.67,4330628.47,2026-07-03 13:42,KES
INV001862,DS001884,Summit Downstream Ltd,AGO,27429,155.34,4260847.16,04/07/2026 03:23,KES
INV001863,DS001885,Nyanza Petroleum Co,PMS,28170,164.80,4642474.16,03/07/2026 00:19,KES
INV001864,DS001886,Kilele Fuels,IK,30616,139.82,4280800.06,03/07/2026 23:57,KES
INV001865,DS001887,Equator Fuels,PMS,29646,166.30,4930244.31,2026-07-03 04:17,KES
INV001866,DS001888,Kilele Fuels,IK,28854,141.60,4085645.87,03/07/2026 20:30,KES
INV001867,DS001889,Summit Downstream Ltd,PMS,24473,167.57,4101001.71,02/07/2026 11:13,KES
INV001868,DS001890,Baraka Downstream,PMS,31949,168.52,5384138.75,03/07/2026 01:05,KES
INV001869,DS001891,,AGO,35954,153.16,5506658.82,2026-07-03 16:35,KES
INV001870,DS001892,Zenith Petroleum,AGO,26973,155.52,4194847.87,03/07/2026 23:47,KES
INV001871,DS001893,Mara Fuels,AGO,30955,156.56,4846266.16,12/07/2026 00:59,KES
INV001872,DS001894,Coastline Energy Ltd,PMS,20961,164.80,3454470.02,2026-07-01 15:12,KES
INV001873,DS001895,Crescent Oil Ltd,PMS,25338,167.74,4250304.31,02/07/2026 18:55,KES
INV001874,DS001896,Nyanza Petroleum Co,AGO,20844,154.39,3218084.05,03/07/2026 20:10,KES
INV001875,DS001897,Summit Downstream Ltd,PMS,26326,166.01,4370356.89,02/07/2026 06:43,KES
INV001876,DS001898,Kilele Fuels,AGO,34695,153.55,5327556.13,2026-07-01 23:29,KES
INV001877,DS001899,Mara Fuels,IK,28059,138.29,"3,880,411.19",01/07/2026 21:45,KES
INV001878,DS001900,Summit Downstream Ltd,PMS,24250,162.58,3942450.28,01/07/2026 18:37,KES
INV001879,DS001901,Lakeview Energy,IK,22516,138.82,3125627.96,2026-07-04 20:34,KES
INV001880,DS001902,Zenith Petroleum,AGO,29428,153.38,4513556.71,02/07/2026 03:33,KES
INV001881,DS001903,Mara Fuels,IK,34899,140.08,4888643.37,2026-07-02 10:49,KES
INV001882,DS001904,Uhuru Energy Partners,AGO,28853,155.87,"4,497,432.66",01/07/2026 17:16,KES
INV001883,DS001905,Savannah Petroleum,AGO,21656,154.42,3344050.20,2026-07-03 23:09,KES
INV001884,DS001906,Delta Oil Marketers,PMS,19056,165.52,3154058.39,02/07/2026 15:06,KES
INV001885,DS001907,Amani Petroleum,AGO,20526,156.63,3214944.44,2026-07-01 20:19,KES
INV001886,DS001908,Aberdare Oil Traders,AGO,27743,156.12,4331340.02,2026-07-03 15:34,KES
INV001887,DS001909,Lakeview Energy,PMS,29504,168.33,4966271.61,03/07/2026 04:41,KES
INV001888,DS001910,Lakeview Energy,AGO,20973,153.75,3224526.89,03/07/2026 14:35,KES
INV001889,DS001911,Rift Valley Fuels Ltd,AGO,23795,156.39,"3,721,357.21",2026-07-02 13:39,KES
INV001890,DS001912,Lakeview Energy,AGO,24301,154.31,3749878.09,2026-07-04 14:34,KES
INV001891,DS001913,Savannah Petroleum,PMS,27225,166.34,"4,528,535.29",02/07/2026 21:09,KES
INV001892,DS001914,Delta Oil Marketers,AGO,28868,153.23,4423555.80,2026-07-05 20:39,KES
INV001893,DS001915,Tsavo Energy Group,AGO,28479,155.05,"4,415,805.01",04/07/2026 14:02,KES
INV001894,DS001916,Equator Fuels,PMS,31651,165.54,"5,239,401.54",05/07/2026 01:43,KES
INV001895,DS001917,Nyanza Petroleum Co,PMS,35591,166.80,5936665.12,02/07/2026 16:44,KES
INV001896,DS001918,Uhuru Energy Partners,AGO,24487,154.08,3773057.91,05/07/2026 21:42,KES
INV001897,DS001919,Tsavo Energy Group,AGO,29644,153.52,4550950.41,03/07/2026 21:48,KES
INV001898,DS001920,Uhuru Energy Partners,IK,26601,141.56,3765536.07,2026-07-02 11:29,KES
INV001899,DS001921,Pioneer Fuels Kenya,IK,23506,141.64,3329450.53,2026-07-02 09:09,KES
INV001900,DS001922,Zenith Petroleum,AGO,23249,158.27,3679695.08,02/07/2026 23:26,KES
INV001901,DS001923,Highland Energy Co,PMS,21457,162.81,3493317.92,2026-07-03 06:17,KES
INV001902,DS001924,Kilele Fuels,PMS,32403,167.72,5434646.30,2026-07-03 01:21,KES
INV001903,DS001925,Baraka Downstream,AGO,23369,152.12,3554784.69,03/07/2026 04:26,KES
INV001904,DS001926,Mara Fuels,IK,20409,142.11,"2,900,338.45",2026-07-05 15:45,KES
INV001905,DS001927,Tsavo Energy Group,PMS,31749,163.83,5201561.49,2026-07-04 13:17,KES
INV001906,DS001928,Aberdare Oil Traders,PMS,28556,167.12,4772319.03,03/07/2026 00:00,KES
INV001907,DS001929,Nyanza Petroleum Co,PMS,35396,163.21,5776922.12,2026-07-03 23:42,KES
INV001908,DS001930,Savannah Petroleum,PMS,34437,168.63,"5,807,061.13",02/07/2026 18:54,KES
INV001909,DS001931,Nyanza Petroleum Co,AGO,25764,156.60,4034732.81,02/07/2026 18:38,KES
INV001910,DS001933,Coastline Energy Ltd,AGO,34860,156.74,"5,464,072.10",03/07/2026 15:43,KES
INV001911,DS001934,Rift Valley Fuels Ltd,PMS,27913,165.10,4608360.57,2026-07-03 21:34,KES
INV001912,DS001935,Mara Fuels,IK,35492,141.42,"5,019,435.22",02/07/2026 21:49,KES
INV001913,DS001936,Equator Fuels,AGO,25395,156.99,3986671.80,2026-07-02 21:49,KES
INV001914,DS001937,Nyanza Petroleum Co,AGO,27145,155.68,4225992.51,2026-07-03 16:02,KES
INV001915,DS001938,Baraka Downstream,AGO,28399,153.37,4355530.35,02/07/2026 14:06,KES
INV001916,DS001939,Kilele Fuels,AGO,20905,152.66,3191422.02,04/07/2026 21:06,KES
INV001917,DS001940,Nyanza Petroleum Co,PMS,35221,168.67,5940701.81,2026-07-09 16:24,KES
INV001918,DS001942,Equator Fuels,AGO,25681,152.74,"3,922,547.54",2026-07-03 02:20,KES
INV001919,DS001943,Equator Fuels,PMS,26573,168.57,4479399.54,02/07/2026 15:06,KES
INV001920,DS001944,Rift Valley Fuels Ltd,AGO,20265,154.35,3127993.61,2026-07-03 03:14,KES
INV001921,DS001945,Zenith Petroleum,PMS,24236,163.37,"3,959,512.89",2026-07-05 01:59,KES
INV001922,DS001946,Mara Fuels,AGO,26956,155.83,4200562.29,2026-07-03 01:55,KES
INV001923,DS001947,Tsavo Energy Group,PMS,26675,165.82,4423312.58,2026-07-02 23:11,KES
INV001924,DS001948,Delta Oil Marketers,PMS,20821,165.59,3447828.70,05/07/2026 19:48,KES
INV001925,DS001949,Mara Fuels,AGO,24955,152.56,3807213.15,03/07/2026 21:17,KES
INV001926,DS001951,Baraka Downstream,AGO,23940,152.69,3655281.22,2026-07-02 11:00,KES
INV001927,DS001952,Mara Fuels,PMS,27028,164.05,4433959.07,2026-07-04 00:36,KES
INV001928,DS001953,Uhuru Energy Partners,PMS,24154,162.70,"3,929,812.22",02/07/2026 16:07,KES
INV001929,DS001954,Equator Fuels,AGO,34380,155.24,"5,337,201.12",2026-07-02 15:17,KES
INV001930,DS001955,Savannah Petroleum,PMS,30718,162.63,4995709.07,2026-07-03 23:20,KES
INV001931,DS001956,Nyanza Petroleum Co,PMS,30641,165.43,5068829.02,03/07/2026 19:03,KES
INV001932,DS001957,Amani Petroleum,PMS,24953,167.70,4184695.80,2026-07-03 21:07,KES
INV001933,DS001958,Pioneer Fuels Kenya,AGO,27823,153.18,4261830.02,2026-07-02 13:30,KES
INV001934,DS001959,Zenith Petroleum,PMS,32989,168.45,5556866.58,03/07/2026 11:54,KES
INV001935,DS001960,Crescent Oil Ltd,PMS,28908,167.70,4847792.35,2026-07-04 04:35,KES
INV001936,DS001961,Crescent Oil Ltd,PMS,30645,165.62,5075466.26,04/07/2026 16:16,KES
INV001937,DS001962,Rift Valley Fuels Ltd,PMS,30274,164.88,4991644.41,03/07/2026 21:42,KES
INV001938,DS001963,Summit Downstream Ltd,PMS,21343,165.55,3533295.91,03/07/2026 10:40,KES
INV001939,DS001964,Equator Fuels,AGO,31991,154.64,"4,947,125.48",2026-07-05 01:00,KES
INV001940,DS001965,Aberdare Oil Traders,AGO,24384,156.99,3828100.46,02/07/2026 15:05,KES
INV001941,DS001966,Mara Fuels,PMS,34364,168.48,5789640.44,03/07/2026 12:05,KES
INV001942,DS001967,Tsavo Energy Group,AGO,21507,152.58,3281570.34,03/07/2026 01:34,KES
INV001943,DS001968,Crescent Oil Ltd,AGO,25165,156.90,3948307.16,02/07/2026 15:20,KES
INV001944,DS001969,Rift Valley Fuels Ltd,AGO,22372,157.73,3528775.49,03/07/2026 18:39,KES
INV001945,DS001970,Equator Fuels,PMS,31746,,5337790.83,03/07/2026 15:24,KES
INV001946,DS001971,Savannah Petroleum,PMS,26399,167.96,4433906.11,05/07/2026 09:07,KES
INV001947,DS001972,Rift Valley Fuels Ltd,AGO,24956,155.79,3887996.69,03/07/2026 16:14,KES
INV001948,DS001973,Pioneer Fuels Kenya,PMS,32757,163.53,5356722.69,2026-07-03 22:11,KES
INV001949,DS001974,Baraka Downstream,AGO,30246,156.69,"4,739,395.90",2026-07-04 00:16,KES
INV001950,DS001975,Kilele Fuels,PMS,28557,168.17,4802391.75,2026-07-03 23:29,KES
INV001951,DS001976,Coastline Energy Ltd,IK,20782,139.31,2895106.03,2026-07-03 15:24,KES
INV001952,DS001977,Kilele Fuels,AGO,20264,156.87,3178808.66,2026-07-03 17:49,KES
INV001953,DS001978,Nyanza Petroleum Co,AGO,28661,157.59,4516646.03,03/07/2026 23:25,KES
INV001954,DS001979,Delta Oil Marketers,PMS,23312,168.47,3927346.77,04/07/2026 22:54,KES
INV001955,DS001980,Tsavo Energy Group,PMS,32717,165.20,5404768.99,04/07/2026 03:16,KES
INV001956,DS001981,Baraka Downstream,PMS,25654,167.70,4302105.67,2026-07-04 17:35,KES
INV001957,DS001982,Savannah Petroleum,AGO,20454,157.64,"3,224,291.27",03/07/2026 15:39,KES
INV001958,DS001983,Pioneer Fuels Kenya,AGO,26434,156.50,4136802.44,2026-07-03 20:03,KES
INV001959,DS001984,Horizon Oil Marketers,PMS,23821,162.86,3879508.09,04/07/2026 00:00,KES
INV001960,DS001985,Highland Energy Co,AGO,25367,157.56,3996834.12,2026-07-03 15:47,KES
INV001961,DS001986,Zenith Petroleum,AGO,21328,154.53,"3,295,911.85",2026-07-13 20:22,KES
INV001962,DS001987,Horizon Oil Marketers,AGO,22443,155.26,3484498.71,2026-07-07 04:26,KES
INV001963,DS001988,Rift Valley Fuels Ltd,AGO,29465,152.38,4489807.92,05/07/2026 20:56,KES
INV001964,DS001989,Coastline Energy Ltd,PMS,34248,162.65,5570590.36,04/07/2026 11:56,KES
INV001965,DS001990,Equator Fuels,AGO,32514,155.61,5059659.07,03/07/2026 15:58,KES
INV001966,DS001991,Aberdare Oil Traders,PMS,28820,165.90,4781327.80,2026-07-05 08:41,KES
INV001967,DS001992,Crescent Oil Ltd,AGO,20214,157.13,3176155.96,10/07/2026 08:23,KES
INV001968,DS001993,Crescent Oil Ltd,PMS,22458,164.76,3700290.24,2026-07-04 05:31,KES
INV001969,DS001994,Aberdare Oil Traders,AGO,34173,157.92,5396655.68,04/07/2026 20:44,KES
INV001970,DS001995,Delta Oil Marketers,PMS,22237,167.24,3718966.90,13/07/2026 19:24,KES
INV001971,DS001996,Aberdare Oil Traders,AGO,33840,156.79,5305876.24,04/07/2026 12:26,KES
INV001972,DS001997,Crescent Oil Ltd,AGO,30924,153.86,"4,757,861.73",03/07/2026 22:59,KES
INV001973,DS001998,Crescent Oil Ltd,AGO,24822,157.51,3909672.39,2026-07-04 21:31,KES
INV001974,DS001999,Amani Petroleum,AGO,20008,154.22,3085533.82,2026-07-10 13:24,KES
INV001975,DS002000,Highland Energy Co,PMS,36019,167.83,6044965.54,06/07/2026 00:34,KES
INV001976,DS002001,Kilele Fuels,AGO,24335,154.25,3753767.45,05/07/2026 04:07,KES
INV001977,DS002002,Baraka Downstream,AGO,32831,155.72,5112583.14,2026-07-05 03:04,KES
INV001978,DS002003,Tsavo Energy Group,AGO,35494,155.94,5534947.40,04/07/2026 09:57,KES
INV001979,DS002004,Kilele Fuels,PMS,21937,163.32,3582661.77,05/07/2026 22:25,KES
INV001980,DS002005,Delta Oil Marketers,PMS,30272,166.07,5027250.80,03/07/2026 11:42,KES
INV001981,DS002006,Highland Energy Co,AGO,31693,158.17,5012830.30,2026-07-04 01:10,KES
INV001982,DS002007,Lakeview Energy,PMS,35766,165.30,5912082.00,03/07/2026 23:31,KES
INV001983,DS002008,Nyanza Petroleum Co,AGO,28178,152.59,4299766.55,2026-07-07 05:16,KES
INV001984,DS002009,Tsavo Energy Group,PMS,31677,165.97,5257434.08,2026-07-05 13:11,KES
INV001985,DS002010,Tsavo Energy Group,AGO,33317,157.70,5254133.65,2026-07-04 02:40,KES
INV001986,DS002011,Baraka Downstream,PMS,26370,165.60,4366891.56,03/07/2026 17:01,KES
INV001987,DS002012,Amani Petroleum,PMS,24994,162.66,4065557.65,03/07/2026 05:47,KES
INV001988,DS002013,Nyanza Petroleum Co,PMS,28481,167.26,4763725.37,06/07/2026 10:38,KES
INV001989,DS002014,Equator Fuels,AGO,27450,155.95,4280768.90,04/07/2026 01:48,KES
INV001990,DS002015,Amani Petroleum,PMS,32709,168.08,5497698.96,05/07/2026 15:53,KES
INV001991,DS002016,Tsavo Energy Group,AGO,25133,157.67,3962661.78,2026-07-04 10:27,KES
INV001992,DS002017,Savannah Petroleum,IK,20810,141.05,"2,935,335.34",2026-07-04 15:07,KES
INV001993,DS002018,Kilele Fuels,PMS,22040,163.75,3609094.10,2026-07-10 19:15,KES
INV001994,DS002019,Uhuru Energy Partners,AGO,32289,153.12,4943981.55,2026-07-03 23:20,KES
INV001995,DS002020,Delta Oil Marketers,PMS,28136,167.11,4701766.52,2026-07-04 04:59,KES
INV001996,DS002021,Baraka Downstream,PMS,35469,164.67,5840778.60,2026-07-05 05:59,KES
INV001997,DS002022,Mara Fuels,PMS,23396,163.48,3824726.34,04/07/2026 04:46,KES
INV001998,DS002023,Delta Oil Marketers,IK,26540,140.70,3734123.84,2026-07-03 23:29,KES
INV001999,DS002024,Delta Oil Marketers,AGO,35086,158.14,5548332.41,03/07/2026 18:26,KES
INV002000,DS002025,Aberdare Oil Traders,PMS,26167,168.47,4408236.77,2026-07-03 15:33,KES
INV002001,DS002026,Nyanza Petroleum Co,PMS,29393,167.27,"4,916,536.82",03/07/2026 20:10,KES
INV002002,DS002027,Uhuru Energy Partners,AGO,31428,157.19,4940071.72,04/07/2026 23:06,KES
INV002003,DS002028,Coastline Energy Ltd,AGO,31495,158.07,4978518.26,2026-07-04 19:37,KES
INV002004,DS002029,Amani Petroleum,PMS,28107,167.38,"4,704,664.32",05/07/2026 00:54,KES
INV002005,DS002030,Mara Fuels,AGO,24245,156.53,3795121.59,2026-07-06 14:42,KES
INV002006,DS002031,Aberdare Oil Traders,PMS,29703,164.00,4871174.65,2026-07-04 21:56,KES
INV002007,DS002032,Horizon Oil Marketers,PMS,36003,165.37,"5,953,867.52",2026-07-06 17:06,KES
INV002008,DS002033,Aberdare Oil Traders,PMS,26013,162.71,4232691.76,2026-07-04 21:33,KES
INV002009,DS002034,Aberdare Oil Traders,AGO,22852,156.43,3574742.08,2026-07-05 02:20,KES
INV002010,DS002035,Summit Downstream Ltd,AGO,31412,154.88,4865110.30,05/07/2026 02:23,KES
INV002011,DS002036,Lakeview Energy,PMS,24232,164.24,3979864.09,03/07/2026 08:18,KES
INV002012,DS002037,Uhuru Energy Partners,PMS,25375,163.67,4153231.36,05/07/2026 12:55,KES
INV002013,DS002038,Aberdare Oil Traders,PMS,22843,166.09,3794086.68,2026-07-04 18:55,KES
INV002014,DS002039,Highland Energy Co,AGO,31238,152.47,"4,762,962.00",2026-07-10 21:37,KES
INV002015,DS002040,Nyanza Petroleum Co,AGO,20125,155.24,3124160.04,03/07/2026 20:42,KES
INV002016,DS002041,Lakeview Energy,AGO,21685,152.34,3303576.84,2026-07-04 09:55,KES
INV002017,DS002042,Uhuru Energy Partners,PMS,28179,165.47,4662640.20,05/07/2026 20:58,KES
INV002018,DS002043,,AGO,33461,154.08,5155518.44,2026-07-03 15:47,KES
INV002019,DS002044,Equator Fuels,AGO,21867,153.32,3352589.78,07/07/2026 01:54,KES
INV002020,DS002045,Summit Downstream Ltd,AGO,28602,,4388102.03,03/07/2026 22:42,KES
INV002021,DS002046,Delta Oil Marketers,AGO,30045,157.13,4720978.62,2026-07-04 19:58,KES
INV002022,DS002047,Crescent Oil Ltd,PMS,23766,163.34,3881898.48,04/07/2026 23:31,KES
INV002023,DS002048,Summit Downstream Ltd,PMS,26867,166.29,4467686.47,04/07/2026 11:52,KES
INV002024,DS002049,Nyanza Petroleum Co,PMS,23209,168.00,3899056.19,2026-07-04 23:48,KES
INV002025,DS002050,Lakeview Energy,IK,26094,137.38,"3,584,826.70",2026-07-04 17:58,KES
INV002026,DS002051,Rift Valley Fuels Ltd,AGO,29775,157.35,4684969.78,05/07/2026 01:53,KES
INV002027,DS002052,Nyanza Petroleum Co,PMS,29705,168.53,5006191.65,2026-07-05 22:08,KES
INV002028,DS002053,Amani Petroleum,PMS,26467,163.60,4329946.39,2026-07-04 22:53,KES
INV002029,DS002054,Tsavo Energy Group,PMS,25095,165.75,4159506.87,05/07/2026 16:20,KES
INV002030,DS002055,Baraka Downstream,PMS,26788,164.49,4406376.18,2026-07-05 17:28,KES
INV002031,DS002056,Uhuru Energy Partners,AGO,25152,152.31,3830988.56,2026-07-04 15:03,KES
INV002032,DS002057,Tsavo Energy Group,AGO,28065,155.34,"4,359,740.19",2026-07-05 13:53,KES
INV002033,DS002058,Lakeview Energy,PMS,21162,164.18,3474349.93,06/07/2026 13:54,KES
INV002034,DS002059,Zenith Petroleum,AGO,34041,154.74,5267417.56,2026-07-07 03:15,KES
INV002035,DS002060,Tsavo Energy Group,AGO,34436,158.17,5446634.51,04/07/2026 19:47,KES
INV002036,DS002061,Delta Oil Marketers,PMS,27674,166.36,4603767.71,05/07/2026 19:54,KES
INV002037,DS002062,Nyanza Petroleum Co,AGO,24809,154.35,3829166.32,2026-07-05 14:42,KES
INV002038,DS002063,Summit Downstream Ltd,PMS,28160,167.95,"4,729,504.78",06/07/2026 12:44,KES
INV002039,DS002065,Aberdare Oil Traders,AGO,33574,156.17,5243408.09,2026-07-05 01:34,KES
INV002040,DS002066,Lakeview Energy,PMS,33637,163.45,5497921.68,2026-07-06 13:54,KES
INV002041,DS002067,Summit Downstream Ltd,AGO,25870,,3952196.24,05/07/2026 03:12,KES
INV002042,DS002068,Uhuru Energy Partners,PMS,31527,167.49,5280526.83,05/07/2026 08:25,KES
INV002043,DS002069,Coastline Energy Ltd,AGO,25238,153.21,3866766.93,2026-07-05 12:01,KES
INV002044,DS002070,Summit Downstream Ltd,IK,33442,141.88,4744604.86,2026-07-05 17:54,KES
INV002045,DS002071,Nyanza Petroleum Co,AGO,25620,157.27,4029131.88,2026-07-05 00:51,KES
INV002046,DS002072,Summit Downstream Ltd,PMS,31169,162.33,5059786.08,07/07/2026 00:14,KES
INV002047,DS002073,Amani Petroleum,AGO,23065,155.47,3585836.82,04/07/2026 19:00,KES
INV002048,DS002074,Amani Petroleum,PMS,30955,168.02,5201031.61,2026-07-06 20:46,KES
INV002049,DS002075,Amani Petroleum,PMS,25393,164.71,4182427.16,2026-07-06 00:44,KES
INV002050,DS002076,Crescent Oil Ltd,AGO,24026,156.81,3767620.43,05/07/2026 02:00,KES
INV002051,DS002077,Amani Petroleum,AGO,22676,156.41,"3,546,826.46",2026-07-05 05:24,KES
INV002052,DS002078,Summit Downstream Ltd,IK,24979,137.71,3439855.63,04/07/2026 20:24,KES
INV002053,DS002079,Crescent Oil Ltd,PMS,31112,164.08,5104739.83,04/07/2026 13:59,KES
INV002054,DS002080,Equator Fuels,PMS,30049,163.26,4905650.93,05/07/2026 07:10,KES
INV002055,DS002081,,PMS,30884,165.86,5122416.36,11/07/2026 21:56,KES
INV002056,DS002082,Lakeview Energy,PMS,27173,165.07,4485384.01,06/07/2026 03:01,KES
INV002057,DS002083,Mara Fuels,PMS,24091,162.34,"3,910,899.19",06/07/2026 02:47,KES
INV002058,DS002084,Mara Fuels,AGO,32453,155.56,5048294.93,15/07/2026 05:21,KES
INV002059,DS002085,Aberdare Oil Traders,AGO,30375,155.76,4731166.90,05/07/2026 05:39,KES
INV002060,DS002086,Aberdare Oil Traders,AGO,31696,152.25,4825564.68,04/07/2026 22:29,KES
INV002061,DS002087,Pioneer Fuels Kenya,IK,23363,137.26,3206786.09,2026-07-08 02:30,KES
INV002062,DS002088,Nyanza Petroleum Co,AGO,35031,158.07,5537237.96,2026-07-05 23:46,KES
INV002063,DS002089,Zenith Petroleum,IK,27557,138.62,3820045.11,2026-07-05 02:52,KES
INV002064,DS002090,Crescent Oil Ltd,PMS,26448,162.63,4301218.27,04/07/2026 17:58,KES
INV002065,DS002091,Summit Downstream Ltd,IK,20205,141.81,2865207.91,04/07/2026 14:56,KES
INV002066,DS002092,Horizon Oil Marketers,IK,27164,141.27,3837445.25,2026-07-06 22:41,KES
INV002067,DS002093,Nyanza Petroleum Co,AGO,26043,157.19,"4,093,812.40",2026-07-05 04:26,KES
INV002068,DS002094,Summit Downstream Ltd,PMS,20243,164.20,3323992.38,05/07/2026 18:54,KES
INV002069,DS002095,Highland Energy Co,AGO,35660,152.50,5438302.85,2026-07-04 13:01,KES
INV002070,DS002096,Tsavo Energy Group,IK,24060,140.67,3384449.27,2026-07-11 10:02,KES
INV002071,DS002097,Tsavo Energy Group,AGO,27269,156.30,4262041.88,2026-07-06 17:41,KES
INV002072,DS002098,,IK,28367,,3894694.40,2026-07-05 16:29,KES
INV002073,DS002099,Aberdare Oil Traders,AGO,20645,157.20,3245335.72,05/07/2026 23:56,KES
INV002074,DS002100,Lakeview Energy,AGO,22088,158.03,3490608.09,2026-07-04 19:11,KES
INV002075,DS002101,Delta Oil Marketers,AGO,29437,153.90,"4,530,226.87",05/07/2026 05:26,KES
INV002076,DS002102,Tsavo Energy Group,PMS,21170,167.49,3545848.78,2026-07-05 21:07,KES
INV002077,DS002103,Summit Downstream Ltd,IK,23945,140.81,3371757.51,2026-07-05 19:09,KES
INV002078,DS002104,Baraka Downstream,PMS,34743,166.37,5780158.94,06/07/2026 01:13,KES
INV002079,DS002105,Baraka Downstream,PMS,23010,162.45,3737881.35,05/07/2026 05:44,KES
INV002080,DS002106,Uhuru Energy Partners,AGO,34371,153.87,5288682.38,2026-07-06 01:03,KES
INV002081,DS002107,Tsavo Energy Group,AGO,28429,155.92,4432507.78,2026-07-05 10:32,KES
INV002082,DS002108,Tsavo Energy Group,PMS,21079,162.45,3424218.95,2026-07-06 23:10,KES
INV002083,DS002109,Uhuru Energy Partners,PMS,25336,162.79,4124439.65,2026-07-05 21:40,KES
INV002084,DS002110,Uhuru Energy Partners,AGO,30639,152.13,4661245.38,2026-07-05 11:19,KES
INV002085,DS002111,Amani Petroleum,PMS,27864,164.58,4585791.17,2026-07-06 11:00,KES
INV002086,DS002112,Zenith Petroleum,PMS,30657,166.96,5118549.83,2026-07-06 08:29,KES
INV002087,DS002113,Amani Petroleum,PMS,35150,163.23,5737530.77,06/07/2026 05:06,KES
INV002088,DS002114,Crescent Oil Ltd,AGO,31409,152.84,4800584.24,2026-07-06 06:22,KES
INV002089,DS002115,Highland Energy Co,AGO,29514,158.27,4671139.82,08/07/2026 03:22,KES
INV002090,DS002116,Lakeview Energy,PMS,32336,167.41,5413423.72,2026-07-06 00:13,KES
INV002091,DS002117,Mara Fuels,IK,35374,139.00,"4,917,125.37",07/07/2026 18:43,KES
INV002092,DS002118,Nyanza Petroleum Co,PMS,25028,165.92,4152663.57,05/07/2026 15:45,KES
INV002093,DS002119,Savannah Petroleum,PMS,30202,164.75,4975675.53,08/07/2026 23:57,KES
INV002094,DS002120,Lakeview Energy,PMS,31357,164.67,5163515.01,06/07/2026 00:24,KES
INV002095,DS002121,Crescent Oil Ltd,AGO,33955,157.93,5362397.61,2026-07-05 15:42,KES
INV002096,DS002122,Summit Downstream Ltd,AGO,27774,152.41,4233078.92,06/07/2026 19:11,KES
INV002097,DS002123,Mara Fuels,PMS,26057,162.52,4234846.95,05/07/2026 23:47,KES
INV002098,DS002124,Coastline Energy Ltd,PMS,35852,168.19,"6,029,936.49",07/07/2026 18:40,KES
INV002099,DS002125,Horizon Oil Marketers,PMS,32409,165.10,5350878.87,05/07/2026 10:47,KES
INV002100,DS002126,Horizon Oil Marketers,AGO,23490,153.00,3593910.67,2026-07-12 22:40,KES
INV002101,DS002127,Crescent Oil Ltd,AGO,28009,153.98,4312964.10,06/07/2026 05:03,KES
INV002102,DS002128,Equator Fuels,PMS,21913,162.43,3559331.41,05/07/2026 22:19,KES
INV002103,DS002129,Tsavo Energy Group,IK,34378,140.40,4826606.52,2026-07-12 12:48,KES
INV002104,DS002130,Mara Fuels,AGO,23643,154.45,3651585.98,2026-07-05 20:13,KES
INV002105,DS002131,Tsavo Energy Group,AGO,30145,154.37,4653524.01,2026-07-08 01:40,KES
INV002106,DS002132,Delta Oil Marketers,IK,21207,137.77,2921694.52,2026-07-05 21:04,KES
INV002107,DS002133,Savannah Petroleum,AGO,27085,153.22,4149881.03,07/07/2026 22:42,KES
INV002108,DS002134,Mara Fuels,PMS,26736,,4411879.50,2026-07-05 20:43,KES
INV002109,DS002135,Horizon Oil Marketers,AGO,21679,158.09,3427161.74,2026-07-05 12:47,KES
INV002110,DS002136,Mara Fuels,AGO,34550,153.04,5287668.19,07/07/2026 02:45,KES
INV002111,DS002137,Uhuru Energy Partners,PMS,24845,165.96,4123332.46,2026-07-06 08:00,KES
INV002112,DS002138,Aberdare Oil Traders,IK,35512,141.54,5026222.66,2026-07-05 15:30,KES
INV002113,DS002139,Zenith Petroleum,AGO,25491,154.79,3945653.41,06/07/2026 08:24,KES
INV002114,DS002140,Mara Fuels,PMS,28721,164.78,4732549.49,2026-07-12 10:57,KES
INV002115,DS002141,Mara Fuels,PMS,34053,166.60,5673141.72,2026-07-05 08:53,KES
INV002116,DS002142,Savannah Petroleum,AGO,26879,155.98,4192681.64,2026-07-07 11:47,KES
INV002117,DS002143,Pioneer Fuels Kenya,AGO,20786,154.41,3209590.35,2026-07-07 02:35,KES
INV002118,DS002144,Savannah Petroleum,PMS,33654,,5502239.60,06/07/2026 23:46,KES
INV002119,DS002145,Savannah Petroleum,AGO,34675,153.47,5321599.08,2026-07-06 18:56,KES
INV002120,DS002146,Delta Oil Marketers,PMS,34588,168.37,5823633.62,05/07/2026 22:51,KES
INV002121,DS002147,Nyanza Petroleum Co,PMS,20656,163.49,3377084.64,2026-07-05 23:33,KES
INV002122,DS002148,Equator Fuels,AGO,24227,154.15,3734529.53,2026-07-05 10:14,KES
INV002123,DS002149,Amani Petroleum,IK,27751,137.59,3818214.84,2026-07-06 07:20,KES
INV002124,DS002150,Uhuru Energy Partners,AGO,25147,153.91,"3,870,485.17",05/07/2026 20:25,KES
INV002125,DS002151,Baraka Downstream,AGO,26918,152.83,4113779.63,05/07/2026 17:20,KES
INV002126,DS002152,Uhuru Energy Partners,PMS,24649,164.07,4044168.08,2026-07-05 17:17,KES
INV002127,DS002153,Equator Fuels,IK,29147,142.16,"4,143,538.58",2026-07-06 01:05,KES
INV002128,DS002154,Nyanza Petroleum Co,AGO,22230,153.39,3409962.03,2026-07-08 15:14,KES
INV002129,DS002155,Summit Downstream Ltd,AGO,28548,155.49,4439031.11,05/07/2026 15:25,KES
INV002130,DS002156,Horizon Oil Marketers,AGO,35361,158.04,5588467.44,06/07/2026 14:10,KES
INV002131,DS002157,Baraka Downstream,PMS,21730,166.28,"3,613,318.43",2026-07-06 00:55,KES
INV002132,DS002158,Amani Petroleum,PMS,22684,165.17,"3,746,686.66",2026-07-08 22:37,KES
INV002133,DS002159,Summit Downstream Ltd,AGO,25667,154.44,3963990.76,2026-07-05 19:49,KES
INV002134,DS002160,Savannah Petroleum,AGO,22073,152.20,3359495.10,05/07/2026 17:33,KES
INV002135,DS002161,Kilele Fuels,PMS,20673,163.77,3385583.41,2026-07-07 10:48,KES
INV002136,DS002162,Aberdare Oil Traders,AGO,31252,157.51,4922566.90,05/07/2026 16:17,KES
INV002137,DS002163,Pioneer Fuels Kenya,AGO,27069,153.58,4157225.68,2026-07-05 23:53,KES
INV002138,DS002164,Delta Oil Marketers,PMS,24230,163.78,3968446.60,2026-07-05 21:41,KES
INV002139,DS002165,Nyanza Petroleum Co,PMS,24957,167.76,4186759.31,05/07/2026 13:55,KES
INV002140,DS002166,Aberdare Oil Traders,PMS,23606,165.91,"3,916,459.14",05/07/2026 23:11,KES
INV002141,DS002167,Pioneer Fuels Kenya,AGO,33137,157.99,5235335.46,2026-07-05 11:46,KES
INV002142,DS002168,Highland Energy Co,PMS,30605,168.17,5146808.25,06/07/2026 17:20,KES
INV002143,DS002169,Baraka Downstream,AGO,29002,157.13,4557045.17,2026-07-06 01:52,KES
INV002144,DS002170,Equator Fuels,AGO,28315,156.46,4430162.33,09/07/2026 13:28,KES
INV002145,DS002171,Equator Fuels,PMS,28710,162.30,4659531.08,06/07/2026 15:38,KES
INV002146,DS002172,Nyanza Petroleum Co,PMS,26335,162.97,4291862.37,06/07/2026 17:54,KES
INV002147,DS002173,Mara Fuels,AGO,24393,155.55,3794426.24,2026-07-08 13:49,KES
INV002148,DS002174,Uhuru Energy Partners,PMS,27480,163.86,4502982.21,2026-07-07 10:01,KES
INV002149,DS002175,Highland Energy Co,AGO,20713,153.38,3176923.69,2026-07-06 14:14,KES
INV002150,DS002176,Aberdare Oil Traders,PMS,28755,167.09,4804665.70,06/07/2026 18:44,KES
INV002151,DS002177,Equator Fuels,IK,27366,141.11,3861677.36,2026-07-07 01:54,KES
INV002152,DS002178,Nyanza Petroleum Co,AGO,23097,157.59,3639921.29,08/07/2026 03:23,KES
INV002153,DS002179,Delta Oil Marketers,AGO,28200,154.89,"4,368,036.70",06/07/2026 14:34,KES
INV002154,DS002180,Nyanza Petroleum Co,PMS,31147,164.41,5120838.21,07/07/2026 04:29,KES
INV002155,DS002181,Kilele Fuels,AGO,24837,,3890588.17,07/07/2026 19:27,KES
INV002156,DS002182,Aberdare Oil Traders,IK,22531,138.42,3118770.67,2026-07-06 11:42,KES
INV002157,DS002183,Baraka Downstream,AGO,32422,154.47,5008236.00,2026-07-07 17:31,KES
INV002158,DS002184,Uhuru Energy Partners,AGO,24524,157.29,"3,857,299.65",2026-07-07 23:01,KES
INV002159,DS002185,Savannah Petroleum,PMS,20340,166.51,3386804.16,2026-07-07 17:53,KES
INV002160,DS002186,Lakeview Energy,PMS,22962,167.51,3846362.58,2026-07-07 19:36,KES
INV002161,DS002187,Amani Petroleum,AGO,21026,152.50,"3,206,430.08",07/07/2026 17:46,KES
INV002162,DS002188,Crescent Oil Ltd,AGO,24168,158.24,3824288.13,06/07/2026 13:46,KES
INV002163,DS002189,Mara Fuels,PMS,30998,166.07,"5,147,966.39",2026-07-07 04:16,KES
INV002164,DS002190,Highland Energy Co,PMS,23580,166.07,"3,916,001.76",2026-07-09 00:26,KES
INV002165,DS002191,Savannah Petroleum,AGO,35557,152.59,5425786.95,06/07/2026 11:33,KES
INV002166,DS002192,Pioneer Fuels Kenya,AGO,27256,153.23,4176335.35,2026-07-07 03:43,KES
INV002167,DS002193,Nyanza Petroleum Co,AGO,33103,156.53,5181775.38,14/07/2026 02:27,KES
INV002168,DS002194,Mara Fuels,PMS,22866,165.08,"3,774,630.48",09/07/2026 04:39,KES
INV002169,DS002195,Tsavo Energy Group,PMS,31312,163.96,5133779.72,06/07/2026 17:53,KES
INV002170,DS002196,Lakeview Energy,AGO,26694,155.12,4140717.92,06/07/2026 16:53,KES
INV002171,DS002197,Mara Fuels,PMS,28304,,4671834.53,2026-07-08 00:36,KES
INV002172,DS002198,Rift Valley Fuels Ltd,PMS,22795,168.72,"3,846,065.70",2026-07-07 13:52,KES
INV002173,DS002199,Pioneer Fuels Kenya,PMS,32888,166.26,5468060.24,2026-07-06 12:46,KES
INV002174,DS002200,Highland Energy Co,IK,19967,139.81,"2,791,646.07",2026-07-06 10:52,KES
INV002175,DS002201,Summit Downstream Ltd,AGO,34668,155.56,5392997.67,06/07/2026 22:11,KES
INV002176,DS002202,Lakeview Energy,AGO,35252,152.32,5369739.24,06/07/2026 21:34,KES
INV002177,DS002203,Lakeview Energy,PMS,33376,163.04,"5,441,591.29",2026-07-09 06:39,KES
INV002178,DS002204,Amani Petroleum,PMS,23054,165.35,3811953.90,07/07/2026 02:25,KES
INV002179,DS002205,Nyanza Petroleum Co,PMS,27257,166.99,4551752.93,06/07/2026 21:38,KES
INV002180,DS002206,Amani Petroleum,PMS,29614,164.15,4861000.61,08/07/2026 03:48,KES
INV002181,DS002207,Aberdare Oil Traders,PMS,23714,167.27,3966675.87,2026-07-06 12:44,KES
INV002182,DS002208,Pioneer Fuels Kenya,PMS,34747,168.08,5840274.99,2026-07-06 14:22,KES
INV002183,DS002209,Equator Fuels,AGO,26124,156.55,"4,089,744.19",2026-07-06 14:14,KES
INV002184,DS002210,Crescent Oil Ltd,AGO,29816,156.14,4655421.18,2026-07-13 10:19,KES
INV002185,DS002211,Savannah Petroleum,PMS,33128,165.95,5497465.16,2026-07-06 14:09,KES
INV002186,DS002212,Highland Energy Co,AGO,26348,155.73,4103083.48,2026-07-07 16:49,KES
INV002187,DS002213,Tsavo Energy Group,AGO,30622,156.43,4790271.40,06/07/2026 22:45,KES
INV002188,DS002214,Equator Fuels,AGO,25502,152.19,3881066.28,06/07/2026 22:14,KES
INV002189,DS002215,Summit Downstream Ltd,PMS,27053,162.96,4408664.22,2026-07-07 07:39,KES
INV002190,DS002216,Coastline Energy Ltd,AGO,26796,157.47,4219617.48,08/07/2026 21:26,KES
INV002191,DS002217,Equator Fuels,PMS,29552,166.59,4923033.33,14/07/2026 00:17,KES
INV002192,DS002218,Summit Downstream Ltd,AGO,28991,154.28,"4,472,817.32",07/07/2026 09:49,KES
INV002193,DS002219,Coastline Energy Ltd,PMS,21347,163.45,3489169.96,07/07/2026 23:35,KES
INV002194,DS002220,Highland Energy Co,AGO,30533,156.55,"4,780,030.08",06/07/2026 22:38,KES
INV002195,DS002221,Coastline Energy Ltd,AGO,33296,153.74,5118771.51,2026-07-07 01:17,KES
INV002196,DS002222,Nyanza Petroleum Co,AGO,35109,153.20,5378698.99,08/07/2026 12:07,KES
INV002197,DS002223,Baraka Downstream,AGO,25171,152.20,3831150.43,2026-07-06 20:18,KES
INV002198,DS002224,Coastline Energy Ltd,AGO,32947,155.93,5137489.80,08/07/2026 21:54,KES
INV002199,DS002225,Zenith Petroleum,PMS,23774,163.61,"3,889,636.79",07/07/2026 13:26,KES
INV002200,DS002226,Nyanza Petroleum Co,AGO,28238,155.80,4399432.57,2026-07-07 14:38,KES
INV002201,DS002227,Kilele Fuels,PMS,31756,165.09,5242547.45,2026-07-06 23:55,KES
INV002202,DS002228,Pioneer Fuels Kenya,AGO,28900,155.16,4484076.54,07/07/2026 15:29,KES
INV002203,DS002229,Mara Fuels,PMS,24112,163.39,"3,939,613.50",2026-07-07 23:11,KES
INV002204,DS002230,Uhuru Energy Partners,PMS,30611,165.24,5058221.51,09/07/2026 06:29,KES
INV002205,DS002231,Rift Valley Fuels Ltd,IK,23106,142.14,3284200.03,2026-07-08 13:37,KES
INV002206,DS002232,Baraka Downstream,AGO,29510,156.00,4603688.97,2026-07-09 11:56,KES
INV002207,DS002233,Delta Oil Marketers,AGO,33356,152.36,5082177.49,2026-07-09 21:07,KES
INV002208,DS002234,Zenith Petroleum,IK,35116,139.92,"4,913,519.29",2026-07-09 20:06,KES
INV002209,DS002235,Horizon Oil Marketers,PMS,27103,163.12,4420914.61,2026-07-07 15:12,KES
INV002210,DS002236,Summit Downstream Ltd,AGO,28152,152.37,4289651.16,2026-07-07 14:29,KES
INV002211,DS002237,Tsavo Energy Group,AGO,30677,,"4,671,589.66",07/07/2026 23:50,KES
INV002212,DS002238,Mara Fuels,PMS,31625,163.84,"5,181,307.98",10/07/2026 03:47,KES
INV002213,DS002239,Amani Petroleum,IK,28817,141.81,4086458.39,08/07/2026 00:48,KES
INV002214,DS002240,Delta Oil Marketers,AGO,31946,157.28,5024574.47,2026-07-07 21:12,KES
INV002215,DS002241,Baraka Downstream,AGO,31292,154.22,4825830.94,08/07/2026 13:02,KES
INV002216,DS002242,Equator Fuels,IK,31156,137.71,4290566.26,07/07/2026 11:48,KES
INV002217,DS002243,Mara Fuels,PMS,30779,163.12,5020641.67,2026-07-08 02:06,KES
INV002218,DS002244,Mara Fuels,AGO,31787,152.42,4845125.52,2026-07-07 19:02,KES
INV002219,DS002245,Delta Oil Marketers,PMS,36092,163.15,5888472.16,08/07/2026 11:09,KES
INV002220,DS002246,Aberdare Oil Traders,AGO,33027,153.45,5068007.36,10/07/2026 02:33,KES
INV002221,DS002247,Amani Petroleum,PMS,24897,163.45,4069340.43,10/07/2026 07:57,KES
INV002222,DS002248,Highland Energy Co,PMS,32786,164.39,5389852.97,10/07/2026 07:27,KES
INV002223,DS002249,Zenith Petroleum,PMS,34159,162.45,5548990.91,2026-07-08 15:38,KES
INV002224,DS002249,Zenith Petroleum,PMS,34159,162.45,5548990.91,08/07/2026 16:38,KES
INV002225,DS002250,Rift Valley Fuels Ltd,AGO,29592,153.02,4528139.86,2026-07-09 04:07,KES
INV002226,DS002251,Coastline Energy Ltd,IK,30142,137.99,4159343.14,08/07/2026 09:14,KES
INV002227,DS002252,Crescent Oil Ltd,IK,35393,137.82,4877844.74,07/07/2026 18:01,KES
INV002228,DS002253,Coastline Energy Ltd,AGO,22425,155.79,3493596.36,07/07/2026 19:05,KES
INV002229,DS002254,Baraka Downstream,PMS,28115,165.16,4643574.70,15/07/2026 03:44,KES
INV002230,DS002255,Mara Fuels,AGO,34429,155.44,5351807.24,08/07/2026 20:32,KES
INV002231,DS002256,Equator Fuels,AGO,25731,152.50,3923917.90,2026-07-08 18:54,KES
INV002232,DS002257,Pioneer Fuels Kenya,AGO,25199,157.58,3970808.59,08/07/2026 02:48,KES
INV002233,DS002258,Summit Downstream Ltd,IK,20849,140.64,2932208.82,07/07/2026 22:41,KES
INV002234,DS002259,Equator Fuels,AGO,26854,154.45,"4,147,549.33",08/07/2026 21:34,KES
INV002235,DS002260,Nyanza Petroleum Co,PMS,22608,165.87,3749925.17,2026-07-07 20:32,KES
INV002236,DS002261,Rift Valley Fuels Ltd,AGO,25108,154.50,3879188.61,07/07/2026 20:18,KES
INV002237,DS002262,Rift Valley Fuels Ltd,IK,20279,142.72,2894152.10,2026-07-08 02:20,KES
INV002238,DS002263,Baraka Downstream,AGO,31506,152.95,"4,818,813.57",07/07/2026 20:42,KES
INV002239,DS002264,Lakeview Energy,AGO,21781,157.51,3430649.79,08/07/2026 00:32,KES
INV002240,DS002265,Baraka Downstream,AGO,31598,154.07,"4,868,210.19",09/07/2026 15:53,KES
INV002241,DS002266,Equator Fuels,AGO,24733,152.94,3782632.86,2026-07-08 15:41,KES
INV002242,DS002267,Amani Petroleum,PMS,31382,162.66,5104457.68,10/07/2026 00:56,KES
INV002243,DS002268,Rift Valley Fuels Ltd,AGO,26588,155.49,4134188.35,2026-07-09 15:52,KES
INV002244,DS002269,Savannah Petroleum,IK,35571,142.03,5052163.94,08/07/2026 00:30,KES
INV002245,DS002270,Crescent Oil Ltd,PMS,28345,163.87,4645002.61,2026-07-17 14:42,KES
INV002246,DS002271,Savannah Petroleum,IK,24349,141.40,3442971.28,2026-07-10 02:13,KES
INV002247,DS002272,Mara Fuels,AGO,22772,158.04,3598853.15,09/07/2026 11:56,KES
INV002248,DS002273,Uhuru Energy Partners,AGO,28012,156.28,4377749.96,08/07/2026 20:13,KES
INV002249,DS002274,Rift Valley Fuels Ltd,PMS,22762,165.36,3764027.46,2026-07-09 21:56,KES
INV002250,DS002275,Kilele Fuels,PMS,22335,164.30,3669629.21,08/07/2026 13:15,KES
INV002251,DS002276,Rift Valley Fuels Ltd,AGO,29447,156.36,4604212.29,09/07/2026 16:15,KES
INV002252,DS002277,Summit Downstream Ltd,AGO,34319,154.70,5309123.29,08/07/2026 22:29,KES
INV002253,DS002278,Summit Downstream Ltd,AGO,31492,152.14,4791078.22,07/07/2026 18:31,KES
INV002254,DS002279,Equator Fuels,PMS,31061,164.95,5123630.07,2026-07-08 19:24,KES
INV002255,DS002280,Zenith Petroleum,PMS,25415,165.78,4213358.93,2026-07-09 12:28,KES
INV002256,DS002281,Rift Valley Fuels Ltd,AGO,18999,158.24,3006455.97,14/07/2026 14:12,KES
INV002257,DS002282,Summit Downstream Ltd,PMS,26955,166.44,4486466.93,2026-07-07 19:43,KES
INV002258,DS002283,Kilele Fuels,AGO,22317,154.33,3444143.56,08/07/2026 21:38,KES
INV002259,DS002284,Lakeview Energy,PMS,22199,163.08,3620270.68,07/07/2026 12:21,KES
INV002260,DS002285,Tsavo Energy Group,PMS,22800,164.69,3754931.68,2026-07-09 11:53,KES
INV002261,DS002285,Tsavo Energy Group,PMS,22800,164.69,"3,754,931.68",2026-07-09 12:53,KES
INV002262,DS002287,Kilele Fuels,PMS,31264,164.35,5138106.87,2026-07-14 08:37,KES
INV002263,DS002288,Baraka Downstream,AGO,32658,153.37,5008798.86,2026-07-17 11:45,KES
INV002264,DS002289,Tsavo Energy Group,IK,21393,138.95,"2,972,565.70",08/07/2026 15:38,KES
INV002265,DS002289,Tsavo Energy Group,IK,21393,138.95,2972565.70,2026-07-08 16:38,KES
INV002266,DS002290,Amani Petroleum,PMS,34752,165.64,"5,756,483.22",2026-07-11 16:51,KES
INV002267,DS002291,Crescent Oil Ltd,AGO,29669,153.35,"4,549,833.54",09/07/2026 05:37,KES
INV002268,DS002292,Horizon Oil Marketers,AGO,31936,155.76,4974343.54,2026-07-09 01:56,KES
INV002269,DS002293,Kilele Fuels,PMS,22645,167.14,3784783.35,08/07/2026 20:56,KES
INV002270,DS002294,Delta Oil Marketers,PMS,24714,167.97,4151327.06,09/07/2026 14:05,KES
INV002271,DS002295,Baraka Downstream,IK,22100,139.05,3073106.39,10/07/2026 05:42,KES
INV002272,DS002296,Tsavo Energy Group,PMS,28928,164.54,4759937.30,18/07/2026 15:44,KES
INV002273,DS002297,Zenith Petroleum,AGO,29029,157.12,4561009.25,08/07/2026 12:01,KES
INV002274,DS002298,Baraka Downstream,AGO,21276,154.50,3287042.65,08/07/2026 21:26,KES
INV002275,DS002299,Pioneer Fuels Kenya,IK,32744,137.98,4518020.82,2026-07-08 14:16,KES
INV002276,DS002300,Highland Energy Co,PMS,30360,162.25,4926006.64,09/07/2026 04:10,KES
INV002277,DS002301,Nyanza Petroleum Co,AGO,24807,157.12,3897658.20,08/07/2026 17:01,KES
INV002278,DS002302,Baraka Downstream,AGO,20436,156.04,3188783.30,09/07/2026 20:21,KES
INV002279,DS002303,Kilele Fuels,AGO,28381,157.19,4461075.31,09/07/2026 18:35,KES
INV002280,DS002304,Zenith Petroleum,AGO,20591,157.37,3240430.18,2026-07-12 03:57,KES
INV002281,DS002305,Highland Energy Co,PMS,34775,163.40,5682219.72,2026-07-10 22:24,KES
INV002282,DS002306,Summit Downstream Ltd,IK,29265,140.46,4110565.23,2026-07-10 03:02,KES
INV002283,DS002307,Summit Downstream Ltd,AGO,30225,155.08,4687319.77,2026-07-10 03:27,KES
INV002284,DS002308,Baraka Downstream,AGO,19384,152.73,2960522.77,2026-07-08 18:39,KES
INV002285,DS002309,Highland Energy Co,IK,24348,140.73,3426470.76,2026-07-11 08:39,KES
INV002286,DS002310,Crescent Oil Ltd,AGO,35909,153.83,5523877.76,2026-07-09 01:09,KES
INV002287,DS002311,Aberdare Oil Traders,PMS,28106,164.88,4634227.16,2026-07-09 16:30,KES
INV002288,DS002312,Tsavo Energy Group,AGO,29839,152.47,"4,549,627.38",08/07/2026 21:33,KES
INV002289,DS002313,Crescent Oil Ltd,PMS,27559,164.79,4541557.29,2026-07-08 19:22,KES
INV002290,DS002314,Summit Downstream Ltd,AGO,30446,152.39,4639792.04,2026-07-09 19:49,KES
INV002291,DS002315,Lakeview Energy,PMS,30134,166.79,"5,026,091.33",2026-07-08 17:57,KES
INV002292,DS002316,Mara Fuels,AGO,29013,153.28,4447022.41,11/07/2026 03:37,KES
INV002293,DS002317,Nyanza Petroleum Co,IK,32567,142.55,4642435.80,10/07/2026 19:07,KES
INV002294,DS002318,Highland Energy Co,PMS,26357,167.42,4412574.80,12/07/2026 01:36,KES
INV002295,DS002319,Aberdare Oil Traders,IK,33196,138.52,"4,598,202.85",2026-07-11 06:06,KES
INV002296,DS002320,Delta Oil Marketers,PMS,23461,166.45,3905047.64,09/07/2026 20:25,KES
INV002297,DS002321,Crescent Oil Ltd,PMS,33259,165.45,5502826.68,08/07/2026 17:34,KES
INV002298,DS002322,Delta Oil Marketers,IK,22165,142.53,3159216.65,09/07/2026 14:06,KES
INV002299,DS002323,Nyanza Petroleum Co,AGO,33364,153.63,5125558.59,09/07/2026 02:32,KES
INV002300,DS002324,Mara Fuels,PMS,33418,163.06,5449001.74,2026-07-09 18:10,KES
INV002301,DS002325,Tsavo Energy Group,PMS,22221,162.78,3617094.31,2026-07-09 15:12,KES
INV002302,DS002326,Nyanza Petroleum Co,AGO,33968,155.95,5297225.78,10/07/2026 04:26,KES
INV002303,DS002327,Zenith Petroleum,IK,25942,138.36,3589307.56,08/07/2026 13:51,KES
INV002304,DS002328,Highland Energy Co,AGO,26929,154.38,4157413.76,2026-07-09 00:22,KES
INV002305,DS002329,Nyanza Petroleum Co,PMS,35019,165.69,5802372.39,09/07/2026 17:03,KES
INV002306,DS002330,Mara Fuels,PMS,28513,165.17,4709591.34,08/07/2026 13:04,KES
INV002307,DS002331,Pioneer Fuels Kenya,PMS,30336,167.29,5074936.06,2026-07-08 19:59,KES
INV002308,DS002332,Delta Oil Marketers,PMS,20806,167.68,3488751.78,2026-07-08 11:51,KES
INV002309,DS002333,Pioneer Fuels Kenya,AGO,21622,155.37,3359468.55,2026-07-09 21:34,KES
INV002310,DS002334,Crescent Oil Ltd,PMS,23374,167.88,"3,924,033.76",2026-07-10 11:18,KES
INV002311,DS002335,Rift Valley Fuels Ltd,IK,22466,140.24,3150696.35,2026-07-15 14:17,KES
INV002312,DS002336,Nyanza Petroleum Co,PMS,32910,168.01,5529095.12,08/07/2026 16:40,KES
INV002313,DS002337,,AGO,31472,157.11,4944501.38,09/07/2026 00:08,KES
INV002314,DS002338,Tsavo Energy Group,AGO,24131,157.71,3805761.52,10/07/2026 02:48,KES
INV002315,DS002339,Summit Downstream Ltd,AGO,24314,152.43,3706085.29,12/07/2026 00:25,KES
INV002316,DS002340,Kilele Fuels,PMS,20731,163.02,"3,379,470.70",09/07/2026 15:55,KES
INV002317,DS002341,Rift Valley Fuels Ltd,AGO,21431,154.88,"3,319,209.80",2026-07-09 18:03,KES
INV002318,DS002342,Equator Fuels,PMS,30551,167.01,5102283.21,09/07/2026 12:37,KES
INV002319,DS002343,Equator Fuels,PMS,29868,165.96,4956912.37,2026-07-16 13:50,KES
INV002320,DS002344,Rift Valley Fuels Ltd,AGO,26943,157.33,4238959.04,09/07/2026 15:03,KES
INV002321,DS002345,Highland Energy Co,PMS,27093,167.04,4525642.98,12/07/2026 16:12,KES
INV002322,DS002346,Kilele Fuels,PMS,20603,167.93,3459960.40,2026-07-10 15:24,KES
INV002323,DS002347,Zenith Petroleum,AGO,21629,157.88,3414772.97,09/07/2026 15:33,KES
INV002324,DS002349,Horizon Oil Marketers,AGO,35587,157.51,5605284.48,17/07/2026 08:07,KES
INV002325,DS002350,Lakeview Energy,IK,27045,142.01,3840546.83,2026-07-10 06:59,KES
INV002326,DS002351,Pioneer Fuels Kenya,AGO,23303,155.79,3630358.69,10/07/2026 21:34,KES
INV002327,DS002352,Pioneer Fuels Kenya,PMS,34348,162.39,5577628.78,11/07/2026 16:30,KES
INV002328,DS002353,Mara Fuels,IK,19342,141.77,2742074.39,2026-07-10 01:04,KES
INV002329,DS002355,Mara Fuels,AGO,33210,157.36,5226080.18,12/07/2026 02:24,KES
INV002330,DS002356,Delta Oil Marketers,PMS,20602,166.86,3437710.90,10/07/2026 03:27,KES
INV002331,DS002357,Mara Fuels,PMS,27410,167.39,4588087.23,09/07/2026 10:42,KES
INV002332,DS002358,Pioneer Fuels Kenya,PMS,20522,167.07,3428699.88,2026-07-10 02:04,KES
INV002333,DS002359,Nyanza Petroleum Co,PMS,34191,168.72,5768673.52,2026-07-10 12:36,KES
INV002334,DS002360,Mara Fuels,AGO,30223,156.02,4715484.72,10/07/2026 16:40,KES
INV002335,DS002361,Zenith Petroleum,PMS,34580,167.05,5776676.26,09/07/2026 16:02,KES
INV002336,DS002362,Savannah Petroleum,AGO,31591,152.21,4808407.91,2026-07-10 16:46,KES
INV002337,DS002363,Pioneer Fuels Kenya,AGO,30780,157.25,"4,840,200.96",11/07/2026 00:01,KES
INV002338,DS002364,Nyanza Petroleum Co,AGO,26987,153.47,"4,141,650.73",10/07/2026 02:20,KES
INV002339,DS002365,Nyanza Petroleum Co,PMS,32843,167.61,5504651.76,2026-07-10 21:28,KES
INV002340,DS002366,Tsavo Energy Group,PMS,30628,168.36,5156578.43,09/07/2026 11:40,KES
INV002341,DS002367,Pioneer Fuels Kenya,PMS,35434,163.52,5794080.96,2026-07-12 14:53,KES
INV002342,DS002368,Equator Fuels,AGO,24055,156.45,3763292.11,2026-07-09 15:00,KES
INV002343,DS002369,Rift Valley Fuels Ltd,PMS,24963,166.89,"4,166,060.68",2026-07-16 16:33,KES
INV002344,DS002370,Crescent Oil Ltd,AGO,35924,153.15,"5,501,586.74",2026-07-10 01:08,KES
INV002345,DS002371,Equator Fuels,AGO,33060,155.86,5152824.65,10/07/2026 16:14,KES
INV002346,DS002372,Horizon Oil Marketers,PMS,30912,165.57,5118035.13,2026-07-09 16:00,KES
INV002347,DS002373,Baraka Downstream,AGO,26449,154.90,4097034.31,09/07/2026 11:11,KES
INV002348,DS002374,Crescent Oil Ltd,IK,31786,137.47,4369777.08,2026-07-09 22:24,KES
INV002349,DS002375,Mara Fuels,AGO,22862,153.37,"3,506,325.43",13/07/2026 03:32,KES
INV002350,DS002376,Amani Petroleum,AGO,31765,153.02,4860708.41,10/07/2026 18:41,KES
INV002351,DS002377,Highland Energy Co,PMS,20270,164.58,3336078.50,2026-07-09 20:16,KES
INV002352,DS002378,Mara Fuels,IK,32624,137.46,"4,484,409.85",09/07/2026 13:44,KES
INV002353,DS002379,Rift Valley Fuels Ltd,AGO,35545,152.17,"5,408,863.39",2026-07-12 16:58,KES
INV002354,DS002380,Rift Valley Fuels Ltd,PMS,20686,167.52,3465309.98,10/07/2026 01:19,KES
INV002355,DS002381,Zenith Petroleum,PMS,31338,166.98,5232664.76,09/07/2026 20:16,KES
INV002356,DS002382,Rift Valley Fuels Ltd,PMS,33866,163.76,5545923.43,09/07/2026 18:50,KES
INV002357,DS002383,Savannah Petroleum,PMS,35453,168.73,5982153.77,10/07/2026 23:28,KES
INV002358,DS002384,Aberdare Oil Traders,AGO,32991,154.58,5099835.97,10/07/2026 02:18,KES
INV002359,DS002385,Uhuru Energy Partners,PMS,27587,163.51,4510719.45,09/07/2026 11:12,KES
INV002360,DS002386,Horizon Oil Marketers,PMS,29924,162.83,4872482.01,13/07/2026 00:27,KES
INV002361,DS002387,Nyanza Petroleum Co,PMS,27194,163.37,4442603.76,12/07/2026 18:35,KES
INV002362,DS002388,Pioneer Fuels Kenya,IK,26945,140.21,"3,778,037.21",13/07/2026 02:20,KES
INV002363,DS002389,Lakeview Energy,PMS,33252,163.19,5426536.14,2026-07-12 18:00,KES
INV002364,DS002390,Tsavo Energy Group,PMS,29913,166.70,"4,986,384.17",11/07/2026 23:18,KES
INV002365,DS002391,,PMS,25791,167.56,4321439.07,2026-07-10 22:45,KES
INV002366,DS002392,Savannah Petroleum,AGO,31797,157.54,5009321.87,11/07/2026 04:43,KES
INV002367,DS002393,Summit Downstream Ltd,AGO,26665,155.76,4153293.55,2026-07-09 10:45,KES
INV002368,DS002394,Rift Valley Fuels Ltd,PMS,23697,,"3,877,115.20",2026-07-12 16:03,KES
INV002369,DS002395,Rift Valley Fuels Ltd,PMS,29023,168.55,4891829.87,2026-07-10 16:31,KES
INV002370,DS002396,Savannah Petroleum,AGO,25310,153.67,3889275.46,2026-07-10 18:23,KES
INV002371,DS002397,Lakeview Energy,AGO,21818,157.59,3438311.76,2026-07-09 21:58,KES
INV002372,DS002398,Coastline Energy Ltd,IK,33015,142.52,4705317.70,2026-07-16 19:12,KES
INV002373,DS002399,Pioneer Fuels Kenya,AGO,34619,155.26,5374932.39,2026-07-10 15:39,KES
INV002374,DS002400,Aberdare Oil Traders,PMS,26637,163.01,"4,341,983.45",10/07/2026 03:08,KES
INV002375,DS002401,Summit Downstream Ltd,PMS,21963,162.31,"3,564,754.63",09/07/2026 14:47,KES
INV002376,DS002402,Baraka Downstream,AGO,20317,157.12,3192182.82,2026-07-13 02:31,KES
INV002377,DS002403,Savannah Petroleum,AGO,23952,158.30,3791507.56,2026-07-12 00:46,KES
INV002378,DS002404,Pioneer Fuels Kenya,PMS,28518,166.53,4749011.89,17/07/2026 23:58,KES
INV002379,DS002405,Kilele Fuels,PMS,27921,165.60,4623807.81,2026-07-12 01:51,KES
INV002380,DS002406,Nyanza Petroleum Co,AGO,19912,154.57,"3,077,789.59",2026-07-10 20:44,KES
INV002381,DS002407,Lakeview Energy,AGO,29704,154.22,4580921.34,17/07/2026 18:37,KES
INV002382,DS002408,Pioneer Fuels Kenya,AGO,26104,155.71,4064693.47,11/07/2026 04:03,KES
INV002383,DS002409,Nyanza Petroleum Co,AGO,35297,153.30,5410999.63,12/07/2026 02:11,KES
INV002384,DS002410,Crescent Oil Ltd,AGO,24683,158.24,3905816.32,10/07/2026 22:53,KES
INV002385,DS002411,Equator Fuels,IK,26083,141.89,3701017.95,2026-07-10 17:56,KES
INV002386,DS002412,Tsavo Energy Group,AGO,20324,154.80,"3,146,082.30",11/07/2026 15:02,KES
INV002387,DS002413,Pioneer Fuels Kenya,AGO,24024,156.90,"3,769,363.45",2026-07-11 01:27,KES
INV002388,DS002414,Aberdare Oil Traders,AGO,33216,153.72,5105866.51,2026-07-13 14:28,KES
INV002389,DS002415,Kilele Fuels,PMS,26186,163.10,4270842.53,10/07/2026 09:28,KES
INV002390,DS002416,Tsavo Energy Group,PMS,32351,165.08,5340346.96,12/07/2026 15:14,KES
INV002391,DS002417,Lakeview Energy,PMS,34972,164.44,5750890.38,11/07/2026 01:34,KES
INV002392,DS002418,Rift Valley Fuels Ltd,AGO,20290,157.39,3193352.54,11/07/2026 08:39,KES
INV002393,DS002419,Summit Downstream Ltd,AGO,23082,153.19,3535904.15,11/07/2026 09:14,KES
INV002394,DS002420,Zenith Petroleum,AGO,30381,154.66,4698596.97,2026-07-11 00:56,KES
INV002395,DS002421,Rift Valley Fuels Ltd,IK,19944,141.43,2820704.50,2026-07-10 19:20,KES
INV002396,DS002422,Mara Fuels,AGO,25320,154.23,3904989.45,2026-07-11 04:57,KES
INV002397,DS002422,Mara Fuels,AGO,25320,154.23,3904989.45,2026-07-11 05:57,KES
INV002398,DS002424,Pioneer Fuels Kenya,AGO,20356,156.50,3185657.08,2026-07-12 01:48,KES
INV002399,DS002425,Delta Oil Marketers,AGO,23678,157.08,3719276.70,2026-07-11 21:53,KES
INV002400,DS002426,Horizon Oil Marketers,AGO,32174,156.99,5050922.88,2026-07-11 20:09,KES
INV002401,DS002427,Delta Oil Marketers,PMS,30988,163.47,5065561.05,12/07/2026 03:38,KES
INV002402,DS002428,Nyanza Petroleum Co,AGO,34891,157.70,5502460.29,2026-07-11 03:00,KES
INV002403,DS002429,Summit Downstream Ltd,AGO,27033,156.61,4233605.57,18/07/2026 01:39,KES
INV002404,DS002430,Crescent Oil Ltd,AGO,27482,153.77,4225991.59,12/07/2026 15:32,KES
INV002405,DS002431,Aberdare Oil Traders,IK,28902,142.76,4125949.58,2026-07-11 20:40,KES
INV002406,DS002432,Mara Fuels,PMS,24645,164.21,4046834.46,13/07/2026 12:09,KES
INV002407,DS002433,Uhuru Energy Partners,AGO,20348,154.61,3145958.47,10/07/2026 14:32,KES
INV002408,DS002434,Highland Energy Co,AGO,25591,155.99,3991895.09,10/07/2026 21:00,KES
INV002409,DS002435,Aberdare Oil Traders,AGO,29465,156.83,4621137.75,11/07/2026 01:17,KES
INV002410,DS002436,Rift Valley Fuels Ltd,AGO,23069,157.25,3627615.52,12/07/2026 13:57,KES
INV002411,DS002437,Nyanza Petroleum Co,PMS,21493,165.94,"3,566,539.09",12/07/2026 11:11,KES
INV002412,DS002438,Uhuru Energy Partners,IK,31057,139.96,4346657.37,12/07/2026 17:19,KES
INV002413,DS002439,Nyanza Petroleum Co,AGO,31416,153.28,4815439.97,17/07/2026 19:07,KES
INV002414,DS002440,Tsavo Energy Group,PMS,20316,163.90,3329822.28,2026-07-13 12:34,KES
INV002415,DS002441,Horizon Oil Marketers,PMS,23523,165.10,"3,883,573.71",10/07/2026 12:59,KES
INV002416,DS002442,Pioneer Fuels Kenya,AGO,34678,153.53,5324112.82,2026-07-11 23:11,KES
INV002417,DS002443,Lakeview Energy,AGO,24109,157.11,3787798.79,12/07/2026 02:16,KES
INV002418,DS002444,Savannah Petroleum,AGO,29926,155.70,4659437.52,11/07/2026 06:42,KES
INV002419,DS002445,Horizon Oil Marketers,AGO,29738,155.38,4620833.26,11/07/2026 03:58,KES
INV002420,DS002446,Nyanza Petroleum Co,AGO,30530,158.27,4831975.46,2026-07-11 14:16,KES
INV002421,DS002447,Uhuru Energy Partners,AGO,20461,157.21,"3,216,760.92",11/07/2026 23:23,KES
INV002422,DS002448,Crescent Oil Ltd,AGO,29787,157.39,"4,688,182.35",2026-07-13 02:03,KES
INV002423,DS002449,Mara Fuels,AGO,32662,153.48,"5,012,885.81",2026-07-10 12:19,KES
INV002424,DS002450,Crescent Oil Ltd,PMS,34497,167.83,5789714.85,11/07/2026 16:13,KES
INV002425,DS002451,Summit Downstream Ltd,IK,26955,142.64,3844806.45,2026-07-10 22:00,KES
INV002426,DS002452,Savannah Petroleum,PMS,21602,163.35,3528665.44,10/07/2026 09:37,KES
INV002427,DS002453,Uhuru Energy Partners,PMS,35193,166.07,5844478.97,10/07/2026 21:59,KES
INV002428,DS002454,Zenith Petroleum,AGO,23305,153.68,3581506.14,2026-07-13 19:54,KES
INV002429,DS002455,Baraka Downstream,PMS,23879,163.35,3900720.95,11/07/2026 18:47,KES
INV002430,DS002456,Aberdare Oil Traders,PMS,29562,163.01,4818780.14,11/07/2026 18:00,KES
INV002431,DS002457,Mara Fuels,PMS,30137,166.53,5018633.35,2026-07-11 19:32,KES
INV002432,DS002458,Uhuru Energy Partners,AGO,35201,152.97,"5,384,525.29",11/07/2026 21:30,KES
INV002433,DS002459,Kilele Fuels,AGO,22657,156.26,3540473.34,10/07/2026 15:56,KES
INV002434,DS002460,Crescent Oil Ltd,PMS,21790,168.20,3665109.65,2026-07-13 01:00,KES
INV002435,DS002461,Summit Downstream Ltd,PMS,31563,168.64,5322701.50,12/07/2026 20:58,KES
INV002436,DS002462,Coastline Energy Ltd,AGO,30718,154.15,4735237.36,2026-07-10 18:07,KES
INV002437,DS002463,,AGO,21843,154.89,3383239.41,2026-07-10 23:14,KES
INV002438,DS002465,Delta Oil Marketers,IK,32468,141.77,4602867.85,11/07/2026 23:59,KES
INV002439,DS002466,Tsavo Energy Group,PMS,27445,165.59,4544616.84,2026-07-10 12:19,KES
INV002440,DS002467,Aberdare Oil Traders,IK,22880,140.29,3209811.77,12/07/2026 00:30,KES
INV002441,DS002468,Highland Energy Co,IK,35539,141.66,"5,034,425.66",2026-07-10 09:46,KES
INV002442,DS002469,Baraka Downstream,AGO,33214,157.71,5238316.61,11/07/2026 01:20,KES
INV002443,DS002470,Aberdare Oil Traders,PMS,33565,164.61,5525137.84,2026-07-17 13:14,KES
INV002444,DS002471,Baraka Downstream,AGO,24724,156.71,3874504.75,10/07/2026 20:25,KES
INV002445,DS002472,Delta Oil Marketers,AGO,20802,152.27,3167595.67,11/07/2026 20:46,KES
INV002446,DS002473,Kilele Fuels,AGO,23560,154.77,3646383.51,2026-07-14 00:45,KES
INV002447,DS002474,Tsavo Energy Group,PMS,31262,165.87,5185380.93,2026-07-11 20:31,KES
INV002448,DS002475,Aberdare Oil Traders,AGO,27512,153.37,4219652.58,2026-07-12 00:22,KES
INV002449,DS002476,Kilele Fuels,PMS,29714,164.78,"4,896,234.29",2026-07-12 18:57,KES
INV002450,DS002477,Kilele Fuels,PMS,24335,168.79,4107479.94,2026-07-12 15:40,KES
INV002451,DS002478,Equator Fuels,AGO,22586,152.14,3436315.81,2026-07-14 23:27,KES
INV002452,DS002479,Highland Energy Co,PMS,21053,166.23,3499613.37,11/07/2026 17:23,KES
INV002453,DS002480,Rift Valley Fuels Ltd,AGO,29017,157.55,4571564.77,12/07/2026 23:44,KES
INV002454,DS002481,Mara Fuels,IK,27448,138.48,3800867.33,12/07/2026 11:49,KES
INV002455,DS002482,Highland Energy Co,AGO,32335,157.12,"5,080,416.39",2026-07-12 15:06,KES
INV002456,DS002483,Coastline Energy Ltd,PMS,21123,163.76,3459068.22,14/07/2026 21:56,KES
INV002457,DS002484,Delta Oil Marketers,AGO,27106,153.08,4149457.56,13/07/2026 04:12,KES
INV002458,DS002485,Aberdare Oil Traders,PMS,34976,162.79,5693622.56,2026-07-12 20:44,KES
INV002459,DS002486,Highland Energy Co,PMS,28390,166.41,"4,724,491.58",2026-07-18 09:22,KES
INV002460,DS002487,Highland Energy Co,AGO,26082,158.29,"4,128,608.89",2026-07-14 18:03,KES
INV002461,DS002488,Highland Energy Co,AGO,35725,156.41,5587577.28,11/07/2026 15:15,KES
INV002462,DS002489,Amani Petroleum,AGO,20753,155.67,"3,230,649.07",14/07/2026 22:57,KES
INV002463,DS002490,Pioneer Fuels Kenya,IK,27053,140.98,3813895.71,2026-07-12 18:49,KES
INV002464,DS002491,Baraka Downstream,PMS,24097,165.35,"3,984,323.81",11/07/2026 22:22,KES
INV002465,DS002492,Summit Downstream Ltd,AGO,20293,152.14,3087467.82,2026-07-12 01:07,KES
INV002466,DS002493,Nyanza Petroleum Co,IK,35784,138.28,4948144.29,12/07/2026 04:36,KES
INV002467,DS002494,Horizon Oil Marketers,AGO,22137,152.23,"3,369,834.29",12/07/2026 14:56,KES
INV002468,DS002495,Pioneer Fuels Kenya,PMS,33914,167.36,5675954.32,11/07/2026 14:17,KES
INV002469,DS002496,Horizon Oil Marketers,PMS,24077,167.42,4030923.54,2026-07-13 16:55,KES
INV002470,DS002497,Kilele Fuels,PMS,20734,162.98,3379191.04,2026-07-15 00:52,KES
INV002471,DS002498,Delta Oil Marketers,AGO,24131,154.17,3720196.66,2026-07-12 06:28,KES
INV002472,DS002499,Summit Downstream Ltd,AGO,24479,156.91,3841003.95,14/07/2026 15:48,KES
INV002473,DS002500,Mara Fuels,AGO,30256,152.64,4618277.15,11/07/2026 19:30,KES
INV002474,DS002501,Highland Energy Co,AGO,33267,153.69,5112816.32,12/07/2026 23:24,KES
INV002475,DS002501,Highland Energy Co,AGO,33267,153.69,5112816.32,2026-07-13 00:24,KES
INV002476,DS002502,Horizon Oil Marketers,PMS,31963,168.42,5383359.91,12/07/2026 21:10,KES
INV002477,DS002503,,AGO,29564,154.54,4568701.85,13/07/2026 01:28,KES
INV002478,DS002504,Lakeview Energy,IK,21565,142.21,3066667.73,2026-07-12 23:16,KES
INV002479,DS002505,Aberdare Oil Traders,PMS,21527,166.26,3579092.57,12/07/2026 22:58,KES
INV002480,DS002506,Lakeview Energy,IK,20956,142.14,"2,978,681.72",13/07/2026 18:50,KES
INV002481,DS002507,Mara Fuels,PMS,28488,164.42,4683997.22,2026-07-12 05:34,KES
INV002482,DS002508,Amani Petroleum,AGO,22501,157.74,3549385.99,2026-07-12 00:25,KES
INV002483,DS002509,Coastline Energy Ltd,PMS,24796,162.99,4041423.64,19/07/2026 06:36,KES
INV002484,DS002510,Rift Valley Fuels Ltd,PMS,20620,168.38,3471970.55,2026-07-12 00:36,KES
INV002485,DS002511,Crescent Oil Ltd,AGO,35207,153.60,"5,407,696.05",12/07/2026 04:53,KES
INV002486,DS002512,Lakeview Energy,PMS,24615,164.01,4037215.57,2026-07-12 04:30,KES
INV002487,DS002513,Uhuru Energy Partners,PMS,20453,165.01,3374956.88,2026-07-12 15:55,KES
INV002488,DS002514,Highland Energy Co,AGO,29017,157.79,4578609.00,13/07/2026 06:04,KES
INV002489,DS002515,Rift Valley Fuels Ltd,PMS,31257,162.66,5084314.05,11/07/2026 12:55,KES
INV002490,DS002516,Mara Fuels,IK,21932,141.54,3104237.57,2026-07-14 23:54,KES
INV002491,DS002518,Highland Energy Co,AGO,22388,154.11,3450188.83,2026-07-11 19:25,KES
INV002492,DS002519,Tsavo Energy Group,IK,25698,140.83,"3,618,990.99",2026-07-11 20:52,KES
INV002493,DS002520,Savannah Petroleum,AGO,27752,155.13,4305284.46,2026-07-11 14:10,KES
INV002494,DS002522,Uhuru Energy Partners,AGO,26314,157.18,4136164.43,2026-07-11 12:20,KES
INV002495,DS002523,Rift Valley Fuels Ltd,PMS,29114,165.68,4823681.12,2026-07-11 20:09,KES
INV002496,DS002524,Delta Oil Marketers,PMS,21922,162.58,3563984.71,2026-07-11 13:14,KES
INV002497,DS002525,Savannah Petroleum,AGO,28328,156.50,4433442.50,2026-07-12 21:02,KES
INV002498,DS002526,Kilele Fuels,PMS,33548,162.88,5464384.91,13/07/2026 19:57,KES
INV002499,DS002527,,PMS,35536,163.39,5806339.65,2026-07-13 03:00,KES
INV002500,DS002528,Horizon Oil Marketers,IK,22678,141.44,3207578.60,11/07/2026 15:37,KES
INV002501,DS002529,Lakeview Energy,AGO,29086,156.55,4553277.62,14/07/2026 12:32,KES
INV002502,DS002529,Lakeview Energy,AGO,29086,156.55,"4,553,277.62",14/07/2026 13:32,KES
INV002503,DS002530,Kilele Fuels,AGO,22632,158.25,3581484.02,2026-07-13 14:15,KES
INV002504,DS002531,Uhuru Energy Partners,PMS,30535,168.58,5147569.23,2026-07-11 22:05,KES
INV002505,DS002532,Baraka Downstream,AGO,27204,157.14,4274963.76,2026-07-12 19:12,KES
INV002506,DS002533,Uhuru Energy Partners,AGO,24545,155.63,3820056.03,12/07/2026 17:03,KES
INV002507,DS002534,Lakeview Energy,IK,33750,138.99,4691028.89,13/07/2026 16:27,KES
INV002508,DS002535,Coastline Energy Ltd,IK,25456,137.85,3508998.57,14/07/2026 12:35,KES
INV002509,DS002536,Baraka Downstream,PMS,24318,162.40,3949153.10,2026-07-11 20:27,KES
INV002510,DS002537,Kilele Fuels,PMS,27449,163.63,4491605.33,11/07/2026 12:26,KES
INV002511,DS002538,Nyanza Petroleum Co,PMS,33957,165.45,5618034.35,2026-07-12 03:42,KES
INV002512,DS002539,Uhuru Energy Partners,PMS,33528,162.70,"5,455,162.34",2026-07-12 14:25,KES
INV002513,DS002540,Aberdare Oil Traders,AGO,26411,158.01,"4,173,313.67",11/07/2026 17:50,KES
INV002514,DS002541,Nyanza Petroleum Co,AGO,28359,153.99,4366989.81,11/07/2026 17:15,KES
INV002515,DS002542,Savannah Petroleum,PMS,28303,163.18,4618359.95,2026-07-11 17:03,KES
INV002516,DS002543,Zenith Petroleum,IK,33356,139.25,4644943.50,13/07/2026 11:21,KES
INV002517,DS002544,Equator Fuels,PMS,27741,163.23,4528141.15,2026-07-13 21:04,KES
INV002518,DS002545,Mara Fuels,AGO,22488,156.76,3525251.40,2026-07-13 23:53,KES
INV002519,DS002546,Nyanza Petroleum Co,AGO,25378,152.38,"3,866,980.86",12/07/2026 12:38,KES
INV002520,DS002547,Crescent Oil Ltd,AGO,26360,156.17,4116771.42,2026-07-12 23:46,KES
INV002521,DS002548,Summit Downstream Ltd,AGO,32106,155.16,4981639.14,13/07/2026 01:27,KES
INV002522,DS002550,Tsavo Energy Group,AGO,35667,153.15,5462482.34,12/07/2026 11:06,KES
INV002523,DS002551,Pioneer Fuels Kenya,PMS,25538,164.31,4196247.27,12/07/2026 18:29,KES
INV002524,DS002552,Mara Fuels,AGO,26792,154.54,4140481.54,2026-07-12 11:59,KES
INV002525,DS002553,Crescent Oil Ltd,IK,28522,139.26,3971921.78,13/07/2026 20:04,KES
INV002526,DS002554,Kilele Fuels,IK,33100,141.35,4678755.50,15/07/2026 04:06,KES
INV002527,DS002555,Zenith Petroleum,AGO,33239,157.91,5248807.64,2026-07-13 11:59,KES
INV002528,DS002556,Rift Valley Fuels Ltd,IK,24464,138.26,3382416.03,2026-07-12 10:37,KES
INV002529,DS002557,Pioneer Fuels Kenya,AGO,26940,155.79,4196955.57,13/07/2026 06:55,KES
INV002530,DS002558,Savannah Petroleum,IK,31544,137.22,4328605.78,13/07/2026 14:04,KES
INV002531,DS002559,Crescent Oil Ltd,PMS,23569,168.37,3968197.59,2026-07-13 20:43,KES
INV002532,DS002560,Nyanza Petroleum Co,IK,25875,142.62,"3,690,255.12",12/07/2026 23:57,KES
INV002533,DS002561,Savannah Petroleum,PMS,22566,163.12,3680871.97,12/07/2026 19:41,KES
INV002534,DS002562,Highland Energy Co,PMS,26888,165.46,"4,449,004.82",12/07/2026 19:33,KES
INV002535,DS002563,Nyanza Petroleum Co,AGO,28840,155.23,4476841.38,2026-07-13 10:58,KES
INV002536,DS002564,Equator Fuels,AGO,31172,,"4,745,793.86",2026-07-13 12:28,KES
INV002537,DS002565,Summit Downstream Ltd,AGO,35238,154.02,5427526.07,2026-07-12 13:21,KES
INV002538,DS002566,Zenith Petroleum,PMS,28089,164.15,4610715.49,2026-07-22 19:52,KES
INV002539,DS002567,Baraka Downstream,IK,22248,138.91,3090392.32,2026-07-15 22:16,KES
INV002540,DS002568,Pioneer Fuels Kenya,AGO,28559,153.63,4387610.81,2026-07-12 16:28,KES
INV002541,DS002569,Horizon Oil Marketers,AGO,25328,158.17,4006103.60,12/07/2026 21:54,KES
INV002542,DS002570,Savannah Petroleum,AGO,30468,157.88,4810284.05,13/07/2026 22:36,KES
INV002543,DS002571,Baraka Downstream,AGO,20402,155.69,3176345.34,14/07/2026 20:47,KES
INV002544,DS002572,Baraka Downstream,PMS,20216,,3362454.95,13/07/2026 17:06,KES
INV002545,DS002573,Pioneer Fuels Kenya,IK,25546,138.68,3542789.09,14/07/2026 02:13,KES
INV002546,DS002574,Tsavo Energy Group,AGO,32635,155.77,5083715.79,2026-07-12 15:15,KES
INV002547,DS002575,Nyanza Petroleum Co,PMS,33739,165.39,5579970.64,12/07/2026 07:41,KES
INV002548,DS002576,Zenith Petroleum,AGO,23371,155.15,"3,626,071.86",2026-07-15 12:01,KES
INV002549,DS002577,Rift Valley Fuels Ltd,AGO,33148,153.35,5083226.81,2026-07-13 23:53,KES
INV002550,DS002578,Tsavo Energy Group,PMS,33422,164.57,5500117.31,2026-07-14 18:29,KES
INV002551,DS002579,Tsavo Energy Group,PMS,35045,168.77,5914488.30,20/07/2026 04:35,KES
INV002552,DS002580,Horizon Oil Marketers,PMS,30028,162.75,4887113.57,16/07/2026 03:12,KES
INV002553,DS002581,Horizon Oil Marketers,AGO,26848,157.96,4241001.75,2026-07-12 16:45,KES
INV002554,DS002582,Highland Energy Co,AGO,32840,157.75,5180596.29,2026-07-14 21:55,KES
INV002555,DS002583,Horizon Oil Marketers,AGO,21889,155.08,"3,394,509.09",14/07/2026 03:40,KES
INV002556,DS002584,Nyanza Petroleum Co,AGO,24724,157.31,"3,889,269.13",12/07/2026 22:44,KES
INV002557,DS002585,Baraka Downstream,PMS,20508,162.58,"3,334,185.78",2026-07-15 01:03,KES
INV002558,DS002586,Coastline Energy Ltd,AGO,32148,155.56,5000800.76,2026-07-12 17:41,KES
INV002559,DS002587,Rift Valley Fuels Ltd,PMS,31839,163.10,5192984.75,2026-07-14 05:14,KES
INV002560,DS002588,Baraka Downstream,AGO,32317,153.29,4954028.96,12/07/2026 14:01,KES
INV002561,DS002589,Equator Fuels,AGO,26130,157.81,4123622.00,2026-07-12 23:14,KES
INV002562,DS002590,Crescent Oil Ltd,PMS,26858,167.07,4487156.61,14/07/2026 17:13,KES
INV002563,DS002591,Savannah Petroleum,AGO,24039,154.31,3709448.61,2026-07-14 11:20,KES
INV002564,DS002592,Kilele Fuels,PMS,29405,168.67,"4,959,655.98",14/07/2026 11:31,KES
INV002565,DS002593,Baraka Downstream,PMS,27831,164.95,"4,590,692.99",13/07/2026 19:52,KES
INV002566,DS002594,Rift Valley Fuels Ltd,PMS,28695,168.15,4825157.82,2026-07-14 22:07,KES
INV002567,DS002595,Kilele Fuels,AGO,24501,153.74,3766856.00,2026-07-12 20:47,KES
INV002568,DS002596,Lakeview Energy,AGO,25561,157.97,4037876.64,15/07/2026 23:03,KES
INV002569,DS002597,Coastline Energy Ltd,PMS,26953,164.67,4438337.77,13/07/2026 12:24,KES
INV002570,DS002598,Horizon Oil Marketers,AGO,18345,157.90,2896630.91,12/07/2026 23:54,KES
INV002571,DS002599,Aberdare Oil Traders,AGO,25527,154.70,3949085.83,2026-07-13 09:51,KES
INV002572,DS002600,Equator Fuels,PMS,28008,164.50,4607348.76,2026-07-15 14:51,KES
INV002573,DS002601,Highland Energy Co,AGO,20359,154.51,3145720.49,14/07/2026 20:26,KES
INV002574,DS002602,Nyanza Petroleum Co,AGO,27794,158.19,4396623.42,2026-07-14 09:31,KES
INV002575,DS002603,Pioneer Fuels Kenya,PMS,25242,167.78,4235217.69,2026-07-12 16:12,KES
INV002576,DS002605,Rift Valley Fuels Ltd,AGO,20602,158.20,3259310.93,2026-07-24 01:31,KES
INV002577,DS002606,Tsavo Energy Group,AGO,23208,,3599830.13,2026-07-13 17:41,KES
INV002578,DS002607,Equator Fuels,PMS,30567,164.27,5021204.54,2026-07-13 18:48,KES
INV002579,DS002608,Mara Fuels,IK,29405,138.32,4067385.00,2026-07-15 08:52,KES
INV002580,DS002609,Crescent Oil Ltd,AGO,21271,155.43,3306053.76,16/07/2026 05:03,KES
INV002581,DS002610,Lakeview Energy,AGO,21957,157.13,3450061.60,2026-07-16 19:25,KES
INV002582,DS002611,Nyanza Petroleum Co,PMS,30518,165.54,5051901.70,2026-07-14 06:21,KES
INV002583,DS002612,Zenith Petroleum,IK,24177,137.38,3321362.45,15/07/2026 19:28,KES
INV002584,DS002613,Savannah Petroleum,PMS,31772,163.10,5182031.71,2026-07-16 15:29,KES
INV002585,DS002614,Amani Petroleum,AGO,35070,157.77,5532912.49,2026-07-16 23:33,KES
INV002586,DS002615,Summit Downstream Ltd,PMS,34634,167.53,5802265.02,15/07/2026 05:23,KES
INV002587,DS002616,Pioneer Fuels Kenya,PMS,29240,167.87,"4,908,568.84",13/07/2026 20:17,KES
INV002588,DS002617,Uhuru Energy Partners,IK,20326,137.64,2797664.60,15/07/2026 19:10,KES
INV002589,DS002618,Lakeview Energy,PMS,34967,166.43,5819445.66,15/07/2026 01:21,KES
INV002590,DS002619,Rift Valley Fuels Ltd,PMS,28472,168.68,"4,802,573.23",13/07/2026 15:58,KES
INV002591,DS002620,Summit Downstream Ltd,AGO,22342,155.31,3469883.89,2026-07-13 17:02,KES
INV002592,DS002621,Horizon Oil Marketers,PMS,26786,166.23,4452751.45,14/07/2026 03:48,KES
INV002593,DS002622,Nyanza Petroleum Co,AGO,21779,155.73,"3,391,713.79",2026-07-15 20:46,KES
INV002594,DS002623,Coastline Energy Ltd,PMS,32620,167.03,5448516.47,15/07/2026 13:21,KES
INV002595,DS002624,Horizon Oil Marketers,PMS,31386,165.08,5181046.49,2026-07-13 17:28,KES
INV002596,DS002625,Pioneer Fuels Kenya,AGO,31122,152.36,4741633.95,13/07/2026 12:07,KES
INV002597,DS002626,Highland Energy Co,PMS,31413,,5290871.16,2026-07-13 08:04,KES
INV002598,DS002627,Tsavo Energy Group,IK,29788,,"4,142,828.16",2026-07-23 21:43,KES
INV002599,DS002628,Highland Energy Co,AGO,22545,157.27,3545762.45,2026-07-14 01:40,KES
INV002600,DS002629,Tsavo Energy Group,AGO,20189,155.95,"3,148,530.94",14/07/2026 20:46,KES
INV002601,DS002630,Horizon Oil Marketers,PMS,26830,166.89,"4,477,709.11",14/07/2026 21:28,KES
INV002602,DS002631,Mara Fuels,AGO,22725,152.95,3475778.72,2026-07-13 23:21,KES
INV002603,DS002632,Baraka Downstream,IK,24827,139.70,3468229.62,2026-07-14 04:08,KES
INV002604,DS002633,Rift Valley Fuels Ltd,PMS,35061,164.21,5757397.12,16/07/2026 18:34,KES
INV002605,DS002634,Baraka Downstream,IK,25335,142.39,3607345.24,13/07/2026 19:13,KES
INV002606,DS002635,Amani Petroleum,IK,34039,137.49,4680025.03,2026-07-13 21:29,KES
INV002607,DS002636,Tsavo Energy Group,IK,21767,141.13,3071869.89,2026-07-17 06:27,KES
INV002608,DS002637,Uhuru Energy Partners,PMS,20464,167.17,3420977.46,13/07/2026 15:18,KES
INV002609,DS002638,Summit Downstream Ltd,AGO,20267,152.34,3087569.95,2026-07-15 22:03,KES
INV002610,DS002639,Savannah Petroleum,AGO,21764,156.07,3396806.20,14/07/2026 16:05,KES
INV002611,DS002640,Summit Downstream Ltd,PMS,33472,168.59,5643012.40,2026-07-20 16:59,KES
INV002612,DS002641,Nyanza Petroleum Co,AGO,20188,155.76,3144437.23,2026-07-14 06:21,KES
INV002613,DS002642,Nyanza Petroleum Co,AGO,33556,152.51,5117577.31,13/07/2026 13:29,KES
INV002614,DS002644,Nyanza Petroleum Co,PMS,29827,166.76,"4,973,861.60",13/07/2026 23:32,KES
INV002615,DS002645,Zenith Petroleum,PMS,27327,165.03,4509893.10,14/07/2026 13:58,KES
INV002616,DS002646,Savannah Petroleum,IK,33959,141.65,4810251.39,2026-07-16 02:32,KES
INV002617,DS002647,Amani Petroleum,AGO,32412,152.57,4945235.50,15/07/2026 10:17,KES
INV002618,DS002648,Horizon Oil Marketers,PMS,23855,168.28,"4,014,237.56",2026-07-15 11:30,KES
INV002619,DS002649,Highland Energy Co,AGO,20207,154.59,3123791.56,14/07/2026 03:27,KES
INV002620,DS002650,Uhuru Energy Partners,IK,25416,140.56,3572364.63,2026-07-24 00:39,KES
INV002621,DS002651,Mara Fuels,AGO,29873,153.20,4576471.48,15/07/2026 06:23,KES
INV002622,DS002652,Baraka Downstream,PMS,24184,165.10,"3,992,692.94",2026-07-14 13:38,KES
INV002623,DS002653,Baraka Downstream,AGO,29118,154.98,4512666.21,13/07/2026 22:03,KES
INV002624,DS002654,Zenith Petroleum,AGO,29554,156.63,4629100.94,13/07/2026 11:59,KES
INV002625,DS002655,Summit Downstream Ltd,PMS,30830,165.30,"5,096,155.84",20/07/2026 08:23,KES
INV002626,DS002656,Horizon Oil Marketers,AGO,26239,154.77,4061049.29,14/07/2026 19:31,KES
INV002627,DS002657,Baraka Downstream,AGO,25886,158.12,4093125.57,2026-07-14 06:24,KES
INV002628,DS002658,Zenith Petroleum,PMS,25895,162.93,4219045.66,2026-07-14 06:24,KES
INV002629,DS002659,Mara Fuels,AGO,29342,156.19,4582820.53,2026-07-14 09:47,KES
INV002630,DS002660,Aberdare Oil Traders,PMS,21288,167.61,3568114.41,13/07/2026 21:18,KES
INV002631,DS002661,Pioneer Fuels Kenya,PMS,27982,163.48,4574396.76,13/07/2026 16:18,KES
INV002632,DS002662,Mara Fuels,AGO,35690,153.43,5475843.63,2026-07-13 17:04,KES
INV002633,DS002663,Baraka Downstream,PMS,27063,166.61,4509076.73,2026-07-14 12:39,KES
INV002634,DS002664,Delta Oil Marketers,AGO,25423,153.51,3902651.81,15/07/2026 17:02,KES
INV002635,DS002665,Pioneer Fuels Kenya,PMS,29200,162.32,4739737.42,2026-07-13 15:42,KES
INV002636,DS002666,Savannah Petroleum,AGO,26028,152.24,3962617.36,2026-07-14 00:12,KES
INV002637,DS002667,Delta Oil Marketers,PMS,33882,163.15,5528000.37,2026-07-14 05:31,KES
INV002638,DS002668,Rift Valley Fuels Ltd,PMS,24838,164.73,4091570.47,14/07/2026 21:31,KES
INV002639,DS002669,Nyanza Petroleum Co,AGO,25918,154.58,4006362.22,14/07/2026 21:59,KES
INV002640,DS002670,Summit Downstream Ltd,PMS,20711,166.69,3452374.04,2026-07-14 14:21,KES
INV002641,DS002671,Savannah Petroleum,PMS,20148,163.16,3287414.95,2026-07-14 13:09,KES
INV002642,DS002672,Summit Downstream Ltd,AGO,26298,153.49,4036452.16,15/07/2026 00:35,KES
INV002643,DS002673,Baraka Downstream,AGO,35813,158.20,"5,665,643.31",2026-07-16 10:31,KES
INV002644,DS002674,Uhuru Energy Partners,PMS,26869,166.76,4480618.91,2026-07-15 07:34,KES
INV002645,DS002675,Equator Fuels,IK,27690,137.57,3809365.59,14/07/2026 16:24,KES
INV002646,DS002676,Rift Valley Fuels Ltd,PMS,26796,168.02,"4,502,325.12",2026-07-14 18:10,KES
INV002647,DS002677,Summit Downstream Ltd,AGO,21834,158.27,"3,455,669.99",14/07/2026 16:58,KES
INV002648,DS002679,Mara Fuels,AGO,28890,153.26,4427698.93,2026-07-14 21:10,KES
INV002649,DS002680,Zenith Petroleum,AGO,34753,157.85,5485679.86,16/07/2026 11:43,KES
INV002650,DS002681,Coastline Energy Ltd,PMS,28027,167.12,4683962.46,16/07/2026 19:12,KES
INV002651,DS002682,Pioneer Fuels Kenya,IK,24068,137.56,3310821.66,15/07/2026 07:28,KES
INV002652,DS002683,Uhuru Energy Partners,IK,26836,139.70,3749046.56,2026-07-15 00:42,KES
INV002653,DS002683,Uhuru Energy Partners,IK,26836,139.70,3749046.56,2026-07-15 01:42,KES
INV002654,DS002684,Aberdare Oil Traders,AGO,26002,156.58,4071483.61,2026-07-21 22:40,KES
INV002655,DS002685,Crescent Oil Ltd,PMS,31619,164.03,5186328.15,16/07/2026 17:25,KES
INV002656,DS002686,Pioneer Fuels Kenya,AGO,25348,157.45,3991043.01,2026-07-15 21:16,KES
INV002657,DS002687,Baraka Downstream,PMS,25417,165.04,4194717.07,2026-07-16 00:22,KES
INV002658,DS002688,Equator Fuels,PMS,35478,165.90,5885680.12,17/07/2026 01:50,KES
INV002659,DS002689,Rift Valley Fuels Ltd,PMS,21143,165.00,3488683.39,24/07/2026 20:51,KES
INV002660,DS002690,Delta Oil Marketers,PMS,31104,165.31,5141933.19,14/07/2026 19:43,KES
INV002661,DS002691,Equator Fuels,AGO,21397,155.58,3328950.90,15/07/2026 03:06,KES
INV002662,DS002692,Baraka Downstream,PMS,26144,168.48,4404710.87,2026-07-14 16:45,KES
INV002663,DS002693,Coastline Energy Ltd,PMS,31348,163.22,5116615.64,2026-07-17 21:19,KES
INV002664,DS002694,Zenith Petroleum,AGO,24710,155.28,3836900.09,14/07/2026 13:14,KES
INV002665,DS002695,Summit Downstream Ltd,AGO,31521,153.46,4837087.98,2026-07-17 01:09,KES
INV002666,DS002696,Delta Oil Marketers,PMS,28525,165.80,4729485.99,14/07/2026 20:10,KES
INV002667,DS002697,Aberdare Oil Traders,IK,27825,138.57,"3,855,667.03",2026-07-15 11:54,KES
INV002668,DS002698,Summit Downstream Ltd,PMS,35633,168.48,"6,003,564.07",16/07/2026 18:44,KES
INV002669,DS002699,Tsavo Energy Group,PMS,34446,165.57,"5,703,327.99",14/07/2026 16:16,KES
INV002670,DS002700,Coastline Energy Ltd,PMS,29397,,4808117.34,14/07/2026 16:43,KES
INV002671,DS002701,Coastline Energy Ltd,PMS,30825,164.86,5081948.95,14/07/2026 10:53,KES
INV002672,DS002702,Highland Energy Co,AGO,29433,155.68,4582094.88,17/07/2026 03:35,KES
INV002673,DS002703,Aberdare Oil Traders,AGO,25699,152.35,3915114.33,2026-07-14 15:06,KES
INV002674,DS002704,Delta Oil Marketers,AGO,28394,152.92,4342021.89,15/07/2026 10:24,KES
INV002675,DS002705,Equator Fuels,PMS,20891,165.57,"3,458,870.07",14/07/2026 14:58,KES
INV002676,DS002706,Tsavo Energy Group,AGO,32653,152.60,4982977.08,17/07/2026 20:03,KES
INV002677,DS002707,Kilele Fuels,PMS,30330,162.28,"4,922,050.01",2026-07-16 02:07,KES
INV002678,DS002708,Crescent Oil Ltd,PMS,30425,165.84,5045716.84,2026-07-16 00:00,KES
INV002679,DS002709,Horizon Oil Marketers,PMS,29032,165.71,4810881.27,2026-07-16 21:08,KES
INV002680,DS002710,Uhuru Energy Partners,PMS,34831,163.80,5705213.68,14/07/2026 20:38,KES
INV002681,DS002711,Kilele Fuels,AGO,24494,155.41,3806731.96,14/07/2026 23:23,KES
INV002682,DS002712,Delta Oil Marketers,AGO,25609,155.29,3976860.89,2026-07-17 19:43,KES
INV002683,DS002713,Aberdare Oil Traders,AGO,20458,153.95,3149482.18,2026-07-16 13:58,KES
INV002684,DS002714,Nyanza Petroleum Co,IK,29890,139.02,4155241.38,2026-07-14 17:36,KES
INV002685,DS002715,Aberdare Oil Traders,PMS,34868,164.95,5751492.80,2026-07-14 11:51,KES
INV002686,DS002716,Lakeview Energy,PMS,20814,164.80,3430245.74,16/07/2026 16:08,KES
INV002687,DS002717,Baraka Downstream,PMS,30803,167.21,"5,150,632.30",2026-07-15 14:15,KES
INV002688,DS002718,Aberdare Oil Traders,AGO,35957,157.05,5646937.91,2026-07-14 22:33,KES
INV002689,DS002719,Delta Oil Marketers,AGO,33588,153.69,5162002.43,2026-07-15 01:08,KES
INV002690,DS002720,Aberdare Oil Traders,AGO,23308,153.34,3573978.91,14/07/2026 19:11,KES
INV002691,DS002721,Delta Oil Marketers,AGO,27976,157.61,4409175.87,2026-07-17 02:06,KES
INV002692,DS002722,Savannah Petroleum,PMS,34095,162.75,5549107.54,14/07/2026 19:12,KES
INV002693,DS002723,Aberdare Oil Traders,PMS,26501,166.54,4413607.69,2026-07-15 03:17,KES
INV002694,DS002724,Equator Fuels,IK,31023,140.28,4351763.38,2026-07-14 21:45,KES
INV002695,DS002725,Savannah Petroleum,PMS,28927,164.89,4769892.44,2026-07-16 11:21,KES
INV002696,DS002726,Highland Energy Co,PMS,20123,164.16,3303440.46,2026-07-24 20:53,KES
INV002697,DS002727,Savannah Petroleum,AGO,27171,153.36,4166846.97,2026-07-21 13:21,KES
INV002698,DS002728,Baraka Downstream,AGO,21987,156.76,3446619.60,2026-07-15 22:31,KES
INV002699,DS002729,Horizon Oil Marketers,PMS,24257,167.56,4064501.49,2026-07-17 20:51,KES
INV002700,DS002730,Aberdare Oil Traders,IK,34843,142.41,4962079.53,2026-07-16 02:58,KES
INV002701,DS002731,Coastline Energy Ltd,PMS,31813,162.39,5166126.89,2026-07-15 19:36,KES
INV002702,DS002732,Aberdare Oil Traders,PMS,21233,166.65,3538376.32,2026-07-15 22:12,KES
INV002703,DS002733,Highland Energy Co,IK,26026,138.64,3608115.04,15/07/2026 06:57,KES
INV002704,DS002734,Tsavo Energy Group,PMS,31038,164.42,5103401.02,15/07/2026 12:42,KES
INV002705,DS002735,Kilele Fuels,PMS,31046,166.74,5176550.98,17/07/2026 01:20,KES
INV002706,DS002736,Crescent Oil Ltd,PMS,27162,168.46,4575749.18,2026-07-16 13:46,KES
INV002707,DS002736,Crescent Oil Ltd,PMS,27162,168.46,4575749.18,2026-07-16 14:46,KES
INV002708,DS002737,Mara Fuels,PMS,24977,164.42,4106632.71,2026-07-15 23:03,KES
INV002709,DS002738,Summit Downstream Ltd,PMS,30701,165.47,5080091.10,2026-07-16 11:53,KES
INV002710,DS002739,Tsavo Energy Group,PMS,35624,166.22,5921400.29,2026-07-18 22:40,KES
INV002711,DS002740,Savannah Petroleum,PMS,26917,162.94,4385920.65,2026-07-15 20:43,KES
INV002712,DS002741,Baraka Downstream,PMS,22826,166.93,3810310.27,17/07/2026 19:41,KES
INV002713,DS002742,Mara Fuels,PMS,35239,162.58,"5,729,155.75",2026-07-15 23:55,KES
INV002714,DS002743,Horizon Oil Marketers,PMS,23482,166.40,3907371.72,16/07/2026 14:05,KES
INV002715,DS002744,Nyanza Petroleum Co,PMS,21231,165.33,3510022.72,2026-07-16 02:27,KES
INV002716,DS002745,Tsavo Energy Group,PMS,35614,168.36,"5,995,803.64",15/07/2026 17:26,KES
INV002717,DS002746,Uhuru Energy Partners,AGO,31517,156.65,"4,937,077.62",16/07/2026 04:04,KES
INV002718,DS002747,Pioneer Fuels Kenya,PMS,33679,162.27,5464965.68,2026-07-16 14:00,KES
INV002719,DS002748,Baraka Downstream,PMS,26568,162.85,4326559.10,16/07/2026 20:47,KES
INV002720,DS002749,Amani Petroleum,AGO,26797,152.16,4077451.14,2026-07-16 16:46,KES
INV002721,DS002751,Coastline Energy Ltd,PMS,33923,167.33,5676288.43,2026-07-16 00:28,KES
INV002722,DS002752,Tsavo Energy Group,AGO,33339,155.20,"5,174,064.49",15/07/2026 18:16,KES
INV002723,DS002753,Equator Fuels,AGO,29817,157.82,4705624.68,2026-07-15 18:13,KES
INV002724,DS002754,Aberdare Oil Traders,PMS,22644,166.80,3776989.05,2026-07-16 18:16,KES
INV002725,DS002755,Pioneer Fuels Kenya,AGO,24165,152.35,3681450.90,2026-07-16 02:37,KES
INV002726,DS002756,Uhuru Energy Partners,AGO,29652,154.02,4566855.91,15/07/2026 22:47,KES
INV002727,DS002757,Tsavo Energy Group,AGO,32379,155.63,5039116.64,2026-07-16 23:52,KES
INV002728,DS002758,Uhuru Energy Partners,PMS,29915,166.52,4981453.51,2026-07-16 02:28,KES
INV002729,DS002759,Zenith Petroleum,AGO,35842,152.49,5465551.74,15/07/2026 09:56,KES
INV002730,DS002760,,PMS,34639,165.92,5747418.00,2026-07-18 22:09,KES
INV002731,DS002761,Amani Petroleum,AGO,26072,154.00,4015175.60,16/07/2026 21:23,KES
INV002732,DS002762,Tsavo Energy Group,IK,25887,137.66,3563636.98,2026-07-16 05:39,KES
INV002733,DS002763,Kilele Fuels,AGO,22818,155.77,3554448.03,2026-07-18 10:04,KES
INV002734,DS002764,Nyanza Petroleum Co,AGO,30965,157.09,4864307.94,16/07/2026 01:29,KES
INV002735,DS002765,Summit Downstream Ltd,AGO,32359,156.85,"5,075,371.60",2026-07-16 01:46,KES
INV002736,DS002766,Mara Fuels,PMS,33770,162.38,5483581.27,2026-07-15 12:42,KES
INV002737,DS002767,Nyanza Petroleum Co,PMS,23704,163.59,3877648.89,15/07/2026 22:16,KES
INV002738,DS002768,Amani Petroleum,IK,22474,141.16,3172373.37,2026-07-17 12:43,KES
INV002739,DS002769,Amani Petroleum,PMS,31024,168.05,5213513.89,2026-07-17 02:18,KES
INV002740,DS002770,Delta Oil Marketers,AGO,23199,157.71,"3,658,726.95",2026-07-15 09:53,KES
INV002741,DS002771,Summit Downstream Ltd,PMS,28084,165.06,4635679.83,19/07/2026 01:50,KES
INV002742,DS002772,Highland Energy Co,AGO,29266,156.61,"4,583,245.36",2026-07-15 13:48,KES
INV002743,DS002773,Baraka Downstream,PMS,23194,167.45,3883891.74,2026-07-15 09:43,KES
INV002744,DS002774,Horizon Oil Marketers,AGO,26481,155.45,"4,116,347.25",2026-07-16 07:28,KES
INV002745,DS002775,Delta Oil Marketers,AGO,24804,152.72,3788035.93,2026-07-16 17:01,KES
INV002746,DS002776,Summit Downstream Ltd,AGO,25942,152.62,3959324.10,16/07/2026 02:59,KES
INV002747,DS002777,Mara Fuels,AGO,34030,157.33,5353897.41,16/07/2026 14:13,KES
INV002748,DS002778,Aberdare Oil Traders,PMS,28849,167.25,4825092.94,2026-07-15 14:24,KES
INV002749,DS002779,Baraka Downstream,AGO,31559,156.28,4931994.65,2026-07-15 22:30,KES
INV002750,DS002780,Crescent Oil Ltd,PMS,32299,164.33,5307836.91,2026-07-18 23:00,KES
INV002751,DS002781,Rift Valley Fuels Ltd,AGO,22083,155.23,3428024.76,2026-07-18 18:44,KES
INV002752,DS002782,Highland Energy Co,PMS,33481,168.12,5628989.26,16/07/2026 03:35,KES
INV002753,DS002783,Equator Fuels,PMS,25039,162.38,4065719.76,15/07/2026 15:51,KES
INV002754,DS002784,Coastline Energy Ltd,PMS,20956,167.46,3509385.85,2026-07-16 22:44,KES
INV002755,DS002785,Highland Energy Co,PMS,21317,162.72,3468618.85,18/07/2026 06:55,KES
INV002756,DS002786,Crescent Oil Ltd,PMS,30329,166.84,5060220.19,22/07/2026 22:58,KES
INV002757,DS002787,Horizon Oil Marketers,AGO,22274,154.14,3433292.95,2026-07-22 23:59,KES
