loading_id,depot,product,customer,truck_id,volume_loaded_litres,meter_start,meter_end,loading_ts
LD000001,Mombasa,AGO,Aberdare Oil Traders,TRK-242,32700,1733739.2,1766441.6,2026-06-01 05:47
LD000002,Mombasa,AGO,Lakeview Energy,TRK-617,27100,1399899.7,1427006.5,2026-06-01 06:01
LD000003,Mombasa,AGO,Nyanza Petroleum Co,TRK-384,27300,2334834.4,2362136.4,2026-06-01 22:26
LD000004,mombasa,AGO,Baraka Downstream,TRK-881,20900,3887995.1,3908890.5,2026-06-01 15:17
LD000005,Mombasa,PMS,Zenith Petroleum,TRK-926,35000,1003115.1,1038115.2,01/06/2026 08:22
LD000006,mombasa,AGO,Highland Energy Co,TRK-743,26400,1186662.7,1213060.6,2026-06-01 17:05
LD000007,MOMBASA,AGO,Nyanza Petroleum Co,TRK-181,35600,1931085.4,1966686.5,2026-06-01 06:42
LD000008,MOMBASA,PMS,Zenith Petroleum,TRK-463,26100,4932923.5,4959019.7,01/06/2026 19:40
LD000009,MOMBASA,AGO,Tsavo Energy Group,TRK-350,27500,4439761.6,4467259.0,01/06/2026 07:38
LD000010,Mombasa,PMS,Mara Fuels,TRK-894,20200,4768807.0,4789016.6,2026-06-01 22:14
LD000011,mombasa,AGO,Aberdare Oil Traders,TRK-680,29000,2541666.0,2570669.9,2026-06-01 15:25
LD000012,MOMBASA,AGO,Kilele Fuels,TRK-242,29800,4332779.6,4362574.1,01/06/2026 17:56
LD000013,NAIROBI,AGO,Pioneer Fuels Kenya,TRK-324,34500,2035119.9,2069613.6,01/06/2026 18:57
LD000014,nrb,PMS,Horizon Oil Marketers,TRK-263,28300,3186841.1,3215146.6,2026-06-01 06:55
LD000015,Nairobi,PMS,Aberdare Oil Traders,TRK-981,23000,4878338.5,4901339.6,2026-06-01 19:33
LD000016,Nairobi,AGO,Aberdare Oil Traders,TRK-448,34700,1353970.0,1388674.4,01/06/2026 22:48
LD000017,NAIROBI,PMS,Aberdare Oil Traders,TRK-880,23100,1180909.2,1204004.2,2026-06-01 19:00
LD000018,Nairobi Depot,AGO,Amani Petroleum,TRK-256,24300,4314950.0,4339242.1,2026-06-01 14:53
LD000019,Nairobi,AGO,Rift Valley Fuels Ltd,TRK-600,25700,2123738.0,2149432.3,2026-06-01 21:58
LD000020,Nairobi,IK,Savannah Petroleum,TRK-680,32800,1298202.6,1331003.3,2026-06-01 14:15
LD000021,Ksm,AGO,Highland Energy Co,TRK-231,26800,2579526.1,2606329.3,01/06/2026 07:48
LD000022,Kisumu,IK,Amani Petroleum,TRK-533,32600,3423839.9,3456435.4,2026-06-01 10:16
LD000023,KISUMU,AGO,Zenith Petroleum,TRK-629,34800,3604308.1,3639103.6,2026-06-01 17:42
LD000024,Ksm,PMS,Rift Valley Fuels Ltd,TRK-335,25900,3675365.0,3701264.4,2026-06-01 07:21
LD000025,KISUMU,PMS,Lakeview Energy,TRK-980,30700,3365191.2,3395893.5,2026-06-01 06:14
LD000026,Ksm,AGO,Delta Oil Marketers,TRK-235,26100,4886848.4,4912940.0,01/06/2026 13:42
LD000027,Ksm,PMS,Uhuru Energy Partners,TRK-199,33600,3886918.1,3920514.2,01/06/2026 20:51
LD000028,Kisumu,PMS,Savannah Petroleum,TRK-761,20600,3842651.6,3863247.4,2026-06-01 18:29
LD000029,Ksm,PMS,Horizon Oil Marketers,TRK-294,21800,2757346.0,2779146.8,01/06/2026 15:51
LD000030,KISUMU,PMS,Kilele Fuels,TRK-177,27600,3253102.3,3280701.7,2026-06-01 10:17
LD000031,Kisumu,PMS,Rift Valley Fuels Ltd,TRK-871,31100,1557325.8,1588430.2,2026-06-01 22:53
LD000032,KISUMU,PMS,Summit Downstream Ltd,TRK-268,23200,4771414.3,4794625.7,2026-06-01 20:13
LD000033,Eld,IK,Kilele Fuels,TRK-813,24600,1644885.1,1669489.7,01/06/2026 13:59
LD000034,Eldoret,PMS,Savannah Petroleum,TRK-655,32900,1746280.2,1779181.8,01/06/2026 14:13
LD000035,Eldoret,PMS,Amani Petroleum,TRK-620,34300,3157369.0,3191665.5,2026-06-01 20:32
LD000036,Eldoret,PMS,Nyanza Petroleum Co,TRK-683,23600,2708431.2,2732029.6,2026-06-01 07:43
LD000037,ELDORET,AGO,Pioneer Fuels Kenya,TRK-423,33100,4442922.3,4476022.3,2026-06-01 18:42
LD000038,Eld,AGO,Aberdare Oil Traders,TRK-787,26700,1888431.2,1915130.0,01/06/2026 15:15
LD000039,Eldoret,AGO,Kilele Fuels,TRK-676,21900,2350460.7,2372359.9,2026-06-01 07:00
LD000040,Eldoret,AGO,Baraka Downstream,TRK-170,28300,3812075.8,3840377.8,01/06/2026 21:16
LD000041,Eld,PMS,Highland Energy Co,TRK-726,25800,4887128.3,4912918.7,2026-06-01 19:53
LD000042,ELDORET,AGO,Horizon Oil Marketers,TRK-237,24600,1147547.8,1172147.7,2026-06-01 22:19
LD000043,Eld,AGO,Aberdare Oil Traders,TRK-315,29800,3010716.1,3040515.1,01/06/2026 22:09
LD000044,Eldoret,PMS,Delta Oil Marketers,TRK-966,22300,2957811.0,2980112.5,2026-06-01 13:32
LD000045,Nku,AGO,Rift Valley Fuels Ltd,TRK-233,23900,3688542.2,3712438.3,01/06/2026 13:02
LD000046,Nakuru,PMS,Uhuru Energy Partners,TRK-214,31700,2471132.5,2502836.4,2026-06-01 19:35
LD000047,Nakuru,AGO,Highland Energy Co,TRK-230,30100,3534118.8,3564214.4,01/06/2026 16:37
LD000048,Nku,PMS,Zenith Petroleum,TRK-355,33400,2283120.3,2316520.7,2026-06-01 06:57
LD000049,Nakuru,PMS,Uhuru Energy Partners,TRK-867,23000,1163100.6,1186109.1,2026-06-01 22:56
LD000050,NAKURU,AGO,Uhuru Energy Partners,TRK-854,20300,3048372.2,3068676.6,01/06/2026 10:56
LD000051,NAKURU,AGO,Tsavo Energy Group,TRK-210,23600,3580691.2,3604293.9,2026-06-01 12:17
LD000052,Nakuru,AGO,Kilele Fuels,TRK-940,26200,4746920.0,4773115.4,2026-06-01 12:12
LD000053,NAKURU,PMS,Mara Fuels,TRK-171,22200,2364265.4,2386463.6,01/06/2026 11:25
LD000054,Nakuru,AGO,Highland Energy Co,TRK-128,30600,4268888.8,4299491.6,01/06/2026 17:43
LD000055,Nku,PMS,Horizon Oil Marketers,TRK-453,28900,3118602.3,3147500.7,01/06/2026 13:02
LD000056,KISII,PMS,Summit Downstream Ltd,TRK-294,34400,3532405.8,3566804.8,2026-06-01 21:07
LD000057, Kisii ,AGO,Highland Energy Co,TRK-859,25400,2396838.3,2422240.9,2026-06-01 05:33
LD000058,Kisii,PMS,Mara Fuels,TRK-779,34200,4119502.2,4153703.7,01/06/2026 07:42
LD000059,Kisii,AGO,Summit Downstream Ltd,TRK-667,30300,1336559.9,1366861.4,2026-06-01 18:20
LD000060,KISII,PMS,Tsavo Energy Group,TRK-408,20100,1643232.2,1663328.6,2026-06-01 17:43
LD000061,KISII,PMS,Pioneer Fuels Kenya,TRK-429,28800,3767580.8,3796374.8,01/06/2026 11:27
LD000062, Kisii ,PMS,Delta Oil Marketers,TRK-915,31400,1948996.3,1980399.6,2026-06-01 11:32
LD000063,Kisii,AGO,Crescent Oil Ltd,TRK-938,25200,3985965.6,4011170.4,01/06/2026 14:32
LD000064, Kisii ,PMS,Rift Valley Fuels Ltd,TRK-586,30500,3273234.4,3303736.5,2026-06-01 11:09
LD000065,Kisii,AGO,Summit Downstream Ltd,TRK-349,21500,2470863.2,2492358.8,2026-06-01 11:45
LD000066,Msa,AGO,Uhuru Energy Partners,TRK-923,35700,2946968.6,2982664.5,2026-06-02 08:49
LD000067,mombasa,AGO,Baraka Downstream,TRK-783,34500,2737577.5,2772084.0,02/06/2026 08:29
LD000068,Msa,AGO,Highland Energy Co,TRK-262,30700,4456670.3,4487363.6,02/06/2026 21:27
LD000069,Msa,PMS,Aberdare Oil Traders,TRK-633,23700,2996773.5,3020480.9,2026-06-02 12:53
LD000070,mombasa,PMS,Coastline Energy Ltd,TRK-443,20700,4978202.0,4998904.0,2026-06-02 07:45
LD000071,Msa,PMS,Baraka Downstream,TRK-165,27500,2118241.4,2145743.0,02/06/2026 12:24
LD000072,Msa,PMS,Savannah Petroleum,TRK-530,35200,2323001.2,2358203.7,2026-06-02 19:26
LD000073,Msa,AGO,Rift Valley Fuels Ltd,TRK-405,28800,3289169.9,3317965.2,02/06/2026 17:30
LD000074,MOMBASA,AGO,Crescent Oil Ltd,TRK-599,24300,2941119.5,2965416.5,02/06/2026 22:51
LD000075,Msa,PMS,Mara Fuels,TRK-917,26000,2578765.9,2604760.2,2026-06-02 05:24
LD000076,Mombasa,AGO,Highland Energy Co,TRK-503,24100,2181162.4,2205269.3,2026-06-02 09:39
LD000077,nrb,AGO,Kilele Fuels,TRK-366,31900,3788063.0,3819958.2,02/06/2026 09:55
LD000078,nrb,PMS,Summit Downstream Ltd,TRK-951,24700,4237444.6,4262151.5,02/06/2026 15:21
LD000079,NAIROBI,AGO,Highland Energy Co,TRK-458,33000,4468289.3,4501289.4,2026-06-02 20:01
LD000080,Nairobi,AGO,Rift Valley Fuels Ltd,TRK-304,28000,4193180.7,4221185.1,2026-06-02 06:48
LD000081,nrb,PMS,Horizon Oil Marketers,TRK-323,30400,3807867.5,3838268.7,02/06/2026 20:42
LD000082,Nairobi,AGO,Crescent Oil Ltd,TRK-835,25400,2502331.8,2527732.7,2026-06-02 10:38
LD000083,nrb,IK,Rift Valley Fuels Ltd,TRK-689,21500,3313120.6,3334620.4,02/06/2026 08:37
LD000084,NAIROBI,IK,Pioneer Fuels Kenya,TRK-742,28700,2146165.0,2174862.3,2026-06-02 11:04
LD000085,Nairobi,AGO,Crescent Oil Ltd,TRK-915,29500,1122001.0,1151496.5,02/06/2026 14:54
LD000086,nrb,AGO,Amani Petroleum,TRK-112,28400,4079974.2,4108372.5,02/06/2026 16:04
LD000087,NAIROBI,PMS,Kilele Fuels,TRK-545,23500,3491561.9,3515073.8,02/06/2026 16:40
LD000088,Nairobi Depot,AGO,Delta Oil Marketers,TRK-945,30200,3904365.3,3934574.5,02/06/2026 22:49
LD000089,nrb,AGO,Kilele Fuels,TRK-575,35600,3065201.4,3100806.6,02/06/2026 07:17
LD000090,Nairobi Depot,PMS,Delta Oil Marketers,TRK-916,24300,2755885.7,2780182.6,02/06/2026 15:11
LD000091,Nairobi,PMS,Rift Valley Fuels Ltd,TRK-295,21300,1101403.0,1122699.1,2026-06-02 13:35
LD000092,Ksm,AGO,Nyanza Petroleum Co,TRK-761,34600,2769408.9,2804017.2,02/06/2026 20:35
LD000093,Kisumu,PMS,Coastline Energy Ltd,TRK-808,23800,1375493.2,1399294.6,02/06/2026 05:05
LD000094,Ksm,AGO,Highland Energy Co,TRK-535,30500,2742691.6,2773202.8,02/06/2026 16:30
LD000095,Ksm,PMS,Coastline Energy Ltd,TRK-223,31700,1190864.5,1222558.6,2026-06-02 19:17
LD000096,KISUMU,PMS,Tsavo Energy Group,TRK-856,21900,2367518.7,2389419.8,02/06/2026 22:48
LD000097,Kisumu,AGO,Coastline Energy Ltd,TRK-952,21500,1376628.0,1398131.5,02/06/2026 21:38
LD000098,KISUMU,PMS,Rift Valley Fuels Ltd,TRK-229,25500,2858695.3,2884198.3,2026-06-02 10:19
LD000099,KISUMU,IK,Baraka Downstream,TRK-870,30400,1192235.7,1222635.7,2026-06-02 22:18
LD000100,Kisumu,AGO,Delta Oil Marketers,TRK-288,28600,3735855.1,3764458.9,02/06/2026 14:30
LD000101,Ksm,IK,Lakeview Energy,TRK-175,29900,4775566.4,4805472.3,2026-06-02 20:07
LD000102,KISUMU,PMS,Nyanza Petroleum Co,TRK-882,30800,3293468.2,3324270.9,2026-06-02 14:05
LD000103,KISUMU,AGO,Kilele Fuels,TRK-702,22100,4244816.7,4266918.9,02/06/2026 17:28
LD000104,Ksm,AGO,Horizon Oil Marketers,TRK-312,33100,3605939.1,3639044.8,2026-06-02 06:39
LD000105,Kisumu,PMS,Nyanza Petroleum Co,TRK-176,23300,2095844.5,2119141.8,2026-06-02 07:10
LD000106,KISUMU,PMS,Savannah Petroleum,TRK-823,20600,3473015.5,3493609.2,02/06/2026 20:18
LD000107,Eld,PMS,Aberdare Oil Traders,TRK-740,21100,2275902.5,2296999.6,2026-06-02 12:59
LD000108,Eldoret,PMS,Baraka Downstream,TRK-946,21900,3786948.7,3808852.9,2026-06-02 22:14
LD000109,Eldoret,PMS,Pioneer Fuels Kenya,TRK-549,30100,4509888.1,4539992.2,02/06/2026 14:38
LD000110,Eldoret,AGO,Amani Petroleum,TRK-548,24500,1709758.2,1734261.3,2026-06-02 17:17
LD000111,Eld,AGO,Aberdare Oil Traders,TRK-334,32000,4227339.0,4259338.9,2026-06-02 15:38
LD000112,ELDORET,IK,Savannah Petroleum,TRK-279,26000,4105651.8,4131652.4,02/06/2026 13:36
LD000113,Eldoret,IK,Uhuru Energy Partners,TRK-603,25500,4723029.3,4748528.2,02/06/2026 10:37
LD000114,ELDORET,PMS,Horizon Oil Marketers,TRK-437,32000,4018171.5,4050177.0,02/06/2026 15:20
LD000115,ELDORET,PMS,Highland Energy Co,TRK-190,21600,4610211.6,4631818.1,02/06/2026 17:52
LD000116,Eld,PMS,Amani Petroleum,TRK-101,25100,4582092.9,4607193.0,02/06/2026 17:55
LD000117,Eld,PMS,Zenith Petroleum,TRK-610,26200,1043350.6,1069552.2,02/06/2026 11:33
LD000118,ELDORET,AGO,Highland Energy Co,TRK-394,35200,3293751.6,3328950.9,02/06/2026 11:17
LD000119,Nku,PMS,Tsavo Energy Group,TRK-114,21500,3409763.7,3431256.5,02/06/2026 12:45
LD000120,NAKURU,PMS,Horizon Oil Marketers,TRK-257,35100,4125184.2,4160285.5,02/06/2026 08:29
LD000121,NAKURU,AGO,Delta Oil Marketers,TRK-349,21800,4723716.4,4745525.5,2026-06-02 13:26
LD000122,NAKURU,PMS,Baraka Downstream,TRK-382,35500,3752120.0,3787622.0,02/06/2026 21:47
LD000123,Nku,IK,Rift Valley Fuels Ltd,TRK-405,33400,4467474.8,4500873.5,02/06/2026 21:17
LD000124,Nku,AGO,Delta Oil Marketers,TRK-665,23600,2586606.4,2610212.3,02/06/2026 19:34
LD000125,Nku,AGO,Equator Fuels,TRK-344,34300,1586419.3,1620711.4,02/06/2026 15:55
LD000126,NAKURU,PMS,Mara Fuels,TRK-822,29300,4452554.1,4481854.5,02/06/2026 18:02
LD000127,NAKURU,IK,Savannah Petroleum,TRK-704,34100,1946740.8,1980841.7,2026-06-02 09:31
LD000128,Nku,AGO,Amani Petroleum,TRK-115,25600,3832724.8,3858328.9,2026-06-02 19:06
LD000129,KISII,PMS,Delta Oil Marketers,TRK-371,32400,3233617.0,3266021.3,02/06/2026 09:04
LD000130, Kisii ,AGO,Highland Energy Co,TRK-424,21800,2970500.4,2992299.6,02/06/2026 15:54
LD000131,KISII,AGO,Lakeview Energy,TRK-800,20200,2874642.6,2894844.2,2026-06-02 06:39
LD000132,KISII,AGO,Horizon Oil Marketers,TRK-810,31900,3333475.1,3365371.0,2026-06-02 18:06
LD000133,Kisii,PMS,Zenith Petroleum,TRK-249,35400,2499482.3,2534885.8,02/06/2026 06:18
LD000134,KISII,AGO,Tsavo Energy Group,TRK-991,23600,4852890.2,4876488.2,2026-06-02 10:10
LD000135,KISII,AGO,Kilele Fuels,TRK-570,20200,4879515.3,4899716.4,2026-06-02 09:14
LD000136,Kisii,AGO,Coastline Energy Ltd,TRK-261,21200,3215417.1,3236617.2,02/06/2026 19:57
LD000137,mombasa,IK,Uhuru Energy Partners,TRK-567,21200,1664861.7,1686058.2,2026-06-03 14:40
LD000138,mombasa,IK,Nyanza Petroleum Co,TRK-467,35900,3787700.2,3823595.4,03/06/2026 20:06
LD000139,Mombasa,PMS,Rift Valley Fuels Ltd,TRK-802,26100,3948402.8,3974502.1,03/06/2026 17:17
LD000140,MOMBASA,AGO,Nyanza Petroleum Co,TRK-460,21700,2342640.3,2364337.3,2026-06-03 14:49
LD000141,Mombasa,AGO,Horizon Oil Marketers,TRK-761,22700,3587393.4,3610086.6,03/06/2026 09:40
LD000142,mombasa,AGO,Zenith Petroleum,TRK-192,24300,2441380.4,2465677.6,03/06/2026 06:37
LD000143,mombasa,AGO,Baraka Downstream,TRK-997,24200,2812963.4,2837172.0,03/06/2026 10:12
LD000144,mombasa,AGO,Delta Oil Marketers,TRK-402,24300,1532740.5,1557033.0,2026-06-03 13:58
LD000145,Msa,AGO,Nyanza Petroleum Co,TRK-841,21200,4762127.3,4783335.7,03/06/2026 07:09
LD000146,Nairobi Depot,PMS,Aberdare Oil Traders,TRK-565,26700,4730913.9,4757605.2,03/06/2026 17:00
LD000147,Nairobi Depot,AGO,Nyanza Petroleum Co,TRK-734,33900,1180874.7,1214774.3,2026-06-03 16:06
LD000148,NAIROBI,AGO,Coastline Energy Ltd,TRK-219,33000,4949104.5,4982103.1,2026-06-03 19:58
LD000149,NAIROBI,IK,Horizon Oil Marketers,TRK-650,22400,3376522.9,3398924.6,03/06/2026 14:31
LD000150,nrb,AGO,Pioneer Fuels Kenya,TRK-258,33500,4353314.8,4386814.4,2026-06-03 22:26
LD000151,nrb,AGO,Savannah Petroleum,TRK-322,27500,2659278.0,2686777.5,03/06/2026 18:17
LD000152,Nairobi Depot,IK,Zenith Petroleum,TRK-760,33800,4251604.0,4285403.7,2026-06-03 16:06
LD000153,Nairobi,PMS,Kilele Fuels,TRK-317,36000,4986547.3,5022554.9,2026-06-03 11:07
LD000154,NAIROBI,AGO,Pioneer Fuels Kenya,TRK-949,35100,4398589.6,4433691.2,2026-06-03 12:08
LD000155,Nairobi,AGO,Baraka Downstream,TRK-710,24000,2802176.5,2826169.7,03/06/2026 12:21
LD000156,Nairobi,AGO,Highland Energy Co,TRK-278,30700,3472513.0,3503215.7,2026-06-03 09:08
LD000157,NAIROBI,PMS,Nyanza Petroleum Co,TRK-116,25700,1454230.4,1479931.6,03/06/2026 16:50
LD000158,nrb,PMS,Horizon Oil Marketers,TRK-587,32400,3080654.0,3113064.2,03/06/2026 18:33
LD000159,Nairobi,AGO,Amani Petroleum,TRK-729,33600,3207627.4,3241232.5,03/06/2026 08:28
LD000160,Ksm,AGO,Delta Oil Marketers,TRK-536,29400,2920183.9,2949584.7,2026-06-03 05:03
LD000161,Kisumu,AGO,Lakeview Energy,TRK-251,26700,4138673.1,4165378.8,2026-06-03 19:04
LD000162,Ksm,PMS,Mara Fuels,TRK-711,34500,3469054.8,3503557.4,03/06/2026 22:45
LD000163,Ksm,AGO,Horizon Oil Marketers,TRK-766,35700,3432351.4,3468055.5,2026-06-03 18:06
LD000164,KISUMU,PMS,Mara Fuels,TRK-508,21500,3905588.1,3927098.4,2026-06-03 12:26
LD000165,Ksm,PMS,Aberdare Oil Traders,TRK-256,28800,2803641.8,2832440.5,03/06/2026 15:42
LD000166,KISUMU,PMS,Uhuru Energy Partners,TRK-856,28400,3790567.5,3818970.2,2026-06-03 07:05
LD000167,KISUMU,AGO,Mara Fuels,TRK-520,32700,2837387.2,2870089.5,03/06/2026 22:35
LD000168,Ksm,AGO,Crescent Oil Ltd,TRK-206,21100,1183445.1,1204548.0,2026-06-03 06:18
LD000169,KISUMU,PMS,Horizon Oil Marketers,TRK-669,29900,2389653.6,2419555.5,2026-06-03 20:14
LD000170,Ksm,AGO,Uhuru Energy Partners,TRK-885,25500,3149053.7,3174546.8,2026-06-03 12:51
LD000171,KISUMU,AGO,Tsavo Energy Group,TRK-880,27400,3339064.4,3366472.5,03/06/2026 13:01
LD000172,Kisumu,PMS,Baraka Downstream,TRK-510,22900,3786005.9,3808901.8,2026-06-03 10:55
LD000173,KISUMU,AGO,Amani Petroleum,TRK-529,26600,4497270.4,4523872.7,03/06/2026 05:05
LD000174,Eld,PMS,Mara Fuels,TRK-681,23600,4287162.5,4310762.6,2026-06-03 14:46
LD000175,ELDORET,AGO,Crescent Oil Ltd,TRK-183,25500,2390476.9,2415977.2,03/06/2026 09:10
LD000176,Eld,AGO,Kilele Fuels,TRK-320,28600,2423965.9,2452563.5,2026-06-03 20:38
LD000177,ELDORET,PMS,Pioneer Fuels Kenya,TRK-783,34300,1514993.6,1549287.5,2026-06-03 08:18
LD000178,Eldoret,PMS,Equator Fuels,TRK-316,21500,2924581.6,2946075.8,03/06/2026 06:00
LD000179,Eldoret,PMS,Delta Oil Marketers,TRK-279,31000,3046628.1,3077626.2,03/06/2026 08:00
LD000180,ELDORET,AGO,Highland Energy Co,TRK-925,20000,4473204.4,4493199.1,2026-06-03 12:32
LD000181,ELDORET,PMS,Rift Valley Fuels Ltd,TRK-179,21400,3389112.3,3410512.4,03/06/2026 06:27
LD000182,Eldoret,AGO,Horizon Oil Marketers,TRK-432,34800,1944466.1,1979267.7,03/06/2026 18:18
LD000183,ELDORET,AGO,Uhuru Energy Partners,TRK-349,32200,3125063.0,3157261.7,03/06/2026 16:05
LD000184,ELDORET,AGO,Coastline Energy Ltd,TRK-326,22400,1532467.7,1554868.3,2026-06-03 17:55
LD000185,ELDORET,PMS,Amani Petroleum,TRK-894,31000,4377762.7,4408760.9,03/06/2026 08:33
LD000186,Eldoret,AGO,Horizon Oil Marketers,TRK-302,26400,1419476.7,1445881.2,2026-06-03 09:15
LD000187,Eld,AGO,Delta Oil Marketers,TRK-677,31800,1729135.5,1760941.4,03/06/2026 07:11
LD000188,ELDORET,AGO,Mara Fuels,TRK-169,21400,3141342.3,3162743.4,03/06/2026 15:55
LD000189,NAKURU,AGO,Savannah Petroleum,TRK-175,34200,3374369.8,3408575.1,03/06/2026 13:37
LD000190,Nakuru,AGO,Coastline Energy Ltd,TRK-984,28000,1347681.2,1375684.5,03/06/2026 06:23
LD000191,Nku,AGO,Savannah Petroleum,TRK-929,28600,3347364.5,3375962.3,2026-06-03 22:50
LD000192,Nakuru,PMS,Baraka Downstream,TRK-561,22000,2135103.6,2157111.5,03/06/2026 20:32
LD000193,NAKURU,IK,Tsavo Energy Group,TRK-824,25800,3583669.0,3609459.4,03/06/2026 07:32
LD000194,NAKURU,AGO,Zenith Petroleum,TRK-496,35800,3423099.3,3458904.0,03/06/2026 10:23
LD000195,Nku,AGO,Mara Fuels,TRK-196,23800,1407129.9,1430927.6,03/06/2026 06:50
LD000196,NAKURU,PMS,Lakeview Energy,TRK-244,22600,1746268.1,1768865.0,03/06/2026 09:21
LD000197,NAKURU,IK,Crescent Oil Ltd,TRK-186,24600,1693494.4,1718081.9,03/06/2026 17:08
LD000198,Nku,AGO,Baraka Downstream,TRK-948,35700,1448155.6,1483859.0,2026-06-03 15:52
LD000199,Nakuru,AGO,Zenith Petroleum,TRK-416,26400,4877881.7,4904282.9,2026-06-03 18:32
LD000200,Nakuru,PMS,Nyanza Petroleum Co,TRK-258,24100,1683550.3,1707651.7,03/06/2026 20:12
LD000201,Nakuru,AGO,Highland Energy Co,TRK-639,30700,4717504.0,4748214.2,03/06/2026 08:32
LD000202,Nku,AGO,Summit Downstream Ltd,TRK-285,24500,4077971.7,4102479.8,2026-06-03 09:38
LD000203,KISII,AGO,Zenith Petroleum,TRK-343,35500,3843809.9,3879313.1,03/06/2026 06:26
LD000204,KISII,AGO,Highland Energy Co,TRK-928,28500,3828920.4,3857416.3,2026-06-03 19:14
LD000205, Kisii ,PMS,Coastline Energy Ltd,TRK-614,32300,1349160.7,1381464.5,03/06/2026 19:29
LD000206,Kisii,IK,Crescent Oil Ltd,TRK-356,25100,3375532.4,3400632.5,03/06/2026 11:51
LD000207,Kisii,AGO,Horizon Oil Marketers,TRK-628,25900,2817071.9,2842981.9,03/06/2026 22:59
LD000208,KISII,PMS,Kilele Fuels,TRK-250,23200,3738286.2,3761496.1,2026-06-03 10:17
LD000209,KISII,IK,Kilele Fuels,TRK-127,21400,1555299.1,1576711.0,2026-06-03 12:52
LD000210,Kisii,PMS,Summit Downstream Ltd,TRK-483,32700,1426797.0,1459494.0,2026-06-03 16:15
LD000211,Kisii,PMS,Mara Fuels,TRK-240,33600,3983898.1,4017501.5,03/06/2026 08:53
LD000212,KISII,IK,Baraka Downstream,TRK-580,35900,1820007.2,1855906.5,2026-06-03 20:44
LD000213, Kisii ,IK,Equator Fuels,TRK-661,26100,4705797.7,4731900.6,03/06/2026 05:16
LD000214,Msa,PMS,Coastline Energy Ltd,TRK-344,23200,1654623.8,1677826.3,04/06/2026 14:15
LD000215,MOMBASA,PMS,Highland Energy Co,TRK-627,22600,4258298.9,4280900.3,2026-06-04 20:38
LD000216,MOMBASA,PMS,Zenith Petroleum,TRK-526,25700,4508802.2,4534512.6,2026-06-04 05:39
LD000217,Mombasa,AGO,Amani Petroleum,TRK-905,26300,4266397.8,4292687.6,04/06/2026 16:04
LD000218,Mombasa,AGO,Summit Downstream Ltd,TRK-359,27400,2205511.5,2232906.5,04/06/2026 06:40
LD000219,mombasa,AGO,Horizon Oil Marketers,TRK-852,32000,3010881.6,3042883.2,2026-06-04 16:15
LD000220,Msa,PMS,Tsavo Energy Group,TRK-801,26100,3174211.4,3200310.3,04/06/2026 22:21
LD000221,Mombasa,AGO,Kilele Fuels,TRK-306,34500,3496952.0,3531444.6,2026-06-04 09:04
LD000222,Msa,AGO,Coastline Energy Ltd,TRK-934,22200,4176100.8,4198306.5,04/06/2026 15:59
LD000223,mombasa,PMS,Zenith Petroleum,TRK-148,29900,3133844.4,3163745.3,04/06/2026 11:18
LD000224,Nairobi Depot,PMS,Summit Downstream Ltd,TRK-495,32000,3827921.8,3859923.0,2026-06-04 16:27
LD000225,nrb,AGO,Amani Petroleum,TRK-184,32500,1572511.9,1605015.2,2026-06-04 20:23
LD000226,Nairobi Depot,PMS,Coastline Energy Ltd,TRK-181,27900,4018541.2,4046436.7,04/06/2026 10:34
LD000227,Nairobi Depot,PMS,Kilele Fuels,TRK-143,21600,3145925.4,3167521.5,04/06/2026 18:10
LD000228,NAIROBI,PMS,Summit Downstream Ltd,TRK-920,29700,3009153.4,3038842.4,2026-06-04 06:04
LD000229,Nairobi Depot,PMS,Baraka Downstream,TRK-897,28600,2945429.9,2974037.0,04/06/2026 19:02
LD000230,Nairobi Depot,PMS,Baraka Downstream,TRK-479,20200,3393770.8,3413968.4,04/06/2026 06:38
LD000231,Nairobi Depot,AGO,Zenith Petroleum,TRK-765,29000,3864716.3,3893722.2,2026-06-04 09:33
LD000232,Nairobi,IK,Tsavo Energy Group,TRK-496,35300,2370097.0,2405398.8,04/06/2026 05:47
LD000233,NAIROBI,AGO,Crescent Oil Ltd,TRK-602,23600,2694387.4,2717991.5,2026-06-04 19:13
LD000234,Nairobi,PMS,Tsavo Energy Group,TRK-555,34600,1556464.8,1591057.3,04/06/2026 07:28
LD000235,Kisumu,AGO,Highland Energy Co,TRK-407,29800,1072440.7,1102249.6,2026-06-04 07:35
LD000236,Kisumu,AGO,Horizon Oil Marketers,TRK-911,34800,3828954.5,3863757.5,2026-06-04 21:14
LD000237,Ksm,AGO,Highland Energy Co,TRK-578,22400,3305153.4,3327546.7,2026-06-04 05:23
LD000238,Ksm,AGO,Coastline Energy Ltd,TRK-834,31800,4737468.1,4769277.5,04/06/2026 07:04
LD000239,Ksm,AGO,Pioneer Fuels Kenya,TRK-424,34800,2803357.5,2838170.2,2026-06-04 18:52
LD000240,Ksm,PMS,Baraka Downstream,TRK-898,26400,1219046.6,1245449.2,2026-06-04 21:22
LD000241,Kisumu,AGO,Amani Petroleum,TRK-156,25400,4211413.8,4236818.1,2026-06-04 09:27
LD000242,ELDORET,PMS,Nyanza Petroleum Co,TRK-631,25500,2387812.8,2413301.2,2026-06-04 10:20
LD000243,Eld,PMS,Baraka Downstream,TRK-729,31800,2808871.8,2840670.5,2026-06-04 22:17
LD000244,Eld,AGO,Pioneer Fuels Kenya,TRK-774,22300,1705547.9,1727840.4,04/06/2026 10:37
LD000245,Eld,AGO,Rift Valley Fuels Ltd,TRK-756,28000,2675701.8,2703700.6,04/06/2026 06:52
LD000246,Eld,AGO,Rift Valley Fuels Ltd,TRK-742,29300,3529057.2,3558360.7,04/06/2026 18:39
LD000247,ELDORET,AGO,Nyanza Petroleum Co,TRK-801,20200,3654149.5,3674348.2,04/06/2026 14:30
LD000248,Eldoret,AGO,Kilele Fuels,TRK-575,21400,4987497.0,5008891.5,04/06/2026 06:10
LD000249,ELDORET,AGO,Mara Fuels,TRK-981,28000,3381540.1,3409540.2,04/06/2026 15:55
LD000250,ELDORET,PMS,Highland Energy Co,TRK-347,23400,4592217.2,4615617.1,2026-06-04 16:32
LD000251,Eld,PMS,Horizon Oil Marketers,TRK-493,23300,1762750.9,1786050.7,04/06/2026 12:09
LD000252,ELDORET,PMS,Mara Fuels,TRK-838,29000,1262834.6,1291831.9,2026-06-04 10:52
LD000253,NAKURU,AGO,Kilele Fuels,TRK-415,27300,3097561.1,3124850.7,2026-06-04 20:32
LD000254,Nku,PMS,Kilele Fuels,TRK-320,29000,1620961.0,1649954.8,04/06/2026 17:32
LD000255,Nku,PMS,Crescent Oil Ltd,TRK-769,22900,4447142.5,4470041.8,04/06/2026 14:31
LD000256,Nku,PMS,Horizon Oil Marketers,TRK-370,24300,3575998.2,3600300.8,04/06/2026 05:54
LD000257,Nakuru,AGO,Summit Downstream Ltd,TRK-675,26500,1101545.4,1128047.8,04/06/2026 16:02
LD000258,NAKURU,AGO,Amani Petroleum,TRK-663,30500,1108384.0,1138880.1,2026-06-04 07:24
LD000259,Nku,PMS,Zenith Petroleum,TRK-447,23600,1924299.2,1947899.7,04/06/2026 08:25
LD000260,Nakuru,AGO,Amani Petroleum,TRK-141,22900,3610984.4,3633883.7,2026-06-04 11:38
LD000261, Kisii ,PMS,Delta Oil Marketers,TRK-252,21600,1972688.8,1994292.4,2026-06-04 15:51
LD000262,KISII,PMS,Summit Downstream Ltd,TRK-857,33300,2588734.1,2622036.3,04/06/2026 15:10
LD000263,KISII,AGO,Delta Oil Marketers,TRK-406,30700,1819937.2,1850640.2,2026-06-04 21:34
LD000264, Kisii ,PMS,Pioneer Fuels Kenya,TRK-842,20200,1342034.1,1362232.6,2026-06-04 08:26
LD000265,Kisii,AGO,Pioneer Fuels Kenya,TRK-838,23300,1106128.8,1129430.4,04/06/2026 13:41
LD000266,Kisii,PMS,Nyanza Petroleum Co,TRK-817,26700,4570686.8,4597380.5,2026-06-04 17:09
LD000267,KISII,PMS,Baraka Downstream,TRK-308,33100,2367269.4,2400365.9,04/06/2026 15:26
LD000268,KISII,AGO,Baraka Downstream,TRK-674,29400,2072254.6,2101647.6,04/06/2026 06:45
LD000269, Kisii ,AGO,Kilele Fuels,TRK-450,30000,2637646.6,2667636.2,04/06/2026 15:11
LD000270,KISII,AGO,Delta Oil Marketers,TRK-352,24700,4793813.2,4818521.7,04/06/2026 13:39
LD000271, Kisii ,PMS,Coastline Energy Ltd,TRK-806,32200,1560452.7,1592652.5,04/06/2026 14:49
LD000272, Kisii ,PMS,Aberdare Oil Traders,TRK-687,34300,4199421.0,4233726.5,04/06/2026 16:35
LD000273,Kisii,AGO,Zenith Petroleum,TRK-923,26800,1089877.2,1116678.7,04/06/2026 17:52
LD000274,Msa,PMS,Kilele Fuels,TRK-865,24100,1557424.3,1581515.7,2026-06-05 07:22
LD000275,Mombasa,PMS,Highland Energy Co,TRK-240,33400,4937608.7,4971002.3,2026-06-05 22:17
LD000276,mombasa,PMS,Nyanza Petroleum Co,TRK-523,24400,1073562.7,1097963.2,05/06/2026 21:14
LD000277,Msa,PMS,Highland Energy Co,TRK-261,34600,1471004.3,1505596.2,05/06/2026 09:00
LD000278,Mombasa,AGO,Coastline Energy Ltd,TRK-761,28900,3605681.6,3634584.4,2026-06-05 11:48
LD000279,Msa,AGO,Savannah Petroleum,TRK-279,33300,1825685.1,1858993.2,2026-06-05 12:34
LD000280,mombasa,IK,Summit Downstream Ltd,TRK-290,30600,1701485.1,1732093.0,2026-06-05 06:53
LD000281,Msa,PMS,Mara Fuels,TRK-756,34600,2675082.1,2709684.0,2026-06-05 08:59
LD000282,MOMBASA,AGO,Equator Fuels,TRK-438,20800,1665133.5,1685921.7,05/06/2026 19:17
LD000283,MOMBASA,AGO,Mara Fuels,TRK-681,31800,1331194.7,1362987.5,2026-06-05 10:00
LD000284,Msa,AGO,Uhuru Energy Partners,TRK-188,26200,2154774.9,2180977.8,2026-06-05 17:52
LD000285,mombasa,PMS,Mara Fuels,TRK-106,25700,3876183.6,3901886.5,05/06/2026 09:30
LD000286,Mombasa,PMS,Coastline Energy Ltd,TRK-686,27600,3654684.7,3682275.9,05/06/2026 13:21
LD000287,Msa,AGO,Horizon Oil Marketers,TRK-263,35000,3930288.4,3965291.4,05/06/2026 12:03
LD000288,nrb,AGO,Crescent Oil Ltd,TRK-236,27900,3387371.4,3415263.8,2026-06-05 14:23
LD000289,NAIROBI,AGO,Highland Energy Co,TRK-875,25300,4083648.8,4108948.6,2026-06-05 16:26
LD000290,Nairobi,AGO,Kilele Fuels,TRK-470,31000,2739309.4,2770318.3,2026-06-05 07:33
LD000291,NAIROBI,PMS,Amani Petroleum,TRK-649,23900,4276409.3,4300312.5,2026-06-05 22:57
LD000292,nrb,PMS,Horizon Oil Marketers,TRK-834,24400,3360922.7,3385327.6,2026-06-05 21:28
LD000293,nrb,AGO,Savannah Petroleum,TRK-625,25800,1366328.3,1392127.9,05/06/2026 19:51
LD000294,KISUMU,AGO,Coastline Energy Ltd,TRK-505,32100,3555797.5,3587900.6,2026-06-05 22:29
LD000295,Ksm,AGO,Uhuru Energy Partners,TRK-165,32100,3896413.3,3928513.5,2026-06-05 07:02
LD000296,Kisumu,IK,Delta Oil Marketers,TRK-518,34500,3586659.7,3621159.8,2026-06-05 07:59
LD000297,KISUMU,AGO,Summit Downstream Ltd,TRK-486,31100,1206383.2,1237481.6,2026-06-05 18:23
LD000298,KISUMU,AGO,Zenith Petroleum,TRK-650,29400,4997414.0,5026814.6,2026-06-05 22:08
LD000299,KISUMU,AGO,Rift Valley Fuels Ltd,TRK-405,28900,2892840.5,2921736.8,05/06/2026 12:53
LD000300,Kisumu,AGO,Kilele Fuels,TRK-382,31700,1770396.1,1802094.3,2026-06-05 12:15
LD000301,Kisumu,PMS,Rift Valley Fuels Ltd,TRK-168,21800,2687050.6,2708853.9,2026-06-05 18:39
LD000302,Ksm,PMS,Savannah Petroleum,TRK-339,20900,2820574.7,2841478.7,2026-06-05 06:15
LD000303,Ksm,AGO,Amani Petroleum,TRK-339,28400,3578186.6,3606580.2,05/06/2026 06:08
LD000304,Ksm,AGO,Coastline Energy Ltd,TRK-776,29000,2924247.5,2953254.6,2026-06-05 15:15
LD000305,Kisumu,PMS,Highland Energy Co,TRK-852,34200,3121060.5,3155250.1,05/06/2026 13:03
LD000306,Ksm,AGO,Summit Downstream Ltd,TRK-426,29200,4215907.9,4245101.5,05/06/2026 06:22
LD000307,Eldoret,PMS,Tsavo Energy Group,TRK-584,32700,2275010.0,2307714.3,2026-06-05 14:24
LD000308,ELDORET,PMS,Kilele Fuels,TRK-675,29900,1931837.9,1961739.3,05/06/2026 09:51
LD000309,Eld,AGO,Nyanza Petroleum Co,TRK-438,20400,4480395.5,4500799.1,2026-06-05 09:24
LD000310,Eldoret,IK,Highland Energy Co,TRK-295,32800,4991736.4,5024536.6,05/06/2026 16:05
LD000311,Eld,PMS,Lakeview Energy,TRK-879,25600,4068753.2,4094350.7,2026-06-05 06:55
LD000312,Eld,AGO,Rift Valley Fuels Ltd,TRK-294,30000,4494708.5,4524696.1,2026-06-05 15:19
LD000313,Eldoret,AGO,Nyanza Petroleum Co,TRK-820,35700,4073093.7,4108785.3,05/06/2026 20:58
LD000314,Eld,IK,Coastline Energy Ltd,TRK-646,31800,1955108.6,1986899.8,05/06/2026 22:20
LD000315,Eld,PMS,Delta Oil Marketers,TRK-922,21800,2418488.6,2440283.6,05/06/2026 16:32
LD000316,Nakuru,AGO,Equator Fuels,TRK-523,20700,1071495.7,1092190.4,2026-06-05 15:58
LD000317,Nku,AGO,Highland Energy Co,TRK-693,35800,2711092.5,2746900.3,05/06/2026 05:16
LD000318,Nakuru,PMS,Nyanza Petroleum Co,TRK-953,23500,4799844.7,4823339.7,05/06/2026 11:21
LD000319,Nku,AGO,Delta Oil Marketers,TRK-757,32600,1357644.0,1390248.9,05/06/2026 15:16
LD000320,Nakuru,AGO,Baraka Downstream,TRK-600,35100,2869606.0,2904704.9,2026-06-05 16:10
LD000321,Nakuru,AGO,Savannah Petroleum,TRK-522,29800,1668135.8,1697936.6,2026-06-05 07:52
LD000322,Nakuru,PMS,Equator Fuels,TRK-482,29700,3050754.0,3080456.5,05/06/2026 09:00
LD000323,Nakuru,AGO,Highland Energy Co,TRK-112,23700,1706112.1,1729809.0,05/06/2026 05:00
LD000324,NAKURU,AGO,Amani Petroleum,TRK-790,32500,2400501.0,2432998.2,2026-06-05 14:01
LD000325,Nku,PMS,Baraka Downstream,TRK-734,20900,4876410.5,4897317.6,05/06/2026 08:33
LD000326,KISII,AGO,Summit Downstream Ltd,TRK-515,22500,4263332.5,4285829.6,2026-06-05 13:50
LD000327, Kisii ,IK,Lakeview Energy,TRK-978,23600,1895270.5,1918882.3,2026-06-05 12:19
LD000328,Kisii,PMS,Highland Energy Co,TRK-752,29300,1365947.3,1395252.0,2026-06-05 17:24
LD000329,Kisii,PMS,Mara Fuels,TRK-978,34000,2062400.2,2096402.9,2026-06-05 18:41
LD000330,KISII,PMS,Savannah Petroleum,TRK-800,28800,1347947.0,1376752.4,2026-06-05 20:17
LD000331, Kisii ,PMS,Equator Fuels,TRK-870,26500,2490754.1,2517258.5,05/06/2026 15:01
LD000332,Msa,IK,Pioneer Fuels Kenya,TRK-954,28500,4848487.9,4876983.1,06/06/2026 14:10
LD000333,Mombasa,PMS,Lakeview Energy,TRK-454,21800,4577919.7,4599719.9,2026-06-06 09:50
LD000334,Msa,PMS,Crescent Oil Ltd,TRK-709,34500,3285275.8,3319781.0,06/06/2026 07:21
LD000335,Msa,PMS,Kilele Fuels,TRK-464,30600,3175115.6,3205717.6,06/06/2026 13:50
LD000336,Mombasa,PMS,Crescent Oil Ltd,TRK-352,28300,4472643.2,4500946.4,2026-06-06 17:05
LD000337,mombasa,PMS,Baraka Downstream,TRK-424,23900,1629362.6,1653260.3,2026-06-06 17:45
LD000338,MOMBASA,PMS,Zenith Petroleum,TRK-204,23800,4720361.4,4744156.6,2026-06-06 14:28
LD000339,Mombasa,PMS,Highland Energy Co,TRK-205,21700,3795963.0,3817664.0,2026-06-06 19:35
LD000340,Msa,PMS,Crescent Oil Ltd,TRK-984,35400,2861880.0,2897279.2,2026-06-06 07:38
LD000341,MOMBASA,PMS,Lakeview Energy,TRK-672,34100,1020580.7,1054678.0,2026-06-06 17:49
LD000342,MOMBASA,AGO,Aberdare Oil Traders,TRK-604,34500,1004480.4,1038983.6,2026-06-06 10:08
LD000343,mombasa,PMS,Coastline Energy Ltd,TRK-178,28900,4026543.2,4055439.3,06/06/2026 13:26
LD000344,MOMBASA,IK,Crescent Oil Ltd,TRK-209,21300,2305734.3,2327031.2,06/06/2026 20:38
LD000345,mombasa,PMS,Crescent Oil Ltd,TRK-982,29000,1463375.4,1492374.3,06/06/2026 17:21
LD000346,MOMBASA,PMS,Mara Fuels,TRK-811,24500,1073710.9,1098211.8,06/06/2026 09:19
LD000347,nrb,PMS,Coastline Energy Ltd,TRK-748,35400,2367488.7,2402891.7,2026-06-06 17:20
LD000348,NAIROBI,PMS,Summit Downstream Ltd,TRK-677,21600,4748913.9,4770514.8,2026-06-06 13:52
LD000349,nrb,AGO,Kilele Fuels,TRK-314,31000,1271348.2,1302353.6,06/06/2026 22:01
LD000350,Nairobi Depot,AGO,Uhuru Energy Partners,TRK-242,21100,3328681.8,3349776.7,2026-06-06 07:52
LD000351,nrb,PMS,Uhuru Energy Partners,TRK-175,25500,3483662.1,3509159.3,06/06/2026 09:45
LD000352,Nairobi Depot,AGO,Uhuru Energy Partners,TRK-909,32100,1098347.7,1130449.6,2026-06-06 22:32
LD000353,Nairobi,PMS,Zenith Petroleum,TRK-727,20400,2294440.9,2314848.7,06/06/2026 12:42
LD000354,Nairobi Depot,IK,Uhuru Energy Partners,TRK-200,30900,2783610.8,2814510.5,2026-06-06 15:50
LD000355,nrb,AGO,Pioneer Fuels Kenya,TRK-326,24400,4988498.0,5012890.8,06/06/2026 21:35
LD000356,Nairobi,PMS,Zenith Petroleum,TRK-594,22600,4179238.2,4201827.2,06/06/2026 21:09
LD000357,nrb,PMS,Baraka Downstream,TRK-451,31100,1883078.5,1914179.7,2026-06-06 07:07
LD000358,nrb,AGO,Horizon Oil Marketers,TRK-813,30500,2093038.1,2123535.3,06/06/2026 16:30
LD000359,Nairobi,PMS,Horizon Oil Marketers,TRK-451,35200,1604231.6,1639434.9,2026-06-06 06:51
LD000360,nrb,IK,Tsavo Energy Group,TRK-438,26700,3554103.8,3580803.3,06/06/2026 12:33
LD000361,KISUMU,PMS,Tsavo Energy Group,TRK-773,32200,2769195.0,2801389.4,06/06/2026 17:40
LD000362,Ksm,PMS,Pioneer Fuels Kenya,TRK-104,31600,3983348.0,4014942.1,2026-06-06 11:28
LD000363,Kisumu,PMS,Horizon Oil Marketers,TRK-649,23200,4472491.3,4495693.8,06/06/2026 07:36
LD000364,Ksm,PMS,Aberdare Oil Traders,TRK-601,27500,3172931.2,3200439.8,06/06/2026 19:07
LD000365,KISUMU,AGO,Horizon Oil Marketers,TRK-965,22500,1814805.0,1837313.1,2026-06-06 17:37
LD000366,Kisumu,AGO,Crescent Oil Ltd,TRK-788,20300,4187191.3,4207478.9,06/06/2026 14:58
LD000367,Ksm,PMS,Tsavo Energy Group,TRK-244,24700,4647344.1,4672052.3,06/06/2026 14:07
LD000368,Ksm,PMS,Summit Downstream Ltd,TRK-598,24000,3233650.7,3257658.2,2026-06-06 09:36
LD000369,KISUMU,AGO,Baraka Downstream,TRK-962,23600,1643301.9,1666895.3,2026-06-06 20:18
LD000370,Ksm,AGO,Baraka Downstream,TRK-493,29400,2732987.0,2762392.8,06/06/2026 05:31
LD000371,Ksm,PMS,Kilele Fuels,TRK-184,35700,1598322.6,1634032.4,2026-06-06 20:26
LD000372,ELDORET,AGO,Savannah Petroleum,TRK-650,27700,3400082.2,3427780.3,2026-06-06 12:18
LD000373,ELDORET,AGO,Amani Petroleum,TRK-216,24700,3779927.5,3804629.4,06/06/2026 20:35
LD000374,Eldoret,AGO,Kilele Fuels,TRK-535,20600,2922027.8,2942630.2,2026-06-06 06:48
LD000375,Eldoret,PMS,Aberdare Oil Traders,TRK-936,21700,1968180.1,1989892.1,06/06/2026 06:28
LD000376,Eld,AGO,Nyanza Petroleum Co,TRK-855,31200,3238594.7,3269794.6,06/06/2026 08:49
LD000377,Eldoret,AGO,Crescent Oil Ltd,TRK-311,20200,2305845.2,2326040.8,2026-06-06 18:10
LD000378,Eld,AGO,Crescent Oil Ltd,TRK-431,25600,1132812.4,1158412.6,06/06/2026 22:17
LD000379,Nakuru,PMS,Amani Petroleum,TRK-795,25700,2288378.8,2314083.4,2026-06-06 13:54
LD000380,Nku,IK,Savannah Petroleum,TRK-987,20700,3681541.8,3702244.6,2026-06-06 18:58
LD000381,Nakuru,AGO,Baraka Downstream,TRK-948,35200,1496879.9,1532081.0,06/06/2026 09:15
LD000382,Nku,AGO,Uhuru Energy Partners,TRK-177,29900,3451776.7,3481681.1,2026-06-06 13:40
LD000383,NAKURU,PMS,Zenith Petroleum,TRK-599,24800,4740807.3,4765608.0,2026-06-06 13:44
LD000384,NAKURU,AGO,Kilele Fuels,TRK-814,32500,3449031.9,3481534.5,2026-06-06 07:46
LD000385,NAKURU,AGO,Uhuru Energy Partners,TRK-606,27800,3643280.5,3671091.3,06/06/2026 17:13
LD000386,NAKURU,AGO,Pioneer Fuels Kenya,TRK-972,32500,2923615.3,2956121.2,06/06/2026 15:35
LD000387,NAKURU,AGO,Horizon Oil Marketers,TRK-956,20700,1655997.9,1676706.3,2026-06-06 06:02
LD000388,Kisii,PMS,,TRK-538,30400,2917115.7,2947513.4,2026-06-06 10:28
LD000389,KISII,AGO,Aberdare Oil Traders,TRK-469,29900,2316069.8,2345978.2,2026-06-06 14:10
LD000390, Kisii ,PMS,Summit Downstream Ltd,TRK-843,33900,2734621.3,2768520.3,2026-06-06 10:03
LD000391,Kisii,PMS,,TRK-588,20700,1646690.2,1667392.7,2026-06-06 07:45
LD000392,KISII,AGO,,TRK-812,27900,1326106.0,1353996.0,2026-06-06 21:43
LD000393,KISII,IK,Baraka Downstream,TRK-334,26500,1882244.5,1908737.8,2026-06-06 18:44
LD000394,Kisii,AGO,Mara Fuels,TRK-406,33400,1696773.3,1730171.4,06/06/2026 08:06
LD000395,Kisii,AGO,Baraka Downstream,TRK-676,35400,2663629.5,2699031.4,2026-06-06 09:41
LD000396, Kisii ,PMS,Baraka Downstream,TRK-730,31800,4070895.6,4102700.8,06/06/2026 11:40
LD000397, Kisii ,AGO,Horizon Oil Marketers,TRK-226,28100,3173202.1,3201315.1,06/06/2026 07:57
LD000398,Kisii,PMS,Baraka Downstream,TRK-760,20500,2582060.7,2602562.8,2026-06-06 18:20
LD000399,KISII,AGO,Rift Valley Fuels Ltd,TRK-774,29700,3390894.3,3420597.3,2026-06-06 14:49
LD000400,MOMBASA,AGO,Summit Downstream Ltd,TRK-155,29500,4649453.4,4678959.1,07/06/2026 21:12
LD000401,mombasa,PMS,Crescent Oil Ltd,TRK-112,23400,3491866.3,3515273.2,07/06/2026 12:31
LD000402,Msa,PMS,Highland Energy Co,TRK-881,22100,3863299.9,3885403.8,2026-06-07 18:23
LD000403,Msa,PMS,Aberdare Oil Traders,TRK-161,34500,1718732.4,1753234.0,07/06/2026 07:00
LD000404,Mombasa,AGO,Uhuru Energy Partners,TRK-511,27900,1988924.3,2016822.8,2026-06-07 21:49
LD000405,MOMBASA,PMS,Amani Petroleum,TRK-927,33900,2781221.0,2815109.8,07/06/2026 14:05
LD000406,MOMBASA,PMS,Uhuru Energy Partners,TRK-966,29500,1654095.5,1683596.7,2026-06-07 07:19
LD000407,mombasa,PMS,Kilele Fuels,TRK-156,26300,4877649.3,4903953.3,2026-06-07 18:07
LD000408,Nairobi Depot,PMS,Rift Valley Fuels Ltd,TRK-455,32400,1523494.6,1555888.4,2026-06-07 09:44
LD000409,Nairobi Depot,PMS,Horizon Oil Marketers,TRK-130,35500,2815158.2,2850658.6,07/06/2026 13:46
LD000410,nrb,PMS,Pioneer Fuels Kenya,TRK-608,25400,4315533.5,4340927.1,07/06/2026 07:16
LD000411,Nairobi,PMS,Tsavo Energy Group,TRK-205,26900,1994857.1,2021764.6,2026-06-07 10:23
LD000412,Nairobi Depot,AGO,Rift Valley Fuels Ltd,TRK-583,22700,1670476.9,1693181.2,07/06/2026 05:02
LD000413,nrb,IK,Savannah Petroleum,TRK-831,20600,3945608.1,3966206.5,2026-06-07 10:59
LD000414,Ksm,PMS,Mara Fuels,TRK-179,31300,2785474.6,2816785.0,07/06/2026 18:58
LD000415,KISUMU,PMS,Nyanza Petroleum Co,TRK-147,33800,3232561.0,3266358.4,2026-06-07 06:11
LD000416,KISUMU,AGO,Coastline Energy Ltd,TRK-666,35800,1491883.2,1527683.4,2026-06-07 14:49
LD000417,KISUMU,PMS,Coastline Energy Ltd,TRK-348,23700,1206787.3,1230481.1,07/06/2026 14:36
LD000418,Kisumu,AGO,Equator Fuels,TRK-659,22900,1354222.3,1377125.4,2026-06-07 20:49
LD000419,Ksm,PMS,Nyanza Petroleum Co,TRK-751,21700,3338682.8,3360378.4,2026-06-07 18:01
LD000420,ELDORET,IK,Summit Downstream Ltd,TRK-844,35400,1019759.9,1055168.0,2026-06-07 05:48
LD000421,Eld,PMS,Delta Oil Marketers,TRK-245,35200,3556479.8,3591679.1,07/06/2026 12:26
LD000422,ELDORET,PMS,Amani Petroleum,TRK-481,28200,2955386.3,2983591.7,2026-06-07 12:57
LD000423,Eldoret,AGO,Summit Downstream Ltd,TRK-681,30700,1558605.0,1589300.3,07/06/2026 21:08
LD000424,ELDORET,AGO,Coastline Energy Ltd,TRK-422,30800,4879648.2,4910451.4,07/06/2026 09:15
LD000425,Eld,PMS,Lakeview Energy,TRK-239,21500,3690408.5,3711913.9,2026-06-07 13:14
LD000426,Eld,PMS,Kilele Fuels,TRK-223,22800,3770503.8,3793303.0,07/06/2026 10:28
LD000427,Nakuru,IK,Coastline Energy Ltd,TRK-972,35700,2497187.1,2532888.0,2026-06-07 11:28
LD000428,NAKURU,PMS,Crescent Oil Ltd,TRK-955,32300,1452439.3,1484740.1,2026-06-07 14:52
LD000429,NAKURU,PMS,Summit Downstream Ltd,TRK-793,32700,4674711.2,4707414.3,07/06/2026 12:22
LD000430,Nku,AGO,Summit Downstream Ltd,TRK-669,33200,3667886.1,3701086.8,2026-06-07 10:01
LD000431,Nakuru,PMS,Baraka Downstream,TRK-163,29200,2394294.7,2423496.4,2026-06-07 08:51
LD000432,Nakuru,PMS,Lakeview Energy,TRK-365,25100,4465754.7,4490849.1,2026-06-07 17:23
LD000433,NAKURU,IK,Kilele Fuels,TRK-194,35900,4009711.1,4045609.8,2026-06-07 11:57
LD000434,Nku,PMS,Tsavo Energy Group,TRK-543,21700,3602046.6,3623744.1,07/06/2026 19:03
LD000435,Nakuru,AGO,Uhuru Energy Partners,TRK-319,32200,4702699.3,4734903.8,07/06/2026 17:43
LD000436,Nku,PMS,Crescent Oil Ltd,TRK-351,34000,2268782.9,2302782.2,07/06/2026 09:02
LD000437,Nakuru,AGO,Savannah Petroleum,TRK-492,33900,2502689.0,2536593.9,07/06/2026 22:30
LD000438,Nku,PMS,Highland Energy Co,TRK-491,25300,3520835.0,3546128.3,07/06/2026 21:15
LD000439,KISII,AGO,Pioneer Fuels Kenya,TRK-497,26300,3781868.8,3808163.8,2026-06-07 20:22
LD000440, Kisii ,PMS,Aberdare Oil Traders,TRK-583,23800,2493007.2,2516796.4,07/06/2026 12:01
LD000441,KISII,AGO,Horizon Oil Marketers,TRK-346,23600,1292783.7,1316391.9,2026-06-07 12:10
LD000442,Kisii,AGO,Summit Downstream Ltd,TRK-959,29900,2853976.2,2883881.2,2026-06-07 12:36
LD000443, Kisii ,PMS,Zenith Petroleum,TRK-128,26100,4453334.6,4479422.1,07/06/2026 15:51
LD000444,KISII,IK,Equator Fuels,TRK-929,20400,2364991.3,2385402.8,07/06/2026 09:36
LD000445,Kisii,PMS,Savannah Petroleum,TRK-324,26100,2595291.1,2621396.2,07/06/2026 06:05
LD000446,KISII,PMS,Baraka Downstream,TRK-281,29700,4059533.0,4089245.2,2026-06-07 11:51
LD000447,KISII,PMS,Horizon Oil Marketers,TRK-981,33000,3872492.3,3905496.1,2026-06-07 09:49
LD000448,Kisii,PMS,Horizon Oil Marketers,TRK-430,23900,4708138.2,4732039.6,2026-06-07 17:37
LD000449, Kisii ,AGO,Delta Oil Marketers,TRK-278,21000,4737744.1,4758740.3,07/06/2026 18:50
LD000450,Kisii,PMS,Coastline Energy Ltd,TRK-401,27800,2027106.3,2054904.9,2026-06-07 10:24
LD000451,KISII,AGO,Pioneer Fuels Kenya,TRK-716,24600,2229159.9,2253760.8,2026-06-07 17:54
LD000452,Kisii,AGO,Delta Oil Marketers,TRK-863,25000,3441335.1,3466342.1,2026-06-07 08:59
LD000453, Kisii ,PMS,Lakeview Energy,TRK-786,31500,2090496.0,2121991.1,07/06/2026 15:10
LD000454,mombasa,PMS,Nyanza Petroleum Co,TRK-458,30900,1725753.4,1756652.3,2026-06-08 13:13
LD000455,Msa,AGO,Kilele Fuels,TRK-270,28400,3836185.0,3864585.8,08/06/2026 06:24
LD000456,MOMBASA,AGO,Summit Downstream Ltd,TRK-590,24100,4851707.5,4875802.8,2026-06-08 16:34
LD000457,Mombasa,AGO,Rift Valley Fuels Ltd,TRK-207,27700,4223970.2,4251667.3,08/06/2026 06:18
LD000458,mombasa,PMS,Lakeview Energy,TRK-195,30100,4805613.4,4835713.7,08/06/2026 17:10
LD000459,MOMBASA,AGO,Tsavo Energy Group,TRK-544,29600,4276755.4,4306354.0,2026-06-08 18:41
LD000460,mombasa,PMS,Uhuru Energy Partners,TRK-839,23400,3443924.0,3467326.0,08/06/2026 11:12
LD000461,Msa,PMS,Summit Downstream Ltd,TRK-960,26600,4359445.2,4386043.8,2026-06-08 08:03
LD000462,Msa,PMS,Lakeview Energy,TRK-777,23800,4122102.1,4145905.9,2026-06-08 05:27
LD000463,Mombasa,PMS,Coastline Energy Ltd,TRK-584,24400,4290457.3,4314866.4,08/06/2026 11:10
LD000464,Msa,AGO,Aberdare Oil Traders,TRK-657,21500,3495437.3,3516933.2,2026-06-08 20:31
LD000465,Msa,PMS,Tsavo Energy Group,TRK-369,27200,3346433.9,3373636.5,08/06/2026 17:23
LD000466,Nairobi,PMS,Savannah Petroleum,TRK-813,27600,3141432.4,3169028.7,2026-06-08 13:36
LD000467,nrb,AGO,Pioneer Fuels Kenya,TRK-162,22900,2249087.1,2271983.6,08/06/2026 22:26
LD000468,nrb,IK,Nyanza Petroleum Co,TRK-180,30200,2027535.4,2057732.2,2026-06-08 20:36
LD000469,NAIROBI,AGO,Pioneer Fuels Kenya,TRK-735,30100,1233818.5,1263916.3,2026-06-08 21:51
LD000470,NAIROBI,IK,Tsavo Energy Group,TRK-927,29600,3703365.0,3732961.5,2026-06-08 19:11
LD000471,NAIROBI,PMS,Uhuru Energy Partners,TRK-942,27100,2783163.7,2810268.9,08/06/2026 07:43
LD000472,Nairobi Depot,PMS,Summit Downstream Ltd,TRK-665,29700,2348908.5,2378605.9,08/06/2026 07:05
LD000473,KISUMU,AGO,Crescent Oil Ltd,TRK-900,32400,2059581.8,2091987.5,2026-06-08 05:50
LD000474,Kisumu,PMS,Pioneer Fuels Kenya,TRK-202,26400,2467824.3,2494232.9,2026-06-08 09:36
LD000475,KISUMU,AGO,Zenith Petroleum,TRK-370,25500,3468623.1,3494129.3,08/06/2026 22:56
LD000476,Ksm,AGO,Tsavo Energy Group,TRK-247,30700,1279726.4,1310425.3,08/06/2026 20:02
LD000477,KISUMU,PMS,Nyanza Petroleum Co,TRK-586,30200,2084589.7,2114798.1,08/06/2026 15:44
LD000478,Ksm,PMS,Aberdare Oil Traders,TRK-978,23700,2827434.6,2851139.0,2026-06-08 14:19
LD000479,KISUMU,IK,Coastline Energy Ltd,TRK-553,23000,1209355.5,1232348.0,08/06/2026 12:08
LD000480,KISUMU,AGO,Kilele Fuels,TRK-943,35900,2785409.4,2821302.8,08/06/2026 07:12
LD000481,Kisumu,AGO,Savannah Petroleum,TRK-262,25300,3321900.0,3347206.6,08/06/2026 16:52
LD000482,Kisumu,AGO,Amani Petroleum,TRK-129,22700,2637911.4,2660614.9,2026-06-08 17:08
LD000483,Kisumu,AGO,Savannah Petroleum,TRK-567,26800,4287225.8,4314025.7,08/06/2026 11:53
LD000484,Kisumu,AGO,Kilele Fuels,TRK-750,26100,1479316.0,1505417.9,2026-06-08 13:23
LD000485,ELDORET,PMS,Kilele Fuels,TRK-991,22400,4969934.0,4992334.4,08/06/2026 20:38
LD000486,Eldoret,PMS,Lakeview Energy,TRK-495,33500,3083831.9,3117335.8,2026-06-08 13:47
LD000487,Eldoret,AGO,Nyanza Petroleum Co,TRK-793,30000,1356497.7,1386495.1,08/06/2026 11:54
LD000488,Eld,AGO,Rift Valley Fuels Ltd,TRK-235,33200,4128112.4,4161314.2,2026-06-08 21:01
LD000489,Eld,AGO,Aberdare Oil Traders,TRK-412,31300,1144641.5,1175936.1,08/06/2026 05:14
LD000490,ELDORET,PMS,Zenith Petroleum,TRK-323,25800,1350571.0,1376366.6,08/06/2026 17:54
LD000491,ELDORET,AGO,,TRK-778,35000,3215209.0,3250204.8,08/06/2026 17:37
LD000492,Eld,PMS,Lakeview Energy,TRK-383,27200,3402377.3,3429569.3,08/06/2026 08:30
LD000493,Nakuru,AGO,Coastline Energy Ltd,TRK-629,22600,4145103.8,4167712.2,2026-06-08 13:41
LD000494,Nakuru,AGO,Mara Fuels,TRK-838,26300,3004612.0,3030921.5,08/06/2026 17:42
LD000495,Nakuru,IK,Uhuru Energy Partners,TRK-854,26400,3158930.5,3185337.9,2026-06-08 13:58
LD000496,Nku,PMS,Highland Energy Co,TRK-587,28500,3885688.3,3914193.7,08/06/2026 12:43
LD000497,NAKURU,AGO,Highland Energy Co,TRK-199,22300,1847930.0,1870227.3,2026-06-08 10:53
LD000498,Nku,AGO,Tsavo Energy Group,TRK-443,20400,1615164.6,1635569.5,2026-06-08 22:48
LD000499,NAKURU,PMS,Coastline Energy Ltd,TRK-439,23600,4829291.6,4852895.2,08/06/2026 12:47
LD000500,Nku,AGO,Horizon Oil Marketers,TRK-987,29200,2917417.8,2946618.4,2026-06-08 19:54
LD000501,Nku,AGO,Horizon Oil Marketers,TRK-490,25000,3425483.8,3450481.2,08/06/2026 11:32
LD000502,NAKURU,PMS,Equator Fuels,TRK-683,35200,4300803.1,4336007.8,2026-06-08 09:08
LD000503,Nakuru,PMS,Lakeview Energy,TRK-746,30700,1487047.6,1517752.4,08/06/2026 10:49
LD000504,Nakuru,AGO,Aberdare Oil Traders,TRK-892,23700,1319861.6,1343544.7,2026-06-08 05:28
LD000505,KISII,AGO,Crescent Oil Ltd,TRK-539,27000,1422658.7,1449652.7,08/06/2026 07:08
LD000506,KISII,IK,Savannah Petroleum,TRK-848,29900,3600804.4,3630707.4,2026-06-08 17:00
LD000507, Kisii ,AGO,Rift Valley Fuels Ltd,TRK-741,22400,1245398.5,1267797.4,2026-06-08 21:12
LD000508, Kisii ,PMS,Baraka Downstream,TRK-615,20900,4979465.3,5000372.8,08/06/2026 16:19
LD000509, Kisii ,PMS,Coastline Energy Ltd,TRK-632,20900,3780140.9,3801037.8,08/06/2026 06:19
LD000510,Kisii,PMS,Delta Oil Marketers,TRK-292,31100,1249167.2,1280265.7,08/06/2026 09:21
LD000511, Kisii ,PMS,Baraka Downstream,TRK-122,28200,4986787.4,5014989.6,2026-06-08 12:46
LD000512,Kisii,PMS,Aberdare Oil Traders,TRK-738,24900,3495583.3,3520489.3,2026-06-08 06:24
LD000513,Kisii,AGO,Horizon Oil Marketers,TRK-489,28400,2704333.5,2732726.7,08/06/2026 05:03
LD000514,Mombasa,AGO,Rift Valley Fuels Ltd,TRK-777,28400,2926539.4,2954938.3,09/06/2026 09:13
LD000515,Mombasa,AGO,Horizon Oil Marketers,TRK-732,22800,2548315.0,2571113.8,09/06/2026 09:26
LD000516,mombasa,PMS,Equator Fuels,TRK-896,32600,3328592.9,3361187.7,2026-06-09 08:31
LD000517,MOMBASA,PMS,Tsavo Energy Group,TRK-608,30900,1758779.4,1789671.7,09/06/2026 18:18
LD000518,Msa,PMS,Lakeview Energy,TRK-955,33300,3517195.2,3550500.4,2026-06-09 05:00
LD000519,MOMBASA,IK,Horizon Oil Marketers,TRK-759,23200,1258466.7,1281666.1,09/06/2026 21:04
LD000520,MOMBASA,IK,Kilele Fuels,TRK-932,24300,3584360.5,3608658.3,2026-06-09 14:16
LD000521,Mombasa,AGO,Mara Fuels,TRK-218,28000,2064077.1,2092075.2,2026-06-09 16:51
LD000522,mombasa,PMS,Tsavo Energy Group,TRK-548,30400,4242743.7,4273146.5,2026-06-09 09:42
LD000523,mombasa,PMS,Horizon Oil Marketers,TRK-567,29800,4438260.9,4468063.4,09/06/2026 15:11
LD000524,MOMBASA,AGO,Uhuru Energy Partners,TRK-916,22100,1408598.1,1430697.5,2026-06-09 20:51
LD000525,Msa,PMS,Tsavo Energy Group,TRK-704,30500,4771324.6,4801826.2,09/06/2026 06:54
LD000526,NAIROBI,PMS,Zenith Petroleum,TRK-983,27400,3548805.9,3576205.1,09/06/2026 17:49
LD000527,Nairobi Depot,IK,Uhuru Energy Partners,TRK-164,30500,4580471.0,4610977.5,09/06/2026 08:56
LD000528,Nairobi Depot,PMS,Pioneer Fuels Kenya,TRK-329,21100,3073632.1,3094739.9,2026-06-09 21:49
LD000529,nrb,PMS,Zenith Petroleum,TRK-756,22400,3949735.1,3972145.2,2026-06-09 12:30
LD000530,NAIROBI,AGO,Crescent Oil Ltd,TRK-758,20700,1339168.1,1359868.8,09/06/2026 22:57
LD000531,Nairobi Depot,AGO,Delta Oil Marketers,TRK-438,31500,1288337.3,1319830.6,2026-06-09 10:04
LD000532,Nairobi,AGO,Summit Downstream Ltd,TRK-340,25600,4098614.1,4124209.2,09/06/2026 22:41
LD000533,nrb,PMS,Delta Oil Marketers,TRK-221,30600,1740782.3,1771388.2,2026-06-09 19:05
LD000534,Nairobi,PMS,Highland Energy Co,TRK-945,24200,1083779.8,1107983.4,09/06/2026 18:02
LD000535,Nairobi,AGO,Kilele Fuels,TRK-472,21300,4871440.1,4892745.1,2026-06-09 22:13
LD000536,Nairobi Depot,AGO,Crescent Oil Ltd,TRK-833,30000,2527758.6,2557754.8,09/06/2026 15:35
LD000537,Nairobi Depot,PMS,Mara Fuels,TRK-748,23300,1485545.7,1508852.3,09/06/2026 12:00
LD000538,nrb,AGO,Tsavo Energy Group,TRK-941,30300,3121208.5,3151511.3,2026-06-09 06:57
LD000539,Kisumu,PMS,Horizon Oil Marketers,TRK-502,25200,1500934.3,1526129.2,09/06/2026 11:12
LD000540,Kisumu,AGO,Mara Fuels,TRK-524,27800,4681188.7,4708988.4,2026-06-09 11:45
LD000541,KISUMU,AGO,Pioneer Fuels Kenya,TRK-237,28300,3465998.9,3494300.0,2026-06-09 19:29
LD000542,Ksm,AGO,Uhuru Energy Partners,TRK-594,21500,2503971.6,2525467.1,2026-06-09 06:35
LD000543,Ksm,AGO,Baraka Downstream,TRK-773,28800,2554611.2,2583408.6,09/06/2026 10:46
LD000544,Kisumu,AGO,Crescent Oil Ltd,TRK-880,34900,3703929.1,3738825.3,09/06/2026 17:26
LD000545,KISUMU,PMS,Kilele Fuels,TRK-241,27900,1050859.6,1078763.3,09/06/2026 15:18
LD000546,Eld,AGO,Mara Fuels,TRK-666,28700,3544283.1,3572981.3,2026-06-09 22:55
LD000547,Eld,PMS,Zenith Petroleum,TRK-235,23500,4913589.1,4937091.0,2026-06-09 14:43
LD000548,ELDORET,AGO,Horizon Oil Marketers,TRK-675,22900,1215432.8,1238340.8,09/06/2026 15:45
LD000549,Eldoret,AGO,Uhuru Energy Partners,TRK-635,25100,4012749.3,4037850.8,2026-06-09 22:18
LD000550,Eldoret,PMS,Savannah Petroleum,TRK-868,31600,1431774.9,1463366.3,09/06/2026 06:42
LD000551,Eldoret,AGO,Savannah Petroleum,TRK-402,31000,1367483.6,1398483.5,2026-06-09 09:53
LD000552,Eld,PMS,Crescent Oil Ltd,TRK-857,22400,2369534.5,2391937.2,2026-06-09 19:06
LD000553,Eld,AGO,Nyanza Petroleum Co,TRK-915,26600,4032740.0,4059343.3,09/06/2026 22:24
LD000554,Eld,AGO,Summit Downstream Ltd,TRK-907,21700,1606277.5,1627984.7,09/06/2026 06:59
LD000555,ELDORET,IK,Aberdare Oil Traders,TRK-989,21500,3308691.1,3330190.2,2026-06-09 06:00
LD000556,Eldoret,IK,Pioneer Fuels Kenya,TRK-717,22600,3232169.3,3254774.4,2026-06-09 16:48
LD000557,Eld,PMS,Lakeview Energy,TRK-277,33000,3966848.2,3999846.4,2026-06-09 10:43
LD000558,Eld,PMS,Highland Energy Co,TRK-264,23100,4519265.9,4542369.0,09/06/2026 18:17
LD000559,Eld,PMS,Baraka Downstream,TRK-430,30500,2243715.7,2274219.5,2026-06-09 19:45
LD000560,Nku,AGO,Pioneer Fuels Kenya,TRK-174,25700,4135167.1,4160870.0,09/06/2026 14:31
LD000561,NAKURU,AGO,Lakeview Energy,TRK-263,28900,1020918.5,1049814.6,09/06/2026 10:33
LD000562,NAKURU,PMS,Equator Fuels,TRK-439,35300,2471763.0,2507066.2,09/06/2026 12:56
LD000563,Nakuru,PMS,Highland Energy Co,TRK-764,25200,1595552.2,1620755.8,2026-06-09 21:30
LD000564,Nakuru,AGO,Crescent Oil Ltd,TRK-349,35900,2473238.1,2509136.2,09/06/2026 19:15
LD000565,Nakuru,PMS,Aberdare Oil Traders,TRK-389,27200,3888283.8,3915484.9,09/06/2026 08:24
LD000566,Nakuru,AGO,Delta Oil Marketers,TRK-767,26300,2650487.4,2676792.1,09/06/2026 21:28
LD000567,Kisii,AGO,Highland Energy Co,TRK-741,22900,1116285.5,1139183.5,2026-06-09 08:10
LD000568, Kisii ,AGO,Uhuru Energy Partners,TRK-310,26200,2609308.5,2635506.4,09/06/2026 11:55
LD000569,KISII,AGO,Baraka Downstream,TRK-834,34000,3040438.8,3074436.1,2026-06-09 07:47
LD000570,Kisii,PMS,Aberdare Oil Traders,TRK-688,23600,3811773.8,3835375.3,09/06/2026 06:11
LD000571,KISII,PMS,Summit Downstream Ltd,TRK-117,20800,2946390.6,2967198.6,2026-06-09 19:40
LD000572,Kisii,AGO,Pioneer Fuels Kenya,TRK-968,20400,2288432.0,2308839.8,09/06/2026 07:48
LD000573,KISII,IK,Coastline Energy Ltd,TRK-388,30200,1595998.9,1626204.2,09/06/2026 08:18
LD000574, Kisii ,PMS,Tsavo Energy Group,TRK-239,35700,1839368.0,1875072.2,09/06/2026 05:30
LD000575, Kisii ,AGO,Baraka Downstream,TRK-914,33200,3081186.3,3114381.8,09/06/2026 22:18
LD000576,Kisii,IK,Highland Energy Co,TRK-142,31800,1943430.4,1975228.9,09/06/2026 05:35
LD000577,KISII,AGO,Equator Fuels,TRK-843,25900,1250168.9,1276072.0,2026-06-09 07:19
LD000578,KISII,PMS,Tsavo Energy Group,TRK-731,31700,2197774.0,2229477.5,2026-06-09 21:09
LD000579,Kisii,PMS,Highland Energy Co,TRK-662,22800,3550213.1,3573006.5,09/06/2026 06:54
LD000580,mombasa,AGO,Equator Fuels,TRK-598,35900,3988878.4,4024778.3,10/06/2026 13:06
LD000581,mombasa,PMS,Coastline Energy Ltd,TRK-298,31800,4801251.0,4833052.5,10/06/2026 12:06
LD000582,mombasa,AGO,Pioneer Fuels Kenya,TRK-680,35700,1661176.4,1696869.5,10/06/2026 14:44
LD000583,Msa,IK,Mara Fuels,TRK-326,31200,3343240.6,3374449.0,10/06/2026 10:00
LD000584,Msa,AGO,Mara Fuels,TRK-573,34900,4130327.8,4165231.5,10/06/2026 09:43
LD000585,Mombasa,AGO,Horizon Oil Marketers,TRK-721,20900,4410912.1,4431809.2,10/06/2026 20:35
LD000586,Mombasa,AGO,Highland Energy Co,TRK-851,27400,2923624.0,2951017.5,2026-06-10 09:57
LD000587,Msa,AGO,Rift Valley Fuels Ltd,TRK-692,27000,4749413.2,4776417.7,2026-06-10 21:40
LD000588,Msa,IK,Highland Energy Co,TRK-652,20800,4615653.3,4636460.4,2026-06-10 22:16
LD000589,MOMBASA,PMS,Pioneer Fuels Kenya,TRK-397,34600,4120852.3,4155450.0,10/06/2026 12:57
LD000590,MOMBASA,AGO,Zenith Petroleum,TRK-778,26400,4690492.2,4716890.5,2026-06-10 07:25
LD000591,NAIROBI,AGO,Tsavo Energy Group,TRK-679,35300,1275832.1,1311131.6,10/06/2026 09:28
LD000592,Nairobi Depot,IK,Delta Oil Marketers,TRK-370,24200,1987915.2,2012114.2,2026-06-10 06:14
LD000593,Nairobi,PMS,Zenith Petroleum,TRK-565,34500,1998184.8,2032689.4,2026-06-10 11:33
LD000594,Nairobi Depot,IK,Amani Petroleum,TRK-380,27200,4106842.2,4134038.2,2026-06-10 15:06
LD000595,Nairobi,PMS,Pioneer Fuels Kenya,TRK-955,21000,2950284.8,2971272.7,10/06/2026 17:23
LD000596,Nairobi Depot,PMS,Summit Downstream Ltd,TRK-988,25600,4599333.4,4624937.8,10/06/2026 12:33
LD000597,Nairobi,AGO,Baraka Downstream,TRK-335,20300,3655158.7,3675459.0,10/06/2026 05:32
LD000598,Nairobi,PMS,Zenith Petroleum,TRK-936,35000,1209031.5,1244034.1,2026-06-10 10:10
LD000599,nrb,PMS,Horizon Oil Marketers,TRK-590,26700,2040631.2,2067335.2,2026-06-10 15:46
LD000600,NAIROBI,AGO,Nyanza Petroleum Co,TRK-687,23200,3261321.0,3284514.7,2026-06-10 18:01
LD000601,Nairobi Depot,AGO,Pioneer Fuels Kenya,TRK-270,27400,4888021.3,4915413.2,2026-06-10 06:57
LD000602,Nairobi Depot,AGO,Pioneer Fuels Kenya,TRK-999,21800,1604987.3,1626793.1,2026-06-10 17:38
LD000603,nrb,PMS,Delta Oil Marketers,TRK-950,23600,2003866.6,2027467.6,2026-06-10 20:55
LD000604,Nairobi Depot,AGO,Amani Petroleum,TRK-841,28400,1459075.5,1487481.2,10/06/2026 10:39
LD000605,Kisumu,AGO,Summit Downstream Ltd,TRK-211,26500,3170183.2,3196684.4,2026-06-10 07:14
LD000606,Kisumu,AGO,Uhuru Energy Partners,TRK-720,29800,1904588.2,1934395.3,2026-06-10 21:43
LD000607,Kisumu,AGO,Highland Energy Co,TRK-220,33600,2714522.2,2748124.2,10/06/2026 06:56
LD000608,Ksm,AGO,Rift Valley Fuels Ltd,TRK-893,23500,1390250.0,1413745.6,10/06/2026 22:52
LD000609,Kisumu,AGO,Savannah Petroleum,TRK-539,33800,2840649.1,2874444.9,10/06/2026 16:55
LD000610,Ksm,AGO,Pioneer Fuels Kenya,TRK-879,32600,1447743.7,1480348.7,2026-06-10 17:22
LD000611,KISUMU,PMS,Nyanza Petroleum Co,TRK-185,25700,4912247.3,4937947.2,10/06/2026 13:30
LD000612,Eld,PMS,Rift Valley Fuels Ltd,TRK-220,34000,3179391.0,3213398.3,2026-06-10 05:45
LD000613,Eldoret,PMS,Mara Fuels,TRK-209,32100,4016430.7,4048525.8,10/06/2026 11:44
LD000614,Eld,AGO,Highland Energy Co,TRK-474,24100,4786551.8,4810654.1,10/06/2026 13:16
LD000615,Eld,IK,Equator Fuels,TRK-902,29000,4002918.0,4031927.1,10/06/2026 17:48
LD000616,Eld,PMS,Delta Oil Marketers,TRK-414,21500,2374652.8,2396162.9,10/06/2026 22:35
LD000617,Eldoret,AGO,Baraka Downstream,TRK-775,24500,2562913.5,2587410.9,2026-06-10 17:47
LD000618,ELDORET,PMS,Equator Fuels,TRK-904,27200,2589525.6,2616731.6,2026-06-10 10:06
LD000619,Eld,PMS,Lakeview Energy,TRK-582,21500,2764288.6,2785786.0,10/06/2026 05:51
LD000620,Eld,PMS,Zenith Petroleum,TRK-138,21500,2426683.9,2448181.3,10/06/2026 13:14
LD000621,Eldoret,IK,Amani Petroleum,TRK-711,32100,2105766.8,2137872.0,2026-06-10 17:39
LD000622,Eld,AGO,Equator Fuels,TRK-923,23100,4587831.7,4610924.8,10/06/2026 19:00
LD000623,Eldoret,PMS,Nyanza Petroleum Co,TRK-790,28300,2790411.8,2818705.7,10/06/2026 21:33
LD000624,NAKURU,PMS,Lakeview Energy,TRK-898,25800,4588745.4,4614546.5,10/06/2026 05:10
LD000625,Nku,AGO,Equator Fuels,TRK-854,22700,3028204.4,3050902.3,2026-06-10 17:37
LD000626,NAKURU,IK,Highland Energy Co,TRK-456,25800,3930540.9,3956341.3,10/06/2026 22:18
LD000627,Nakuru,PMS,Summit Downstream Ltd,TRK-367,33100,2252648.0,2285743.7,10/06/2026 11:29
LD000628,Nku,AGO,Amani Petroleum,TRK-219,35800,2941435.9,2977241.6,10/06/2026 22:04
LD000629,NAKURU,AGO,Kilele Fuels,TRK-676,22000,3900742.2,3922744.1,2026-06-10 13:44
LD000630,Nakuru,AGO,Kilele Fuels,TRK-982,21500,1117456.6,1138952.7,10/06/2026 19:43
LD000631,NAKURU,PMS,Nyanza Petroleum Co,TRK-335,33200,1839011.8,1872213.3,10/06/2026 07:24
LD000632,Kisii,IK,Rift Valley Fuels Ltd,TRK-369,33100,3163175.0,3196274.6,10/06/2026 21:34
LD000633,KISII,PMS,Highland Energy Co,TRK-587,31400,2257400.5,2288807.1,10/06/2026 15:04
LD000634,Kisii,PMS,Equator Fuels,TRK-304,27300,2431193.1,2458492.5,2026-06-10 13:11
LD000635, Kisii ,AGO,Equator Fuels,TRK-956,27900,4312997.0,4340892.0,10/06/2026 11:14
LD000636,KISII,PMS,Lakeview Energy,TRK-779,31400,4303912.9,4335310.4,2026-06-10 08:07
LD000637,KISII,AGO,Delta Oil Marketers,TRK-422,21600,1959496.5,1981094.5,10/06/2026 22:02
LD000638,Kisii,AGO,Summit Downstream Ltd,TRK-690,27200,3995305.3,4022500.7,2026-06-10 21:17
LD000639,KISII,AGO,Highland Energy Co,TRK-455,30400,3483714.3,3514119.3,2026-06-10 18:30
LD000640,Kisii,AGO,Amani Petroleum,TRK-805,27500,4916419.8,4943917.6,2026-06-10 08:44
LD000641,KISII,AGO,Horizon Oil Marketers,TRK-727,30100,1505059.0,1535153.1,2026-06-10 17:37
LD000642,KISII,AGO,Delta Oil Marketers,TRK-451,31000,1278564.6,1309570.5,2026-06-10 12:17
LD000643,KISII,AGO,Zenith Petroleum,TRK-510,22800,4422949.0,4445751.9,10/06/2026 11:26
LD000644,KISII,PMS,Nyanza Petroleum Co,TRK-838,24500,3571527.6,3596025.2,2026-06-10 09:36
LD000645,Kisii,AGO,Baraka Downstream,TRK-856,31100,3050619.0,3081714.0,10/06/2026 17:12
LD000646,mombasa,AGO,Delta Oil Marketers,TRK-969,32200,2633225.4,2665422.0,11/06/2026 10:26
LD000647,MOMBASA,PMS,Pioneer Fuels Kenya,TRK-201,32100,4614431.4,4646534.8,2026-06-11 22:54
LD000648,mombasa,PMS,Horizon Oil Marketers,TRK-442,20900,4595389.6,4616286.6,11/06/2026 13:30
LD000649,Mombasa,PMS,Aberdare Oil Traders,TRK-521,30400,4496906.9,4527299.1,11/06/2026 22:59
LD000650,MOMBASA,AGO,Pioneer Fuels Kenya,TRK-651,23600,2526447.8,2550040.7,11/06/2026 11:36
LD000651,mombasa,PMS,Kilele Fuels,TRK-490,22100,2651044.5,2673144.0,11/06/2026 21:31
LD000652,Msa,AGO,Tsavo Energy Group,TRK-445,20300,2685776.2,2706083.3,11/06/2026 09:55
LD000653,mombasa,AGO,Tsavo Energy Group,TRK-421,20400,4864973.6,4885375.5,11/06/2026 07:05
LD000654,nrb,AGO,Kilele Fuels,TRK-471,33200,3797261.5,3830458.0,11/06/2026 17:17
LD000655,Nairobi,PMS,Nyanza Petroleum Co,TRK-861,33400,4927194.8,4960599.8,2026-06-11 05:08
LD000656,Nairobi,PMS,Lakeview Energy,TRK-584,30100,3130703.5,3160813.8,2026-06-11 08:06
LD000657,NAIROBI,AGO,Lakeview Energy,TRK-732,30200,2799368.8,2829566.9,2026-06-11 21:48
LD000658,nrb,AGO,Nyanza Petroleum Co,TRK-390,21100,2053263.1,2074361.7,2026-06-11 17:19
LD000659,Nairobi Depot,PMS,Savannah Petroleum,TRK-981,20700,3268683.1,3289387.2,11/06/2026 10:01
LD000660,NAIROBI,AGO,Aberdare Oil Traders,TRK-238,21200,1905406.0,1926603.2,11/06/2026 22:59
LD000661,nrb,AGO,Highland Energy Co,TRK-455,31700,3395233.2,3426931.4,2026-06-11 18:33
LD000662,KISUMU,AGO,Zenith Petroleum,TRK-259,34300,1741320.7,1775624.7,2026-06-11 19:19
LD000663,Ksm,PMS,Coastline Energy Ltd,TRK-108,21300,1958040.7,1979341.1,11/06/2026 09:22
LD000664,KISUMU,IK,Rift Valley Fuels Ltd,TRK-917,21000,4325494.1,4346499.9,2026-06-11 20:19
LD000665,KISUMU,AGO,Equator Fuels,TRK-674,29600,1459732.0,1489336.9,11/06/2026 22:23
LD000666,KISUMU,PMS,Summit Downstream Ltd,TRK-181,34100,3287089.4,3321191.9,2026-06-11 17:53
LD000667,Kisumu,AGO,Highland Energy Co,TRK-522,28300,2721709.6,2750006.3,2026-06-11 13:18
LD000668,Ksm,PMS,Kilele Fuels,TRK-378,32400,3407693.7,3440084.5,11/06/2026 14:07
LD000669,Kisumu,PMS,Savannah Petroleum,TRK-122,34300,2773520.1,2807828.2,2026-06-11 05:09
LD000670,Kisumu,PMS,Kilele Fuels,TRK-338,29500,3810535.1,3840041.7,2026-06-11 09:45
LD000671,KISUMU,PMS,Uhuru Energy Partners,TRK-918,23800,3049455.1,3073253.9,11/06/2026 11:21
LD000672,Kisumu,AGO,Lakeview Energy,TRK-249,27800,3608897.0,3636692.8,11/06/2026 06:21
LD000673,ELDORET,AGO,Delta Oil Marketers,TRK-961,24300,2891588.5,2915893.0,11/06/2026 07:34
LD000674,Eldoret,AGO,Nyanza Petroleum Co,TRK-553,20000,1159063.9,1179062.8,2026-06-11 08:49
LD000675,ELDORET,PMS,Equator Fuels,TRK-797,29700,4629520.7,4659219.8,11/06/2026 08:33
LD000676,ELDORET,PMS,Highland Energy Co,TRK-359,27200,2891885.4,2919077.4,11/06/2026 06:47
LD000677,Eld,PMS,Equator Fuels,TRK-341,30000,2878975.1,2908968.7,11/06/2026 06:55
LD000678,Eldoret,PMS,Aberdare Oil Traders,TRK-505,29500,3148030.0,3177516.8,2026-06-11 10:50
LD000679,Eldoret,IK,Crescent Oil Ltd,TRK-889,33700,1197987.4,1231688.9,2026-06-11 20:44
LD000680,Nku,PMS,Crescent Oil Ltd,TRK-877,25400,4210342.7,4235744.1,2026-06-11 07:43
LD000681,NAKURU,PMS,Highland Energy Co,TRK-228,29200,3050670.9,3079872.8,2026-06-11 09:44
LD000682,Nku,PMS,Zenith Petroleum,TRK-549,26400,1348371.1,1374770.2,2026-06-11 22:50
LD000683,NAKURU,PMS,Baraka Downstream,TRK-140,29900,1455353.6,1485254.1,11/06/2026 17:22
LD000684,Nku,AGO,Delta Oil Marketers,TRK-291,34000,2974186.3,3008175.5,11/06/2026 22:44
LD000685,Nakuru,PMS,Crescent Oil Ltd,TRK-667,31200,4971267.4,5002465.4,2026-06-11 19:17
LD000686,Kisii,AGO,Aberdare Oil Traders,TRK-564,26200,3919441.2,3945637.9,11/06/2026 19:18
LD000687,KISII,AGO,Zenith Petroleum,TRK-344,34100,3683772.0,3717876.2,2026-06-11 05:39
LD000688,KISII,AGO,Summit Downstream Ltd,TRK-799,24700,3873716.9,3898411.1,2026-06-11 22:52
LD000689, Kisii ,AGO,Mara Fuels,TRK-635,35300,3885573.8,3920877.9,2026-06-11 15:26
LD000690,Kisii,PMS,Savannah Petroleum,TRK-597,20600,4486390.9,4506993.6,2026-06-11 09:11
LD000691, Kisii ,PMS,Delta Oil Marketers,TRK-818,24100,3661168.4,3685271.3,11/06/2026 17:42
LD000692,Msa,PMS,Lakeview Energy,TRK-313,21900,2675791.2,2697696.6,2026-06-12 12:38
LD000693,mombasa,AGO,Highland Energy Co,TRK-525,32000,1284030.7,1316029.6,2026-06-12 06:23
LD000694,mombasa,AGO,Savannah Petroleum,TRK-954,35100,3674290.6,3709387.3,2026-06-12 13:33
LD000695,Msa,IK,Horizon Oil Marketers,TRK-644,30900,2447680.0,2478579.5,2026-06-12 21:06
LD000696,Msa,PMS,Tsavo Energy Group,TRK-671,30200,4653147.8,4683347.9,2026-06-12 12:36
LD000697,Mombasa,AGO,Kilele Fuels,TRK-537,29800,4494794.4,4524591.3,2026-06-12 16:43
LD000698,Msa,AGO,Amani Petroleum,TRK-261,34400,1265775.4,1300177.2,12/06/2026 22:25
LD000699,Msa,IK,Zenith Petroleum,TRK-748,28500,1568548.5,1597048.3,12/06/2026 22:20
LD000700,mombasa,AGO,Summit Downstream Ltd,TRK-862,24700,2944002.0,2968701.0,12/06/2026 22:13
LD000701,Mombasa,IK,Rift Valley Fuels Ltd,TRK-391,29200,1174956.3,1204157.1,2026-06-12 19:25
LD000702,Nairobi Depot,IK,Coastline Energy Ltd,TRK-319,31700,3609166.6,3640861.5,2026-06-12 14:00
LD000703,NAIROBI,AGO,Highland Energy Co,TRK-684,33500,3769971.3,3803480.5,2026-06-12 13:58
LD000704,NAIROBI,PMS,Baraka Downstream,TRK-696,24400,2225254.0,2249650.3,2026-06-12 16:09
LD000705,Nairobi,PMS,Pioneer Fuels Kenya,TRK-322,32600,2785678.1,2818280.7,12/06/2026 14:05
LD000706,Nairobi Depot,AGO,Pioneer Fuels Kenya,TRK-197,33700,4666540.9,4700243.3,2026-06-12 10:31
LD000707,Nairobi Depot,AGO,Savannah Petroleum,TRK-442,26900,2275467.3,2302358.1,12/06/2026 17:05
LD000708,Nairobi,PMS,Nyanza Petroleum Co,TRK-969,29600,3822343.5,3851949.4,12/06/2026 08:55
LD000709,Nairobi Depot,PMS,Mara Fuels,TRK-253,31000,2498211.5,2529210.2,2026-06-12 21:02
LD000710,NAIROBI,PMS,Crescent Oil Ltd,TRK-192,22300,4560388.1,4582682.0,12/06/2026 17:28
LD000711,Nairobi,PMS,Baraka Downstream,TRK-587,25500,1617839.0,1643339.2,12/06/2026 17:09
LD000712,NAIROBI,PMS,Uhuru Energy Partners,TRK-233,30200,2362416.7,2392615.9,12/06/2026 17:32
LD000713,NAIROBI,AGO,Pioneer Fuels Kenya,TRK-730,21100,2638515.6,2659621.2,2026-06-12 20:25
LD000714,nrb,PMS,Pioneer Fuels Kenya,TRK-787,29700,2458374.9,2488069.0,12/06/2026 18:20
LD000715,Nairobi Depot,PMS,Zenith Petroleum,TRK-124,23500,4952143.9,4975653.4,2026-06-12 11:20
LD000716,Kisumu,IK,Baraka Downstream,TRK-937,27800,1110146.9,1137944.6,2026-06-12 19:39
LD000717,Kisumu,AGO,Lakeview Energy,TRK-155,28100,4856069.6,4884167.4,2026-06-12 09:48
LD000718,KISUMU,AGO,Mara Fuels,TRK-213,20500,2551947.0,2572446.5,12/06/2026 14:00
LD000719,Ksm,AGO,Highland Energy Co,TRK-659,22600,1093408.4,1116007.1,12/06/2026 15:13
LD000720,Ksm,AGO,Rift Valley Fuels Ltd,TRK-779,24600,4600332.7,4624940.7,2026-06-12 09:44
LD000721,KISUMU,PMS,Equator Fuels,TRK-732,21900,4823675.3,4845578.8,2026-06-12 06:18
LD000722,Ksm,AGO,Summit Downstream Ltd,TRK-778,29600,4306829.4,4336427.7,12/06/2026 05:04
LD000723,Eld,AGO,Summit Downstream Ltd,TRK-489,21400,3427509.4,3448909.3,2026-06-12 05:18
LD000724,Eldoret,IK,Crescent Oil Ltd,TRK-290,28500,1673347.8,1701849.8,12/06/2026 20:55
LD000725,ELDORET,AGO,Nyanza Petroleum Co,TRK-412,24000,4354196.9,4378202.2,12/06/2026 05:02
LD000726,Eld,PMS,Zenith Petroleum,TRK-463,31300,1708683.7,1739981.4,12/06/2026 10:01
LD000727,ELDORET,PMS,Savannah Petroleum,TRK-999,28100,3709549.3,3737652.5,2026-06-12 21:17
LD000728,Eld,IK,Baraka Downstream,TRK-502,28700,1660968.2,1689665.7,2026-06-12 13:14
LD000729,Nakuru,PMS,Crescent Oil Ltd,TRK-802,36000,1602086.0,1638083.4,12/06/2026 17:33
LD000730,NAKURU,PMS,Coastline Energy Ltd,TRK-437,32500,3938311.7,3970814.5,2026-06-12 09:27
LD000731,Nakuru,PMS,Highland Energy Co,TRK-307,24800,2303292.5,2328091.6,12/06/2026 09:37
LD000732,Nakuru,AGO,Baraka Downstream,TRK-888,31700,1591936.6,1623643.8,2026-06-12 21:58
LD000733,Nakuru,PMS,Horizon Oil Marketers,TRK-959,33600,3843538.9,3877147.2,2026-06-12 22:34
LD000734,Nku,AGO,Coastline Energy Ltd,TRK-941,25700,2833865.7,2859573.5,12/06/2026 18:26
LD000735,Nku,PMS,Baraka Downstream,TRK-880,20600,3983440.2,4004036.8,12/06/2026 11:06
LD000736,NAKURU,AGO,Nyanza Petroleum Co,TRK-126,30900,2867128.3,2898028.7,2026-06-12 12:38
LD000737,Nku,AGO,Amani Petroleum,TRK-580,20600,4878430.9,4899031.0,12/06/2026 20:08
LD000738,Nakuru,PMS,Delta Oil Marketers,TRK-297,21500,4018484.9,4039988.2,2026-06-12 17:31
LD000739,Nku,PMS,Aberdare Oil Traders,TRK-327,27900,2209789.9,2237706.2,2026-06-12 05:59
LD000740,Nku,AGO,Kilele Fuels,TRK-601,29000,2764894.9,2793888.7,12/06/2026 07:11
LD000741,Nku,AGO,Summit Downstream Ltd,TRK-722,29700,4674938.8,4704645.6,12/06/2026 12:27
LD000742, Kisii ,AGO,Pioneer Fuels Kenya,TRK-637,35700,2630336.8,2666032.6,2026-06-12 17:39
LD000743, Kisii ,AGO,Savannah Petroleum,TRK-351,33200,4058111.2,4091314.0,12/06/2026 19:29
LD000744,Kisii,IK,Summit Downstream Ltd,TRK-745,23200,1437056.8,1460257.2,2026-06-12 06:35
LD000745,KISII,PMS,Coastline Energy Ltd,TRK-392,33700,2756599.3,2790302.3,2026-06-12 17:56
LD000746, Kisii ,PMS,Amani Petroleum,TRK-574,30000,4705530.4,4735515.7,12/06/2026 06:44
LD000747, Kisii ,PMS,Tsavo Energy Group,TRK-812,20300,2907373.9,2927679.5,2026-06-12 21:07
LD000748, Kisii ,PMS,Rift Valley Fuels Ltd,TRK-704,31100,1537740.5,1568845.2,2026-06-12 15:28
LD000749,Kisii,AGO,Mara Fuels,TRK-828,24800,2434862.1,2459659.0,2026-06-12 07:16
LD000750,KISII,PMS,Zenith Petroleum,TRK-824,23400,4829792.1,4853196.4,2026-06-12 19:40
LD000751, Kisii ,PMS,Tsavo Energy Group,TRK-679,20100,4991283.4,5011388.2,2026-06-12 17:02
LD000752,Msa,PMS,Savannah Petroleum,TRK-416,20000,1176647.7,1196650.3,13/06/2026 09:11
LD000753,mombasa,AGO,Baraka Downstream,TRK-103,25500,3531625.3,3557126.2,2026-06-13 08:57
LD000754,MOMBASA,AGO,Rift Valley Fuels Ltd,TRK-605,31200,1417616.5,1448817.2,2026-06-13 20:34
LD000755,Mombasa,AGO,Uhuru Energy Partners,TRK-715,26400,3892597.9,3919002.7,2026-06-13 20:29
LD000756,Mombasa,AGO,Highland Energy Co,TRK-312,20400,2224549.4,2244943.8,2026-06-13 13:39
LD000757,mombasa,PMS,Baraka Downstream,TRK-783,28800,3528359.3,3557167.9,13/06/2026 16:02
LD000758,mombasa,IK,Uhuru Energy Partners,TRK-265,20100,1403764.8,1423868.2,2026-06-13 06:06
LD000759,mombasa,IK,Savannah Petroleum,TRK-406,33900,3726994.6,3760893.9,13/06/2026 16:59
LD000760,mombasa,AGO,Uhuru Energy Partners,TRK-166,22300,3840440.2,3862732.1,13/06/2026 07:48
LD000761,MOMBASA,PMS,Amani Petroleum,TRK-314,30700,1844449.9,1875148.5,2026-06-13 13:21
LD000762,mombasa,PMS,Delta Oil Marketers,TRK-719,24700,1609318.4,1634023.5,13/06/2026 21:05
LD000763,mombasa,AGO,Amani Petroleum,TRK-738,24300,1088107.7,1112413.5,2026-06-13 15:16
LD000764,NAIROBI,AGO,Delta Oil Marketers,TRK-284,30200,4915924.5,4946125.9,13/06/2026 20:33
LD000765,Nairobi,IK,Rift Valley Fuels Ltd,TRK-915,29700,2431256.3,2460952.0,2026-06-13 05:07
LD000766,NAIROBI,AGO,Savannah Petroleum,TRK-673,34200,3012335.8,3046537.5,2026-06-13 18:26
LD000767,Nairobi Depot,AGO,Lakeview Energy,TRK-618,27200,3343459.2,3370656.0,2026-06-13 14:16
LD000768,Nairobi,PMS,Summit Downstream Ltd,TRK-730,30900,1967726.7,1998627.6,2026-06-13 15:21
LD000769,Nairobi,PMS,Delta Oil Marketers,TRK-916,31400,4290139.2,4321540.4,2026-06-13 15:59
LD000770,KISUMU,AGO,Highland Energy Co,TRK-573,22300,4101384.6,4123691.4,2026-06-13 19:57
LD000771,Kisumu,AGO,Mara Fuels,TRK-119,24300,2986781.7,3011078.2,13/06/2026 14:36
LD000772,KISUMU,AGO,Baraka Downstream,TRK-131,30100,1217328.1,1247426.1,13/06/2026 16:04
LD000773,Kisumu,AGO,Crescent Oil Ltd,TRK-709,32000,2270347.2,2302347.2,13/06/2026 10:36
LD000774,KISUMU,AGO,Savannah Petroleum,TRK-188,20700,2104678.2,2125378.2,2026-06-13 15:45
LD000775,KISUMU,PMS,Amani Petroleum,TRK-214,31300,1250758.5,1282062.6,2026-06-13 14:13
LD000776,Ksm,AGO,Amani Petroleum,TRK-594,25100,1407569.6,1432665.3,2026-06-13 07:28
LD000777,Kisumu,PMS,Amani Petroleum,TRK-435,25800,2081573.1,2107370.7,2026-06-13 20:46
LD000778,KISUMU,AGO,Baraka Downstream,TRK-137,32600,4567488.6,4600093.0,13/06/2026 21:43
LD000779,Eld,AGO,Rift Valley Fuels Ltd,TRK-145,34600,2509272.2,2543871.9,2026-06-13 21:07
LD000780,ELDORET,PMS,Amani Petroleum,TRK-863,26200,3530847.5,3557057.4,2026-06-13 06:06
LD000781,ELDORET,AGO,Equator Fuels,TRK-297,31300,1017453.1,1048755.7,13/06/2026 14:40
LD000782,ELDORET,AGO,Horizon Oil Marketers,TRK-261,30700,4864190.0,4894885.9,2026-06-13 19:42
LD000783,Eld,PMS,Horizon Oil Marketers,TRK-458,32200,4803090.8,4835285.5,13/06/2026 22:32
LD000784,Eld,PMS,Nyanza Petroleum Co,TRK-418,21700,4127295.5,4149000.8,13/06/2026 14:36
LD000785,Eldoret,AGO,Rift Valley Fuels Ltd,TRK-791,30300,1192744.0,1223046.0,2026-06-13 06:08
LD000786,Eld,PMS,Summit Downstream Ltd,TRK-710,28000,2730916.5,2758915.9,13/06/2026 07:27
LD000787,Nku,AGO,Equator Fuels,TRK-786,30200,4083122.5,4113323.6,2026-06-13 14:21
LD000788,Nku,IK,Baraka Downstream,TRK-921,26700,3878615.3,3905308.7,13/06/2026 19:36
LD000789,Nakuru,PMS,Kilele Fuels,TRK-329,25900,4479052.7,4504956.9,13/06/2026 14:43
LD000790,NAKURU,IK,Mara Fuels,TRK-432,32700,4016092.1,4048798.6,13/06/2026 17:11
LD000791,Nakuru,PMS,Zenith Petroleum,TRK-966,20600,2578937.4,2599538.1,13/06/2026 20:07
LD000792,Nakuru,AGO,Horizon Oil Marketers,TRK-831,27500,3316701.0,3344199.3,13/06/2026 09:32
LD000793,Nku,AGO,Coastline Energy Ltd,TRK-510,21400,1172027.8,1193432.8,13/06/2026 07:50
LD000794,Kisii,PMS,Tsavo Energy Group,TRK-493,28300,2070370.7,2098673.3,13/06/2026 12:35
LD000795, Kisii ,PMS,Uhuru Energy Partners,TRK-450,33400,1058773.6,1092166.0,2026-06-13 18:50
LD000796, Kisii ,PMS,Pioneer Fuels Kenya,TRK-217,20300,1497473.6,1517767.9,13/06/2026 07:47
LD000797,Kisii,PMS,Kilele Fuels,TRK-515,26600,2971458.3,2998062.2,2026-06-13 08:52
LD000798,Kisii,AGO,Delta Oil Marketers,TRK-162,29500,1039695.3,1069183.3,2026-06-13 17:20
LD000799, Kisii ,AGO,Baraka Downstream,TRK-563,27400,4853997.0,4881407.1,13/06/2026 05:48
LD000800,KISII,PMS,Equator Fuels,TRK-424,25000,4095965.5,4120966.6,13/06/2026 19:12
LD000801,Kisii,IK,Zenith Petroleum,TRK-696,32400,3085184.2,3117583.0,13/06/2026 18:45
LD000802,Kisii,AGO,Zenith Petroleum,TRK-154,24200,1070209.5,1094410.5,13/06/2026 14:03
LD000803, Kisii ,PMS,Rift Valley Fuels Ltd,TRK-819,24700,4092567.5,4117256.7,13/06/2026 14:55
LD000804, Kisii ,AGO,Summit Downstream Ltd,TRK-316,25900,1005414.5,1031315.8,2026-06-13 17:25
LD000805,Msa,AGO,Summit Downstream Ltd,TRK-468,30300,4896777.8,4927078.7,2026-06-14 11:35
LD000806,MOMBASA,PMS,Rift Valley Fuels Ltd,TRK-116,32500,2831983.0,2864484.2,14/06/2026 09:08
LD000807,Msa,AGO,Baraka Downstream,TRK-525,26400,2211662.9,2238062.4,14/06/2026 09:05
LD000808,Msa,AGO,Uhuru Energy Partners,TRK-560,32000,2895239.3,2927231.1,14/06/2026 19:32
LD000809,MOMBASA,PMS,Rift Valley Fuels Ltd,TRK-967,20900,4831159.2,4852059.3,14/06/2026 18:38
LD000810,Msa,PMS,Zenith Petroleum,TRK-138,35400,1302420.2,1337821.4,14/06/2026 22:36
LD000811,mombasa,PMS,Lakeview Energy,TRK-848,25900,1901525.1,1927423.2,14/06/2026 20:44
LD000812,Mombasa,AGO,Crescent Oil Ltd,TRK-583,30000,4125287.4,4155285.8,14/06/2026 21:56
LD000813,Msa,AGO,Rift Valley Fuels Ltd,TRK-624,29300,1587850.8,1617153.3,14/06/2026 15:34
LD000814,mombasa,PMS,Tsavo Energy Group,TRK-711,26200,3696521.2,3722726.9,14/06/2026 14:18
LD000815,Nairobi Depot,PMS,Tsavo Energy Group,TRK-772,25500,4669943.4,4695442.1,2026-06-14 20:37
LD000816,Nairobi Depot,PMS,Amani Petroleum,TRK-902,34200,3830885.4,3865076.2,14/06/2026 07:08
LD000817,NAIROBI,PMS,Aberdare Oil Traders,TRK-214,21000,1589212.2,1610206.8,2026-06-14 13:17
LD000818,NAIROBI,AGO,Tsavo Energy Group,TRK-817,35300,3118638.9,3153938.1,14/06/2026 16:51
LD000819,NAIROBI,PMS,Savannah Petroleum,TRK-186,23900,3002414.3,3026311.7,2026-06-14 21:55
LD000820,NAIROBI,AGO,Summit Downstream Ltd,TRK-550,24400,4227862.0,4252263.1,2026-06-14 18:49
LD000821,Kisumu,AGO,Aberdare Oil Traders,TRK-218,28700,1721231.7,1749943.1,2026-06-14 16:03
LD000822,Ksm,AGO,Delta Oil Marketers,TRK-870,33800,2925333.5,2959125.7,2026-06-14 20:19
LD000823,KISUMU,PMS,Aberdare Oil Traders,TRK-991,34400,3697395.9,3731784.0,2026-06-14 17:30
LD000824,Kisumu,PMS,Mara Fuels,TRK-799,30500,1435573.3,1466076.3,2026-06-14 19:24
LD000825,KISUMU,IK,Uhuru Energy Partners,TRK-767,30200,2992944.0,3023146.7,14/06/2026 16:54
LD000826,Ksm,PMS,Pioneer Fuels Kenya,TRK-891,28400,1876469.9,1904869.3,2026-06-14 08:16
LD000827,KISUMU,AGO,Mara Fuels,TRK-284,27300,4677549.6,4704847.1,2026-06-14 11:33
LD000828,Eld,AGO,Uhuru Energy Partners,TRK-206,35700,1760430.6,1796127.7,14/06/2026 07:00
LD000829,Eldoret,PMS,Equator Fuels,TRK-734,32700,4631595.2,4664297.3,2026-06-14 14:16
LD000830,Eldoret,IK,Horizon Oil Marketers,TRK-222,32100,1646685.7,1678785.8,2026-06-14 11:38
LD000831,ELDORET,PMS,Horizon Oil Marketers,TRK-359,27600,3873324.7,3900928.3,14/06/2026 10:57
LD000832,ELDORET,AGO,Kilele Fuels,TRK-383,30700,1650799.0,1681492.5,14/06/2026 07:40
LD000833,Eldoret,PMS,Savannah Petroleum,TRK-440,29000,4086507.6,4115506.0,14/06/2026 07:17
LD000834,Eld,IK,Kilele Fuels,TRK-305,20100,2428117.4,2448217.4,14/06/2026 13:11
LD000835,Nakuru,PMS,Baraka Downstream,TRK-541,32900,1184226.9,1217124.5,2026-06-14 20:06
LD000836,Nku,IK,Savannah Petroleum,TRK-685,28200,4233101.8,4261304.1,14/06/2026 13:06
LD000837,Nakuru,AGO,Delta Oil Marketers,TRK-755,24100,1983229.8,2007334.2,2026-06-14 05:57
LD000838,Nakuru,AGO,Mara Fuels,TRK-688,20000,4605532.4,4625531.3,14/06/2026 13:09
LD000839,NAKURU,AGO,Lakeview Energy,TRK-103,22500,4960345.5,4982845.5,14/06/2026 17:54
LD000840,NAKURU,PMS,Zenith Petroleum,TRK-410,28200,2926197.4,2954400.5,2026-06-14 22:59
LD000841,Nakuru,AGO,Highland Energy Co,TRK-448,30200,1362886.8,1393078.3,14/06/2026 07:23
LD000842,NAKURU,AGO,Equator Fuels,TRK-140,30000,4969769.2,4999767.1,2026-06-14 14:41
LD000843,NAKURU,PMS,Horizon Oil Marketers,TRK-467,26200,3295365.0,3321570.6,2026-06-14 17:57
LD000844,Nakuru,AGO,Equator Fuels,TRK-297,34400,4509422.4,4543821.0,2026-06-14 19:47
LD000845,Nku,AGO,Highland Energy Co,TRK-611,35600,1110076.7,1145679.1,14/06/2026 07:50
LD000846,Nku,IK,Mara Fuels,TRK-906,23700,4825280.4,4848983.7,2026-06-14 05:02
LD000847,Nku,PMS,Amani Petroleum,TRK-794,22400,3718199.7,3740597.9,2026-06-14 11:51
LD000848,NAKURU,AGO,Lakeview Energy,TRK-244,31500,3253298.6,3284791.3,2026-06-14 12:59
LD000849,Nakuru,AGO,Baraka Downstream,TRK-747,26800,2305353.7,2332152.8,14/06/2026 06:15
LD000850,Kisii,AGO,Crescent Oil Ltd,TRK-705,34300,4785826.1,4820127.0,2026-06-14 08:29
LD000851, Kisii ,PMS,Equator Fuels,TRK-930,34300,2677792.0,2712091.4,14/06/2026 12:04
LD000852,Kisii,PMS,Mara Fuels,TRK-912,28000,1818720.4,1846728.0,2026-06-14 22:08
LD000853,KISII,AGO,Horizon Oil Marketers,TRK-875,29500,1744543.6,1774048.0,2026-06-14 15:04
LD000854,Kisii,AGO,Kilele Fuels,TRK-695,23300,1284633.1,1307931.0,2026-06-14 22:10
LD000855,Kisii,PMS,Tsavo Energy Group,TRK-598,21100,4763138.1,4784225.1,2026-06-14 17:49
LD000856, Kisii ,PMS,Pioneer Fuels Kenya,TRK-526,33000,4343303.7,4376304.7,14/06/2026 07:45
LD000857,Kisii,AGO,Aberdare Oil Traders,TRK-521,25300,3774472.2,3799775.6,2026-06-14 11:09
LD000858,Kisii,AGO,Tsavo Energy Group,TRK-726,22400,4503532.3,4525938.3,14/06/2026 06:38
LD000859,Kisii,PMS,Nyanza Petroleum Co,TRK-642,28600,2129889.7,2158487.2,14/06/2026 05:35
LD000860, Kisii ,AGO,Nyanza Petroleum Co,TRK-741,22000,4062187.0,4084186.6,2026-06-14 22:32
LD000861,KISII,PMS,Baraka Downstream,TRK-585,20000,2666263.3,2686259.9,2026-06-14 11:07
LD000862,mombasa,PMS,Zenith Petroleum,TRK-545,23200,1814313.5,1837513.7,15/06/2026 06:03
LD000863,MOMBASA,AGO,Horizon Oil Marketers,TRK-650,20200,2749927.7,2770124.7,2026-06-15 19:02
LD000864,Msa,AGO,Horizon Oil Marketers,TRK-340,31700,3562542.4,3594237.6,15/06/2026 20:32
LD000865,MOMBASA,PMS,Horizon Oil Marketers,TRK-200,26700,4036275.8,4062980.1,15/06/2026 15:14
LD000866,Msa,AGO,Nyanza Petroleum Co,TRK-699,33100,2011254.4,2044355.6,2026-06-15 17:57
LD000867,mombasa,AGO,Crescent Oil Ltd,TRK-496,24300,1501425.9,1525719.0,2026-06-15 09:13
LD000868,mombasa,AGO,Zenith Petroleum,TRK-307,32200,3169884.0,3202081.7,2026-06-15 11:40
LD000869,Msa,PMS,Baraka Downstream,TRK-576,22400,2522758.7,2545166.2,15/06/2026 06:17
LD000870,MOMBASA,PMS,Coastline Energy Ltd,TRK-908,20300,2076078.6,2096376.1,2026-06-15 15:14
LD000871,Msa,PMS,Equator Fuels,TRK-957,28300,2075387.0,2103685.4,15/06/2026 21:31
LD000872,MOMBASA,PMS,Nyanza Petroleum Co,TRK-544,25800,4796834.5,4822646.0,2026-06-15 18:47
LD000873,Mombasa,IK,Savannah Petroleum,TRK-581,30100,1519765.5,1549872.8,15/06/2026 05:26
LD000874,Mombasa,AGO,Horizon Oil Marketers,TRK-346,31300,1688356.9,1719658.5,2026-06-15 20:51
LD000875,Mombasa,AGO,Baraka Downstream,TRK-344,35600,2795254.6,2830852.8,2026-06-15 18:13
LD000876,Mombasa,AGO,Kilele Fuels,TRK-865,21600,4214072.4,4235670.5,15/06/2026 14:10
LD000877,Nairobi Depot,AGO,Summit Downstream Ltd,TRK-992,22000,4401886.5,4423885.5,15/06/2026 09:55
LD000878,Nairobi Depot,AGO,Lakeview Energy,TRK-807,20800,1568681.8,1589481.5,2026-06-15 05:55
LD000879,NAIROBI,PMS,Crescent Oil Ltd,TRK-913,23400,3660584.8,3683988.5,2026-06-15 13:44
LD000880,Nairobi Depot,AGO,Savannah Petroleum,TRK-790,27000,3197239.1,3224244.8,2026-06-15 15:47
LD000881,NAIROBI,PMS,Crescent Oil Ltd,TRK-475,25000,2930001.7,2954989.5,2026-06-15 16:29
LD000882,nrb,AGO,Mara Fuels,TRK-216,34500,1064247.5,1098748.2,2026-06-15 11:08
LD000883,nrb,AGO,Zenith Petroleum,TRK-615,32500,1497531.3,1530033.7,15/06/2026 12:20
LD000884,Nairobi,PMS,Kilele Fuels,TRK-639,33500,1390057.3,1423563.5,15/06/2026 16:22
LD000885,Nairobi,AGO,Coastline Energy Ltd,TRK-476,28900,3004351.5,3033253.0,2026-06-15 22:57
LD000886,Nairobi Depot,AGO,Lakeview Energy,TRK-283,28700,2718383.8,2747093.0,2026-06-15 19:05
LD000887,NAIROBI,PMS,Baraka Downstream,TRK-995,24900,2929057.4,2953959.5,2026-06-15 13:07
LD000888,nrb,PMS,Baraka Downstream,TRK-530,32900,3708609.6,3741508.1,2026-06-15 22:59
LD000889,Ksm,PMS,Nyanza Petroleum Co,TRK-632,25100,4265643.1,4290739.2,15/06/2026 07:01
LD000890,Ksm,PMS,Mara Fuels,TRK-781,25000,4741188.4,4766188.4,15/06/2026 15:41
LD000891,Kisumu,AGO,Coastline Energy Ltd,TRK-366,33600,4927622.8,4961216.1,15/06/2026 09:57
LD000892,KISUMU,PMS,Savannah Petroleum,TRK-391,22600,1747657.8,1770261.2,2026-06-15 14:49
LD000893,Ksm,AGO,Highland Energy Co,TRK-279,20300,2562728.4,2583026.6,2026-06-15 10:45
LD000894,KISUMU,PMS,Mara Fuels,TRK-551,35000,2722160.8,2757154.4,15/06/2026 08:02
LD000895,Kisumu,PMS,Savannah Petroleum,TRK-452,34000,3422019.1,3456015.5,15/06/2026 22:45
LD000896,KISUMU,PMS,Coastline Energy Ltd,TRK-125,21300,2333850.4,2355144.0,15/06/2026 10:34
LD000897,Ksm,AGO,Mara Fuels,TRK-856,30800,1288444.4,1319241.9,15/06/2026 19:59
LD000898,Ksm,AGO,Coastline Energy Ltd,TRK-872,35700,4139447.3,4175141.0,2026-06-15 14:30
LD000899,Kisumu,AGO,Horizon Oil Marketers,TRK-141,31700,1464763.8,1496467.2,2026-06-15 19:21
LD000900,KISUMU,PMS,Nyanza Petroleum Co,TRK-194,29600,4961447.1,4991050.4,2026-06-15 17:39
LD000901,ELDORET,AGO,Amani Petroleum,TRK-885,24400,2728075.7,2752469.1,2026-06-15 11:37
LD000902,Eld,PMS,Kilele Fuels,TRK-189,35500,1453214.0,1488714.4,15/06/2026 22:54
LD000903,Eld,PMS,Crescent Oil Ltd,TRK-157,26500,3951539.9,3978036.7,15/06/2026 15:38
LD000904,ELDORET,PMS,Summit Downstream Ltd,TRK-391,25500,2590449.5,2615958.0,15/06/2026 18:23
LD000905,ELDORET,PMS,Highland Energy Co,TRK-845,24200,1821331.8,1845523.1,15/06/2026 19:55
LD000906,Eldoret,AGO,Uhuru Energy Partners,TRK-524,24600,3627024.3,3651623.7,2026-06-15 14:10
LD000907,Eld,PMS,Amani Petroleum,TRK-167,35500,3414548.8,3450048.4,15/06/2026 14:30
LD000908,ELDORET,PMS,Aberdare Oil Traders,TRK-669,21500,3396178.3,3417679.2,2026-06-15 18:40
LD000909,ELDORET,PMS,Highland Energy Co,TRK-942,30000,3594019.3,3624025.2,15/06/2026 17:18
LD000910,ELDORET,AGO,Rift Valley Fuels Ltd,TRK-257,29800,2251629.6,2281434.7,15/06/2026 19:14
LD000911,Eld,IK,Coastline Energy Ltd,TRK-603,24300,3390673.1,3414972.0,2026-06-15 20:07
LD000912,Eld,PMS,Lakeview Energy,TRK-470,29400,3804558.4,3833959.8,15/06/2026 13:31
LD000913,Eldoret,AGO,Delta Oil Marketers,TRK-937,30900,2632606.8,2663507.0,15/06/2026 13:40
LD000914,Nakuru,AGO,Aberdare Oil Traders,TRK-159,28700,4758606.0,4787304.7,15/06/2026 05:54
LD000915,NAKURU,AGO,Tsavo Energy Group,TRK-469,23500,3902903.6,3926410.7,15/06/2026 09:22
LD000916,Nku,PMS,Lakeview Energy,TRK-884,23400,3659978.1,3683381.6,2026-06-15 14:33
LD000917,Nku,AGO,Mara Fuels,TRK-946,28000,3971299.9,3999303.5,15/06/2026 10:34
LD000918,Nakuru,PMS,Highland Energy Co,TRK-943,21300,4228757.3,4250055.7,2026-06-15 16:06
LD000919,Nakuru,PMS,Delta Oil Marketers,TRK-266,33800,4269009.2,4302795.1,2026-06-15 14:23
LD000920, Kisii ,PMS,Equator Fuels,TRK-672,29400,3453166.7,3482569.6,2026-06-15 12:53
LD000921,KISII,PMS,Baraka Downstream,TRK-591,30200,1968088.3,1998285.8,15/06/2026 07:07
LD000922, Kisii ,AGO,Kilele Fuels,TRK-711,23200,4509880.2,4533081.5,15/06/2026 09:52
LD000923, Kisii ,PMS,Horizon Oil Marketers,TRK-977,31800,1054982.2,1086778.3,2026-06-15 14:01
LD000924,KISII,AGO,Equator Fuels,TRK-180,24300,1990239.1,2014535.6,2026-06-15 14:08
LD000925,Kisii,PMS,Uhuru Energy Partners,TRK-210,21000,2835762.1,2856765.5,2026-06-15 20:48
LD000926,Kisii,AGO,Lakeview Energy,TRK-110,30800,1324596.7,1355404.1,2026-06-15 13:02
LD000927,Kisii,IK,Equator Fuels,TRK-459,35200,4353967.3,4389169.8,2026-06-15 11:37
LD000928,MOMBASA,PMS,Zenith Petroleum,TRK-975,23200,3467134.4,3490336.8,2026-06-16 13:37
LD000929,MOMBASA,PMS,Equator Fuels,TRK-388,31900,3951669.6,3983565.8,2026-06-16 05:33
LD000930,Msa,IK,Equator Fuels,TRK-971,25900,4683066.4,4708966.6,16/06/2026 08:59
LD000931,Msa,AGO,Horizon Oil Marketers,TRK-463,29400,3153327.8,3182723.9,16/06/2026 10:28
LD000932,Mombasa,PMS,Horizon Oil Marketers,TRK-421,34300,3665852.2,3700145.3,16/06/2026 12:26
LD000933,Mombasa,PMS,Zenith Petroleum,TRK-670,32600,2817381.7,2849975.0,2026-06-16 09:31
LD000934,mombasa,PMS,Coastline Energy Ltd,TRK-853,31300,2710405.3,2741708.8,16/06/2026 08:24
LD000935,Msa,PMS,Uhuru Energy Partners,TRK-171,27100,3597289.3,3624386.6,16/06/2026 18:18
LD000936,Mombasa,PMS,Horizon Oil Marketers,TRK-635,27100,1087653.3,1114757.6,2026-06-16 20:43
LD000937,MOMBASA,PMS,Pioneer Fuels Kenya,TRK-859,24800,3010525.0,3035324.9,2026-06-16 17:44
LD000938,Mombasa,PMS,Equator Fuels,TRK-513,34800,1421572.9,1456369.5,2026-06-16 11:21
LD000939,Msa,AGO,Pioneer Fuels Kenya,TRK-874,32200,2638684.2,2670877.9,16/06/2026 20:17
LD000940,Msa,AGO,Amani Petroleum,TRK-886,22600,1641850.5,1664454.6,2026-06-16 17:31
LD000941,Nairobi,PMS,Nyanza Petroleum Co,TRK-237,32600,4770125.2,4802729.5,2026-06-16 20:31
LD000942,Nairobi Depot,AGO,Rift Valley Fuels Ltd,TRK-491,33200,2784804.9,2818009.7,2026-06-16 07:31
LD000943,nrb,PMS,Lakeview Energy,TRK-632,32900,1031857.6,1064757.1,16/06/2026 08:48
LD000944,Nairobi,PMS,Amani Petroleum,TRK-451,28900,2019529.0,2048432.9,2026-06-16 20:31
LD000945,nrb,IK,Kilele Fuels,TRK-485,31900,1306543.2,1338443.8,16/06/2026 08:24
LD000946,nrb,PMS,Coastline Energy Ltd,TRK-268,23500,4237297.6,4260798.2,16/06/2026 10:35
LD000947,nrb,PMS,Horizon Oil Marketers,TRK-602,32600,3528866.4,3561459.3,16/06/2026 17:31
LD000948,nrb,AGO,Savannah Petroleum,TRK-606,23700,2274435.9,2298132.0,16/06/2026 10:32
LD000949,NAIROBI,AGO,Savannah Petroleum,TRK-146,34500,1310563.1,1345060.7,16/06/2026 14:20
LD000950,Nairobi Depot,PMS,Mara Fuels,TRK-538,28300,4177942.5,4206247.7,16/06/2026 05:48
LD000951,KISUMU,PMS,Nyanza Petroleum Co,TRK-763,33400,4435057.1,4468455.2,2026-06-16 06:42
LD000952,Kisumu,IK,Coastline Energy Ltd,TRK-273,29800,1641461.6,1671269.6,16/06/2026 07:55
LD000953,Kisumu,PMS,Amani Petroleum,TRK-373,30800,1717013.0,1747807.8,16/06/2026 18:36
LD000954,Kisumu,AGO,Pioneer Fuels Kenya,TRK-686,21900,1661138.0,1683041.7,16/06/2026 15:24
LD000955,Ksm,PMS,Delta Oil Marketers,TRK-883,20000,3874958.5,3894959.1,16/06/2026 11:21
LD000956,Kisumu,PMS,Uhuru Energy Partners,TRK-750,22600,1334217.4,1356826.1,2026-06-16 14:23
LD000957,Ksm,PMS,Pioneer Fuels Kenya,TRK-331,20300,1662992.7,1683291.3,2026-06-16 06:19
LD000958,Ksm,AGO,Mara Fuels,TRK-680,25700,1421381.9,1447084.0,16/06/2026 08:37
LD000959,Ksm,PMS,Lakeview Energy,TRK-409,23600,3076898.3,3100491.2,16/06/2026 16:50
LD000960,Ksm,PMS,Equator Fuels,TRK-357,20900,2564131.5,2585034.5,16/06/2026 22:20
LD000961,Kisumu,AGO,Rift Valley Fuels Ltd,TRK-628,23700,1878215.7,1901916.3,16/06/2026 22:11
LD000962,KISUMU,PMS,Highland Energy Co,TRK-973,28900,2663100.4,2692002.6,2026-06-16 19:17
LD000963,Eld,AGO,Baraka Downstream,TRK-864,28700,3785719.2,3814414.9,16/06/2026 16:29
LD000964,ELDORET,AGO,Lakeview Energy,TRK-966,28000,2647832.4,2675835.1,16/06/2026 18:20
LD000965,Eldoret,AGO,Crescent Oil Ltd,TRK-344,33900,3525675.7,3559570.6,2026-06-16 10:16
LD000966,ELDORET,PMS,Coastline Energy Ltd,TRK-673,29700,1468815.6,1498516.0,16/06/2026 12:51
LD000967,ELDORET,AGO,Tsavo Energy Group,TRK-129,25400,1571367.9,1596762.9,16/06/2026 06:12
LD000968,Eldoret,AGO,Savannah Petroleum,TRK-597,26300,4582699.1,4609002.4,2026-06-16 10:41
LD000969,NAKURU,AGO,Crescent Oil Ltd,TRK-165,32400,4805768.1,4838170.8,16/06/2026 07:20
LD000970,Nku,AGO,Baraka Downstream,TRK-684,33700,3692985.8,3726692.5,2026-06-16 07:25
LD000971,Nku,AGO,Delta Oil Marketers,TRK-343,26500,4542479.1,4568982.7,2026-06-16 21:16
LD000972,Nku,AGO,Pioneer Fuels Kenya,TRK-925,34100,3925266.1,3959361.4,2026-06-16 15:21
LD000973,NAKURU,IK,Horizon Oil Marketers,TRK-381,31200,4010553.2,4041758.5,16/06/2026 11:09
LD000974,NAKURU,PMS,Highland Energy Co,TRK-215,23300,1509545.7,1532845.2,16/06/2026 06:31
LD000975,NAKURU,AGO,Baraka Downstream,TRK-832,24600,3126309.6,3150916.3,16/06/2026 12:17
LD000976,Nku,PMS,Savannah Petroleum,TRK-907,26500,2937377.7,2963877.9,2026-06-16 06:53
LD000977,Nakuru,PMS,Zenith Petroleum,TRK-801,20200,2638956.9,2659152.4,2026-06-16 17:19
LD000978,NAKURU,AGO,Summit Downstream Ltd,TRK-361,20700,2917040.4,2937737.0,2026-06-16 17:00
LD000979,NAKURU,IK,Equator Fuels,TRK-264,22900,3972326.2,3995227.0,16/06/2026 12:19
LD000980,NAKURU,AGO,Savannah Petroleum,TRK-182,35700,2801914.3,2837620.2,16/06/2026 18:50
LD000981,Kisii,AGO,Uhuru Energy Partners,TRK-939,26900,4988729.4,5015620.0,2026-06-16 15:45
LD000982, Kisii ,AGO,Zenith Petroleum,TRK-846,23500,2402082.1,2425585.2,16/06/2026 21:04
LD000983, Kisii ,AGO,Savannah Petroleum,TRK-288,26000,1274854.7,1300851.7,16/06/2026 05:48
LD000984,KISII,AGO,Summit Downstream Ltd,TRK-412,31600,3626917.9,3658506.9,2026-06-16 09:00
LD000985,KISII,PMS,Baraka Downstream,TRK-802,31300,1033454.7,1064758.0,16/06/2026 12:33
LD000986,KISII,AGO,Tsavo Energy Group,TRK-946,27700,1021253.9,1048948.2,16/06/2026 09:16
LD000987, Kisii ,PMS,Tsavo Energy Group,TRK-486,32900,4091238.3,4124134.6,2026-06-16 18:23
LD000988,Kisii,PMS,Highland Energy Co,TRK-741,32300,3334854.4,3367154.8,2026-06-16 05:59
LD000989,KISII,IK,Tsavo Energy Group,TRK-732,32500,4006988.0,4039488.4,16/06/2026 11:16
LD000990, Kisii ,PMS,Pioneer Fuels Kenya,TRK-835,22200,3684629.9,3706837.0,16/06/2026 16:10
LD000991,Kisii,AGO,Delta Oil Marketers,TRK-830,29900,3969012.7,3998910.5,2026-06-16 19:52
LD000992,MOMBASA,IK,Delta Oil Marketers,TRK-541,32000,4632914.0,4664911.6,2026-06-17 13:18
LD000993,MOMBASA,IK,Equator Fuels,TRK-518,32100,3388621.2,3420725.1,2026-06-17 14:46
LD000994,mombasa,PMS,Crescent Oil Ltd,TRK-354,29300,3529565.3,3558866.9,17/06/2026 13:15
LD000995,MOMBASA,PMS,Mara Fuels,TRK-507,22500,2895684.9,2918180.0,17/06/2026 20:08
LD000996,mombasa,AGO,Horizon Oil Marketers,TRK-153,23200,2255307.2,2278511.9,2026-06-17 13:04
LD000997,Mombasa,AGO,Crescent Oil Ltd,TRK-929,23900,1859650.5,1883554.8,2026-06-17 16:38
LD000998,Mombasa,PMS,Summit Downstream Ltd,TRK-235,28100,1751681.5,1779780.7,2026-06-17 17:19
LD000999,Mombasa,PMS,Mara Fuels,TRK-235,21200,3784624.6,3805830.4,17/06/2026 21:31
LD001000,MOMBASA,AGO,Aberdare Oil Traders,TRK-145,30600,4184965.8,4215563.7,17/06/2026 18:09
LD001001,mombasa,AGO,Zenith Petroleum,TRK-389,24400,3769435.7,3793836.2,17/06/2026 13:47
LD001002,MOMBASA,AGO,Tsavo Energy Group,TRK-603,30200,2298047.2,2328246.9,17/06/2026 18:57
LD001003,Nairobi Depot,PMS,Nyanza Petroleum Co,TRK-581,31100,1874862.5,1905954.9,2026-06-17 09:03
LD001004,nrb,AGO,Delta Oil Marketers,TRK-465,30600,4259758.9,4290362.0,17/06/2026 18:07
LD001005,Nairobi Depot,AGO,Zenith Petroleum,TRK-989,32400,4043405.3,4075800.6,2026-06-17 09:07
LD001006,NAIROBI,AGO,Aberdare Oil Traders,TRK-779,26900,1124596.4,1151503.6,2026-06-17 21:52
LD001007,Nairobi,AGO,Lakeview Energy,TRK-610,24200,1134705.6,1158903.9,17/06/2026 10:26
LD001008,Nairobi Depot,PMS,Zenith Petroleum,TRK-208,28900,1155917.3,1184819.8,2026-06-17 08:25
LD001009,Nairobi,PMS,Delta Oil Marketers,TRK-375,30700,2292109.4,2322812.8,17/06/2026 19:53
LD001010,Nairobi,IK,Pioneer Fuels Kenya,TRK-983,35900,4301662.7,4337561.2,17/06/2026 19:20
LD001011,nrb,PMS,Lakeview Energy,TRK-716,33500,1996034.9,2029531.4,2026-06-17 06:47
LD001012,NAIROBI,PMS,Summit Downstream Ltd,TRK-972,21500,4995570.4,5017071.0,2026-06-17 10:15
LD001013,KISUMU,PMS,Baraka Downstream,TRK-602,20100,2863303.0,2883394.2,17/06/2026 17:18
LD001014,Kisumu,IK,Horizon Oil Marketers,TRK-624,25100,4844637.7,4869740.9,17/06/2026 09:22
LD001015,Kisumu,PMS,Aberdare Oil Traders,TRK-533,34300,4396716.0,4431015.0,17/06/2026 17:30
LD001016,KISUMU,AGO,Uhuru Energy Partners,TRK-625,21300,2248785.5,2270085.3,17/06/2026 10:27
LD001017,Ksm,AGO,Delta Oil Marketers,TRK-762,20300,1068599.1,1088900.3,2026-06-17 09:59
LD001018,Ksm,PMS,Delta Oil Marketers,TRK-230,24900,1530578.3,1555480.7,17/06/2026 18:05
LD001019,Kisumu,AGO,Coastline Energy Ltd,TRK-664,28200,1021384.6,1049584.0,2026-06-17 21:27
LD001020,Ksm,AGO,Uhuru Energy Partners,TRK-776,26400,2562374.4,2588777.7,17/06/2026 21:27
LD001021,Ksm,PMS,Amani Petroleum,TRK-858,21100,3553289.0,3574393.4,17/06/2026 07:49
LD001022,Ksm,PMS,Summit Downstream Ltd,TRK-526,22200,3315360.7,3337566.5,17/06/2026 10:53
LD001023,KISUMU,PMS,Kilele Fuels,TRK-371,29100,4473643.2,4502735.8,2026-06-17 19:48
LD001024,Kisumu,PMS,Crescent Oil Ltd,TRK-789,29900,3532290.6,3562183.6,17/06/2026 07:47
LD001025,KISUMU,AGO,Horizon Oil Marketers,TRK-771,27500,2772237.4,2799743.1,17/06/2026 05:25
LD001026,KISUMU,AGO,Crescent Oil Ltd,TRK-731,27400,4759727.2,4787127.1,17/06/2026 20:19
LD001027,Kisumu,AGO,Baraka Downstream,TRK-214,28100,4796802.8,4824900.6,2026-06-17 07:08
LD001028,Eld,AGO,Baraka Downstream,TRK-546,26000,4766767.9,4792773.2,2026-06-17 11:30
LD001029,Eldoret,PMS,Delta Oil Marketers,TRK-219,22700,3001437.8,3024143.4,2026-06-17 19:09
LD001030,Eld,AGO,Delta Oil Marketers,TRK-560,30400,2101152.9,2131558.3,2026-06-17 19:31
LD001031,Eld,PMS,,TRK-745,22500,3543761.3,3566255.3,17/06/2026 17:03
LD001032,ELDORET,IK,Pioneer Fuels Kenya,TRK-667,31300,2820688.0,2851989.9,2026-06-17 20:47
LD001033,ELDORET,AGO,Pioneer Fuels Kenya,TRK-794,30700,4349468.3,4380170.9,2026-06-17 20:32
LD001034,Eldoret,AGO,Uhuru Energy Partners,TRK-666,31200,4352619.9,4383826.6,17/06/2026 21:01
LD001035,Eld,AGO,Delta Oil Marketers,TRK-737,32800,4843680.6,4876475.7,17/06/2026 18:56
LD001036,ELDORET,PMS,Tsavo Energy Group,TRK-296,26400,1614764.2,1641179.5,17/06/2026 18:01
LD001037,Eld,PMS,Pioneer Fuels Kenya,TRK-447,29200,2108050.1,2137250.9,17/06/2026 21:14
LD001038,Eld,PMS,Summit Downstream Ltd,TRK-953,29500,2419698.6,2449202.4,17/06/2026 14:46
LD001039,Nakuru,AGO,Equator Fuels,TRK-867,31200,1266110.4,1297311.2,17/06/2026 10:39
LD001040,NAKURU,PMS,Crescent Oil Ltd,TRK-912,29900,1985144.1,2015043.6,17/06/2026 11:10
LD001041,NAKURU,PMS,Savannah Petroleum,TRK-467,31100,3387105.7,3418207.9,17/06/2026 11:35
LD001042,NAKURU,AGO,Amani Petroleum,TRK-165,30900,2501764.4,2532664.4,17/06/2026 10:52
LD001043,NAKURU,PMS,Highland Energy Co,TRK-364,32800,4538333.2,4571131.9,17/06/2026 12:07
LD001044,Nku,AGO,Baraka Downstream,TRK-994,23500,3764847.2,3788345.6,2026-06-17 22:17
LD001045,Nakuru,AGO,Kilele Fuels,TRK-873,29600,3475966.3,3505564.5,2026-06-17 19:51
LD001046,Nakuru,AGO,Highland Energy Co,TRK-207,27000,2583846.4,2610842.1,2026-06-17 08:52
LD001047,Nku,AGO,Coastline Energy Ltd,TRK-880,30700,4567572.4,4598274.9,17/06/2026 16:10
LD001048,Nakuru,AGO,Zenith Petroleum,TRK-241,32600,2664872.2,2697463.0,2026-06-17 08:09
LD001049,NAKURU,PMS,Rift Valley Fuels Ltd,TRK-928,22700,2899803.9,2922503.3,17/06/2026 18:49
LD001050,KISII,PMS,Aberdare Oil Traders,TRK-872,35600,4037170.0,4072766.1,17/06/2026 10:05
LD001051,Kisii,AGO,Amani Petroleum,TRK-333,35500,2758961.9,2794466.3,17/06/2026 12:09
LD001052, Kisii ,PMS,Kilele Fuels,TRK-628,25200,2197533.5,2222730.3,17/06/2026 18:57
LD001053,Kisii,IK,Rift Valley Fuels Ltd,TRK-629,23700,1518715.9,1542412.1,2026-06-17 19:09
LD001054,Kisii,PMS,Tsavo Energy Group,TRK-502,30800,1250259.4,1281052.9,2026-06-17 17:49
LD001055,KISII,IK,Amani Petroleum,TRK-529,23400,4236094.6,4259492.5,17/06/2026 06:40
LD001056, Kisii ,AGO,,TRK-386,33800,1619701.2,1653496.6,2026-06-17 15:58
LD001057, Kisii ,AGO,Equator Fuels,TRK-739,21300,2938152.0,2959454.9,17/06/2026 19:41
LD001058,Kisii,AGO,Equator Fuels,TRK-186,32900,1548594.0,1581485.1,17/06/2026 17:49
LD001059,mombasa,PMS,Highland Energy Co,TRK-195,32500,2214495.8,2246996.4,18/06/2026 09:33
LD001060,mombasa,AGO,Rift Valley Fuels Ltd,TRK-652,27100,4936938.0,4964037.5,2026-06-18 10:01
LD001061,Mombasa,AGO,Uhuru Energy Partners,TRK-213,26300,3860745.8,3887041.5,18/06/2026 14:46
LD001062,Mombasa,PMS,Horizon Oil Marketers,TRK-766,23100,2388249.5,2411342.6,18/06/2026 21:22
LD001063,MOMBASA,PMS,Mara Fuels,TRK-924,28800,4967091.5,4995886.1,18/06/2026 05:29
LD001064,Mombasa,PMS,Summit Downstream Ltd,TRK-353,20700,1505425.9,1526128.8,18/06/2026 09:45
LD001065,Msa,AGO,Zenith Petroleum,TRK-250,29000,4060641.3,4089628.6,18/06/2026 11:52
LD001066,Mombasa,PMS,Baraka Downstream,TRK-556,30500,3238315.4,3268825.3,18/06/2026 06:27
LD001067,mombasa,AGO,Highland Energy Co,TRK-504,31000,3632330.3,3663331.3,18/06/2026 17:37
LD001068,MOMBASA,AGO,Delta Oil Marketers,TRK-526,22000,3794122.5,3816121.2,2026-06-18 19:44
LD001069,Mombasa,AGO,Kilele Fuels,TRK-821,26700,3055402.9,3082103.1,2026-06-18 20:45
LD001070,Nairobi,AGO,Tsavo Energy Group,TRK-478,28200,4478424.3,4506631.0,18/06/2026 06:47
LD001071,Nairobi,PMS,Coastline Energy Ltd,TRK-256,26400,4880941.4,4907341.9,18/06/2026 16:36
LD001072,NAIROBI,PMS,Coastline Energy Ltd,TRK-910,24500,1526614.4,1551115.3,2026-06-18 16:19
LD001073,NAIROBI,AGO,Coastline Energy Ltd,TRK-320,33700,1661209.1,1694908.9,18/06/2026 18:03
LD001074,nrb,PMS,Lakeview Energy,TRK-527,26500,4612763.1,4639269.0,18/06/2026 22:22
LD001075,NAIROBI,AGO,Summit Downstream Ltd,TRK-837,29700,3306456.0,3336145.8,2026-06-18 15:50
LD001076,Nairobi Depot,AGO,Kilele Fuels,TRK-252,32600,2011193.8,2043798.5,2026-06-18 19:48
LD001077,Nairobi,AGO,Nyanza Petroleum Co,TRK-447,35000,4575940.8,4610947.0,18/06/2026 18:24
LD001078,Nairobi Depot,AGO,Tsavo Energy Group,TRK-685,29200,2350597.2,2379792.8,2026-06-18 07:55
LD001079,Nairobi,AGO,Crescent Oil Ltd,TRK-875,35800,1100949.4,1136750.1,2026-06-18 07:12
LD001080,NAIROBI,AGO,Rift Valley Fuels Ltd,TRK-644,28400,3355732.3,3384124.0,2026-06-18 21:57
LD001081,Nairobi Depot,PMS,Pioneer Fuels Kenya,TRK-926,32000,3493911.3,3525908.4,18/06/2026 11:15
LD001082,nrb,AGO,Rift Valley Fuels Ltd,TRK-284,26000,1928223.0,1954223.7,2026-06-18 20:55
LD001083,NAIROBI,AGO,Aberdare Oil Traders,TRK-201,24200,3217349.9,3241546.7,18/06/2026 15:24
LD001084,Ksm,PMS,Lakeview Energy,TRK-517,34700,1160236.5,1194931.9,2026-06-18 13:49
LD001085,KISUMU,PMS,Rift Valley Fuels Ltd,TRK-405,24700,1830163.7,1854865.2,2026-06-18 15:11
LD001086,Kisumu,PMS,Mara Fuels,TRK-947,27500,2865197.7,2892696.8,2026-06-18 18:57
LD001087,Kisumu,PMS,Amani Petroleum,TRK-494,32200,1617968.8,1650155.1,18/06/2026 12:31
LD001088,KISUMU,PMS,Uhuru Energy Partners,TRK-129,29600,4998230.8,5027828.3,2026-06-18 19:35
LD001089,Kisumu,IK,Highland Energy Co,TRK-791,32300,2591462.8,2623760.9,2026-06-18 05:17
LD001090,Ksm,AGO,Pioneer Fuels Kenya,TRK-185,20500,1817793.5,1838295.4,2026-06-18 09:19
LD001091,Kisumu,AGO,Highland Energy Co,TRK-900,25400,3042323.0,3067726.8,18/06/2026 09:23
LD001092,Ksm,IK,,TRK-575,28200,3005102.6,3033303.7,18/06/2026 22:28
LD001093,KISUMU,AGO,Savannah Petroleum,TRK-593,20800,1139646.2,1160435.8,18/06/2026 10:00
LD001094,KISUMU,AGO,Equator Fuels,TRK-622,33400,1642718.3,1676126.9,2026-06-18 17:22
LD001095,Ksm,PMS,Lakeview Energy,TRK-504,20400,2796155.1,2816552.3,2026-06-18 22:36
LD001096,KISUMU,AGO,Uhuru Energy Partners,TRK-616,29700,2124199.0,2153900.6,18/06/2026 22:17
LD001097,ELDORET,AGO,Nyanza Petroleum Co,TRK-429,29800,1799365.1,1829165.6,2026-06-18 19:17
LD001098,Eld,AGO,Baraka Downstream,TRK-102,30400,1843125.8,1873522.6,18/06/2026 15:01
LD001099,Eld,PMS,Tsavo Energy Group,TRK-813,28900,4425973.6,4454866.4,18/06/2026 05:43
LD001100,Eld,AGO,Lakeview Energy,TRK-952,32000,2724449.6,2756444.3,18/06/2026 22:05
LD001101,ELDORET,AGO,Summit Downstream Ltd,TRK-466,21400,2131204.5,2152596.1,2026-06-18 16:52
LD001102,ELDORET,AGO,Kilele Fuels,TRK-297,25300,2175103.6,2200400.3,2026-06-18 05:07
LD001103,NAKURU,PMS,Aberdare Oil Traders,TRK-826,34900,2061985.6,2096893.5,2026-06-18 05:48
LD001104,NAKURU,PMS,Nyanza Petroleum Co,TRK-605,25100,4392436.9,4417541.8,2026-06-18 14:51
LD001105,NAKURU,PMS,Equator Fuels,TRK-753,35200,4539420.5,4574616.1,2026-06-18 11:00
LD001106,Nku,AGO,Tsavo Energy Group,TRK-775,24500,4853441.3,4877946.1,2026-06-18 21:31
LD001107,Nakuru,PMS,Lakeview Energy,TRK-683,20200,3864199.9,3884404.3,18/06/2026 09:47
LD001108,Nku,PMS,Highland Energy Co,TRK-797,35800,2247517.7,2283325.1,18/06/2026 05:44
LD001109,NAKURU,PMS,Savannah Petroleum,TRK-430,25400,1315757.6,1341149.4,18/06/2026 18:41
LD001110,Nakuru,PMS,Delta Oil Marketers,TRK-877,25500,4338287.2,4363785.2,2026-06-18 21:29
LD001111,Nakuru,PMS,Kilele Fuels,TRK-501,35000,1742932.3,1777935.5,18/06/2026 18:34
LD001112,Nakuru,PMS,Nyanza Petroleum Co,TRK-533,21000,1369442.1,1390441.1,2026-06-18 05:47
LD001113,Nakuru,PMS,Lakeview Energy,TRK-199,22600,3380851.3,3403451.7,18/06/2026 15:19
LD001114,Nakuru,PMS,Mara Fuels,TRK-353,23900,2883841.0,2907726.0,18/06/2026 05:37
LD001115,Nakuru,PMS,Savannah Petroleum,TRK-632,30600,4004708.5,4035310.8,2026-06-18 15:53
LD001116,Kisii,AGO,Horizon Oil Marketers,TRK-692,24700,1459187.7,1483895.3,2026-06-18 19:48
LD001117,Kisii,IK,Mara Fuels,TRK-810,35100,4136824.7,4171930.2,2026-06-18 06:24
LD001118,Kisii,PMS,Coastline Energy Ltd,TRK-542,24000,3868482.3,3892481.7,2026-06-18 19:03
LD001119,Kisii,AGO,Coastline Energy Ltd,TRK-511,33700,2427074.8,2460770.8,18/06/2026 22:03
LD001120, Kisii ,PMS,Summit Downstream Ltd,TRK-538,24800,1428228.7,1453033.8,2026-06-18 05:29
LD001121,Kisii,PMS,Amani Petroleum,TRK-297,27000,3918847.6,3945848.3,2026-06-18 05:29
LD001122, Kisii ,PMS,Equator Fuels,TRK-229,33800,4289978.6,4323781.7,18/06/2026 07:37
LD001123,Kisii,PMS,Crescent Oil Ltd,TRK-348,22800,2943269.7,2966071.4,2026-06-18 20:46
LD001124,mombasa,PMS,Uhuru Energy Partners,TRK-767,24800,3384327.8,3409124.1,19/06/2026 14:37
LD001125,mombasa,AGO,Baraka Downstream,TRK-416,26900,1657622.1,1684522.7,19/06/2026 22:49
LD001126,Mombasa,PMS,Pioneer Fuels Kenya,TRK-248,34400,2375830.7,2410225.7,2026-06-19 05:33
LD001127,MOMBASA,AGO,Savannah Petroleum,TRK-300,31700,3634645.4,3666354.9,2026-06-19 22:54
LD001128,mombasa,AGO,Delta Oil Marketers,TRK-578,34400,2598075.1,2632479.1,19/06/2026 15:12
LD001129,Mombasa,AGO,Tsavo Energy Group,TRK-997,25200,1043244.3,1068446.6,19/06/2026 18:21
LD001130,MOMBASA,PMS,Nyanza Petroleum Co,TRK-577,21700,3307429.5,3329132.0,2026-06-19 05:40
LD001131,Mombasa,AGO,Summit Downstream Ltd,TRK-288,27400,1474836.4,1502237.1,19/06/2026 15:51
LD001132,Msa,PMS,Highland Energy Co,TRK-397,31800,1129773.8,1161570.4,2026-06-19 16:01
LD001133,MOMBASA,AGO,Rift Valley Fuels Ltd,TRK-390,30500,3129167.5,3159658.8,2026-06-19 16:02
LD001134,Mombasa,AGO,Highland Energy Co,TRK-300,35000,4274960.9,4309963.8,2026-06-19 10:21
LD001135,Mombasa,AGO,Baraka Downstream,TRK-906,35700,2038683.4,2074383.1,19/06/2026 08:01
LD001136,MOMBASA,IK,Nyanza Petroleum Co,TRK-481,25600,1201398.1,1227000.4,19/06/2026 14:29
LD001137,MOMBASA,AGO,Baraka Downstream,TRK-233,20800,3768045.0,3788837.4,2026-06-19 07:07
LD001138,MOMBASA,AGO,Crescent Oil Ltd,TRK-751,29800,2011432.5,2041231.3,2026-06-19 16:20
LD001139,Nairobi Depot,AGO,Highland Energy Co,TRK-252,25700,4294208.9,4319908.4,2026-06-19 11:54
LD001140,nrb,PMS,Baraka Downstream,TRK-698,25600,2450239.2,2475845.8,2026-06-19 13:55
LD001141,nrb,AGO,Crescent Oil Ltd,TRK-620,32900,2312717.9,2345610.3,19/06/2026 20:50
LD001142,nrb,AGO,Mara Fuels,TRK-638,33500,1884954.8,1918440.6,19/06/2026 19:11
LD001143,NAIROBI,AGO,Pioneer Fuels Kenya,TRK-312,26100,4233623.0,4259720.9,2026-06-19 17:40
LD001144,NAIROBI,AGO,Equator Fuels,TRK-486,27300,2213143.6,2240449.4,19/06/2026 12:25
LD001145,Nairobi Depot,PMS,Lakeview Energy,TRK-631,34900,1474575.1,1509476.1,2026-06-19 07:08
LD001146,nrb,AGO,Crescent Oil Ltd,TRK-561,28500,1130636.2,1159138.4,19/06/2026 19:32
LD001147,nrb,PMS,Aberdare Oil Traders,TRK-283,27600,2630992.4,2658594.7,2026-06-19 20:20
LD001148,Nairobi,PMS,Lakeview Energy,TRK-613,35500,3248755.2,3284250.3,19/06/2026 07:22
LD001149,NAIROBI,IK,Lakeview Energy,TRK-659,31400,1273801.8,1305197.0,19/06/2026 08:07
LD001150,Nairobi Depot,PMS,Coastline Energy Ltd,TRK-886,29800,4753928.6,4783727.6,2026-06-19 15:16
LD001151,Nairobi Depot,AGO,Highland Energy Co,TRK-108,30600,1307212.2,1337815.8,19/06/2026 09:54
LD001152,nrb,AGO,Pioneer Fuels Kenya,TRK-112,26500,4334576.0,4361065.8,2026-06-19 17:25
LD001153,nrb,AGO,Equator Fuels,TRK-628,33000,3447324.1,3480317.2,19/06/2026 12:14
LD001154,KISUMU,PMS,Equator Fuels,TRK-814,27100,4000113.6,4027210.1,2026-06-19 07:20
LD001155,Kisumu,PMS,Zenith Petroleum,TRK-994,28500,3151131.7,3179627.2,19/06/2026 22:01
LD001156,KISUMU,IK,Zenith Petroleum,TRK-529,24600,3225312.0,3249908.5,19/06/2026 05:31
LD001157,Kisumu,AGO,Mara Fuels,TRK-681,20500,4628995.8,4649493.6,2026-06-19 22:19
LD001158,KISUMU,PMS,Crescent Oil Ltd,TRK-687,28300,3840459.1,3868756.4,19/06/2026 15:36
LD001159,Kisumu,PMS,Highland Energy Co,TRK-586,21500,2270778.8,2292283.3,19/06/2026 17:04
LD001160,Eld,AGO,Coastline Energy Ltd,TRK-206,34900,4665682.2,4700579.7,2026-06-19 19:40
LD001161,ELDORET,PMS,Tsavo Energy Group,TRK-495,30200,3519282.6,3549489.9,2026-06-19 20:01
LD001162,Eldoret,PMS,Kilele Fuels,TRK-630,28500,3709752.3,3738249.5,2026-06-19 21:04
LD001163,Eld,PMS,Tsavo Energy Group,TRK-232,26900,3925985.9,3952884.4,19/06/2026 18:25
LD001164,ELDORET,AGO,Equator Fuels,TRK-310,33300,3161186.1,3194487.5,19/06/2026 07:24
LD001165,Eld,AGO,Crescent Oil Ltd,TRK-417,33500,2725206.8,2758710.5,2026-06-19 20:10
LD001166,ELDORET,AGO,,TRK-246,24000,4376849.3,4400848.2,2026-06-19 19:17
LD001167,ELDORET,AGO,Mara Fuels,TRK-602,27700,3056381.8,3084085.2,19/06/2026 12:33
LD001168,Eld,AGO,Kilele Fuels,TRK-962,25200,1157077.7,1182268.9,19/06/2026 07:18
LD001169,Eld,PMS,Nyanza Petroleum Co,TRK-732,24400,1025516.2,1049923.7,19/06/2026 10:26
LD001170,Eldoret,AGO,Pioneer Fuels Kenya,TRK-815,25500,3684372.6,3709869.1,2026-06-19 10:44
LD001171,Eld,AGO,Highland Energy Co,TRK-168,32900,4787025.0,4819931.7,2026-06-19 10:17
LD001172,Nakuru,IK,Highland Energy Co,TRK-477,20400,3414115.2,3434512.8,2026-06-19 18:48
LD001173,Nku,AGO,Kilele Fuels,TRK-312,30600,3752182.2,3782784.4,2026-06-19 15:26
LD001174,NAKURU,AGO,Kilele Fuels,TRK-863,23600,2228865.7,2252459.9,2026-06-19 07:40
LD001175,NAKURU,PMS,Horizon Oil Marketers,TRK-239,28700,2668773.7,2697472.1,19/06/2026 05:16
LD001176,NAKURU,AGO,Highland Energy Co,TRK-830,26700,4029131.9,4055830.2,2026-06-19 07:05
LD001177,Nku,AGO,Tsavo Energy Group,TRK-118,34400,1336510.6,1370906.4,2026-06-19 13:53
LD001178,Nakuru,PMS,Summit Downstream Ltd,TRK-787,20300,3646874.7,3667173.6,19/06/2026 08:34
LD001179,Nku,PMS,Equator Fuels,TRK-791,29600,1652076.5,1681674.6,2026-06-19 16:11
LD001180,Nku,PMS,Amani Petroleum,TRK-833,33900,4705855.2,4739752.7,2026-06-19 06:53
LD001181,NAKURU,PMS,Savannah Petroleum,TRK-149,26700,1202489.9,1229190.3,2026-06-19 14:28
LD001182,NAKURU,IK,Nyanza Petroleum Co,TRK-116,26300,1114609.7,1140907.1,2026-06-19 16:58
LD001183,Nakuru,IK,Equator Fuels,TRK-164,29300,1045210.1,1074506.7,2026-06-19 15:52
LD001184,Nakuru,AGO,Tsavo Energy Group,TRK-624,20600,3353408.9,3374013.9,19/06/2026 10:46
LD001185,NAKURU,PMS,Equator Fuels,TRK-504,26400,4895201.7,4921593.0,2026-06-19 11:39
LD001186,Nku,PMS,Mara Fuels,TRK-511,31400,2085968.0,2117369.7,19/06/2026 08:22
LD001187,KISII,PMS,Nyanza Petroleum Co,TRK-934,22100,3052732.3,3074826.5,19/06/2026 11:29
LD001188,Kisii,PMS,Coastline Energy Ltd,TRK-611,23500,2270218.3,2293716.8,2026-06-19 11:26
LD001189,KISII,PMS,Mara Fuels,TRK-813,24200,1350365.2,1374565.9,2026-06-19 08:38
LD001190, Kisii ,PMS,Delta Oil Marketers,TRK-118,24600,2118983.9,2143581.4,19/06/2026 15:54
LD001191,Kisii,PMS,Pioneer Fuels Kenya,TRK-113,25300,3651185.1,3676486.9,2026-06-19 12:32
LD001192,Kisii,AGO,Nyanza Petroleum Co,TRK-875,31600,2937564.7,2969167.3,2026-06-19 08:19
LD001193,Kisii,PMS,Coastline Energy Ltd,TRK-484,31100,3211049.5,3242146.2,2026-06-19 16:31
LD001194, Kisii ,PMS,Mara Fuels,TRK-425,24700,4643210.7,4667907.5,2026-06-19 19:47
LD001195, Kisii ,AGO,Coastline Energy Ltd,TRK-334,28800,3935621.5,3964416.3,19/06/2026 18:41
LD001196,Kisii,PMS,Savannah Petroleum,TRK-780,22000,1685179.8,1707171.1,2026-06-19 11:34
LD001197,Kisii,AGO,Mara Fuels,TRK-744,33200,3339354.5,3372559.9,2026-06-19 17:33
LD001198,Kisii,AGO,Savannah Petroleum,TRK-244,23900,4904130.8,4928027.9,2026-06-19 07:12
LD001199,Msa,PMS,Equator Fuels,TRK-180,34200,4582759.8,4616954.8,20/06/2026 22:53
LD001200,mombasa,PMS,Uhuru Energy Partners,TRK-354,26600,1962126.3,1988722.5,20/06/2026 11:15
LD001201,Msa,AGO,Delta Oil Marketers,TRK-468,30800,4304258.7,4335063.6,20/06/2026 11:17
LD001202,MOMBASA,PMS,Amani Petroleum,TRK-543,26400,1625267.9,1651670.5,20/06/2026 19:27
LD001203,MOMBASA,PMS,Lakeview Energy,TRK-407,31800,2441898.0,2473692.0,2026-06-20 17:27
LD001204,Msa,PMS,Kilele Fuels,TRK-675,21300,4970327.2,4991631.7,2026-06-20 19:19
LD001205,Mombasa,PMS,Baraka Downstream,TRK-104,22500,4953684.0,4976188.5,20/06/2026 20:12
LD001206,Mombasa,AGO,Zenith Petroleum,TRK-415,33900,2157758.1,2191667.2,20/06/2026 18:25
LD001207,Msa,AGO,Pioneer Fuels Kenya,TRK-881,27500,3477559.9,3505052.2,20/06/2026 08:24
LD001208,Nairobi,AGO,Delta Oil Marketers,TRK-477,29000,4402298.1,4431288.7,20/06/2026 16:32
LD001209,Nairobi Depot,IK,Delta Oil Marketers,TRK-932,23200,4737732.2,4760936.8,2026-06-20 12:15
LD001210,NAIROBI,AGO,Crescent Oil Ltd,TRK-797,28900,4118066.8,4146969.5,20/06/2026 09:16
LD001211,nrb,PMS,Horizon Oil Marketers,TRK-759,20300,4273521.7,4293825.0,20/06/2026 10:00
LD001212,nrb,AGO,Equator Fuels,TRK-269,24000,4462249.5,4486245.9,20/06/2026 07:33
LD001213,nrb,AGO,Summit Downstream Ltd,TRK-851,21600,1503820.8,1525418.5,2026-06-20 21:34
LD001214,nrb,PMS,Baraka Downstream,TRK-314,30800,3376967.3,3407771.8,20/06/2026 16:52
LD001215,nrb,PMS,,TRK-171,29700,3730129.8,3759821.2,20/06/2026 10:52
LD001216,NAIROBI,AGO,Tsavo Energy Group,TRK-820,24400,4074325.3,4098734.4,2026-06-20 18:10
LD001217,NAIROBI,AGO,Kilele Fuels,TRK-317,23600,3769417.2,3793020.3,2026-06-20 21:07
LD001218,nrb,PMS,Equator Fuels,TRK-992,32000,1874855.6,1906849.0,20/06/2026 10:51
LD001219,nrb,AGO,Tsavo Energy Group,TRK-187,21000,1523895.0,1544900.4,2026-06-20 08:55
LD001220,Nairobi,PMS,Pioneer Fuels Kenya,TRK-596,20700,3936605.0,3957306.6,2026-06-20 15:01
LD001221,Kisumu,PMS,Pioneer Fuels Kenya,TRK-142,22900,3376567.5,3399462.5,2026-06-20 05:42
LD001222,KISUMU,AGO,Crescent Oil Ltd,TRK-879,20400,3490929.1,3511327.9,20/06/2026 05:24
LD001223,KISUMU,AGO,Uhuru Energy Partners,TRK-798,32900,4368062.6,4400970.2,20/06/2026 15:38
LD001224,KISUMU,AGO,Summit Downstream Ltd,TRK-158,30800,3897018.1,3927817.6,20/06/2026 16:42
LD001225,Kisumu,AGO,Summit Downstream Ltd,TRK-242,27900,3533647.0,3561544.9,2026-06-20 05:29
LD001226,Ksm,AGO,Nyanza Petroleum Co,TRK-733,32900,3368067.4,3400973.7,20/06/2026 13:44
LD001227,Kisumu,AGO,Mara Fuels,TRK-468,22700,1098736.6,1121440.2,20/06/2026 11:00
LD001228,Eldoret,AGO,Delta Oil Marketers,TRK-727,29600,2363834.3,2393423.8,20/06/2026 12:38
LD001229,Eld,PMS,Horizon Oil Marketers,TRK-400,34700,2626362.1,2661064.3,2026-06-20 20:42
LD001230,Eld,AGO,Pioneer Fuels Kenya,TRK-833,24700,3101881.2,3126577.5,2026-06-20 21:56
LD001231,Eldoret,PMS,Highland Energy Co,TRK-578,31200,4601056.4,4632259.6,20/06/2026 07:19
LD001232,Eldoret,IK,Highland Energy Co,TRK-316,30900,4783698.6,4814603.9,2026-06-20 20:42
LD001233,ELDORET,PMS,Mara Fuels,TRK-884,24700,1004448.4,1029144.0,2026-06-20 05:10
LD001234,Eld,AGO,Horizon Oil Marketers,TRK-647,30600,3534846.4,3565442.8,20/06/2026 20:57
LD001235,Eld,PMS,Nyanza Petroleum Co,TRK-884,29500,1064973.8,1094469.3,2026-06-20 15:55
LD001236,Eld,AGO,Summit Downstream Ltd,TRK-903,30600,3226313.7,3256919.6,20/06/2026 17:58
LD001237,Eldoret,AGO,Horizon Oil Marketers,TRK-214,25500,1538305.1,1563806.3,20/06/2026 12:16
LD001238,NAKURU,AGO,Horizon Oil Marketers,TRK-230,30300,2153006.3,2183309.5,20/06/2026 11:47
LD001239,NAKURU,AGO,Savannah Petroleum,TRK-294,24800,4564800.3,4589594.5,20/06/2026 05:19
LD001240,Nku,PMS,Baraka Downstream,TRK-716,21500,4261105.3,4282606.2,2026-06-20 16:51
LD001241,NAKURU,PMS,Kilele Fuels,TRK-935,34300,4294425.7,4328726.3,2026-06-20 05:34
LD001242,Nku,AGO,Crescent Oil Ltd,TRK-864,33000,2536170.6,2569175.2,2026-06-20 19:09
LD001243,Nku,AGO,Horizon Oil Marketers,TRK-968,30700,4955342.1,4986039.4,20/06/2026 14:32
LD001244,Nakuru,AGO,Coastline Energy Ltd,TRK-485,27700,1552061.9,1579755.2,20/06/2026 11:31
LD001245,Nakuru,PMS,Nyanza Petroleum Co,TRK-153,21300,4318891.5,4340191.2,20/06/2026 11:54
LD001246,NAKURU,AGO,Tsavo Energy Group,TRK-661,21400,1263247.0,1284648.6,20/06/2026 14:52
LD001247, Kisii ,PMS,Summit Downstream Ltd,TRK-640,29300,4249895.3,4279189.3,20/06/2026 20:22
LD001248,KISII,PMS,Highland Energy Co,TRK-234,26400,3690029.1,3716423.7,2026-06-20 11:44
LD001249, Kisii ,AGO,Tsavo Energy Group,TRK-552,30900,2260957.7,2291859.4,20/06/2026 14:29
LD001250, Kisii ,PMS,Equator Fuels,TRK-300,22100,3313970.0,3336065.3,2026-06-20 09:13
LD001251, Kisii ,PMS,Baraka Downstream,TRK-537,31100,3802446.0,3833548.7,2026-06-20 08:43
LD001252,Kisii,IK,Delta Oil Marketers,TRK-153,28000,3920996.8,3948998.6,20/06/2026 08:22
LD001253,Kisii,AGO,Summit Downstream Ltd,TRK-221,29900,1746559.8,1776470.2,20/06/2026 09:40
LD001254, Kisii ,AGO,Summit Downstream Ltd,TRK-914,33600,1784982.9,1818577.8,2026-06-20 10:41
LD001255,Kisii,AGO,Kilele Fuels,TRK-222,22000,4853919.8,4875919.5,2026-06-20 17:17
LD001256,Msa,PMS,Rift Valley Fuels Ltd,TRK-686,21400,1228107.7,1249502.8,21/06/2026 21:14
LD001257,Msa,AGO,Pioneer Fuels Kenya,TRK-595,21700,3342350.7,3364043.0,21/06/2026 08:50
LD001258,MOMBASA,AGO,Lakeview Energy,TRK-982,30200,4280270.0,4310471.3,21/06/2026 08:20
LD001259,Msa,AGO,Highland Energy Co,TRK-902,20700,2992519.8,3013214.3,2026-06-21 05:25
LD001260,Mombasa,AGO,Horizon Oil Marketers,TRK-312,24900,3454551.6,3479455.8,2026-06-21 22:45
LD001261,Mombasa,AGO,Highland Energy Co,TRK-421,34400,4239697.7,4274105.6,2026-06-21 10:00
LD001262,Mombasa,PMS,Tsavo Energy Group,TRK-362,25800,3563862.1,3589665.0,2026-06-21 11:41
LD001263,Msa,IK,Zenith Petroleum,TRK-275,27500,1759744.5,1787247.0,2026-06-21 21:19
LD001264,MOMBASA,PMS,Coastline Energy Ltd,TRK-555,25700,4645356.8,4671065.8,21/06/2026 06:33
LD001265,MOMBASA,AGO,Zenith Petroleum,TRK-622,20300,2263092.6,2283387.5,2026-06-21 21:58
LD001266,MOMBASA,AGO,Savannah Petroleum,TRK-406,30800,2583748.9,2614555.1,2026-06-21 06:15
LD001267,Msa,AGO,Zenith Petroleum,TRK-846,32100,2816734.7,2848838.1,2026-06-21 11:37
LD001268,mombasa,AGO,Tsavo Energy Group,TRK-185,24000,1481789.4,1505788.7,21/06/2026 13:24
LD001269,mombasa,IK,Equator Fuels,TRK-850,29400,4877287.2,4906684.2,2026-06-21 09:34
LD001270,Nairobi Depot,AGO,Tsavo Energy Group,TRK-257,21200,1664210.1,1685409.3,21/06/2026 21:38
LD001271,nrb,PMS,Aberdare Oil Traders,TRK-212,21000,2997211.8,3018213.3,2026-06-21 12:04
LD001272,NAIROBI,PMS,Mara Fuels,TRK-249,20000,3455917.8,3475917.6,21/06/2026 07:23
LD001273,Nairobi,PMS,Summit Downstream Ltd,TRK-901,29900,2829772.2,2859667.3,2026-06-21 17:14
LD001274,Nairobi Depot,AGO,Delta Oil Marketers,TRK-457,26600,3921969.9,3948558.7,21/06/2026 14:37
LD001275,NAIROBI,AGO,Mara Fuels,TRK-498,22200,1790556.9,1812754.1,21/06/2026 06:10
LD001276,nrb,AGO,Crescent Oil Ltd,TRK-512,28400,1444835.0,1473231.2,2026-06-21 22:35
LD001277,nrb,PMS,Baraka Downstream,TRK-246,33900,2189446.1,2223348.5,21/06/2026 21:45
LD001278,Ksm,PMS,Nyanza Petroleum Co,TRK-528,31700,1835323.7,1867019.1,21/06/2026 16:45
LD001279,KISUMU,PMS,Kilele Fuels,TRK-382,20900,3209464.6,3230369.6,2026-06-21 16:51
LD001280,Kisumu,PMS,Uhuru Energy Partners,TRK-965,29200,2381923.4,2411124.7,2026-06-21 07:19
LD001281,Ksm,PMS,Tsavo Energy Group,TRK-186,32800,3161115.6,3193916.2,21/06/2026 12:05
LD001282,Ksm,AGO,Rift Valley Fuels Ltd,TRK-534,34500,2585250.5,2619746.5,2026-06-21 20:51
LD001283,Kisumu,AGO,Highland Energy Co,TRK-515,24700,1573877.8,1598576.7,2026-06-21 21:43
LD001284,KISUMU,IK,Uhuru Energy Partners,TRK-867,29500,1322461.6,1351955.9,2026-06-21 05:45
LD001285,Kisumu,IK,Crescent Oil Ltd,TRK-559,35000,4020534.5,4055540.5,2026-06-21 21:43
LD001286,KISUMU,PMS,Baraka Downstream,TRK-152,21300,2907355.5,2928657.1,21/06/2026 16:53
LD001287,Eld,PMS,Mara Fuels,TRK-355,32500,2108277.0,2140779.8,2026-06-21 16:07
LD001288,Eld,PMS,Aberdare Oil Traders,TRK-855,20600,2621691.3,2642287.2,21/06/2026 20:18
LD001289,ELDORET,PMS,Amani Petroleum,TRK-136,28300,3322580.9,3350881.8,21/06/2026 14:59
LD001290,Eldoret,PMS,Kilele Fuels,TRK-462,27700,4238700.1,4266402.5,2026-06-21 05:39
LD001291,ELDORET,PMS,,TRK-541,35200,1088264.6,1123461.7,2026-06-21 10:25
LD001292,Eldoret,PMS,Baraka Downstream,TRK-599,22100,2759422.6,2781526.8,2026-06-21 21:57
LD001293,ELDORET,AGO,Delta Oil Marketers,TRK-406,30300,2523807.4,2554108.1,21/06/2026 13:14
LD001294,Eld,AGO,Aberdare Oil Traders,TRK-549,34400,2532861.5,2567258.6,21/06/2026 22:51
LD001295,Eld,PMS,,TRK-991,23500,2770309.4,2793811.0,2026-06-21 16:47
LD001296,NAKURU,PMS,Baraka Downstream,TRK-861,28100,1272436.1,1300542.1,2026-06-21 14:02
LD001297,Nku,PMS,Aberdare Oil Traders,TRK-600,23500,4741512.6,4765000.4,21/06/2026 11:30
LD001298,NAKURU,AGO,Summit Downstream Ltd,TRK-859,20200,1989599.0,2009791.4,2026-06-21 09:20
LD001299,Nku,PMS,Rift Valley Fuels Ltd,TRK-452,33900,1658513.7,1692412.5,2026-06-21 08:50
LD001300,Nku,AGO,Mara Fuels,TRK-711,27700,1084084.4,1111784.2,2026-06-21 12:03
LD001301,Nakuru,PMS,Delta Oil Marketers,TRK-539,33100,4299415.1,4332511.7,2026-06-21 14:18
LD001302,KISII,AGO,Aberdare Oil Traders,TRK-984,28700,2495232.4,2523937.0,2026-06-21 10:15
LD001303,Kisii,AGO,Delta Oil Marketers,TRK-929,30000,1049364.2,1079366.4,2026-06-21 18:12
LD001304,KISII,PMS,Horizon Oil Marketers,TRK-139,23900,3392036.5,3415933.3,2026-06-21 09:14
LD001305,Kisii,IK,Crescent Oil Ltd,TRK-985,26200,4419223.1,4445419.0,21/06/2026 18:01
LD001306,KISII,PMS,Nyanza Petroleum Co,TRK-536,27600,1029336.6,1056933.5,2026-06-21 14:44
LD001307,KISII,AGO,Horizon Oil Marketers,TRK-387,20400,3213162.6,3233563.6,21/06/2026 06:19
LD001308, Kisii ,PMS,,TRK-776,23200,2032415.7,2055615.7,21/06/2026 06:11
LD001309,KISII,PMS,Crescent Oil Ltd,TRK-289,21800,4670172.0,4691975.0,21/06/2026 20:17
LD001310, Kisii ,PMS,Horizon Oil Marketers,TRK-799,34400,3099599.9,3134002.5,2026-06-21 14:07
LD001311,Kisii,PMS,Pioneer Fuels Kenya,TRK-480,27200,2321565.9,2348760.1,21/06/2026 16:47
LD001312, Kisii ,PMS,Horizon Oil Marketers,TRK-860,27200,4747711.5,4774922.8,2026-06-21 17:05
LD001313, Kisii ,PMS,Kilele Fuels,TRK-176,35700,4185937.6,4221641.5,21/06/2026 11:12
LD001314,Kisii,PMS,Equator Fuels,TRK-257,22700,1236423.3,1259128.9,2026-06-21 20:48
LD001315, Kisii ,PMS,Aberdare Oil Traders,TRK-877,31100,3915144.9,3946243.6,21/06/2026 22:45
LD001316,KISII,AGO,Horizon Oil Marketers,TRK-169,30800,1679490.4,1710287.9,21/06/2026 19:40
LD001317,MOMBASA,AGO,Rift Valley Fuels Ltd,TRK-380,25300,4063886.3,4089195.2,22/06/2026 21:50
LD001318,Msa,PMS,Equator Fuels,TRK-507,29300,1088873.9,1118168.9,2026-06-22 06:50
LD001319,mombasa,PMS,Highland Energy Co,TRK-510,35800,1165712.4,1201512.7,2026-06-22 21:24
LD001320,Msa,PMS,Equator Fuels,TRK-109,35400,1459014.4,1494416.9,22/06/2026 10:36
LD001321,MOMBASA,PMS,Aberdare Oil Traders,TRK-275,27800,1678016.4,1705817.1,2026-06-22 12:18
LD001322,MOMBASA,AGO,Baraka Downstream,TRK-384,23300,3350788.1,3374085.5,22/06/2026 14:02
LD001323,Mombasa,AGO,Nyanza Petroleum Co,TRK-315,21800,2327945.9,2349744.3,2026-06-22 06:41
LD001324,mombasa,AGO,Lakeview Energy,TRK-662,30000,3589831.8,3619839.0,2026-06-22 16:20
LD001325,Nairobi Depot,PMS,Savannah Petroleum,TRK-110,35900,1962682.1,1998582.3,2026-06-22 14:20
LD001326,Nairobi,AGO,Aberdare Oil Traders,TRK-650,23600,2597330.3,2620930.6,22/06/2026 13:11
LD001327,nrb,IK,Crescent Oil Ltd,TRK-936,26600,4912882.7,4939485.2,2026-06-22 13:55
LD001328,nrb,PMS,Summit Downstream Ltd,TRK-337,25300,3923481.4,3948778.7,22/06/2026 11:37
LD001329,NAIROBI,PMS,Delta Oil Marketers,TRK-289,26700,3313439.1,3340141.3,2026-06-22 20:05
LD001330,NAIROBI,AGO,Coastline Energy Ltd,TRK-266,33900,1238469.3,1272371.7,22/06/2026 10:41
LD001331,nrb,AGO,Baraka Downstream,TRK-351,31100,1559949.5,1591055.9,22/06/2026 11:04
LD001332,nrb,PMS,Rift Valley Fuels Ltd,TRK-486,26400,3078446.7,3104835.6,2026-06-22 21:08
LD001333,Kisumu,PMS,Savannah Petroleum,TRK-888,20900,3531210.4,3552101.7,22/06/2026 05:48
LD001334,Ksm,PMS,Rift Valley Fuels Ltd,TRK-208,22000,2636340.6,2658350.0,22/06/2026 05:50
LD001335,KISUMU,AGO,Baraka Downstream,TRK-676,25700,2211319.6,2237024.2,2026-06-22 07:12
LD001336,KISUMU,PMS,Nyanza Petroleum Co,TRK-808,29400,4754659.3,4784064.6,2026-06-22 20:09
LD001337,KISUMU,PMS,Highland Energy Co,TRK-623,25600,1975207.8,2000802.3,2026-06-22 06:06
LD001338,KISUMU,PMS,Nyanza Petroleum Co,TRK-250,25000,1898409.8,1923412.7,22/06/2026 12:01
LD001339,Kisumu,PMS,Horizon Oil Marketers,TRK-212,21100,4309995.0,4331094.1,2026-06-22 17:43
LD001340,KISUMU,IK,Lakeview Energy,TRK-221,20700,3797357.9,3818049.6,2026-06-22 14:22
LD001341,Kisumu,AGO,Uhuru Energy Partners,TRK-714,25300,3978946.9,4004240.4,22/06/2026 09:11
LD001342,KISUMU,PMS,Coastline Energy Ltd,TRK-206,28200,1522018.2,1550216.3,22/06/2026 14:39
LD001343,Kisumu,AGO,Lakeview Energy,TRK-982,27000,2269221.9,2296217.3,2026-06-22 13:51
LD001344,Eld,PMS,Delta Oil Marketers,TRK-215,20100,2984956.9,3005059.7,22/06/2026 17:28
LD001345,Eldoret,IK,Lakeview Energy,TRK-230,24600,3938433.2,3963033.5,22/06/2026 13:09
LD001346,Eld,PMS,Delta Oil Marketers,TRK-523,35100,1697637.1,1732735.3,22/06/2026 20:27
LD001347,Eld,PMS,Uhuru Energy Partners,TRK-651,27500,1365688.0,1393192.3,22/06/2026 12:24
LD001348,Eld,AGO,Lakeview Energy,TRK-531,26500,3085508.1,3112018.7,2026-06-22 12:24
LD001349,Eldoret,AGO,Rift Valley Fuels Ltd,TRK-971,34300,1785177.2,1819481.9,22/06/2026 12:23
LD001350,ELDORET,AGO,Horizon Oil Marketers,TRK-457,29600,4240644.4,4270245.3,2026-06-22 09:58
LD001351,Eldoret,PMS,Highland Energy Co,TRK-531,26900,3999439.7,4026340.4,2026-06-22 09:53
LD001352,Eld,AGO,Baraka Downstream,TRK-812,22900,2075190.5,2098094.6,2026-06-22 06:47
LD001353,Eldoret,PMS,Uhuru Energy Partners,TRK-818,23200,1987428.1,2010630.7,2026-06-22 05:44
LD001354,Eldoret,AGO,Baraka Downstream,TRK-180,29400,2705999.0,2735389.8,2026-06-22 10:01
LD001355,Eld,PMS,Tsavo Energy Group,TRK-243,29800,1326299.7,1356092.3,22/06/2026 18:09
LD001356,Eldoret,AGO,Rift Valley Fuels Ltd,TRK-259,24500,2601251.3,2625751.8,2026-06-22 15:28
LD001357,ELDORET,AGO,Tsavo Energy Group,TRK-952,33000,1055448.5,1088455.2,22/06/2026 10:32
LD001358,Eldoret,AGO,Pioneer Fuels Kenya,TRK-826,32800,4731011.8,4763817.7,22/06/2026 13:58
LD001359,Nku,IK,Amani Petroleum,TRK-228,28900,3828061.2,3856966.5,2026-06-22 13:05
LD001360,Nku,PMS,Summit Downstream Ltd,TRK-863,34200,4264316.2,4298519.0,2026-06-22 06:14
LD001361,NAKURU,AGO,Mara Fuels,TRK-514,20300,3943671.8,3963969.8,2026-06-22 19:30
LD001362,Nakuru,PMS,Uhuru Energy Partners,TRK-211,30200,2278972.8,2309171.2,2026-06-22 16:41
LD001363,Nakuru,PMS,Nyanza Petroleum Co,TRK-654,20900,1550518.9,1571409.8,2026-06-22 15:01
LD001364,Nku,PMS,Coastline Energy Ltd,TRK-306,34600,1161155.8,1195750.5,2026-06-22 05:48
LD001365,NAKURU,PMS,Pioneer Fuels Kenya,TRK-909,28200,3721917.9,3750118.8,2026-06-22 07:36
LD001366,NAKURU,PMS,Rift Valley Fuels Ltd,TRK-869,32900,1334899.8,1367803.0,22/06/2026 07:19
LD001367, Kisii ,AGO,Summit Downstream Ltd,TRK-232,32500,4063434.6,4095929.7,2026-06-22 15:48
LD001368,Kisii,PMS,Amani Petroleum,TRK-253,30700,3917239.2,3947937.8,22/06/2026 21:06
LD001369,Kisii,AGO,Tsavo Energy Group,TRK-574,29200,1827271.6,1856461.7,2026-06-22 06:18
LD001370,Kisii,IK,Equator Fuels,TRK-769,26800,3580874.3,3607674.5,2026-06-22 12:56
LD001371,KISII,IK,Crescent Oil Ltd,TRK-887,31900,1928898.8,1960791.1,22/06/2026 21:33
LD001372,Kisii,AGO,Zenith Petroleum,TRK-541,23200,4133548.9,4156745.7,22/06/2026 15:18
LD001373,Kisii,PMS,Pioneer Fuels Kenya,TRK-609,34500,2480928.7,2515430.8,2026-06-22 07:09
LD001374,KISII,PMS,Lakeview Energy,TRK-565,33500,1731253.6,1764754.9,2026-06-22 14:35
LD001375,Kisii,IK,Aberdare Oil Traders,TRK-461,35300,2506705.8,2542003.3,2026-06-22 10:04
LD001376,KISII,PMS,Delta Oil Marketers,TRK-881,27800,1436054.5,1463853.6,2026-06-22 19:16
LD001377,KISII,IK,Zenith Petroleum,TRK-510,24000,2267770.5,2291771.8,2026-06-22 20:02
LD001378,Kisii,PMS,Crescent Oil Ltd,TRK-482,24800,4434792.5,4459593.6,22/06/2026 21:54
LD001379,Kisii,AGO,Savannah Petroleum,TRK-759,33700,4058603.8,4092306.0,2026-06-22 13:56
LD001380,KISII,AGO,Baraka Downstream,TRK-397,35100,3730161.9,3765257.8,2026-06-22 22:00
LD001381,Kisii,AGO,Summit Downstream Ltd,TRK-785,25300,3002317.3,3027618.1,22/06/2026 07:14
LD001382,Mombasa,AGO,Kilele Fuels,TRK-284,24900,1254739.1,1279650.2,23/06/2026 22:57
LD001383,Msa,AGO,Mara Fuels,TRK-450,22800,1020558.5,1043354.3,2026-06-23 11:25
LD001384,MOMBASA,AGO,Aberdare Oil Traders,TRK-658,30900,1942491.4,1973390.9,23/06/2026 20:07
LD001385,Msa,PMS,Pioneer Fuels Kenya,TRK-715,35100,4485006.5,4520111.2,2026-06-23 11:20
LD001386,Mombasa,IK,Uhuru Energy Partners,TRK-318,32900,4946252.5,4979149.0,2026-06-23 16:50
LD001387,MOMBASA,AGO,Aberdare Oil Traders,TRK-185,29600,1327862.9,1357469.2,2026-06-23 18:17
LD001388,MOMBASA,PMS,Kilele Fuels,TRK-637,30200,2228582.6,2258790.0,23/06/2026 07:19
LD001389,mombasa,PMS,Uhuru Energy Partners,TRK-871,33800,4837888.7,4871688.4,2026-06-23 06:05
LD001390,NAIROBI,PMS,Delta Oil Marketers,TRK-902,22700,4345768.8,4368468.6,23/06/2026 18:30
LD001391,NAIROBI,PMS,Rift Valley Fuels Ltd,TRK-711,28800,1756783.2,1785583.7,2026-06-23 17:52
LD001392,NAIROBI,AGO,Mara Fuels,TRK-569,29700,2843593.4,2873302.4,23/06/2026 09:20
LD001393,Nairobi,AGO,Uhuru Energy Partners,TRK-839,33300,4318250.9,4351547.9,23/06/2026 08:50
LD001394,Nairobi,IK,Kilele Fuels,TRK-692,33400,3684051.9,3717453.5,2026-06-23 09:40
LD001395,nrb,PMS,Highland Energy Co,TRK-715,31200,2451931.4,2483133.2,2026-06-23 11:26
LD001396,Nairobi Depot,PMS,Pioneer Fuels Kenya,TRK-479,21800,2631112.1,2652915.1,2026-06-23 11:43
LD001397,nrb,PMS,Horizon Oil Marketers,TRK-764,34200,1188786.8,1222987.2,23/06/2026 14:32
LD001398,Nairobi Depot,PMS,Highland Energy Co,TRK-883,30100,2082237.0,2112337.9,2026-06-23 16:53
LD001399,NAIROBI,IK,Zenith Petroleum,TRK-709,24000,4768232.9,4792237.9,23/06/2026 19:27
LD001400,Nairobi,PMS,Coastline Energy Ltd,TRK-977,26300,1557016.3,1583312.7,2026-06-23 18:40
LD001401,Nairobi,AGO,Rift Valley Fuels Ltd,TRK-521,20200,3177029.3,3197229.0,23/06/2026 08:05
LD001402,Kisumu,AGO,Kilele Fuels,TRK-925,22700,1669839.0,1692540.1,23/06/2026 22:06
LD001403,Kisumu,AGO,Kilele Fuels,TRK-217,27400,1133071.9,1160470.8,23/06/2026 11:14
LD001404,Ksm,IK,Kilele Fuels,TRK-940,21000,2587020.2,2608015.3,23/06/2026 16:50
LD001405,Ksm,PMS,Nyanza Petroleum Co,TRK-374,27600,2805066.5,2832666.9,23/06/2026 16:50
LD001406,Kisumu,PMS,,TRK-524,27500,2642837.0,2670342.5,2026-06-23 18:43
LD001407,KISUMU,PMS,Amani Petroleum,TRK-714,33100,4580226.4,4613328.6,23/06/2026 16:53
LD001408,Ksm,PMS,Highland Energy Co,TRK-297,22200,2107479.9,2129684.3,23/06/2026 18:15
LD001409,KISUMU,AGO,Summit Downstream Ltd,TRK-277,20700,4723296.3,4744002.4,23/06/2026 18:08
LD001410,Ksm,AGO,Horizon Oil Marketers,TRK-229,25000,4382614.1,4407618.1,2026-06-23 18:14
LD001411,KISUMU,AGO,Aberdare Oil Traders,TRK-262,24200,1006575.0,1030780.6,2026-06-23 17:53
LD001412,Kisumu,PMS,Rift Valley Fuels Ltd,TRK-707,27700,4448304.6,4475994.9,2026-06-23 05:27
LD001413,Ksm,AGO,Lakeview Energy,TRK-125,21700,3215293.8,3236984.7,2026-06-23 22:58
LD001414,KISUMU,IK,Nyanza Petroleum Co,TRK-327,33200,4011394.6,4044595.1,2026-06-23 16:11
LD001415,Kisumu,AGO,Summit Downstream Ltd,TRK-775,31700,4504769.9,4536465.3,23/06/2026 12:46
LD001416,Eldoret,PMS,Rift Valley Fuels Ltd,TRK-693,21900,3049571.3,3071475.1,2026-06-23 09:40
LD001417,Eldoret,AGO,Baraka Downstream,TRK-284,25600,2499299.7,2524907.0,2026-06-23 08:06
LD001418,Eldoret,AGO,Equator Fuels,TRK-602,21800,1142360.9,1164164.9,23/06/2026 16:58
LD001419,Eld,PMS,Uhuru Energy Partners,TRK-421,35900,1930913.4,1966812.9,23/06/2026 07:13
LD001420,Eld,AGO,Rift Valley Fuels Ltd,TRK-775,32800,2364977.8,2397775.5,2026-06-23 10:19
LD001421,Eld,PMS,Delta Oil Marketers,TRK-714,27100,3702347.1,3729452.8,2026-06-23 15:22
LD001422,Nku,PMS,Horizon Oil Marketers,TRK-130,30700,1126890.0,1157590.1,2026-06-23 13:59
LD001423,Nakuru,AGO,Zenith Petroleum,TRK-322,28600,1150790.9,1179388.0,23/06/2026 09:13
LD001424,Nakuru,PMS,Baraka Downstream,TRK-593,29000,2117781.2,2146786.2,2026-06-23 07:46
LD001425,NAKURU,PMS,Coastline Energy Ltd,TRK-928,32500,4546010.1,4578515.2,23/06/2026 22:41
LD001426,Nku,AGO,Equator Fuels,TRK-302,24300,3138643.7,3162942.3,23/06/2026 17:59
LD001427,Nakuru,IK,Pioneer Fuels Kenya,TRK-913,33700,2303525.4,2337218.7,23/06/2026 08:37
LD001428,NAKURU,PMS,Crescent Oil Ltd,TRK-935,26900,1245700.5,1272601.3,2026-06-23 19:27
LD001429,Nakuru,AGO,Pioneer Fuels Kenya,TRK-747,23600,2453091.2,2476693.1,23/06/2026 18:12
LD001430,Nku,PMS,Aberdare Oil Traders,TRK-400,32900,3949639.8,3982539.6,23/06/2026 06:32
LD001431,NAKURU,PMS,Mara Fuels,TRK-290,28600,4359991.0,4388597.3,2026-06-23 08:11
LD001432,Nakuru,PMS,Baraka Downstream,TRK-225,35900,2258515.6,2294410.7,23/06/2026 16:23
LD001433,Nakuru,AGO,Kilele Fuels,TRK-429,30800,4377259.5,4408060.7,2026-06-23 15:13
LD001434, Kisii ,PMS,Equator Fuels,TRK-384,22000,1282142.6,1304144.8,2026-06-23 11:33
LD001435,Kisii,AGO,Uhuru Energy Partners,TRK-427,34600,1760515.1,1795116.0,2026-06-23 18:43
LD001436,Kisii,PMS,Savannah Petroleum,TRK-531,21200,4821792.8,4842999.3,2026-06-23 20:31
LD001437,KISII,AGO,Summit Downstream Ltd,TRK-121,24000,4438581.4,4462582.7,2026-06-23 15:37
LD001438,KISII,AGO,Kilele Fuels,TRK-961,20200,3047121.8,3067320.6,2026-06-23 05:58
LD001439,KISII,AGO,Mara Fuels,TRK-171,32300,4739182.1,4771481.3,2026-06-23 21:02
LD001440,KISII,AGO,Coastline Energy Ltd,TRK-871,24500,2155874.1,2180375.2,23/06/2026 18:46
LD001441, Kisii ,PMS,Crescent Oil Ltd,TRK-405,26000,2573282.7,2599276.6,23/06/2026 15:31
LD001442,Kisii,AGO,Zenith Petroleum,TRK-205,31100,1670266.2,1701367.0,2026-06-23 08:53
LD001443, Kisii ,PMS,Horizon Oil Marketers,TRK-982,25000,3013380.5,3038383.8,23/06/2026 05:08
LD001444,Kisii,PMS,Zenith Petroleum,TRK-650,30300,1623093.0,1653397.1,2026-06-23 07:12
LD001445,KISII,PMS,Savannah Petroleum,TRK-176,28800,1349786.0,1378579.7,23/06/2026 06:07
LD001446,Msa,AGO,Tsavo Energy Group,TRK-697,35200,1839590.5,1874781.5,2026-06-24 17:17
LD001447,Msa,PMS,Pioneer Fuels Kenya,TRK-523,24200,4878463.8,4902668.3,2026-06-24 09:48
LD001448,mombasa,AGO,Delta Oil Marketers,TRK-387,33600,1463292.3,1496897.6,24/06/2026 12:36
LD001449,MOMBASA,PMS,Coastline Energy Ltd,TRK-461,31300,3014754.4,3046054.6,2026-06-24 13:49
LD001450,MOMBASA,AGO,Savannah Petroleum,TRK-786,29900,2910968.5,2940875.0,24/06/2026 07:31
LD001451,mombasa,AGO,Horizon Oil Marketers,TRK-933,27700,4071879.9,4099587.1,24/06/2026 11:31
LD001452,MOMBASA,AGO,Amani Petroleum,TRK-233,27200,3124438.0,3151644.9,24/06/2026 09:54
LD001453,Msa,PMS,Crescent Oil Ltd,TRK-898,31900,4303763.7,4335666.1,2026-06-24 19:55
LD001454,Mombasa,PMS,Coastline Energy Ltd,TRK-691,33100,3247455.2,3280556.3,2026-06-24 18:10
LD001455,MOMBASA,AGO,Horizon Oil Marketers,TRK-571,30700,4705233.1,4735938.8,24/06/2026 08:47
LD001456,Mombasa,PMS,Zenith Petroleum,TRK-663,31000,3207745.4,3238747.5,24/06/2026 21:28
LD001457,Mombasa,PMS,Amani Petroleum,TRK-441,23900,2703990.1,2727890.5,24/06/2026 09:25
LD001458,NAIROBI,PMS,Summit Downstream Ltd,TRK-532,30300,3403781.9,3434083.0,24/06/2026 08:03
LD001459,nrb,PMS,Aberdare Oil Traders,TRK-605,31100,2450007.9,2481105.5,2026-06-24 10:38
LD001460,Nairobi Depot,AGO,Nyanza Petroleum Co,TRK-136,27500,4203754.9,4231257.6,2026-06-24 12:07
LD001461,nrb,PMS,Nyanza Petroleum Co,TRK-816,22900,1439452.5,1462350.9,24/06/2026 08:17
LD001462,NAIROBI,PMS,Aberdare Oil Traders,TRK-275,30900,1101394.4,1132298.4,24/06/2026 12:46
LD001463,nrb,AGO,Rift Valley Fuels Ltd,TRK-615,31000,2264405.2,2295405.9,24/06/2026 14:46
LD001464,NAIROBI,AGO,Mara Fuels,TRK-270,23900,2547229.0,2571126.1,24/06/2026 12:10
LD001465,NAIROBI,AGO,Delta Oil Marketers,TRK-121,21300,1588653.0,1609950.3,24/06/2026 09:00
LD001466,Ksm,AGO,Rift Valley Fuels Ltd,TRK-585,33600,2589085.9,2622684.6,2026-06-24 10:43
LD001467,Ksm,AGO,Horizon Oil Marketers,TRK-117,23900,4249304.7,4273200.8,24/06/2026 12:30
LD001468,Kisumu,AGO,Tsavo Energy Group,TRK-893,29100,3326256.8,3355355.2,2026-06-24 21:32
LD001469,KISUMU,PMS,Delta Oil Marketers,TRK-658,31400,1960877.7,1992269.0,24/06/2026 15:28
LD001470,Ksm,PMS,Zenith Petroleum,TRK-441,21300,4506455.3,4527753.1,24/06/2026 19:00
LD001471,Kisumu,PMS,Rift Valley Fuels Ltd,TRK-520,31700,2205852.2,2237545.7,2026-06-24 21:46
LD001472,KISUMU,PMS,Pioneer Fuels Kenya,TRK-541,34200,1459625.4,1493827.5,2026-06-24 05:15
LD001473,Ksm,AGO,Summit Downstream Ltd,TRK-380,20100,3008032.8,3028141.2,24/06/2026 11:58
LD001474,KISUMU,IK,Aberdare Oil Traders,TRK-457,20900,2256175.2,2277084.0,24/06/2026 21:11
LD001475,Ksm,AGO,Equator Fuels,TRK-632,28000,1866316.7,1894326.5,24/06/2026 13:19
LD001476,ELDORET,AGO,Kilele Fuels,TRK-911,27100,2956193.6,2983293.0,24/06/2026 08:27
LD001477,Eld,PMS,Baraka Downstream,TRK-253,25600,4638193.9,4663801.5,24/06/2026 05:31
LD001478,ELDORET,AGO,Delta Oil Marketers,TRK-918,33000,2367396.2,2400398.2,2026-06-24 10:19
LD001479,ELDORET,AGO,Pioneer Fuels Kenya,TRK-600,26900,4393887.1,4420793.1,2026-06-24 11:18
LD001480,ELDORET,PMS,Aberdare Oil Traders,TRK-999,35100,3492841.5,3527938.7,2026-06-24 05:03
LD001481,ELDORET,IK,Equator Fuels,TRK-182,31900,4220389.2,4252287.5,2026-06-24 13:09
LD001482,NAKURU,PMS,Summit Downstream Ltd,TRK-200,20300,1250027.8,1270333.3,24/06/2026 16:15
LD001483,Nku,AGO,Uhuru Energy Partners,TRK-430,26200,3333686.1,3359897.4,2026-06-24 10:36
LD001484,NAKURU,AGO,Baraka Downstream,TRK-304,27700,3646815.4,3674512.0,24/06/2026 11:16
LD001485,NAKURU,PMS,Tsavo Energy Group,TRK-996,23500,1451372.7,1474870.7,2026-06-24 19:34
LD001486,Nku,PMS,Mara Fuels,TRK-801,20400,2521927.5,2542340.1,24/06/2026 19:44
LD001487,Nakuru,AGO,Uhuru Energy Partners,TRK-572,21700,3125427.3,3147135.3,2026-06-24 18:29
LD001488,Kisii,IK,Baraka Downstream,TRK-409,34400,3100197.4,3134590.0,24/06/2026 18:05
LD001489,KISII,PMS,Pioneer Fuels Kenya,TRK-154,31300,2008691.5,2039986.3,2026-06-24 22:57
LD001490,Kisii,PMS,Amani Petroleum,TRK-155,23300,1003773.7,1027073.0,2026-06-24 05:29
LD001491, Kisii ,PMS,Crescent Oil Ltd,TRK-397,20600,4909135.3,4929739.1,24/06/2026 08:21
LD001492, Kisii ,AGO,Pioneer Fuels Kenya,TRK-857,33400,3202641.8,3236035.9,2026-06-24 06:07
LD001493,Kisii,AGO,Highland Energy Co,TRK-607,22500,3912465.7,3934973.3,2026-06-24 21:09
LD001494,Msa,AGO,Coastline Energy Ltd,TRK-106,33700,2673164.4,2706867.7,2026-06-25 09:19
LD001495,Mombasa,PMS,Crescent Oil Ltd,TRK-632,25000,4746898.2,4771895.0,2026-06-25 05:09
LD001496,Mombasa,PMS,Amani Petroleum,TRK-156,22900,1432620.1,1455538.4,25/06/2026 20:01
LD001497,mombasa,PMS,Nyanza Petroleum Co,TRK-659,33500,3456532.7,3490027.6,25/06/2026 10:52
LD001498,MOMBASA,AGO,Baraka Downstream,TRK-289,28900,3335677.2,3364574.3,2026-06-25 08:27
LD001499,Mombasa,PMS,Delta Oil Marketers,TRK-396,23300,4405623.0,4428921.8,25/06/2026 22:12
LD001500,Msa,PMS,Summit Downstream Ltd,TRK-209,30900,2096481.5,2127378.1,25/06/2026 13:25
LD001501,nrb,AGO,Coastline Energy Ltd,TRK-677,22600,3826416.5,3849027.4,2026-06-25 09:01
LD001502,NAIROBI,AGO,Crescent Oil Ltd,TRK-463,23100,1846983.4,1870086.3,25/06/2026 06:41
LD001503,NAIROBI,AGO,Rift Valley Fuels Ltd,TRK-466,20700,2288270.1,2308975.7,25/06/2026 19:17
LD001504,NAIROBI,IK,Amani Petroleum,TRK-771,30700,2741585.3,2772286.2,25/06/2026 21:24
LD001505,Nairobi Depot,AGO,Baraka Downstream,TRK-880,35200,3876980.8,3912181.0,25/06/2026 15:29
LD001506,Nairobi Depot,PMS,Delta Oil Marketers,TRK-284,24100,1211306.7,1235410.5,2026-06-25 20:24
LD001507,Nairobi,AGO,Crescent Oil Ltd,TRK-169,31600,1485212.0,1516813.6,2026-06-25 16:37
LD001508,nrb,AGO,Horizon Oil Marketers,TRK-611,29000,3402332.8,3431323.4,25/06/2026 10:14
LD001509,KISUMU,AGO,Tsavo Energy Group,TRK-493,26100,3468776.9,3494877.3,2026-06-25 12:06
LD001510,KISUMU,PMS,Savannah Petroleum,TRK-174,29500,1768093.5,1797594.1,25/06/2026 13:07
LD001511,KISUMU,AGO,Tsavo Energy Group,TRK-815,30700,3493518.3,3524217.1,25/06/2026 05:59
LD001512,Ksm,PMS,Equator Fuels,TRK-548,28500,2337770.1,2366282.6,25/06/2026 22:12
LD001513,Kisumu,PMS,Amani Petroleum,TRK-296,28300,1790223.6,1818521.0,2026-06-25 10:27
LD001514,KISUMU,AGO,Savannah Petroleum,TRK-105,21400,2744984.1,2766386.6,25/06/2026 08:13
LD001515,Ksm,AGO,Tsavo Energy Group,TRK-845,30500,2750867.3,2781369.5,25/06/2026 07:21
LD001516,Eld,PMS,Delta Oil Marketers,TRK-465,21100,4573618.9,4594710.4,2026-06-25 11:36
LD001517,Eldoret,AGO,Summit Downstream Ltd,TRK-682,26200,2151518.7,2177722.5,2026-06-25 19:27
LD001518,Eld,AGO,Horizon Oil Marketers,TRK-152,33800,2263988.6,2297791.2,25/06/2026 14:06
LD001519,Eldoret,PMS,Aberdare Oil Traders,TRK-466,33600,1163735.8,1197336.5,2026-06-25 14:59
LD001520,Eld,IK,Pioneer Fuels Kenya,TRK-630,21000,2298436.7,2319434.2,25/06/2026 07:34
LD001521,Eld,PMS,Horizon Oil Marketers,TRK-369,30800,2349067.6,2379864.8,2026-06-25 06:34
LD001522,Eldoret,PMS,Equator Fuels,TRK-883,27300,2901543.4,2928839.2,2026-06-25 18:16
LD001523,Nku,PMS,Savannah Petroleum,TRK-174,21200,1424641.4,1445839.0,2026-06-25 15:59
LD001524,Nku,PMS,Crescent Oil Ltd,TRK-182,23100,3019645.8,3042749.0,25/06/2026 07:26
LD001525,Nku,IK,Savannah Petroleum,TRK-608,32300,1247786.1,1280081.2,2026-06-25 13:46
LD001526,Nakuru,AGO,Coastline Energy Ltd,TRK-997,20600,1210975.8,1231576.8,2026-06-25 18:30
LD001527,NAKURU,IK,Equator Fuels,TRK-980,33300,1471889.9,1505189.5,2026-06-25 05:49
LD001528,Nku,AGO,Summit Downstream Ltd,TRK-540,33500,2049633.5,2083130.6,25/06/2026 06:24
LD001529,NAKURU,AGO,Horizon Oil Marketers,TRK-476,26700,1159690.1,1186400.9,2026-06-25 08:28
LD001530,Kisii,PMS,Nyanza Petroleum Co,TRK-110,30500,2400794.7,2431287.6,25/06/2026 06:15
LD001531, Kisii ,AGO,Savannah Petroleum,TRK-115,29900,4539231.8,4569129.3,2026-06-25 22:36
LD001532,Kisii,AGO,Baraka Downstream,TRK-389,35900,4474228.1,4510121.0,25/06/2026 07:03
LD001533, Kisii ,PMS,Baraka Downstream,TRK-590,29000,3066510.4,3095511.1,2026-06-25 12:18
LD001534, Kisii ,AGO,Highland Energy Co,TRK-822,33600,3740698.1,3774289.0,25/06/2026 07:16
LD001535, Kisii ,AGO,Coastline Energy Ltd,TRK-898,24600,1805855.7,1830452.0,25/06/2026 12:28
LD001536, Kisii ,AGO,Aberdare Oil Traders,TRK-654,21500,2676544.7,2698042.0,2026-06-25 12:33
LD001537,Kisii,PMS,Crescent Oil Ltd,TRK-180,21800,1687650.2,1709444.0,2026-06-25 18:45
LD001538,Kisii,AGO,Coastline Energy Ltd,TRK-315,21000,2269555.4,2290556.3,25/06/2026 21:14
LD001539,KISII,AGO,Nyanza Petroleum Co,TRK-765,23500,3061220.8,3084722.1,2026-06-25 09:02
LD001540,Kisii,PMS,Aberdare Oil Traders,TRK-407,34500,3973740.7,4008238.6,2026-06-25 06:17
LD001541,Msa,PMS,Rift Valley Fuels Ltd,TRK-493,26000,3412852.2,3438853.4,2026-06-26 17:31
LD001542,mombasa,PMS,Uhuru Energy Partners,TRK-776,34900,3302661.0,3337558.3,2026-06-26 17:11
LD001543,mombasa,AGO,Rift Valley Fuels Ltd,TRK-872,22000,3326886.1,3348883.6,26/06/2026 16:59
LD001544,Msa,AGO,Rift Valley Fuels Ltd,TRK-949,34100,3594731.8,3628838.9,26/06/2026 11:48
LD001545,mombasa,AGO,Horizon Oil Marketers,TRK-838,34400,3494021.2,3528419.2,26/06/2026 06:51
LD001546,MOMBASA,PMS,Tsavo Energy Group,TRK-578,23200,4635306.0,4658502.2,2026-06-26 21:16
LD001547,mombasa,IK,Aberdare Oil Traders,TRK-355,32200,3705593.5,3737788.9,26/06/2026 13:51
LD001548,Nairobi Depot,AGO,Aberdare Oil Traders,TRK-775,26000,1836148.1,1862145.2,2026-06-26 06:39
LD001549,nrb,PMS,Aberdare Oil Traders,TRK-554,31100,4776835.4,4807935.3,2026-06-26 15:53
LD001550,NAIROBI,PMS,Zenith Petroleum,TRK-964,24000,2771317.5,2795318.1,26/06/2026 19:02
LD001551,nrb,PMS,Crescent Oil Ltd,TRK-165,33600,1824022.7,1857622.0,2026-06-26 07:17
LD001552,NAIROBI,PMS,Delta Oil Marketers,TRK-745,35800,4354435.6,4390237.6,2026-06-26 13:16
LD001553,nrb,AGO,Horizon Oil Marketers,TRK-288,32900,2271618.7,2304505.9,26/06/2026 06:14
LD001554,Nairobi Depot,PMS,Aberdare Oil Traders,TRK-116,30200,3484745.3,3514946.0,2026-06-26 12:03
LD001555,Nairobi,AGO,Lakeview Energy,TRK-215,21900,4907862.2,4929761.0,2026-06-26 16:06
LD001556,Nairobi Depot,PMS,Uhuru Energy Partners,TRK-536,27800,4252251.2,4280044.6,2026-06-26 16:53
LD001557,nrb,PMS,Uhuru Energy Partners,TRK-483,21600,2714577.1,2736170.9,26/06/2026 16:21
LD001558,Ksm,AGO,Savannah Petroleum,TRK-253,32200,4717613.9,4749816.7,2026-06-26 10:23
LD001559,Ksm,PMS,Mara Fuels,TRK-899,23300,4191992.1,4215291.4,26/06/2026 11:51
LD001560,Kisumu,IK,Pioneer Fuels Kenya,TRK-843,26200,2131061.8,2157262.2,26/06/2026 17:53
LD001561,Ksm,AGO,Nyanza Petroleum Co,TRK-688,24900,4931787.5,4956694.3,26/06/2026 07:04
LD001562,KISUMU,AGO,Amani Petroleum,TRK-721,35600,2508807.1,2544411.5,26/06/2026 08:54
LD001563,KISUMU,PMS,Pioneer Fuels Kenya,TRK-349,32800,2738123.9,2770922.9,2026-06-26 11:53
LD001564,Ksm,AGO,Kilele Fuels,TRK-218,35200,1875086.8,1910288.0,2026-06-26 16:14
LD001565,Kisumu,PMS,Lakeview Energy,TRK-617,25200,4024768.9,4049976.7,26/06/2026 18:23
LD001566,Kisumu,AGO,Uhuru Energy Partners,TRK-947,27100,3969479.7,3996572.0,2026-06-26 12:28
LD001567,KISUMU,AGO,Pioneer Fuels Kenya,TRK-720,23700,1233831.9,1257530.7,26/06/2026 18:43
LD001568,Ksm,PMS,Uhuru Energy Partners,TRK-251,22700,2419189.2,2441879.7,26/06/2026 08:05
LD001569,Kisumu,AGO,Tsavo Energy Group,TRK-115,26400,1229567.4,1255972.2,2026-06-26 11:57
LD001570,Kisumu,PMS,Delta Oil Marketers,TRK-229,22400,3391232.1,3413633.1,26/06/2026 22:45
LD001571,KISUMU,PMS,Baraka Downstream,TRK-642,30600,2677338.7,2707935.0,26/06/2026 10:04
LD001572,Eldoret,PMS,Highland Energy Co,TRK-400,24100,4735911.9,4760020.2,26/06/2026 17:44
LD001573,Eldoret,AGO,Crescent Oil Ltd,TRK-839,22100,4189577.4,4211685.7,2026-06-26 15:37
LD001574,ELDORET,AGO,Uhuru Energy Partners,TRK-858,25000,3057958.4,3082958.7,26/06/2026 16:28
LD001575,Eld,AGO,Tsavo Energy Group,TRK-703,33700,2867512.4,2901215.2,2026-06-26 09:46
LD001576,ELDORET,PMS,Pioneer Fuels Kenya,TRK-764,31500,2774253.4,2805742.6,26/06/2026 05:37
LD001577,Eldoret,PMS,Pioneer Fuels Kenya,TRK-891,35000,2179783.3,2214791.4,2026-06-26 10:32
LD001578,Eld,PMS,Pioneer Fuels Kenya,TRK-637,31000,4454564.2,4485563.4,26/06/2026 15:03
LD001579,Eld,PMS,Tsavo Energy Group,TRK-142,35900,2707433.3,2743336.4,2026-06-26 17:20
LD001580,ELDORET,PMS,Crescent Oil Ltd,TRK-455,23500,1633792.1,1657294.0,2026-06-26 13:36
LD001581,ELDORET,PMS,Kilele Fuels,TRK-273,21000,4290811.7,4311807.4,26/06/2026 13:31
LD001582,Eldoret,IK,Nyanza Petroleum Co,TRK-244,28000,4357812.9,4385804.7,2026-06-26 08:59
LD001583,Eld,AGO,Tsavo Energy Group,TRK-140,30400,3460258.5,3490658.8,2026-06-26 21:48
LD001584,NAKURU,PMS,Equator Fuels,TRK-684,32500,2886505.5,2918998.9,26/06/2026 05:23
LD001585,Nakuru,AGO,Horizon Oil Marketers,TRK-965,23600,1664740.0,1688342.3,26/06/2026 19:18
LD001586,Nku,AGO,Lakeview Energy,TRK-385,25500,4952496.3,4977995.4,2026-06-26 20:16
LD001587,Nakuru,IK,Nyanza Petroleum Co,TRK-434,27800,1716655.7,1744455.2,26/06/2026 07:47
LD001588,Nakuru,PMS,Lakeview Energy,TRK-422,31400,4934846.3,4966251.2,26/06/2026 21:43
LD001589,Nku,PMS,Equator Fuels,TRK-776,20800,1386778.2,1407573.3,2026-06-26 21:20
LD001590,Nakuru,IK,Baraka Downstream,TRK-993,22900,1157447.5,1180352.4,2026-06-26 05:15
LD001591,Nakuru,PMS,Tsavo Energy Group,TRK-389,20300,4097942.4,4118241.9,2026-06-26 09:31
LD001592,NAKURU,AGO,,TRK-168,29700,2713407.2,2743101.7,2026-06-26 07:33
LD001593, Kisii ,AGO,Aberdare Oil Traders,TRK-746,32500,1042052.9,1074554.9,2026-06-26 06:26
LD001594,Kisii,AGO,Tsavo Energy Group,TRK-960,26900,3142169.9,3169071.2,26/06/2026 20:33
LD001595,KISII,AGO,Summit Downstream Ltd,TRK-656,27600,2556834.5,2584440.0,26/06/2026 20:50
LD001596,KISII,PMS,Coastline Energy Ltd,TRK-557,34800,4848234.0,4883026.2,2026-06-26 08:56
LD001597,Kisii,AGO,Kilele Fuels,TRK-776,28100,2811299.2,2839400.4,26/06/2026 08:11
LD001598,KISII,AGO,Delta Oil Marketers,TRK-984,24500,2116033.2,2140527.7,26/06/2026 09:49
LD001599,KISII,AGO,Aberdare Oil Traders,TRK-971,26500,4995171.7,5021672.3,2026-06-26 05:18
LD001600,KISII,AGO,Mara Fuels,TRK-928,21300,1618083.3,1639380.2,26/06/2026 15:16
LD001601,Mombasa,PMS,Delta Oil Marketers,TRK-447,21000,1297338.4,1318347.5,27/06/2026 06:17
LD001602,Mombasa,PMS,Tsavo Energy Group,TRK-898,26300,2034843.8,2061142.6,27/06/2026 12:36
LD001603,mombasa,PMS,Rift Valley Fuels Ltd,TRK-192,25600,4176729.4,4202332.3,27/06/2026 22:01
LD001604,MOMBASA,AGO,Savannah Petroleum,TRK-470,30900,3280726.5,3311627.3,2026-06-27 22:04
LD001605,mombasa,AGO,Nyanza Petroleum Co,TRK-265,29800,4769485.8,4799295.4,27/06/2026 17:55
LD001606,Mombasa,PMS,Nyanza Petroleum Co,TRK-136,32000,1852568.5,1884570.2,2026-06-27 22:46
LD001607,MOMBASA,AGO,Tsavo Energy Group,TRK-124,33900,4823372.6,4857274.8,2026-06-27 20:02
LD001608,mombasa,PMS,Summit Downstream Ltd,TRK-234,21600,1222827.3,1244425.8,2026-06-27 08:52
LD001609,MOMBASA,PMS,Uhuru Energy Partners,TRK-860,22100,1230964.3,1253061.7,2026-06-27 21:46
LD001610,mombasa,AGO,Crescent Oil Ltd,TRK-903,24700,1362237.9,1386936.4,27/06/2026 17:12
LD001611,mombasa,AGO,Aberdare Oil Traders,TRK-202,30700,1533307.3,1564008.9,27/06/2026 05:19
LD001612,Nairobi Depot,PMS,Nyanza Petroleum Co,TRK-674,26200,2387835.8,2414037.5,27/06/2026 18:05
LD001613,nrb,PMS,Nyanza Petroleum Co,TRK-608,26900,4127119.3,4154026.6,27/06/2026 22:32
LD001614,nrb,AGO,Nyanza Petroleum Co,TRK-125,29200,2368277.7,2397477.3,2026-06-27 08:28
LD001615,NAIROBI,PMS,Horizon Oil Marketers,TRK-440,33000,1953158.7,1986158.8,2026-06-27 20:36
LD001616,NAIROBI,PMS,Delta Oil Marketers,TRK-185,24200,1036348.1,1060540.4,27/06/2026 10:13
LD001617,nrb,AGO,Pioneer Fuels Kenya,TRK-160,30400,3044375.3,3074777.8,27/06/2026 20:33
LD001618,nrb,PMS,Baraka Downstream,TRK-805,29100,4453726.3,4482826.0,2026-06-27 15:53
LD001619,nrb,PMS,Highland Energy Co,TRK-658,22200,3276825.9,3299027.1,27/06/2026 11:48
LD001620,Nairobi,IK,Kilele Fuels,TRK-626,31500,2488174.3,2519679.5,2026-06-27 12:20
LD001621,Nairobi,PMS,Baraka Downstream,TRK-265,21500,2831601.2,2853106.2,2026-06-27 07:24
LD001622,nrb,PMS,Uhuru Energy Partners,TRK-741,23900,4866936.9,4890835.5,2026-06-27 08:02
LD001623,nrb,AGO,,TRK-220,35300,1990526.6,2025830.4,27/06/2026 22:26
LD001624,Ksm,AGO,Mara Fuels,TRK-480,25200,4556048.8,4581247.3,2026-06-27 13:33
LD001625,KISUMU,PMS,Equator Fuels,TRK-831,22600,1692095.5,1714692.6,27/06/2026 21:43
LD001626,Kisumu,AGO,Mara Fuels,TRK-837,23700,1425647.1,1449345.3,2026-06-27 11:59
LD001627,KISUMU,AGO,Mara Fuels,TRK-253,33100,1555876.0,1588976.4,2026-06-27 20:00
LD001628,Ksm,IK,Equator Fuels,TRK-196,20100,4055426.0,4075526.8,27/06/2026 05:19
LD001629,KISUMU,PMS,Kilele Fuels,TRK-168,28200,4117460.7,4145671.8,2026-06-27 06:39
LD001630,KISUMU,PMS,Equator Fuels,TRK-940,32600,2620432.2,2653034.0,27/06/2026 05:59
LD001631,Ksm,PMS,Aberdare Oil Traders,TRK-756,20000,4399786.0,4419785.6,2026-06-27 17:59
LD001632,Ksm,PMS,Equator Fuels,TRK-369,20100,2968368.0,2988456.0,2026-06-27 09:06
LD001633,Eld,PMS,Summit Downstream Ltd,TRK-890,24500,2581673.1,2606177.9,27/06/2026 21:37
LD001634,Eldoret,IK,,TRK-337,26700,2238675.5,2265378.4,2026-06-27 20:13
LD001635,ELDORET,IK,Tsavo Energy Group,TRK-100,35000,3708579.9,3743572.3,2026-06-27 09:09
LD001636,Eld,AGO,Amani Petroleum,TRK-535,24100,4510768.7,4534868.3,27/06/2026 06:08
LD001637,ELDORET,PMS,Horizon Oil Marketers,TRK-502,21400,3861456.5,3882861.0,27/06/2026 21:48
LD001638,Eld,AGO,Amani Petroleum,TRK-180,31600,1029567.6,1061163.6,2026-06-27 16:19
LD001639,ELDORET,IK,Baraka Downstream,TRK-673,28100,1557277.9,1585370.7,27/06/2026 13:45
LD001640,Eld,AGO,Horizon Oil Marketers,TRK-545,24900,3866425.2,3891314.7,27/06/2026 13:43
LD001641,Eld,PMS,Kilele Fuels,TRK-454,25700,2071169.9,2096865.6,27/06/2026 16:54
LD001642,Eld,PMS,Equator Fuels,TRK-283,31900,1050385.6,1082284.9,2026-06-27 22:56
LD001643,ELDORET,PMS,,TRK-417,30300,1731458.1,1761761.3,2026-06-27 16:33
LD001644,Eld,IK,Rift Valley Fuels Ltd,TRK-134,35900,4110870.0,4146763.6,27/06/2026 13:32
LD001645,Eld,AGO,Aberdare Oil Traders,TRK-158,23600,1704099.0,1727698.2,2026-06-27 17:02
LD001646,Eld,AGO,Kilele Fuels,TRK-584,22200,4448845.7,4471051.1,2026-06-27 20:38
LD001647,Eldoret,PMS,Baraka Downstream,TRK-281,33100,4935625.5,4968731.2,2026-06-27 05:39
LD001648,NAKURU,PMS,Kilele Fuels,TRK-163,22500,4007192.7,4029705.2,2026-06-27 08:03
LD001649,Nakuru,AGO,Equator Fuels,TRK-855,29100,2098663.5,2127753.2,27/06/2026 13:54
LD001650,Nku,AGO,Tsavo Energy Group,TRK-700,29300,4556002.4,4585300.8,27/06/2026 15:57
LD001651,Nku,AGO,Savannah Petroleum,TRK-944,29100,3526889.7,3555986.4,2026-06-27 17:26
LD001652,Nakuru,AGO,Kilele Fuels,TRK-723,23700,2968006.9,2991707.0,27/06/2026 07:11
LD001653,NAKURU,PMS,Aberdare Oil Traders,TRK-220,25000,1727054.4,1752044.2,27/06/2026 05:19
LD001654,Nakuru,AGO,Kilele Fuels,TRK-192,24100,2855941.7,2880041.9,2026-06-27 07:36
LD001655,Nku,PMS,Tsavo Energy Group,TRK-322,22100,4710982.9,4733084.9,27/06/2026 05:49
LD001656,Nakuru,AGO,Equator Fuels,TRK-855,21700,4103509.0,4125212.6,27/06/2026 12:19
LD001657,NAKURU,PMS,Aberdare Oil Traders,TRK-423,32900,4071058.5,4103960.0,2026-06-27 14:11
LD001658,NAKURU,AGO,Equator Fuels,TRK-402,33300,3309413.6,3342709.5,27/06/2026 13:56
LD001659,Nku,PMS,Pioneer Fuels Kenya,TRK-890,30300,2833453.9,2863751.3,27/06/2026 20:22
LD001660,Nku,AGO,Pioneer Fuels Kenya,TRK-650,30200,1325788.9,1355989.1,2026-06-27 10:02
LD001661,Nku,IK,Coastline Energy Ltd,TRK-816,27000,2170620.4,2197614.9,27/06/2026 18:22
LD001662,Nakuru,PMS,Equator Fuels,TRK-132,31100,4180046.1,4211146.8,2026-06-27 11:16
LD001663, Kisii ,AGO,Mara Fuels,TRK-486,21700,3340140.7,3361856.2,2026-06-27 19:37
LD001664,Kisii,PMS,Zenith Petroleum,TRK-108,30700,2068576.3,2099269.0,27/06/2026 08:40
LD001665,KISII,AGO,Horizon Oil Marketers,TRK-466,34600,2742688.3,2777290.2,2026-06-27 15:41
LD001666,KISII,AGO,Rift Valley Fuels Ltd,TRK-731,30300,2262973.6,2293270.7,27/06/2026 10:48
LD001667, Kisii ,AGO,Nyanza Petroleum Co,TRK-482,29900,1879447.8,1909352.4,27/06/2026 20:53
LD001668,Kisii,AGO,Savannah Petroleum,TRK-998,22100,2546785.8,2568885.2,2026-06-27 17:19
LD001669,MOMBASA,PMS,Summit Downstream Ltd,TRK-267,35500,2815704.5,2851218.3,28/06/2026 13:36
LD001670,mombasa,AGO,Pioneer Fuels Kenya,TRK-233,34900,4432827.2,4467728.5,2026-06-28 21:12
LD001671,Msa,IK,Baraka Downstream,TRK-569,22700,2747031.3,2769738.6,2026-06-28 14:50
LD001672,MOMBASA,AGO,Tsavo Energy Group,TRK-182,29600,3616881.8,3646480.9,2026-06-28 09:12
LD001673,mombasa,AGO,Nyanza Petroleum Co,TRK-668,36000,1299840.2,1335837.9,2026-06-28 18:05
LD001674,MOMBASA,AGO,Delta Oil Marketers,TRK-503,25600,1086582.2,1112175.2,28/06/2026 16:06
LD001675,Msa,AGO,Nyanza Petroleum Co,TRK-198,21500,3723813.2,3745313.4,2026-06-28 19:45
LD001676,nrb,PMS,Mara Fuels,TRK-939,30400,4929930.3,4960335.5,28/06/2026 09:25
LD001677,NAIROBI,AGO,Pioneer Fuels Kenya,TRK-723,34600,2756522.6,2791122.0,2026-06-28 16:31
LD001678,nrb,PMS,Rift Valley Fuels Ltd,TRK-869,33200,3805996.4,3839194.5,2026-06-28 15:32
LD001679,nrb,AGO,Equator Fuels,TRK-409,27300,1220406.1,1247700.8,2026-06-28 09:31
LD001680,nrb,PMS,Baraka Downstream,TRK-496,34900,3564344.4,3599231.9,2026-06-28 10:27
LD001681,Nairobi,PMS,Tsavo Energy Group,TRK-629,25000,3101273.1,3126271.3,28/06/2026 18:11
LD001682,Nairobi,AGO,Horizon Oil Marketers,TRK-514,25700,3730046.9,3755735.8,2026-06-28 16:43
LD001683,nrb,PMS,Kilele Fuels,TRK-769,30600,3861289.2,3891884.7,28/06/2026 21:24
LD001684,Ksm,AGO,Aberdare Oil Traders,TRK-218,20200,1558769.5,1578963.8,28/06/2026 14:27
LD001685,Kisumu,AGO,Mara Fuels,TRK-473,31500,4891174.8,4922674.8,2026-06-28 20:45
LD001686,Kisumu,IK,Summit Downstream Ltd,TRK-181,33900,3947305.8,3981207.7,2026-06-28 22:48
LD001687,KISUMU,PMS,Amani Petroleum,TRK-845,28000,3291042.1,3319038.4,28/06/2026 13:12
LD001688,KISUMU,PMS,Horizon Oil Marketers,TRK-571,30700,2335609.9,2366299.8,2026-06-28 14:02
LD001689,Kisumu,AGO,Uhuru Energy Partners,TRK-403,24100,3524197.6,3548309.9,28/06/2026 16:16
LD001690,Eld,PMS,Rift Valley Fuels Ltd,TRK-404,25500,3185905.4,3211407.0,2026-06-28 16:26
LD001691,Eldoret,AGO,Savannah Petroleum,TRK-505,21500,4026586.2,4048079.8,2026-06-28 16:46
LD001692,ELDORET,PMS,Baraka Downstream,TRK-541,23000,1736994.6,1759996.3,28/06/2026 08:08
LD001693,Eldoret,IK,Amani Petroleum,TRK-141,20900,3351193.8,3372094.3,28/06/2026 12:58
LD001694,Eldoret,PMS,Horizon Oil Marketers,TRK-842,33100,2306955.6,2340052.6,28/06/2026 09:38
LD001695,ELDORET,IK,Summit Downstream Ltd,TRK-864,25600,3385386.0,3410989.7,2026-06-28 14:27
LD001696,Eld,AGO,Equator Fuels,TRK-410,29300,3966736.5,3996043.5,2026-06-28 18:07
LD001697,NAKURU,AGO,Pioneer Fuels Kenya,TRK-878,34300,3757668.5,3791973.4,28/06/2026 06:23
LD001698,NAKURU,AGO,Amani Petroleum,TRK-719,24900,4036955.9,4061850.4,2026-06-28 10:17
LD001699,NAKURU,AGO,Uhuru Energy Partners,TRK-900,29900,1309646.2,1339535.5,2026-06-28 13:00
LD001700,Nakuru,PMS,Mara Fuels,TRK-330,25300,3409025.2,3434326.1,28/06/2026 19:38
LD001701,NAKURU,PMS,Crescent Oil Ltd,TRK-702,25200,4107575.0,4132776.0,28/06/2026 14:46
LD001702,NAKURU,AGO,Highland Energy Co,TRK-448,32900,3691326.8,3724224.0,28/06/2026 20:59
LD001703,Nakuru,AGO,Delta Oil Marketers,TRK-814,28000,4801228.1,4829225.7,28/06/2026 09:29
LD001704,NAKURU,PMS,Pioneer Fuels Kenya,TRK-746,35300,1839672.2,1874971.9,28/06/2026 06:42
LD001705,NAKURU,PMS,Coastline Energy Ltd,TRK-422,32600,4098288.3,4130891.1,28/06/2026 21:23
LD001706,Nakuru,PMS,Zenith Petroleum,TRK-525,20800,2934298.3,2955091.9,28/06/2026 10:39
LD001707,KISII,AGO,Summit Downstream Ltd,TRK-234,22300,4035907.3,4058211.7,2026-06-28 20:15
LD001708,Kisii,PMS,Horizon Oil Marketers,TRK-282,22300,3583711.6,3606011.6,28/06/2026 11:13
LD001709,KISII,AGO,Equator Fuels,TRK-713,23700,1627041.7,1650746.0,28/06/2026 16:48
LD001710,KISII,AGO,Mara Fuels,TRK-645,32100,2237850.3,2269958.7,2026-06-28 08:42
LD001711,Kisii,AGO,Kilele Fuels,TRK-560,27200,2621886.7,2649081.9,2026-06-28 20:48
LD001712,Kisii,PMS,Mara Fuels,TRK-771,29000,2009291.0,2038284.2,2026-06-28 05:34
LD001713, Kisii ,PMS,Uhuru Energy Partners,TRK-129,34600,2062742.3,2097345.8,2026-06-28 18:26
LD001714,Kisii,PMS,Crescent Oil Ltd,TRK-518,22700,4873307.8,4896009.1,28/06/2026 21:05
LD001715,Kisii,AGO,Delta Oil Marketers,TRK-479,27200,4782860.4,4810054.5,28/06/2026 10:36
LD001716,Kisii,AGO,Tsavo Energy Group,TRK-840,23000,2214940.2,2237945.5,2026-06-28 11:54
LD001717,Kisii,AGO,Baraka Downstream,TRK-131,21500,1575471.9,1596971.0,28/06/2026 11:20
LD001718, Kisii ,AGO,Tsavo Energy Group,TRK-612,32700,1565534.2,1598229.6,2026-06-28 19:15
LD001719,Kisii,AGO,Tsavo Energy Group,TRK-839,22100,3573715.8,3595813.4,2026-06-28 15:55
LD001720,Msa,AGO,Amani Petroleum,TRK-982,25900,1917574.0,1943479.4,2026-06-29 18:55
LD001721,Mombasa,AGO,Highland Energy Co,TRK-895,23500,1218772.7,1242271.4,29/06/2026 13:56
LD001722,Mombasa,AGO,Summit Downstream Ltd,TRK-842,28200,1562367.7,1590561.5,29/06/2026 06:18
LD001723,Mombasa,PMS,Kilele Fuels,TRK-227,26800,2366995.4,2393805.1,2026-06-29 21:40
LD001724,mombasa,AGO,Tsavo Energy Group,TRK-772,23600,1527227.3,1550825.6,2026-06-29 08:46
LD001725,Mombasa,IK,Aberdare Oil Traders,TRK-757,34200,2100099.1,2134301.6,29/06/2026 20:13
LD001726,mombasa,AGO,Nyanza Petroleum Co,TRK-450,33100,2793385.9,2826483.9,29/06/2026 20:48
LD001727,Mombasa,PMS,Aberdare Oil Traders,TRK-708,27800,1870994.8,1898795.5,2026-06-29 19:44
LD001728,mombasa,PMS,Nyanza Petroleum Co,TRK-677,21600,2797098.2,2818694.3,29/06/2026 14:01
LD001729,mombasa,PMS,Coastline Energy Ltd,TRK-550,35000,4811337.6,4846340.8,2026-06-29 10:36
LD001730,mombasa,AGO,Crescent Oil Ltd,TRK-493,27600,4502740.5,4530333.8,2026-06-29 09:09
LD001731,mombasa,PMS,Coastline Energy Ltd,TRK-112,24300,1014809.6,1039107.4,29/06/2026 11:37
LD001732,mombasa,AGO,Delta Oil Marketers,TRK-274,25100,4165451.7,4190546.7,2026-06-29 21:25
LD001733,Msa,AGO,Amani Petroleum,TRK-986,30900,2198225.3,2229120.8,2026-06-29 21:20
LD001734,Nairobi,AGO,Delta Oil Marketers,TRK-114,23800,3609124.5,3632924.0,29/06/2026 20:11
LD001735,Nairobi,PMS,Baraka Downstream,TRK-896,26500,3384174.4,3410673.2,2026-06-29 11:14
LD001736,NAIROBI,PMS,Rift Valley Fuels Ltd,TRK-966,33100,4997401.2,5030503.4,2026-06-29 19:36
LD001737,Nairobi,PMS,Horizon Oil Marketers,TRK-619,23400,2060683.0,2084084.1,29/06/2026 06:25
LD001738,Nairobi,AGO,Highland Energy Co,TRK-917,34700,3011502.1,3046202.5,29/06/2026 22:54
LD001739,NAIROBI,AGO,Aberdare Oil Traders,TRK-287,32700,1542983.4,1575680.9,2026-06-29 12:15
LD001740,Nairobi Depot,AGO,Savannah Petroleum,TRK-372,21600,2086870.4,2108466.2,2026-06-29 19:11
LD001741,NAIROBI,AGO,Baraka Downstream,TRK-162,33100,2513262.4,2546361.1,2026-06-29 07:57
LD001742,Nairobi,PMS,Horizon Oil Marketers,TRK-900,35700,3518734.4,3554431.1,29/06/2026 20:29
LD001743,nrb,AGO,Delta Oil Marketers,TRK-185,26700,1666154.1,1692852.4,2026-06-29 07:12
LD001744,nrb,PMS,Delta Oil Marketers,TRK-109,20900,1481512.6,1502411.7,2026-06-29 11:38
LD001745,nrb,AGO,Equator Fuels,TRK-750,29300,4715053.7,4744359.8,2026-06-29 19:49
LD001746,KISUMU,PMS,Aberdare Oil Traders,TRK-280,21000,3444566.1,3465566.0,29/06/2026 18:38
LD001747,Ksm,AGO,Highland Energy Co,TRK-381,35700,2443225.2,2478925.2,29/06/2026 14:16
LD001748,Ksm,AGO,Tsavo Energy Group,TRK-426,22000,3328949.8,3350958.1,29/06/2026 08:48
LD001749,KISUMU,AGO,Uhuru Energy Partners,TRK-196,24800,1137612.8,1162417.6,29/06/2026 10:04
LD001750,Kisumu,AGO,Tsavo Energy Group,TRK-211,25500,2561182.2,2586684.0,2026-06-29 22:52
LD001751,KISUMU,PMS,Amani Petroleum,TRK-801,34300,4254435.3,4288730.4,2026-06-29 14:20
LD001752,Kisumu,AGO,Tsavo Energy Group,TRK-505,34600,1617663.0,1652267.2,2026-06-29 09:20
LD001753,Ksm,AGO,Amani Petroleum,TRK-769,30000,1115204.7,1145198.0,29/06/2026 10:20
LD001754,KISUMU,AGO,Aberdare Oil Traders,TRK-976,27200,2381058.2,2408262.5,29/06/2026 13:14
LD001755,KISUMU,PMS,Zenith Petroleum,TRK-422,22800,3487923.2,3510726.3,29/06/2026 15:46
LD001756,Kisumu,PMS,,TRK-513,30600,2373511.2,2404106.9,29/06/2026 17:48
LD001757,Kisumu,PMS,Aberdare Oil Traders,TRK-821,20300,3759165.0,3779465.8,2026-06-29 09:29
LD001758,KISUMU,AGO,Zenith Petroleum,TRK-537,27000,3100615.6,3127618.2,29/06/2026 13:18
LD001759,KISUMU,AGO,Equator Fuels,TRK-550,23200,4002176.7,4025373.6,2026-06-29 11:51
LD001760,KISUMU,PMS,Delta Oil Marketers,TRK-707,34000,2076759.0,2110761.2,2026-06-29 10:20
LD001761,Eld,AGO,Delta Oil Marketers,TRK-721,26100,1711536.2,1737632.2,29/06/2026 17:44
LD001762,ELDORET,PMS,Mara Fuels,TRK-478,21100,3312873.5,3333963.6,29/06/2026 06:40
LD001763,Eld,PMS,Lakeview Energy,TRK-893,29600,3955721.8,3985322.0,29/06/2026 09:56
LD001764,Eldoret,AGO,Coastline Energy Ltd,TRK-675,20800,3804576.9,3825374.5,29/06/2026 09:37
LD001765,ELDORET,PMS,Aberdare Oil Traders,TRK-936,20900,4646911.4,4667811.7,2026-06-29 22:48
LD001766,ELDORET,PMS,Mara Fuels,TRK-469,27100,1522690.5,1549800.0,2026-06-29 07:55
LD001767,Eld,PMS,Kilele Fuels,TRK-303,24700,4475836.4,4500544.3,29/06/2026 19:14
LD001768,ELDORET,PMS,Horizon Oil Marketers,TRK-537,29900,1326719.1,1356622.5,29/06/2026 05:08
LD001769,ELDORET,AGO,Amani Petroleum,TRK-679,23500,2001361.1,2024860.4,2026-06-29 21:03
LD001770,ELDORET,IK,Highland Energy Co,TRK-688,27800,4739572.2,4767378.5,2026-06-29 15:50
LD001771,Eld,AGO,Horizon Oil Marketers,TRK-917,30200,4594670.8,4624865.0,2026-06-29 07:35
LD001772,Eld,AGO,Equator Fuels,TRK-885,34900,2834820.5,2869719.8,29/06/2026 19:39
LD001773,Nakuru,AGO,Baraka Downstream,TRK-174,32400,1881881.9,1914280.3,29/06/2026 19:28
LD001774,Nakuru,AGO,Rift Valley Fuels Ltd,TRK-400,34800,3841687.3,3876481.5,29/06/2026 18:56
LD001775,Nakuru,PMS,Uhuru Energy Partners,TRK-976,26700,3069088.7,3095782.5,29/06/2026 12:20
LD001776,Nku,AGO,Pioneer Fuels Kenya,TRK-832,29400,1437929.5,1467334.3,2026-06-29 11:49
LD001777,Nku,PMS,Coastline Energy Ltd,TRK-126,35500,1699140.0,1734633.7,2026-06-29 09:13
LD001778,Nakuru,AGO,Lakeview Energy,TRK-422,31500,4107285.5,4138789.2,2026-06-29 22:22
LD001779,NAKURU,PMS,Aberdare Oil Traders,TRK-322,30800,3457997.8,3488791.9,2026-06-29 10:27
LD001780,Nku,PMS,Summit Downstream Ltd,TRK-988,35800,2557559.1,2593355.2,2026-06-29 19:07
LD001781,NAKURU,PMS,Summit Downstream Ltd,TRK-889,31700,3738900.7,3770597.3,2026-06-29 19:28
LD001782,Nakuru,PMS,Pioneer Fuels Kenya,TRK-224,24500,2644509.1,2669005.4,2026-06-29 10:32
LD001783,NAKURU,PMS,Crescent Oil Ltd,TRK-424,23700,1078605.9,1102299.5,2026-06-29 20:47
LD001784,Nku,PMS,Amani Petroleum,TRK-361,20100,3721002.8,3741096.6,2026-06-29 07:51
LD001785,Nakuru,IK,Summit Downstream Ltd,TRK-509,33200,1586433.2,1619635.4,29/06/2026 05:00
LD001786,Nku,PMS,Lakeview Energy,TRK-968,29900,1179442.2,1209339.7,29/06/2026 14:53
LD001787,NAKURU,PMS,Summit Downstream Ltd,TRK-116,30000,2235670.9,2265677.3,29/06/2026 07:41
LD001788,Kisii,PMS,,TRK-631,21900,4376743.6,4398640.5,2026-06-29 12:11
LD001789, Kisii ,AGO,Crescent Oil Ltd,TRK-987,22200,3080927.8,3103133.8,29/06/2026 06:03
LD001790, Kisii ,PMS,Tsavo Energy Group,TRK-278,25500,1862439.1,1887944.6,2026-06-29 18:52
LD001791,KISII,AGO,Horizon Oil Marketers,TRK-130,33000,1868412.9,1901415.4,2026-06-29 10:23
LD001792,Kisii,PMS,Aberdare Oil Traders,TRK-129,22400,4763505.1,4785905.3,29/06/2026 16:58
LD001793, Kisii ,PMS,Baraka Downstream,TRK-147,22900,3269772.8,3292674.7,29/06/2026 20:02
LD001794,Kisii,AGO,Tsavo Energy Group,TRK-457,24400,2598632.0,2623031.5,2026-06-29 21:10
LD001795, Kisii ,PMS,Delta Oil Marketers,TRK-525,35700,3145881.6,3181573.1,29/06/2026 07:07
LD001796,Kisii,PMS,Delta Oil Marketers,TRK-363,31200,1057491.8,1088691.9,29/06/2026 05:19
LD001797, Kisii ,AGO,Horizon Oil Marketers,TRK-866,20800,3397434.3,3418236.2,2026-06-29 16:39
LD001798, Kisii ,PMS,Baraka Downstream,TRK-184,34500,3854825.0,3889324.3,2026-06-29 21:08
LD001799,KISII,AGO,Crescent Oil Ltd,TRK-331,33100,3669327.4,3702429.1,2026-06-29 14:56
LD001800, Kisii ,AGO,Kilele Fuels,TRK-632,23400,2293771.4,2317169.0,29/06/2026 14:21
LD001801, Kisii ,AGO,Uhuru Energy Partners,TRK-248,33100,3146102.4,3179200.6,2026-06-29 09:20
LD001802,Mombasa,AGO,Savannah Petroleum,TRK-286,21300,3572244.0,3593546.2,2026-06-30 17:40
LD001803,Msa,AGO,Summit Downstream Ltd,TRK-685,32200,3339723.6,3371925.0,30/06/2026 12:10
LD001804,Msa,AGO,Pioneer Fuels Kenya,TRK-319,35000,1826137.6,1861133.1,30/06/2026 11:40
LD001805,mombasa,AGO,Aberdare Oil Traders,TRK-626,31800,4465804.3,4497614.6,30/06/2026 08:47
LD001806,Msa,IK,Mara Fuels,TRK-599,33000,2042700.6,2075701.9,2026-06-30 10:16
LD001807,mombasa,AGO,Amani Petroleum,TRK-900,24800,1002510.1,1027309.5,30/06/2026 15:48
LD001808,Mombasa,AGO,Horizon Oil Marketers,TRK-568,27200,1407567.0,1434767.4,2026-06-30 22:08
LD001809,Mombasa,AGO,Zenith Petroleum,TRK-546,20300,3464731.9,3485028.9,2026-06-30 14:08
LD001810,Mombasa,PMS,Baraka Downstream,TRK-327,24400,2280226.9,2304628.3,2026-06-30 21:12
LD001811,Mombasa,AGO,Crescent Oil Ltd,TRK-676,32200,4208996.7,4241190.2,30/06/2026 16:33
LD001812,MOMBASA,AGO,Zenith Petroleum,TRK-796,20700,2156546.9,2177237.8,2026-06-30 21:10
LD001813,mombasa,AGO,Crescent Oil Ltd,TRK-307,27200,1467932.2,1495138.0,2026-06-30 09:34
LD001814,Msa,IK,Summit Downstream Ltd,TRK-531,29300,1315719.4,1345018.6,30/06/2026 17:18
LD001815,mombasa,PMS,Lakeview Energy,TRK-669,23100,2898177.4,2921270.5,2026-06-30 14:00
LD001816,NAIROBI,IK,Uhuru Energy Partners,TRK-592,29400,4187446.3,4216839.6,2026-06-30 07:03
LD001817,NAIROBI,PMS,Uhuru Energy Partners,TRK-298,25500,4221865.1,4247362.9,30/06/2026 10:41
LD001818,NAIROBI,PMS,Summit Downstream Ltd,TRK-857,28900,3351609.3,3380508.5,2026-06-30 13:08
LD001819,Nairobi Depot,PMS,Mara Fuels,TRK-220,35000,3904245.3,3939248.5,2026-06-30 13:48
LD001820,nrb,AGO,Kilele Fuels,TRK-227,28900,4913323.2,4942235.2,2026-06-30 20:14
LD001821,nrb,PMS,Aberdare Oil Traders,TRK-141,32400,1425063.6,1457460.7,30/06/2026 15:56
LD001822,nrb,PMS,Pioneer Fuels Kenya,TRK-826,27200,1841838.7,1869041.2,30/06/2026 19:27
LD001823,Nairobi Depot,PMS,Crescent Oil Ltd,TRK-985,31000,4509238.9,4540236.6,2026-06-30 08:05
LD001824,Nairobi,AGO,Uhuru Energy Partners,TRK-753,24800,3689447.4,3714246.2,30/06/2026 20:53
LD001825,KISUMU,AGO,Aberdare Oil Traders,TRK-436,24400,1737740.8,1762131.8,30/06/2026 13:57
LD001826,Kisumu,IK,Horizon Oil Marketers,TRK-597,31700,1306489.6,1338189.5,30/06/2026 07:00
LD001827,Ksm,PMS,Aberdare Oil Traders,TRK-899,30600,1950240.1,1980830.9,30/06/2026 18:42
LD001828,KISUMU,AGO,Amani Petroleum,TRK-783,31600,4781228.2,4812827.7,2026-06-30 17:38
LD001829,Kisumu,AGO,Horizon Oil Marketers,TRK-882,34700,3333704.9,3368411.5,30/06/2026 08:36
LD001830,KISUMU,AGO,Summit Downstream Ltd,TRK-140,30900,1734256.5,1765155.7,30/06/2026 18:52
LD001831,Ksm,AGO,Summit Downstream Ltd,TRK-743,33100,2715537.6,2748634.6,30/06/2026 21:02
LD001832,KISUMU,AGO,Pioneer Fuels Kenya,TRK-745,24300,3076827.9,3101123.6,2026-06-30 05:13
LD001833,KISUMU,PMS,Rift Valley Fuels Ltd,TRK-969,23700,1494265.9,1517967.0,30/06/2026 18:51
LD001834,Eldoret,AGO,Nyanza Petroleum Co,TRK-902,25100,1138602.8,1163697.8,30/06/2026 16:22
LD001835,Eld,AGO,Tsavo Energy Group,TRK-889,22000,4658778.2,4680763.0,30/06/2026 13:49
LD001836,Eldoret,AGO,Tsavo Energy Group,TRK-977,20600,3914548.1,3935146.0,30/06/2026 16:49
LD001837,Eldoret,PMS,Nyanza Petroleum Co,TRK-413,28400,1808323.7,1836722.4,2026-06-30 22:47
LD001838,ELDORET,AGO,Delta Oil Marketers,TRK-874,33400,4461178.2,4494573.9,2026-06-30 15:39
LD001839,Eldoret,PMS,Mara Fuels,TRK-470,29600,3910145.7,3939746.8,2026-06-30 20:22
LD001840,Eld,PMS,Pioneer Fuels Kenya,TRK-618,30700,1802851.4,1833546.7,30/06/2026 08:12
LD001841,Eldoret,AGO,Summit Downstream Ltd,TRK-177,34100,1779987.0,1814091.9,2026-06-30 22:11
LD001842,Eld,PMS,Aberdare Oil Traders,TRK-448,30200,3797539.0,3827731.4,30/06/2026 17:54
LD001843,ELDORET,PMS,Coastline Energy Ltd,TRK-184,21800,4397857.7,4419647.4,2026-06-30 17:06
LD001844,Eldoret,PMS,Highland Energy Co,TRK-380,35700,3961513.2,3997225.0,30/06/2026 06:15
LD001845,Eldoret,PMS,Nyanza Petroleum Co,TRK-931,21900,4026156.7,4048059.3,2026-06-30 12:15
LD001846,ELDORET,PMS,Crescent Oil Ltd,TRK-549,22800,3899147.9,3921943.0,2026-06-30 12:01
LD001847,Eld,PMS,Summit Downstream Ltd,TRK-496,28100,3719886.8,3747990.0,30/06/2026 21:37
LD001848,Nakuru,AGO,Aberdare Oil Traders,TRK-473,30700,2973920.0,3004616.1,30/06/2026 16:51
LD001849,Nku,AGO,Baraka Downstream,TRK-947,34800,1063407.4,1098210.1,2026-06-30 07:44
LD001850,NAKURU,AGO,Amani Petroleum,TRK-648,21000,2800256.7,2821258.3,2026-06-30 09:06
LD001851,Nku,AGO,Zenith Petroleum,TRK-760,23300,3266072.7,3289366.0,2026-06-30 12:46
LD001852,NAKURU,AGO,Crescent Oil Ltd,TRK-705,27400,2117357.9,2144763.0,2026-06-30 06:29
LD001853,Nakuru,IK,Highland Energy Co,TRK-765,25900,1638159.8,1664060.7,30/06/2026 10:01
LD001854,NAKURU,AGO,Zenith Petroleum,TRK-836,25300,3892228.5,3917533.4,30/06/2026 09:04
LD001855,Nakuru,IK,Crescent Oil Ltd,TRK-821,28100,2996434.6,3024533.3,30/06/2026 05:45
LD001856,KISII,PMS,Highland Energy Co,TRK-411,20300,2440398.5,2460694.1,2026-06-30 19:19
LD001857, Kisii ,AGO,Baraka Downstream,TRK-797,21400,2027320.2,2048720.5,30/06/2026 21:26
LD001858,Kisii,AGO,Zenith Petroleum,TRK-893,24200,4069116.7,4093321.6,2026-06-30 06:45
LD001859,Kisii,AGO,Equator Fuels,TRK-715,34800,2934763.3,2969568.5,2026-06-30 10:46
LD001860,KISII,PMS,Horizon Oil Marketers,TRK-196,30900,4555009.9,4585906.6,30/06/2026 20:46
LD001861,Kisii,AGO,Delta Oil Marketers,TRK-451,31100,1974113.4,2005214.2,2026-06-30 17:44
LD001862,Mombasa,PMS,Uhuru Energy Partners,TRK-611,22400,4193814.0,4216205.3,2026-07-01 10:45
LD001863,Mombasa,PMS,Zenith Petroleum,TRK-748,31300,1761527.1,1792823.0,01/07/2026 11:14
LD001864,Mombasa,AGO,Aberdare Oil Traders,TRK-720,30100,1485487.7,1515586.3,2026-07-01 08:33
LD001865,Mombasa,AGO,Rift Valley Fuels Ltd,TRK-641,35800,4122728.3,4158535.0,2026-07-01 08:10
LD001866,Mombasa,PMS,Pioneer Fuels Kenya,TRK-979,34600,3216397.1,3250987.8,2026-07-01 14:01
LD001867,Mombasa,PMS,Highland Energy Co,TRK-453,22800,2514813.4,2537615.5,2026-07-01 20:11
LD001868,MOMBASA,AGO,Kilele Fuels,TRK-890,30400,4467285.9,4497690.9,2026-07-01 10:57
LD001869,Mombasa,AGO,Crescent Oil Ltd,TRK-650,34300,4679170.3,4713470.8,01/07/2026 19:01
LD001870,Mombasa,IK,Tsavo Energy Group,TRK-271,31800,4027707.4,4059502.9,01/07/2026 08:22
LD001871,Msa,PMS,Mara Fuels,TRK-774,29700,1667149.3,1696852.6,01/07/2026 09:39
LD001872,MOMBASA,IK,Mara Fuels,TRK-244,21400,2855239.3,2876643.7,01/07/2026 22:04
LD001873,Mombasa,PMS,Zenith Petroleum,TRK-591,22800,2349908.2,2372707.9,2026-07-01 17:02
LD001874,Msa,AGO,Amani Petroleum,TRK-819,28800,3478330.4,3507129.2,2026-07-01 15:58
LD001875,Msa,PMS,Equator Fuels,TRK-741,30600,4345165.3,4375763.5,01/07/2026 09:28
LD001876,Msa,PMS,Rift Valley Fuels Ltd,TRK-429,33600,1626451.3,1660049.9,01/07/2026 07:31
LD001877,NAIROBI,PMS,Savannah Petroleum,TRK-142,27400,4612111.5,4639515.1,2026-07-01 14:49
LD001878,Nairobi,PMS,Mara Fuels,TRK-647,35100,3683459.5,3718558.1,2026-07-01 22:11
LD001879,nrb,IK,Zenith Petroleum,TRK-153,30600,2811017.4,2841620.3,2026-07-01 17:12
LD001880,NAIROBI,AGO,Equator Fuels,TRK-290,29700,4397879.6,4427586.1,01/07/2026 06:58
LD001881,Nairobi,PMS,Equator Fuels,TRK-727,28700,4215439.5,4244135.9,2026-07-01 11:31
LD001882,NAIROBI,IK,Horizon Oil Marketers,TRK-104,26100,2777763.8,2803863.9,01/07/2026 11:57
LD001883,nrb,IK,Nyanza Petroleum Co,TRK-957,22300,1409985.3,1432281.0,2026-07-01 17:52
LD001884,Nairobi Depot,PMS,Aberdare Oil Traders,TRK-532,24800,3978387.9,4003188.3,2026-07-01 12:39
LD001885,nrb,IK,Rift Valley Fuels Ltd,TRK-523,35400,3871482.3,3906887.4,01/07/2026 13:26
LD001886,nrb,AGO,Delta Oil Marketers,TRK-110,31200,2486907.9,2518101.8,2026-07-01 11:52
LD001887,Nairobi,AGO,Nyanza Petroleum Co,TRK-217,20300,3812799.1,3833099.3,2026-07-01 19:08
LD001888,Nairobi Depot,IK,Tsavo Energy Group,TRK-271,22600,3262414.1,3285013.2,01/07/2026 20:04
LD001889,Nairobi,PMS,Pioneer Fuels Kenya,TRK-879,28100,1054054.6,1082160.8,01/07/2026 14:18
LD001890,NAIROBI,AGO,Highland Energy Co,TRK-305,33600,4554568.5,4588160.1,2026-07-01 11:05
LD001891,Kisumu,AGO,Nyanza Petroleum Co,TRK-497,31700,2265818.3,2297512.9,2026-07-01 08:07
LD001892,Ksm,AGO,Uhuru Energy Partners,TRK-548,29000,2258256.6,2287253.8,2026-07-01 07:15
LD001893,Kisumu,PMS,Amani Petroleum,TRK-293,21300,3740024.3,3761319.7,01/07/2026 06:42
LD001894,Kisumu,PMS,Mara Fuels,TRK-356,21200,2705190.9,2726397.8,01/07/2026 05:09
LD001895,Ksm,AGO,Summit Downstream Ltd,TRK-398,27100,3674683.5,3701789.2,2026-07-01 06:25
LD001896,Kisumu,PMS,Kilele Fuels,TRK-551,33900,1949944.2,1983838.4,2026-07-01 11:21
LD001897,Kisumu,AGO,Tsavo Energy Group,TRK-425,35700,2545472.5,2581169.8,2026-07-01 14:35
LD001898,Kisumu,AGO,Highland Energy Co,TRK-837,21500,1502823.6,1524315.6,01/07/2026 18:33
LD001899,KISUMU,PMS,Horizon Oil Marketers,TRK-106,26600,4049778.1,4076379.5,2026-07-01 09:57
LD001900,Eld,AGO,Pioneer Fuels Kenya,TRK-329,30300,3603887.0,3634190.5,2026-07-01 17:49
LD001901,ELDORET,AGO,Delta Oil Marketers,TRK-760,33200,2670834.3,2704033.4,01/07/2026 07:01
LD001902,ELDORET,AGO,Nyanza Petroleum Co,TRK-727,35700,3385034.3,3420732.7,01/07/2026 17:28
LD001903,Eldoret,IK,Baraka Downstream,TRK-468,31400,1029431.3,1060828.5,2026-07-01 19:30
LD001904,Eld,PMS,Aberdare Oil Traders,TRK-476,29100,4683083.4,4712183.5,2026-07-01 10:24
LD001905,Eld,PMS,Savannah Petroleum,TRK-827,35500,3162210.7,3197714.0,2026-07-01 14:09
LD001906,ELDORET,IK,Zenith Petroleum,TRK-515,30800,1259597.1,1290396.8,01/07/2026 09:53
LD001907,ELDORET,AGO,Summit Downstream Ltd,TRK-445,27500,1960980.1,1988467.7,01/07/2026 19:28
LD001908,Nku,PMS,Nyanza Petroleum Co,TRK-295,28100,4320811.5,4348903.1,2026-07-01 21:13
LD001909,NAKURU,IK,Kilele Fuels,TRK-882,30600,2353471.5,2384075.2,01/07/2026 16:57
LD001910,Nku,AGO,Baraka Downstream,TRK-655,35500,4559345.6,4594848.3,01/07/2026 11:25
LD001911,Nakuru,PMS,Equator Fuels,TRK-664,29600,3120209.4,3149820.3,01/07/2026 18:03
LD001912,NAKURU,IK,Kilele Fuels,TRK-311,28900,3970544.0,3999440.6,2026-07-01 18:11
LD001913,Nakuru,PMS,Summit Downstream Ltd,TRK-920,24500,3259810.4,3284309.5,2026-07-01 09:41
LD001914,NAKURU,PMS,Baraka Downstream,TRK-598,32000,3773603.4,3805599.3,2026-07-01 19:15
LD001915,Nakuru,AGO,,TRK-982,35900,2111564.5,2147454.1,01/07/2026 07:05
LD001916,Nakuru,AGO,Zenith Petroleum,TRK-254,27000,4427800.5,4454800.4,01/07/2026 15:59
LD001917,NAKURU,AGO,Mara Fuels,TRK-948,30900,4529764.8,4560666.5,01/07/2026 16:39
LD001918,Nakuru,PMS,Coastline Energy Ltd,TRK-675,21000,4554397.1,4575395.7,2026-07-01 10:18
LD001919,Nku,PMS,Crescent Oil Ltd,TRK-675,25300,2258350.5,2283654.0,01/07/2026 08:34
LD001920,Nakuru,AGO,Nyanza Petroleum Co,TRK-779,20800,2408923.9,2429724.0,01/07/2026 13:44
LD001921,Kisii,PMS,Summit Downstream Ltd,TRK-588,26300,1796627.6,1822918.1,2026-07-01 06:08
LD001922,KISII,AGO,Kilele Fuels,TRK-286,34600,4047737.5,4082331.3,2026-07-01 16:59
LD001923,Kisii,IK,Mara Fuels,TRK-478,28100,4953482.3,4981578.8,2026-07-01 16:56
LD001924, Kisii ,PMS,Summit Downstream Ltd,TRK-213,24200,2744281.9,2768481.6,2026-07-01 14:43
LD001925,KISII,IK,Lakeview Energy,TRK-918,22500,4790260.5,4812756.6,2026-07-01 15:18
LD001926, Kisii ,AGO,Zenith Petroleum,TRK-296,29500,3885796.6,3915301.0,01/07/2026 18:10
LD001927, Kisii ,IK,Mara Fuels,TRK-153,35100,4526541.4,4561649.1,2026-07-01 05:31
LD001928, Kisii ,AGO,Uhuru Energy Partners,TRK-379,29000,3210815.6,3239816.0,01/07/2026 13:28
LD001929,Kisii,AGO,Savannah Petroleum,TRK-739,21800,1504550.6,1526341.9,2026-07-01 15:35
LD001930, Kisii ,PMS,Delta Oil Marketers,TRK-136,20300,3891356.8,3911657.9,01/07/2026 11:57
LD001931,KISII,AGO,Amani Petroleum,TRK-902,20500,3381107.4,3401609.9,01/07/2026 15:23
LD001932,KISII,AGO,Aberdare Oil Traders,TRK-600,27700,1254405.7,1282105.9,01/07/2026 09:22
LD001933,Mombasa,PMS,Lakeview Energy,TRK-426,29700,1198374.0,1228086.7,2026-07-02 19:58
LD001934,MOMBASA,AGO,Lakeview Energy,TRK-166,21000,3884897.9,3905897.8,2026-07-02 08:15
LD001935,Mombasa,AGO,Rift Valley Fuels Ltd,TRK-449,23700,3740805.8,3764515.3,2026-07-02 07:00
LD001936,Mombasa,AGO,Mara Fuels,TRK-208,33600,2426435.7,2460035.1,2026-07-02 19:40
LD001937,Mombasa,AGO,Lakeview Energy,TRK-835,24200,4786394.3,4810589.8,2026-07-02 11:58
LD001938,mombasa,PMS,Savannah Petroleum,TRK-496,27200,4185807.1,4213010.7,2026-07-02 12:13
LD001939,Msa,AGO,Delta Oil Marketers,TRK-290,28800,3599808.4,3628611.7,02/07/2026 11:45
LD001940,MOMBASA,AGO,Tsavo Energy Group,TRK-181,28600,3998457.1,4027063.9,2026-07-02 06:28
LD001941,Mombasa,PMS,Equator Fuels,TRK-819,31600,3519489.6,3551083.8,2026-07-02 22:36
LD001942,mombasa,PMS,Nyanza Petroleum Co,TRK-750,35500,1449543.7,1485035.1,02/07/2026 15:48
LD001943,MOMBASA,AGO,Uhuru Energy Partners,TRK-453,24300,2969607.0,2993905.4,2026-07-02 14:13
LD001944,nrb,AGO,Tsavo Energy Group,TRK-164,29700,2195704.6,2225406.2,02/07/2026 13:18
LD001945,nrb,IK,Uhuru Energy Partners,TRK-882,26600,1870799.2,1897397.9,2026-07-02 06:39
LD001946,Nairobi,IK,Pioneer Fuels Kenya,TRK-470,23500,4121884.6,4145384.3,02/07/2026 07:20
LD001947,Nairobi Depot,AGO,Zenith Petroleum,TRK-591,23200,1320253.6,1343452.2,02/07/2026 15:28
LD001948,NAIROBI,PMS,Highland Energy Co,TRK-294,21400,4230503.5,4251903.4,2026-07-02 20:20
LD001949,nrb,PMS,Kilele Fuels,TRK-432,32300,4660555.3,4692857.5,02/07/2026 16:26
LD001950,KISUMU,AGO,Baraka Downstream,TRK-868,23300,4496436.5,4519740.7,02/07/2026 19:28
LD001951,Ksm,IK,Mara Fuels,TRK-991,20500,1363506.2,1384008.0,2026-07-02 09:50
LD001952,Kisumu,PMS,Tsavo Energy Group,TRK-288,32000,1837670.7,1869675.7,2026-07-02 05:27
LD001953,KISUMU,PMS,Aberdare Oil Traders,TRK-122,28600,3948876.9,3977474.4,02/07/2026 20:09
LD001954,Ksm,PMS,Nyanza Petroleum Co,TRK-721,35400,3704629.3,3740040.6,02/07/2026 22:17
LD001955,Kisumu,PMS,Savannah Petroleum,TRK-208,34500,3919082.0,3953580.3,02/07/2026 10:31
LD001956,Kisumu,AGO,Nyanza Petroleum Co,TRK-606,25800,4433477.6,4459278.5,02/07/2026 14:09
LD001957,Ksm,AGO,Tsavo Energy Group,TRK-418,23700,1462023.5,1485718.0,02/07/2026 14:40
LD001958,Ksm,AGO,Coastline Energy Ltd,TRK-482,34800,4471866.6,4506663.2,2026-07-02 09:33
LD001959,Kisumu,PMS,Rift Valley Fuels Ltd,TRK-527,28000,1245375.5,1273379.7,2026-07-02 20:04
LD001960,KISUMU,IK,Mara Fuels,TRK-587,35500,3235813.0,3271320.3,02/07/2026 12:58
LD001961,Ksm,AGO,Equator Fuels,TRK-429,25400,3076086.8,3101481.1,2026-07-02 15:44
LD001962,Eldoret,AGO,Nyanza Petroleum Co,TRK-581,27100,2336418.6,2363522.4,02/07/2026 12:52
LD001963,Eld,AGO,Baraka Downstream,TRK-183,28300,3342617.3,3370912.9,02/07/2026 08:24
LD001964,ELDORET,AGO,Kilele Fuels,TRK-297,20800,4019730.2,4040537.2,2026-07-02 13:04
LD001965,ELDORET,PMS,Nyanza Petroleum Co,TRK-103,35300,1960606.4,1995901.4,02/07/2026 06:30
LD001966,ELDORET,AGO,Baraka Downstream,TRK-427,29200,1619365.6,1648562.8,02/07/2026 20:35
LD001967,Eld,AGO,Equator Fuels,TRK-711,25700,3788052.1,3813741.8,2026-07-02 22:12
LD001968,ELDORET,PMS,Equator Fuels,TRK-616,26700,3248443.5,3275149.0,2026-07-02 06:47
LD001969,Eldoret,AGO,Rift Valley Fuels Ltd,TRK-309,20100,1314039.5,1334141.8,02/07/2026 18:44
LD001970,ELDORET,PMS,Zenith Petroleum,TRK-251,24300,2481965.7,2506266.8,02/07/2026 18:05
LD001971,ELDORET,AGO,Mara Fuels,TRK-380,29100,4526835.9,4555937.2,02/07/2026 19:48
LD001972,Eldoret,PMS,Tsavo Energy Group,TRK-430,26600,2882804.0,2909400.9,2026-07-02 19:18
LD001973,Eld,PMS,Delta Oil Marketers,TRK-422,20800,1764248.6,1785047.5,02/07/2026 15:35
LD001974,Eld,AGO,Mara Fuels,TRK-434,24800,2536076.3,2560883.5,2026-07-02 18:41
LD001975,Eldoret,AGO,Pioneer Fuels Kenya,TRK-623,33700,3995996.1,4029693.2,2026-07-02 15:36
LD001976,Eld,AGO,Baraka Downstream,TRK-267,24000,4683025.8,4707024.1,2026-07-02 07:08
LD001977,Nakuru,PMS,Mara Fuels,TRK-451,27100,3202762.0,3229849.1,02/07/2026 16:22
LD001978,Nku,PMS,Uhuru Energy Partners,TRK-505,24100,4274372.9,4298483.2,2026-07-02 06:33
LD001979,NAKURU,AGO,Equator Fuels,TRK-218,34400,4127730.3,4162127.3,2026-07-02 07:52
LD001980,Nakuru,PMS,Savannah Petroleum,TRK-814,30800,3121696.9,3152497.6,02/07/2026 22:01
LD001981,Nakuru,PMS,Nyanza Petroleum Co,TRK-991,30600,3360683.1,3391276.4,02/07/2026 12:48
LD001982,Nakuru,PMS,Amani Petroleum,TRK-604,24900,3098002.3,3122900.6,02/07/2026 17:01
LD001983, Kisii ,AGO,Pioneer Fuels Kenya,TRK-335,27800,3163308.3,3191106.2,02/07/2026 06:12
LD001984,Kisii,PMS,Zenith Petroleum,TRK-948,32900,3771513.7,3804415.8,02/07/2026 07:37
LD001985,KISII,PMS,Crescent Oil Ltd,TRK-669,28900,3798111.5,3827006.2,02/07/2026 22:00
LD001986,KISII,PMS,Crescent Oil Ltd,TRK-300,30700,3098689.2,3129387.9,02/07/2026 11:48
LD001987, Kisii ,PMS,Rift Valley Fuels Ltd,TRK-767,30200,2351995.1,2382196.0,02/07/2026 14:28
LD001988,Kisii,PMS,Summit Downstream Ltd,TRK-860,21400,2799216.0,2820620.2,2026-07-02 08:02
LD001989,KISII,AGO,Equator Fuels,TRK-937,32100,4176538.2,4208643.1,02/07/2026 14:53
LD001990,KISII,AGO,Aberdare Oil Traders,TRK-124,24300,2642394.8,2666694.7,2026-07-02 12:36
LD001991,KISII,PMS,Mara Fuels,TRK-837,34400,4585026.9,4619431.0,02/07/2026 10:55
LD001992, Kisii ,AGO,Tsavo Energy Group,TRK-591,21400,4459979.9,4481382.0,02/07/2026 17:38
LD001993,Kisii,AGO,Crescent Oil Ltd,TRK-100,25100,1713326.0,1738423.7,2026-07-02 12:04
LD001994,MOMBASA,AGO,Rift Valley Fuels Ltd,TRK-490,22400,1262316.3,1284708.9,2026-07-03 13:59
LD001995,mombasa,PMS,Equator Fuels,TRK-859,31700,3238869.7,3270575.4,2026-07-03 11:41
LD001996,MOMBASA,PMS,Savannah Petroleum,TRK-409,26200,4183860.4,4210057.8,03/07/2026 05:19
LD001997,MOMBASA,AGO,Rift Valley Fuels Ltd,TRK-587,24900,1291381.2,1316280.4,2026-07-03 11:07
LD001998,mombasa,PMS,Pioneer Fuels Kenya,TRK-379,32700,2116576.5,2149279.8,2026-07-03 12:29
LD001999,Msa,AGO,Baraka Downstream,TRK-507,30300,4493243.5,4523553.2,2026-07-03 20:04
LD002000,Mombasa,PMS,Kilele Fuels,TRK-113,28400,4497900.4,4526306.8,2026-07-03 18:53
LD002001,mombasa,IK,Coastline Energy Ltd,TRK-307,20700,2044113.6,2064815.4,2026-07-03 13:45
LD002002,Mombasa,AGO,Kilele Fuels,TRK-765,20300,3068025.1,3088327.7,03/07/2026 11:15
LD002003,Mombasa,AGO,Nyanza Petroleum Co,TRK-860,28500,2603528.5,2632033.7,03/07/2026 20:50
LD002004,mombasa,PMS,Delta Oil Marketers,TRK-482,23300,4195794.2,4219088.4,2026-07-03 16:29
LD002005,Msa,PMS,Tsavo Energy Group,TRK-481,32800,2661045.8,2693840.8,03/07/2026 16:26
LD002006,mombasa,AGO,Delta Oil Marketers,TRK-517,27700,3878316.9,3906011.9,03/07/2026 09:52
LD002007,Msa,PMS,Baraka Downstream,TRK-467,25700,3440173.4,3465865.8,03/07/2026 13:56
LD002008,MOMBASA,AGO,Savannah Petroleum,TRK-980,20400,1015656.4,1036051.8,03/07/2026 10:56
LD002009,NAIROBI,AGO,Pioneer Fuels Kenya,TRK-935,26500,4405044.7,4431541.5,03/07/2026 10:54
LD002010,Nairobi,PMS,Horizon Oil Marketers,TRK-657,23900,1909288.3,1933192.5,2026-07-03 18:56
LD002011,NAIROBI,AGO,Highland Energy Co,TRK-268,25400,2992794.9,3018187.7,03/07/2026 13:59
LD002012,nrb,AGO,Zenith Petroleum,TRK-504,22100,1050311.2,1072409.6,2026-07-03 15:46
LD002013,nrb,AGO,Horizon Oil Marketers,TRK-759,22500,3821425.5,3843924.5,2026-07-03 18:44
LD002014,Nairobi,AGO,Rift Valley Fuels Ltd,TRK-616,29500,4547363.6,4576855.5,03/07/2026 11:45
LD002015,Nairobi Depot,PMS,Coastline Energy Ltd,TRK-515,34200,3982934.9,4017135.3,2026-07-03 07:44
LD002016,Nairobi Depot,AGO,Equator Fuels,TRK-131,32600,1069152.2,1101749.8,2026-07-03 08:52
LD002017,nrb,PMS,Aberdare Oil Traders,TRK-221,28800,4431056.6,4459855.8,03/07/2026 07:04
LD002018,Nairobi Depot,AGO,Crescent Oil Ltd,TRK-497,20200,2666544.1,2686744.1,2026-07-03 05:44
LD002019,nrb,PMS,Crescent Oil Ltd,TRK-795,22500,3657802.6,3680298.3,2026-07-03 20:40
LD002020,nrb,AGO,Aberdare Oil Traders,TRK-981,34200,2767631.4,2801834.2,2026-07-03 16:01
LD002021,Nairobi,PMS,Delta Oil Marketers,TRK-489,22300,4057006.4,4079309.3,03/07/2026 16:43
LD002022,NAIROBI,AGO,Aberdare Oil Traders,TRK-184,33700,3949491.9,3983197.9,2026-07-03 07:30
LD002023,KISUMU,AGO,Crescent Oil Ltd,TRK-135,30900,1296299.6,1327202.0,03/07/2026 15:15
LD002024,Ksm,AGO,Crescent Oil Ltd,TRK-110,24900,1345830.0,1370721.3,2026-07-03 19:13
LD002025,Kisumu,AGO,Amani Petroleum,TRK-614,20000,2798333.4,2818334.7,03/07/2026 05:59
LD002026,KISUMU,PMS,Highland Energy Co,TRK-149,36000,2147386.6,2183392.6,2026-07-03 17:51
LD002027,Kisumu,AGO,Kilele Fuels,TRK-266,24500,1638997.8,1663495.2,03/07/2026 20:11
LD002028,Kisumu,AGO,Baraka Downstream,TRK-178,32700,4623027.2,4655723.2,03/07/2026 18:07
LD002029,KISUMU,AGO,Tsavo Energy Group,TRK-144,35600,1929158.6,1964756.9,2026-07-03 05:24
LD002030,Kisumu,PMS,Kilele Fuels,TRK-218,21800,4480099.7,4501903.6,2026-07-03 20:14
LD002031,KISUMU,PMS,Delta Oil Marketers,TRK-815,30200,1658923.6,1689115.1,2026-07-03 05:28
LD002032,Kisumu,AGO,Highland Energy Co,TRK-585,31800,2813664.9,2845462.1,03/07/2026 16:40
LD002033,Ksm,PMS,Lakeview Energy,TRK-998,35800,1218979.9,1254778.5,03/07/2026 18:04
LD002034,Kisumu,AGO,Nyanza Petroleum Co,TRK-996,28100,2263743.3,2291832.3,2026-07-03 21:58
LD002035,Ksm,PMS,Tsavo Energy Group,TRK-556,31700,4498988.3,4530689.1,03/07/2026 07:36
LD002036,Ksm,AGO,Tsavo Energy Group,TRK-218,33200,2214015.6,2247221.4,2026-07-03 20:04
LD002037,Kisumu,PMS,Baraka Downstream,TRK-500,26400,2267652.1,2294043.1,03/07/2026 09:19
LD002038,Eld,PMS,Amani Petroleum,TRK-699,25000,1392178.2,1417176.8,2026-07-03 05:07
LD002039,Eldoret,PMS,Nyanza Petroleum Co,TRK-920,28400,1228396.3,1256795.1,2026-07-03 09:20
LD002040,Eld,AGO,Equator Fuels,TRK-497,27400,2733003.7,2760402.1,2026-07-03 20:30
LD002041,Eldoret,PMS,Amani Petroleum,TRK-878,32800,3957898.6,3990689.4,03/07/2026 09:54
LD002042,ELDORET,AGO,Tsavo Energy Group,TRK-871,25100,4095980.3,4121076.2,03/07/2026 07:36
LD002043,ELDORET,IK,Savannah Petroleum,TRK-143,20800,1051286.6,1072086.0,03/07/2026 13:26
LD002044,Eldoret,PMS,Kilele Fuels,TRK-987,22100,1942263.7,1964370.9,2026-07-03 16:25
LD002045,Eld,AGO,Uhuru Energy Partners,TRK-873,34900,4438011.9,4472911.1,2026-07-03 21:56
LD002046,Eld,PMS,Delta Oil Marketers,TRK-543,28300,4900978.1,4929287.4,2026-07-03 21:18
LD002047,ELDORET,PMS,Baraka Downstream,TRK-140,35500,1861076.2,1896573.6,03/07/2026 22:05
LD002048,Eld,PMS,Mara Fuels,TRK-648,23400,3704372.1,3727774.8,03/07/2026 19:41
LD002049,Eld,IK,Delta Oil Marketers,TRK-992,26500,4726177.6,4752677.7,2026-07-03 20:32
LD002050,Nku,AGO,Delta Oil Marketers,TRK-645,35000,2453290.3,2488285.9,2026-07-03 07:44
LD002051,Nku,PMS,Aberdare Oil Traders,TRK-708,26200,1424367.1,1450561.0,2026-07-03 13:59
LD002052,NAKURU,PMS,Nyanza Petroleum Co,TRK-456,29400,3365406.8,3394811.7,2026-07-03 15:58
LD002053,NAKURU,AGO,Uhuru Energy Partners,TRK-712,31500,3980965.9,4012455.5,2026-07-03 21:43
LD002054,NAKURU,AGO,Coastline Energy Ltd,TRK-802,33400,2239462.6,2272863.5,03/07/2026 09:51
LD002055,Nku,PMS,Amani Petroleum,TRK-841,28100,2605010.3,2633109.2,03/07/2026 19:37
LD002056,NAKURU,AGO,Mara Fuels,TRK-763,26200,3759294.8,3785500.4,03/07/2026 11:38
LD002057,Nku,PMS,Aberdare Oil Traders,TRK-570,29600,1428987.3,1458596.0,03/07/2026 20:45
LD002058,Nku,PMS,Horizon Oil Marketers,TRK-932,35900,3516587.3,3552487.6,03/07/2026 07:16
LD002059,Nku,PMS,Aberdare Oil Traders,TRK-565,25900,1904606.4,1930507.4,03/07/2026 11:51
LD002060,Nku,AGO,Aberdare Oil Traders,TRK-537,23700,1802528.4,1826229.6,03/07/2026 18:12
LD002061,Nakuru,AGO,Summit Downstream Ltd,TRK-243,31400,2259808.2,2291204.0,2026-07-03 20:27
LD002062,Nku,PMS,Lakeview Energy,TRK-661,24200,2710030.2,2734227.9,03/07/2026 06:02
LD002063, Kisii ,PMS,Uhuru Energy Partners,TRK-776,25400,2314417.4,2339816.5,2026-07-03 08:59
LD002064,Kisii,PMS,Aberdare Oil Traders,TRK-346,22900,2942522.9,2965413.8,2026-07-03 15:39
LD002065,Kisii,AGO,Highland Energy Co,TRK-342,31300,1119162.0,1150467.8,2026-07-03 13:59
LD002066,KISII,AGO,Nyanza Petroleum Co,TRK-944,20100,4746645.2,4766745.8,2026-07-03 15:48
LD002067,KISII,AGO,Lakeview Energy,TRK-728,21700,4367934.1,4389644.7,03/07/2026 05:10
LD002068, Kisii ,PMS,Uhuru Energy Partners,TRK-570,28200,2908192.9,2936391.8,2026-07-03 12:54
LD002069,KISII,AGO,,TRK-787,33400,4023545.5,4056940.5,03/07/2026 12:17
LD002070,Kisii,AGO,Equator Fuels,TRK-967,21800,4206157.8,4227957.6,03/07/2026 17:28
LD002071,KISII,AGO,Summit Downstream Ltd,TRK-868,28500,2926356.6,2954860.8,2026-07-03 19:09
LD002072, Kisii ,AGO,Delta Oil Marketers,TRK-996,30100,4051391.6,4081493.7,03/07/2026 13:13
LD002073,MOMBASA,PMS,Crescent Oil Ltd,TRK-552,23700,4207655.8,4231355.5,04/07/2026 20:32
LD002074,MOMBASA,PMS,Summit Downstream Ltd,TRK-513,26700,4911414.8,4938120.7,2026-07-04 07:38
LD002075,Msa,PMS,Nyanza Petroleum Co,TRK-336,23200,1861437.1,1884632.8,04/07/2026 17:17
LD002076,Mombasa,IK,Lakeview Energy,TRK-919,26100,4643336.9,4669434.2,04/07/2026 12:41
LD002077,Msa,AGO,Rift Valley Fuels Ltd,TRK-841,29800,2647786.2,2677587.8,04/07/2026 16:24
LD002078,Msa,PMS,Nyanza Petroleum Co,TRK-366,29800,1158230.0,1188023.0,2026-07-04 13:22
LD002079,Mombasa,PMS,Amani Petroleum,TRK-966,26400,3596615.9,3623020.8,04/07/2026 21:38
LD002080,Mombasa,PMS,Tsavo Energy Group,TRK-812,25100,1374080.5,1399187.5,04/07/2026 12:05
LD002081,Msa,PMS,Baraka Downstream,TRK-979,26800,1515017.7,1541817.5,04/07/2026 13:28
LD002082,Mombasa,AGO,Uhuru Energy Partners,TRK-633,25100,4065216.3,4090319.6,2026-07-04 10:14
LD002083,Msa,AGO,Tsavo Energy Group,TRK-581,28000,2240136.1,2268137.6,2026-07-04 06:36
LD002084,Nairobi Depot,PMS,Lakeview Energy,TRK-203,21200,2161472.8,2182674.0,2026-07-04 11:38
LD002085,NAIROBI,AGO,Zenith Petroleum,TRK-256,34100,1588059.8,1622156.5,2026-07-04 19:35
LD002086,Nairobi,AGO,Tsavo Energy Group,TRK-625,34500,1372428.6,1406932.4,2026-07-04 15:54
LD002087,NAIROBI,PMS,Delta Oil Marketers,TRK-235,27500,4550167.6,4577662.1,04/07/2026 10:03
LD002088,Nairobi,AGO,Nyanza Petroleum Co,TRK-827,24700,2500397.6,2525106.6,2026-07-04 13:29
LD002089,nrb,PMS,Summit Downstream Ltd,TRK-394,28100,2276175.7,2304274.6,04/07/2026 06:04
LD002090,nrb,AGO,Highland Energy Co,TRK-637,31100,4611317.2,4642422.4,04/07/2026 17:35
LD002091,NAIROBI,AGO,Aberdare Oil Traders,TRK-517,33600,2657308.1,2690917.4,04/07/2026 17:48
LD002092,Nairobi Depot,PMS,Lakeview Energy,TRK-476,33600,2170060.1,2203665.1,2026-07-04 06:13
LD002093,KISUMU,AGO,Summit Downstream Ltd,TRK-124,25700,1529875.8,1555576.3,04/07/2026 18:24
LD002094,Kisumu,PMS,Uhuru Energy Partners,TRK-868,31500,2410764.5,2442274.8,04/07/2026 05:13
LD002095,Kisumu,AGO,Coastline Energy Ltd,TRK-245,25200,2890303.4,2915500.9,2026-07-04 09:41
LD002096,KISUMU,IK,Summit Downstream Ltd,TRK-576,33700,4208812.0,4242517.9,2026-07-04 13:31
LD002097,Kisumu,AGO,Nyanza Petroleum Co,TRK-755,25600,3775506.1,3801100.8,04/07/2026 18:03
LD002098,KISUMU,PMS,Summit Downstream Ltd,TRK-993,31300,4283360.9,4314649.6,2026-07-04 16:29
LD002099,KISUMU,AGO,Amani Petroleum,TRK-141,23800,3645400.6,3669192.6,2026-07-04 16:52
LD002100,Kisumu,PMS,Amani Petroleum,TRK-203,31000,2548733.1,2579726.5,04/07/2026 11:19
LD002101,KISUMU,PMS,Amani Petroleum,TRK-559,25500,4343553.6,4369055.1,04/07/2026 21:13
LD002102,Kisumu,AGO,Crescent Oil Ltd,TRK-476,24000,1061993.0,1085989.6,2026-07-04 19:22
LD002103,Ksm,AGO,Amani Petroleum,TRK-898,22700,3426646.1,3449349.9,2026-07-04 20:27
LD002104,KISUMU,IK,Summit Downstream Ltd,TRK-831,25000,4435008.1,4460003.9,04/07/2026 09:59
LD002105,Kisumu,PMS,Crescent Oil Ltd,TRK-503,31200,2607253.8,2638454.7,2026-07-04 11:05
LD002106,KISUMU,PMS,Equator Fuels,TRK-298,29900,1011646.9,1041545.3,2026-07-04 05:08
LD002107,Eldoret,PMS,,TRK-167,30700,2137153.2,2167861.6,2026-07-04 13:58
LD002108,Eld,PMS,Lakeview Energy,TRK-269,27100,4344474.5,4371582.8,04/07/2026 20:50
LD002109,ELDORET,PMS,Mara Fuels,TRK-481,24200,2794530.4,2818740.6,04/07/2026 19:51
LD002110,Eld,AGO,Mara Fuels,TRK-434,32500,2579229.1,2611731.4,2026-07-04 22:56
LD002111,Eldoret,AGO,Aberdare Oil Traders,TRK-896,30300,1602443.8,1632742.9,2026-07-04 21:43
LD002112,ELDORET,AGO,Aberdare Oil Traders,TRK-621,31700,1081364.3,1113067.5,04/07/2026 18:30
LD002113,ELDORET,IK,Pioneer Fuels Kenya,TRK-983,23300,2948330.2,2971630.6,2026-07-04 17:03
LD002114,ELDORET,AGO,Nyanza Petroleum Co,TRK-354,34900,2935187.6,2970092.8,2026-07-04 22:14
LD002115,NAKURU,IK,Zenith Petroleum,TRK-509,27400,4551351.7,4578762.6,04/07/2026 22:32
LD002116,Nakuru,PMS,Crescent Oil Ltd,TRK-778,26500,2840468.7,2866960.0,04/07/2026 12:10
LD002117,NAKURU,IK,Summit Downstream Ltd,TRK-257,20200,2134982.0,2155192.0,04/07/2026 06:27
LD002118,NAKURU,IK,Horizon Oil Marketers,TRK-598,27200,2351268.2,2378463.5,04/07/2026 15:23
LD002119,Nakuru,AGO,Nyanza Petroleum Co,TRK-725,26200,1969173.3,1995373.5,04/07/2026 17:27
LD002120,Nakuru,PMS,Summit Downstream Ltd,TRK-203,20200,1077785.0,1097989.0,2026-07-04 15:37
LD002121,Nku,AGO,Highland Energy Co,TRK-194,35600,1885803.6,1921402.7,2026-07-04 05:09
LD002122,NAKURU,IK,Tsavo Energy Group,TRK-398,24100,2627290.6,2651390.7,04/07/2026 05:30
LD002123,Nakuru,AGO,Tsavo Energy Group,TRK-438,27400,2190715.0,2218115.4,2026-07-04 07:02
LD002124,Nakuru,IK,,TRK-296,28400,2132002.5,2160400.3,04/07/2026 07:02
LD002125,Nku,AGO,Aberdare Oil Traders,TRK-730,20600,4978376.7,4998984.8,2026-07-04 20:06
LD002126,KISII,AGO,Lakeview Energy,TRK-972,22000,2426892.7,2448892.1,2026-07-04 14:08
LD002127,KISII,AGO,Delta Oil Marketers,TRK-805,29500,4342286.8,4371779.6,2026-07-04 21:06
LD002128,KISII,PMS,Tsavo Energy Group,TRK-929,21100,1112765.4,1133868.8,04/07/2026 15:42
LD002129,KISII,IK,Summit Downstream Ltd,TRK-340,23900,4525943.3,4549851.4,04/07/2026 14:18
LD002130, Kisii ,PMS,Baraka Downstream,TRK-160,34700,2632161.8,2666858.7,2026-07-04 19:09
LD002131,KISII,PMS,Baraka Downstream,TRK-389,23100,3068471.7,3091572.6,04/07/2026 19:08
LD002132,mombasa,AGO,Uhuru Energy Partners,TRK-759,34500,1489925.7,1524423.6,2026-07-05 20:27
LD002133,Mombasa,AGO,Tsavo Energy Group,TRK-453,28500,4517850.8,4546348.2,2026-07-05 06:23
LD002134,Msa,PMS,Tsavo Energy Group,TRK-574,21100,2112574.6,2133661.8,05/07/2026 13:24
LD002135,MOMBASA,PMS,Uhuru Energy Partners,TRK-869,25200,4780489.8,4805688.2,2026-07-05 15:47
LD002136,mombasa,AGO,Uhuru Energy Partners,TRK-996,30700,1648733.5,1679424.6,2026-07-05 10:16
LD002137,MOMBASA,PMS,Amani Petroleum,TRK-384,27800,3954156.2,3981957.8,2026-07-05 09:15
LD002138,mombasa,PMS,Zenith Petroleum,TRK-919,30700,1505133.9,1535838.7,05/07/2026 05:40
LD002139,mombasa,PMS,Amani Petroleum,TRK-251,35100,1530296.3,1565392.6,05/07/2026 20:49
LD002140,Msa,AGO,Crescent Oil Ltd,TRK-301,34900,3879838.2,3914742.5,2026-07-05 21:37
LD002141,Mombasa,AGO,Highland Energy Co,TRK-567,32100,1876236.7,1908347.1,05/07/2026 22:18
LD002142,Msa,PMS,Lakeview Energy,TRK-999,32300,1415837.5,1448132.5,05/07/2026 18:37
LD002143,Msa,IK,Mara Fuels,TRK-328,35400,4560882.7,4596286.6,05/07/2026 12:59
LD002144,Nairobi Depot,PMS,Nyanza Petroleum Co,TRK-693,25000,3323874.3,3348871.5,05/07/2026 06:52
LD002145,nrb,PMS,Savannah Petroleum,TRK-941,31700,2643731.6,2675438.8,2026-07-05 21:14
LD002146,nrb,PMS,Lakeview Energy,TRK-380,31400,1207864.4,1239269.1,2026-07-05 18:03
LD002147,NAIROBI,AGO,Crescent Oil Ltd,TRK-608,33800,2833013.3,2866808.9,05/07/2026 14:49
LD002148,NAIROBI,AGO,Summit Downstream Ltd,TRK-436,27700,4547326.2,4575022.2,2026-07-05 12:59
LD002149,Nairobi,PMS,Mara Fuels,TRK-591,26100,3998903.0,4025002.7,2026-07-05 18:05
LD002150,NAIROBI,PMS,Coastline Energy Ltd,TRK-525,35900,4081751.2,4117646.6,05/07/2026 13:10
LD002151,Nairobi Depot,PMS,Horizon Oil Marketers,TRK-395,23400,3005765.9,3029163.5,2026-07-05 10:23
LD002152,NAIROBI,PMS,Horizon Oil Marketers,TRK-103,32500,4084899.3,4117392.1,2026-07-05 09:55
LD002153,Nairobi,AGO,Horizon Oil Marketers,TRK-445,23600,4688893.3,4712484.6,05/07/2026 13:11
LD002154,Nairobi Depot,AGO,Crescent Oil Ltd,TRK-185,28000,3420285.0,3448291.7,2026-07-05 20:42
LD002155,Ksm,PMS,Equator Fuels,TRK-356,21800,4029700.4,4051504.0,2026-07-05 17:51
LD002156,Ksm,IK,Tsavo Energy Group,TRK-264,34200,2052144.7,2086347.7,2026-07-05 07:04
LD002157,KISUMU,AGO,Mara Fuels,TRK-911,23600,2862022.7,2885627.2,2026-07-05 16:01
LD002158,KISUMU,AGO,Tsavo Energy Group,TRK-752,30200,4499950.8,4530146.3,2026-07-05 17:13
LD002159,KISUMU,IK,Delta Oil Marketers,TRK-568,21300,4660333.3,4681632.9,05/07/2026 12:53
LD002160,Kisumu,AGO,Savannah Petroleum,TRK-292,27000,4041246.6,4068237.2,05/07/2026 11:57
LD002161,Kisumu,PMS,Mara Fuels,TRK-957,26700,4774212.6,4800911.2,05/07/2026 16:41
LD002162,Kisumu,AGO,Horizon Oil Marketers,TRK-674,21700,1404655.2,1426356.2,2026-07-05 07:08
LD002163,Eldoret,AGO,Mara Fuels,TRK-930,34600,4784302.5,4818899.8,05/07/2026 22:35
LD002164,Eldoret,PMS,Uhuru Energy Partners,TRK-979,24800,4580340.7,4605138.8,2026-07-05 22:52
LD002165,ELDORET,IK,Aberdare Oil Traders,TRK-256,35600,4437299.8,4472899.0,05/07/2026 09:44
LD002166,Eld,AGO,Zenith Petroleum,TRK-415,27100,1184276.7,1211376.6,05/07/2026 07:33
LD002167,Eldoret,PMS,Mara Fuels,TRK-195,28700,2354216.1,2382927.9,2026-07-05 05:18
LD002168,Eldoret,PMS,Mara Fuels,TRK-226,33900,3647606.3,3681503.5,2026-07-05 08:16
LD002169,Eld,AGO,Savannah Petroleum,TRK-961,26900,4277711.4,4304602.4,2026-07-05 07:14
LD002170,ELDORET,AGO,Pioneer Fuels Kenya,TRK-659,20800,3674186.8,3694988.1,05/07/2026 22:59
LD002171,ELDORET,PMS,Savannah Petroleum,TRK-999,33800,1651610.6,1685412.4,2026-07-05 17:48
LD002172,Eld,AGO,Savannah Petroleum,TRK-196,34600,2061140.4,2095742.0,2026-07-05 13:47
LD002173,Eld,PMS,Delta Oil Marketers,TRK-515,34500,2282651.0,2317147.9,2026-07-05 20:02
LD002174,Eldoret,PMS,Nyanza Petroleum Co,TRK-272,20700,3881492.9,3902193.3,2026-07-05 22:57
LD002175,Nakuru,AGO,Equator Fuels,TRK-229,24100,1761654.0,1785751.8,2026-07-05 05:30
LD002176,Nku,IK,Amani Petroleum,TRK-690,27800,2419980.5,2447774.4,2026-07-05 05:43
LD002177,NAKURU,AGO,Uhuru Energy Partners,TRK-782,25100,4855664.0,4880763.3,2026-07-05 12:03
LD002178,NAKURU,AGO,Baraka Downstream,TRK-704,26900,4500034.8,4526935.0,05/07/2026 14:22
LD002179,NAKURU,PMS,Uhuru Energy Partners,TRK-719,24800,1378225.4,1403028.3,2026-07-05 08:45
LD002180,Nakuru,IK,Equator Fuels,TRK-807,29100,1214306.2,1243413.3,2026-07-05 17:37
LD002181,Nakuru,AGO,Nyanza Petroleum Co,TRK-141,22200,3490197.6,3512397.7,2026-07-05 08:42
LD002182,NAKURU,AGO,Summit Downstream Ltd,TRK-323,28700,2134028.8,2162721.5,2026-07-05 07:43
LD002183,NAKURU,AGO,Horizon Oil Marketers,TRK-114,35200,4369856.4,4405054.5,2026-07-05 11:45
LD002184,Nakuru,PMS,Baraka Downstream,TRK-904,21700,2971125.4,2992826.4,05/07/2026 19:09
LD002185,Nku,PMS,Amani Petroleum,TRK-554,22600,4913061.9,4935661.7,2026-07-05 18:24
LD002186,Nku,AGO,Summit Downstream Ltd,TRK-990,25800,3557545.7,3583339.5,2026-07-05 09:13
LD002187,NAKURU,AGO,Savannah Petroleum,TRK-543,22100,2721265.7,2743368.6,2026-07-05 13:27
LD002188,NAKURU,PMS,Kilele Fuels,TRK-308,20600,4654910.0,4675508.3,2026-07-05 06:47
LD002189,Kisii,AGO,Aberdare Oil Traders,TRK-887,31400,2920074.0,2951468.5,05/07/2026 09:18
LD002190, Kisii ,AGO,Pioneer Fuels Kenya,TRK-410,27100,4082767.9,4109866.4,2026-07-05 21:04
LD002191,Kisii,PMS,Delta Oil Marketers,TRK-376,24200,1021594.2,1045789.5,05/07/2026 13:53
LD002192,Kisii,PMS,Nyanza Petroleum Co,TRK-493,25100,4470566.5,4495667.8,2026-07-05 09:01
LD002193, Kisii ,PMS,Aberdare Oil Traders,TRK-378,23700,3430783.6,3454477.0,05/07/2026 16:33
LD002194,Kisii,AGO,Pioneer Fuels Kenya,TRK-209,33000,3971325.1,4004322.9,05/07/2026 05:04
LD002195, Kisii ,PMS,Highland Energy Co,TRK-688,30600,1945346.4,1975947.2,2026-07-05 12:48
LD002196, Kisii ,AGO,Baraka Downstream,TRK-435,28900,1753540.0,1782435.6,05/07/2026 21:00
LD002197,mombasa,AGO,Equator Fuels,TRK-850,28300,2409235.5,2437539.7,06/07/2026 05:30
LD002198,mombasa,PMS,Equator Fuels,TRK-785,28500,4776165.1,4804658.7,2026-07-06 13:37
LD002199,mombasa,PMS,Nyanza Petroleum Co,TRK-978,26300,3775453.4,3801767.5,06/07/2026 11:56
LD002200,Mombasa,AGO,Mara Fuels,TRK-541,24300,2819803.1,2844091.1,2026-07-06 12:34
LD002201,Msa,PMS,Uhuru Energy Partners,TRK-309,27500,3826570.1,3854069.2,06/07/2026 09:14
LD002202,MOMBASA,AGO,Highland Energy Co,TRK-238,20700,2985180.5,3005882.7,2026-07-06 07:06
LD002203,Msa,PMS,Aberdare Oil Traders,TRK-701,28700,1673762.2,1702464.1,2026-07-06 08:02
LD002204,Mombasa,IK,Equator Fuels,TRK-342,27300,3162444.0,3189747.5,2026-07-06 19:57
LD002205,Nairobi Depot,AGO,Nyanza Petroleum Co,TRK-805,23100,3926718.4,3949819.0,2026-07-06 22:47
LD002206,nrb,AGO,Delta Oil Marketers,TRK-321,28200,1422802.4,1451001.8,06/07/2026 05:59
LD002207,Nairobi,PMS,Nyanza Petroleum Co,TRK-384,31100,3076652.2,3107748.9,06/07/2026 21:37
LD002208,Nairobi,AGO,Kilele Fuels,TRK-268,24800,2052103.3,2076894.8,2026-07-06 16:48
LD002209,NAIROBI,IK,Aberdare Oil Traders,TRK-942,22600,2451068.5,2473672.6,2026-07-06 05:42
LD002210,nrb,AGO,Equator Fuels,TRK-402,30900,3007361.0,3038255.4,2026-07-06 10:12
LD002211,NAIROBI,AGO,Baraka Downstream,TRK-843,32400,4365358.9,4397768.2,06/07/2026 12:39
LD002212,NAIROBI,AGO,Uhuru Energy Partners,TRK-164,24500,4579476.8,4603983.0,06/07/2026 14:53
LD002213,nrb,PMS,Savannah Petroleum,TRK-800,20400,2394409.9,2414807.9,2026-07-06 10:23
LD002214,nrb,PMS,Lakeview Energy,TRK-211,22900,3357142.9,3380044.0,2026-07-06 10:13
LD002215,Ksm,AGO,Amani Petroleum,TRK-793,21000,1649993.7,1670995.3,06/07/2026 10:17
LD002216,Kisumu,AGO,Crescent Oil Ltd,TRK-680,24000,1262403.1,1286406.4,06/07/2026 10:53
LD002217,Ksm,PMS,Mara Fuels,TRK-319,31000,3289630.9,3320622.3,2026-07-06 19:17
LD002218,Ksm,PMS,Highland Energy Co,TRK-193,23500,3678445.0,3701939.0,2026-07-06 14:24
LD002219,Ksm,AGO,Savannah Petroleum,TRK-817,35500,1702861.0,1738353.7,2026-07-06 09:57
LD002220,Kisumu,AGO,Pioneer Fuels Kenya,TRK-936,27100,2016589.1,2043698.4,2026-07-06 17:58
LD002221,Kisumu,AGO,Nyanza Petroleum Co,TRK-346,33200,2941022.4,2974213.1,2026-07-06 22:56
LD002222,KISUMU,PMS,Mara Fuels,TRK-195,22900,1343641.6,1366543.7,06/07/2026 22:05
LD002223,Kisumu,PMS,Tsavo Energy Group,TRK-602,31400,1784937.1,1816332.6,2026-07-06 09:52
LD002224,KISUMU,AGO,Lakeview Energy,TRK-739,26700,2876710.0,2903417.9,2026-07-06 12:44
LD002225,ELDORET,PMS,Mara Fuels,TRK-797,28400,3936911.2,3965306.3,06/07/2026 22:05
LD002226,Eldoret,PMS,Rift Valley Fuels Ltd,TRK-807,22900,2726640.9,2749544.4,2026-07-06 05:49
LD002227,Eldoret,PMS,Pioneer Fuels Kenya,TRK-804,33100,4371800.0,4404905.7,06/07/2026 10:48
LD002228,Eld,IK,Highland Energy Co,TRK-158,20100,1140698.5,1160798.8,2026-07-06 08:28
LD002229,Eld,AGO,Summit Downstream Ltd,TRK-913,34600,4101327.7,4135935.7,06/07/2026 16:20
LD002230,Eld,AGO,Lakeview Energy,TRK-251,35300,4088358.1,4123656.5,06/07/2026 13:10
LD002231,ELDORET,PMS,Lakeview Energy,TRK-944,33500,4042426.3,4075928.0,2026-07-06 21:58
LD002232,Eldoret,PMS,Amani Petroleum,TRK-126,23100,4570445.3,4593543.6,2026-07-06 20:02
LD002233,ELDORET,PMS,Nyanza Petroleum Co,TRK-751,27300,3707907.0,3735202.4,2026-07-06 13:56
LD002234,Nku,PMS,Amani Petroleum,TRK-486,29700,2618823.5,2648523.5,2026-07-06 21:17
LD002235,NAKURU,PMS,Aberdare Oil Traders,TRK-429,23600,2028384.4,2051973.1,2026-07-06 09:51
LD002236,Nku,PMS,Pioneer Fuels Kenya,TRK-142,34600,2473181.9,2507780.1,2026-07-06 10:50
LD002237,Nku,AGO,Equator Fuels,TRK-716,26000,2534138.0,2560140.3,06/07/2026 06:26
LD002238,Nku,AGO,Crescent Oil Ltd,TRK-976,29800,2336572.1,2366377.1,2026-07-06 05:49
LD002239,NAKURU,PMS,Savannah Petroleum,TRK-986,33100,1153455.4,1186555.6,06/07/2026 06:17
LD002240,Nakuru,AGO,Highland Energy Co,TRK-856,26400,2988669.1,3015074.6,06/07/2026 08:56
LD002241,NAKURU,AGO,Tsavo Energy Group,TRK-585,30700,1051061.7,1081760.9,2026-07-06 13:54
LD002242,NAKURU,AGO,Equator Fuels,TRK-165,25500,1552982.3,1578487.6,06/07/2026 17:45
LD002243,Nku,PMS,Summit Downstream Ltd,TRK-402,27000,2985291.1,3012299.5,2026-07-06 07:09
LD002244,NAKURU,AGO,Coastline Energy Ltd,TRK-348,26700,4845670.3,4872365.8,2026-07-06 14:26
LD002245,NAKURU,PMS,Equator Fuels,TRK-896,29600,4229911.7,4259510.5,2026-07-06 21:27
LD002246,KISII,AGO,Summit Downstream Ltd,TRK-746,29100,4444454.1,4473549.6,2026-07-06 06:52
LD002247,Kisii,PMS,Coastline Energy Ltd,TRK-143,21300,1290299.2,1311597.2,06/07/2026 16:48
LD002248,Kisii,AGO,Highland Energy Co,TRK-400,30700,3171512.5,3202214.9,2026-07-06 16:21
LD002249,KISII,AGO,Coastline Energy Ltd,TRK-386,33300,1500355.6,1533656.4,2026-07-06 20:24
LD002250, Kisii ,AGO,Nyanza Petroleum Co,TRK-612,35100,2659991.0,2695085.7,2026-07-06 08:23
LD002251, Kisii ,AGO,Baraka Downstream,TRK-951,25200,3426757.3,3451958.6,2026-07-06 13:21
LD002252,KISII,AGO,Coastline Energy Ltd,TRK-158,33100,2140977.4,2174072.9,2026-07-06 15:02
LD002253,KISII,PMS,Zenith Petroleum,TRK-638,23800,4147903.2,4171702.4,06/07/2026 11:13
LD002254,Kisii,AGO,Nyanza Petroleum Co,TRK-925,28100,3241394.7,3269492.0,2026-07-06 08:25
LD002255,Kisii,PMS,Kilele Fuels,TRK-906,31700,2419382.9,2451089.7,2026-07-06 19:33
LD002256,Kisii,AGO,Pioneer Fuels Kenya,TRK-795,28800,3561933.2,3590742.2,06/07/2026 11:15
LD002257,KISII,PMS,Mara Fuels,TRK-140,24200,1338595.0,1362793.5,2026-07-06 17:41
LD002258,mombasa,AGO,Crescent Oil Ltd,TRK-608,33400,3805173.4,3838571.4,07/07/2026 07:58
LD002259,Mombasa,PMS,Uhuru Energy Partners,TRK-837,32600,2403902.5,2436494.2,2026-07-07 21:54
LD002260,Mombasa,IK,Rift Valley Fuels Ltd,TRK-130,23100,1244866.6,1267959.1,07/07/2026 11:52
LD002261,Mombasa,AGO,Baraka Downstream,TRK-636,29500,4956866.7,4986363.1,2026-07-07 08:35
LD002262,Mombasa,AGO,Delta Oil Marketers,TRK-390,33300,3815746.7,3849050.7,07/07/2026 15:30
LD002263,MOMBASA,IK,Zenith Petroleum,TRK-454,35100,2635708.9,2670806.7,2026-07-07 11:25
LD002264,Nairobi Depot,PMS,Horizon Oil Marketers,TRK-754,27200,1754529.0,1781739.3,2026-07-07 07:51
LD002265,Nairobi,AGO,Summit Downstream Ltd,TRK-451,28100,3114336.8,3142439.8,2026-07-07 12:14
LD002266,NAIROBI,AGO,Tsavo Energy Group,TRK-261,30600,1453548.4,1484152.4,2026-07-07 18:12
LD002267,Nairobi,PMS,Mara Fuels,TRK-178,31500,3001220.6,3032720.1,07/07/2026 19:17
LD002268,Nairobi,IK,Amani Petroleum,TRK-865,28700,1592403.2,1621101.3,07/07/2026 14:08
LD002269,nrb,AGO,Delta Oil Marketers,TRK-538,31900,1033418.8,1065320.3,2026-07-07 15:15
LD002270,Nairobi,AGO,Baraka Downstream,TRK-966,31400,4666572.4,4697966.4,2026-07-07 08:07
LD002271,Nairobi,IK,Equator Fuels,TRK-507,31300,3687117.1,3718417.6,2026-07-07 06:33
LD002272,Nairobi,PMS,Mara Fuels,TRK-317,30800,2669793.1,2700587.9,2026-07-07 19:04
LD002273,nrb,AGO,Mara Fuels,TRK-937,31700,3087449.2,3119151.7,2026-07-07 13:57
LD002274,Ksm,PMS,Delta Oil Marketers,TRK-674,36000,4547768.4,4583772.2,2026-07-07 08:31
LD002275,Kisumu,AGO,Aberdare Oil Traders,TRK-141,33000,2497224.0,2530227.8,2026-07-07 21:53
LD002276,Kisumu,PMS,Amani Petroleum,TRK-898,24900,1704158.7,1729054.3,07/07/2026 22:00
LD002277,Kisumu,PMS,Highland Energy Co,TRK-641,32600,2250174.6,2282776.8,07/07/2026 20:55
LD002278,Kisumu,PMS,Zenith Petroleum,TRK-227,34100,4222987.6,4257090.4,2026-07-07 12:41
LD002279,Ksm,AGO,Rift Valley Fuels Ltd,TRK-148,29600,2183290.9,2212888.1,07/07/2026 19:44
LD002280,Kisumu,IK,Coastline Energy Ltd,TRK-286,30200,1202387.4,1232587.2,07/07/2026 07:51
LD002281,Eld,IK,Crescent Oil Ltd,TRK-738,35500,2752134.6,2787635.6,07/07/2026 10:25
LD002282,Eld,AGO,Coastline Energy Ltd,TRK-757,22500,3762491.0,3784996.5,07/07/2026 17:55
LD002283,Eld,PMS,Baraka Downstream,TRK-474,28200,3602426.1,3630625.4,07/07/2026 21:18
LD002284,Eldoret,AGO,Mara Fuels,TRK-401,34400,4002676.1,4037080.9,07/07/2026 12:09
LD002285,Eldoret,AGO,Equator Fuels,TRK-959,27800,3412888.5,3440686.9,07/07/2026 11:11
LD002286,ELDORET,AGO,Pioneer Fuels Kenya,TRK-156,25200,3493257.7,3518458.3,2026-07-07 18:25
LD002287,ELDORET,IK,Summit Downstream Ltd,TRK-568,20900,1095536.8,1116427.0,2026-07-07 20:09
LD002288,Eldoret,AGO,Equator Fuels,TRK-841,27000,2050773.2,2077770.3,2026-07-07 10:47
LD002289,Eldoret,PMS,Nyanza Petroleum Co,TRK-632,22600,3756573.4,3779166.3,2026-07-07 16:41
LD002290,Eld,AGO,Rift Valley Fuels Ltd,TRK-517,25100,3367231.6,3392331.9,2026-07-07 14:52
LD002291,Nakuru,IK,Rift Valley Fuels Ltd,TRK-969,20300,4561878.3,4582184.8,07/07/2026 18:21
LD002292,Nakuru,AGO,Baraka Downstream,TRK-372,32900,1759410.6,1792312.1,07/07/2026 16:34
LD002293,Nakuru,AGO,Lakeview Energy,TRK-321,21800,3885149.1,3906950.1,07/07/2026 16:26
LD002294,Nku,AGO,Baraka Downstream,TRK-926,31600,4367301.5,4398900.5,07/07/2026 08:43
LD002295,Nku,AGO,Equator Fuels,TRK-508,24800,2266392.2,2291191.8,2026-07-07 08:16
LD002296,Nakuru,PMS,Amani Petroleum,TRK-141,31600,4343132.3,4374732.5,2026-07-07 14:54
LD002297,NAKURU,AGO,Rift Valley Fuels Ltd,TRK-626,26600,4059515.3,4086112.7,07/07/2026 12:00
LD002298,NAKURU,IK,Savannah Petroleum,TRK-881,35600,4945312.7,4980907.9,2026-07-07 17:04
LD002299,Nakuru,PMS,Crescent Oil Ltd,TRK-943,28200,4737079.2,4765269.9,2026-07-07 11:52
LD002300,Nakuru,IK,Savannah Petroleum,TRK-385,24300,4718022.8,4742323.8,07/07/2026 17:33
LD002301,Nakuru,AGO,Mara Fuels,TRK-517,22800,3318529.8,3341338.0,2026-07-07 07:54
LD002302,Nku,AGO,Uhuru Energy Partners,TRK-151,28000,2089142.6,2117144.5,07/07/2026 19:41
LD002303,NAKURU,PMS,Rift Valley Fuels Ltd,TRK-551,22700,3483275.2,3505977.9,07/07/2026 13:17
LD002304,KISII,PMS,Kilele Fuels,TRK-843,22300,4529880.8,4552189.2,07/07/2026 06:45
LD002305, Kisii ,AGO,Rift Valley Fuels Ltd,TRK-194,29300,1507375.7,1536681.7,07/07/2026 09:22
LD002306, Kisii ,AGO,Summit Downstream Ltd,TRK-264,34400,2058598.0,2092997.3,2026-07-07 20:59
LD002307, Kisii ,AGO,Summit Downstream Ltd,TRK-790,31400,1399941.0,1431341.3,07/07/2026 13:01
LD002308,Kisii,PMS,Equator Fuels,TRK-191,31100,4183146.9,4214244.4,07/07/2026 11:12
LD002309,Kisii,PMS,Zenith Petroleum,TRK-510,25400,1026101.6,1051499.8,07/07/2026 10:12
LD002310, Kisii ,AGO,Rift Valley Fuels Ltd,TRK-268,21500,2306756.1,2328256.0,2026-07-07 07:29
LD002311,KISII,PMS,Summit Downstream Ltd,TRK-868,27000,2117877.8,2144874.7,2026-07-07 10:00
LD002312,KISII,AGO,Kilele Fuels,TRK-687,22300,3781033.6,3803334.2,07/07/2026 15:08
LD002313,KISII,PMS,Lakeview Energy,TRK-658,22300,3559100.8,3581400.2,07/07/2026 11:28
LD002314,Kisii,PMS,Tsavo Energy Group,TRK-430,22800,1438545.1,1461342.1,2026-07-07 06:46
LD002315,KISII,AGO,Savannah Petroleum,TRK-196,29100,4713343.1,4742442.5,07/07/2026 14:32
LD002316,Kisii,PMS,Kilele Fuels,TRK-356,31300,2850751.3,2882048.2,07/07/2026 06:15
LD002317,KISII,AGO,Baraka Downstream,TRK-858,32900,1718581.3,1751480.7,2026-07-07 08:59
LD002318,Msa,IK,Tsavo Energy Group,TRK-999,21400,3535399.3,3556801.6,2026-07-08 07:00
LD002319,MOMBASA,PMS,Amani Petroleum,TRK-529,34600,1834607.7,1869204.8,08/07/2026 11:16
LD002320,Msa,AGO,Crescent Oil Ltd,TRK-876,29700,1655726.9,1685428.1,2026-07-08 20:50
LD002321,mombasa,AGO,Horizon Oil Marketers,TRK-281,31800,2204925.2,2236736.9,08/07/2026 22:15
LD002322,Msa,PMS,Kilele Fuels,TRK-123,22700,3966551.3,3989247.0,08/07/2026 12:36
LD002323,Msa,PMS,Delta Oil Marketers,TRK-512,24800,3649487.4,3674289.8,2026-07-08 08:29
LD002324,mombasa,IK,Baraka Downstream,TRK-115,22100,2701426.0,2723521.6,2026-07-08 21:49
LD002325,Nairobi Depot,PMS,Tsavo Energy Group,TRK-744,29000,3678735.9,3707736.4,08/07/2026 09:05
LD002326,nrb,AGO,Zenith Petroleum,TRK-443,29000,1058136.5,1087138.8,2026-07-08 07:25
LD002327,NAIROBI,AGO,Baraka Downstream,TRK-635,21300,3308686.5,3329986.6,2026-07-08 17:36
LD002328,Nairobi,IK,Pioneer Fuels Kenya,TRK-567,32600,4361601.3,4394203.1,08/07/2026 09:20
LD002329,NAIROBI,PMS,Highland Energy Co,TRK-262,30400,2354999.6,2385405.3,2026-07-08 22:18
LD002330,nrb,AGO,Nyanza Petroleum Co,TRK-655,24800,4694972.5,4719772.0,08/07/2026 06:38
LD002331,KISUMU,AGO,Baraka Downstream,TRK-720,20400,2364191.5,2384591.6,2026-07-08 14:41
LD002332,KISUMU,AGO,Kilele Fuels,TRK-619,28300,2822006.8,2850306.9,2026-07-08 14:22
LD002333,Ksm,AGO,Zenith Petroleum,TRK-340,20500,4516817.4,4537306.7,08/07/2026 19:05
LD002334,Kisumu,PMS,Highland Energy Co,TRK-772,34800,1097564.0,1132363.3,2026-07-08 20:12
LD002335,Kisumu,IK,Summit Downstream Ltd,TRK-728,29300,3195730.1,3225028.3,08/07/2026 19:17
LD002336,Ksm,AGO,Summit Downstream Ltd,TRK-977,30400,3908524.8,3938917.6,08/07/2026 22:31
LD002337,Kisumu,AGO,Baraka Downstream,TRK-690,20000,4747413.7,4767411.3,08/07/2026 09:53
LD002338,Kisumu,IK,Highland Energy Co,TRK-636,24200,1151280.5,1175477.4,08/07/2026 06:50
LD002339,Eld,AGO,Savannah Petroleum,TRK-130,27300,3682162.0,3709457.0,08/07/2026 12:23
LD002340,Eld,AGO,Crescent Oil Ltd,TRK-567,35900,1990468.3,2026360.7,2026-07-08 17:24
LD002341,Eld,PMS,Aberdare Oil Traders,TRK-280,28100,4377609.4,4405707.0,08/07/2026 08:10
LD002342,ELDORET,AGO,Tsavo Energy Group,TRK-502,29800,2924752.6,2954545.2,08/07/2026 13:16
LD002343,Eldoret,PMS,Crescent Oil Ltd,TRK-753,27400,2450038.9,2477447.9,2026-07-08 16:52
LD002344,Eldoret,AGO,Summit Downstream Ltd,TRK-327,30500,1281472.4,1311978.6,2026-07-08 13:50
LD002345,Eldoret,PMS,Lakeview Energy,TRK-435,30100,4812948.7,4843057.6,08/07/2026 10:16
LD002346,Eldoret,AGO,Mara Fuels,TRK-689,28900,4418962.5,4447864.2,08/07/2026 20:11
LD002347,Eld,IK,Nyanza Petroleum Co,TRK-722,34900,1736879.6,1771769.4,08/07/2026 12:55
LD002348,ELDORET,PMS,Highland Energy Co,TRK-478,26500,1502096.7,1528590.7,2026-07-08 21:06
LD002349,Eld,IK,Aberdare Oil Traders,TRK-970,33000,1143065.0,1176075.4,08/07/2026 20:33
LD002350,ELDORET,PMS,Delta Oil Marketers,TRK-394,23300,4623400.8,4646702.6,2026-07-08 15:48
LD002351,Eld,PMS,Crescent Oil Ltd,TRK-791,33400,2884334.9,2917727.6,2026-07-08 14:40
LD002352,Nakuru,IK,Delta Oil Marketers,TRK-268,22100,3720951.0,3743048.6,2026-07-08 08:58
LD002353,Nakuru,AGO,Nyanza Petroleum Co,TRK-138,33500,1913886.3,1947379.9,08/07/2026 15:37
LD002354,NAKURU,PMS,Mara Fuels,TRK-210,33400,3049201.4,3082605.1,08/07/2026 14:05
LD002355,NAKURU,PMS,Tsavo Energy Group,TRK-319,22200,3283966.3,3306174.9,08/07/2026 11:46
LD002356,NAKURU,AGO,Nyanza Petroleum Co,TRK-558,34100,2637556.5,2671651.6,2026-07-08 21:06
LD002357,Nakuru,PMS,Baraka Downstream,TRK-758,24600,1058060.4,1082651.0,08/07/2026 13:54
LD002358,Nku,IK,Zenith Petroleum,TRK-492,26000,1731741.3,1757748.5,2026-07-08 07:02
LD002359,Nakuru,AGO,Highland Energy Co,TRK-850,26900,4937767.8,4964671.7,08/07/2026 21:30
LD002360, Kisii ,PMS,Nyanza Petroleum Co,TRK-639,35000,4568297.4,4603289.4,08/07/2026 16:08
LD002361,KISII,PMS,Mara Fuels,TRK-928,28600,3174382.3,3202976.5,08/07/2026 09:59
LD002362,KISII,PMS,Pioneer Fuels Kenya,TRK-911,30400,1179073.6,1209481.5,08/07/2026 15:55
LD002363,KISII,PMS,Delta Oil Marketers,TRK-622,20900,2828921.7,2849826.6,08/07/2026 10:08
LD002364,KISII,AGO,Pioneer Fuels Kenya,TRK-472,21700,4290591.7,4312292.3,08/07/2026 15:46
LD002365, Kisii ,PMS,Crescent Oil Ltd,TRK-184,23400,2576334.6,2599730.1,08/07/2026 09:19
LD002366,Kisii,IK,Rift Valley Fuels Ltd,TRK-143,22400,3014280.3,3036672.1,08/07/2026 05:08
LD002367,Kisii,PMS,Nyanza Petroleum Co,TRK-342,32800,2766136.0,2798942.0,2026-07-08 12:37
LD002368,KISII,AGO,,TRK-448,31300,2961817.6,2993117.4,2026-07-08 15:04
LD002369,KISII,AGO,Tsavo Energy Group,TRK-390,24100,4539707.0,4563799.9,08/07/2026 18:35
LD002370, Kisii ,AGO,Summit Downstream Ltd,TRK-734,24300,4212532.4,4236834.4,08/07/2026 21:39
LD002371,KISII,PMS,Kilele Fuels,TRK-907,20700,4968368.7,4989070.2,08/07/2026 12:27
LD002372,MOMBASA,AGO,Rift Valley Fuels Ltd,TRK-966,21400,4222701.5,4244099.7,09/07/2026 09:47
LD002373,Mombasa,PMS,Equator Fuels,TRK-277,30700,3929765.8,3960475.0,2026-07-09 07:33
LD002374,Mombasa,PMS,Equator Fuels,TRK-999,29700,4075920.8,4105617.3,09/07/2026 07:08
LD002375,MOMBASA,AGO,Rift Valley Fuels Ltd,TRK-632,27100,2891302.5,2918398.5,09/07/2026 06:24
LD002376,MOMBASA,PMS,Highland Energy Co,TRK-124,27000,4887803.4,4914804.9,09/07/2026 10:13
LD002377,mombasa,PMS,Kilele Fuels,TRK-285,20600,2264018.9,2284624.1,09/07/2026 07:42
LD002378,Msa,AGO,Zenith Petroleum,TRK-372,21700,3514176.1,3535868.9,2026-07-09 13:47
LD002379,Msa,PMS,Baraka Downstream,TRK-623,21500,1379814.6,1401310.1,09/07/2026 06:20
LD002380,MOMBASA,AGO,Horizon Oil Marketers,TRK-662,35600,1149411.7,1185017.6,09/07/2026 22:15
LD002381,MOMBASA,IK,Lakeview Energy,TRK-320,27100,1452543.8,1479653.6,09/07/2026 20:11
LD002382,Mombasa,AGO,Pioneer Fuels Kenya,TRK-290,23400,1580422.3,1603826.5,09/07/2026 11:59
LD002383,Msa,PMS,Pioneer Fuels Kenya,TRK-319,34500,4875265.8,4909759.7,2026-07-09 09:36
LD002384,Nairobi,IK,Mara Fuels,TRK-699,21000,3412055.5,3433062.0,09/07/2026 18:51
LD002385,Nairobi Depot,PMS,Nyanza Petroleum Co,TRK-432,20900,4575096.8,4596007.0,2026-07-09 22:09
LD002386,Nairobi Depot,AGO,Mara Fuels,TRK-415,33300,1601242.5,1634544.3,09/07/2026 22:13
LD002387,nrb,PMS,Delta Oil Marketers,TRK-927,20600,4515524.6,4536120.7,09/07/2026 19:47
LD002388,nrb,PMS,Mara Fuels,TRK-359,27500,3393224.3,3420722.4,2026-07-09 05:36
LD002389,NAIROBI,PMS,Pioneer Fuels Kenya,TRK-291,20500,2099582.6,2120082.2,09/07/2026 19:38
LD002390,nrb,PMS,Nyanza Petroleum Co,TRK-710,34300,4930609.6,4964907.3,09/07/2026 06:21
LD002391,NAIROBI,AGO,Mara Fuels,TRK-671,30200,1646550.8,1676751.0,2026-07-09 11:31
LD002392,Ksm,PMS,Zenith Petroleum,TRK-909,34700,4029876.2,4064580.8,2026-07-09 08:08
LD002393,KISUMU,AGO,Savannah Petroleum,TRK-667,31700,3836722.8,3868419.8,09/07/2026 10:02
LD002394,Kisumu,AGO,Pioneer Fuels Kenya,TRK-800,31000,1878891.0,1909887.9,09/07/2026 21:55
LD002395,Kisumu,AGO,Nyanza Petroleum Co,TRK-503,27000,4128007.3,4155006.1,2026-07-09 16:11
LD002396,Kisumu,PMS,Nyanza Petroleum Co,TRK-760,32700,4354487.2,4387194.5,09/07/2026 13:19
LD002397,Ksm,PMS,Tsavo Energy Group,TRK-992,30500,1913703.4,1944198.8,2026-07-09 07:22
LD002398,Eld,PMS,Pioneer Fuels Kenya,TRK-847,35400,3509586.2,3544980.5,09/07/2026 09:41
LD002399,Eld,AGO,Equator Fuels,TRK-769,24200,2169564.1,2193769.3,2026-07-09 07:19
LD002400,Eldoret,PMS,Rift Valley Fuels Ltd,TRK-581,24900,2381375.9,2406280.4,2026-07-09 11:58
LD002401,ELDORET,AGO,Crescent Oil Ltd,TRK-248,35900,1407810.2,1443707.0,2026-07-09 20:05
LD002402,Eld,AGO,Equator Fuels,TRK-987,33100,1369383.4,1402482.7,09/07/2026 09:07
LD002403,Eld,PMS,Horizon Oil Marketers,TRK-863,30800,1225933.7,1256738.3,2026-07-09 09:03
LD002404,Eldoret,PMS,Horizon Oil Marketers,TRK-285,26400,3088506.0,3114908.3,2026-07-09 17:25
LD002405,Eld,AGO,Baraka Downstream,TRK-777,26400,2201955.0,2228351.8,09/07/2026 06:28
LD002406,Eldoret,IK,Crescent Oil Ltd,TRK-319,31600,1824788.3,1856392.5,09/07/2026 11:59
LD002407,Eld,AGO,Mara Fuels,TRK-113,24000,2345844.7,2369838.9,2026-07-09 18:24
LD002408,ELDORET,AGO,Amani Petroleum,TRK-882,31900,1854269.2,1886180.5,2026-07-09 14:49
LD002409,Eld,PMS,Highland Energy Co,TRK-740,20200,4106229.9,4126422.1,2026-07-09 14:01
LD002410,Eld,IK,Mara Fuels,TRK-253,32700,4497658.2,4530365.3,09/07/2026 05:36
LD002411,ELDORET,PMS,Pioneer Fuels Kenya,TRK-967,33600,4108817.0,4142421.0,09/07/2026 05:53
LD002412,Nku,AGO,Rift Valley Fuels Ltd,TRK-319,35700,2073104.1,2108801.1,09/07/2026 07:51
LD002413,NAKURU,PMS,Rift Valley Fuels Ltd,TRK-334,20700,3820253.1,3840948.5,2026-07-09 20:52
LD002414,NAKURU,PMS,Zenith Petroleum,TRK-652,31300,1124699.6,1155999.0,09/07/2026 11:27
LD002415,Nku,PMS,Rift Valley Fuels Ltd,TRK-176,33900,1554610.1,1588509.4,2026-07-09 09:13
LD002416,Nku,PMS,Savannah Petroleum,TRK-470,35400,3772677.4,3808076.6,2026-07-09 20:59
LD002417,Nku,AGO,Aberdare Oil Traders,TRK-713,32800,2590539.9,2623334.1,2026-07-09 22:31
LD002418,NAKURU,PMS,Uhuru Energy Partners,TRK-122,27700,3207314.9,3235011.3,2026-07-09 07:27
LD002419,Nakuru,PMS,Horizon Oil Marketers,TRK-367,30100,2028474.0,2058563.6,2026-07-09 14:33
LD002420,Nku,PMS,Nyanza Petroleum Co,TRK-117,27200,3282658.3,3309857.1,09/07/2026 14:02
LD002421,NAKURU,IK,Pioneer Fuels Kenya,TRK-755,27000,2659387.4,2686391.9,09/07/2026 17:31
LD002422,Nku,PMS,Lakeview Energy,TRK-704,33300,1999835.9,2033141.5,09/07/2026 14:39
LD002423,NAKURU,PMS,Tsavo Energy Group,TRK-357,29800,3340779.1,3370577.9,2026-07-09 18:53
LD002424, Kisii ,PMS,,TRK-145,25800,4110721.5,4136510.0,2026-07-09 13:29
LD002425, Kisii ,AGO,Savannah Petroleum,TRK-925,31800,4571858.4,4603665.7,09/07/2026 21:07
LD002426,KISII,AGO,Summit Downstream Ltd,TRK-192,26700,4401507.7,4428195.1,2026-07-09 08:28
LD002427, Kisii ,PMS,Rift Valley Fuels Ltd,TRK-931,23700,1958836.3,1982529.8,09/07/2026 06:34
LD002428,KISII,PMS,Rift Valley Fuels Ltd,TRK-210,29000,1537960.4,1566957.3,2026-07-09 09:37
LD002429,Kisii,AGO,Savannah Petroleum,TRK-204,25100,4653778.8,4678886.3,2026-07-09 11:32
LD002430,KISII,AGO,Lakeview Energy,TRK-932,21800,1990258.0,2012055.3,09/07/2026 12:21
LD002431,Kisii,IK,Coastline Energy Ltd,TRK-510,32900,4051971.7,4084874.2,2026-07-09 13:31
LD002432, Kisii ,AGO,Pioneer Fuels Kenya,TRK-457,34600,4849203.0,4883802.4,09/07/2026 05:01
LD002433,Kisii,PMS,Aberdare Oil Traders,TRK-309,26800,1789894.3,1816701.7,2026-07-09 18:38
LD002434,KISII,PMS,Summit Downstream Ltd,TRK-929,22000,4145932.1,4167937.2,09/07/2026 11:38
LD002435,Kisii,AGO,Baraka Downstream,TRK-699,20300,2930913.5,2951219.5,2026-07-09 17:27
LD002436,Msa,AGO,Savannah Petroleum,TRK-372,23900,1686840.0,1710735.8,10/07/2026 20:01
LD002437,Mombasa,PMS,Pioneer Fuels Kenya,TRK-169,28500,2159949.6,2188445.2,2026-07-10 14:21
LD002438,Mombasa,PMS,Kilele Fuels,TRK-358,30500,2133186.1,2163687.6,2026-07-10 20:42
LD002439,Mombasa,AGO,Nyanza Petroleum Co,TRK-665,20000,1507744.2,1527747.9,10/07/2026 13:37
LD002440,Mombasa,AGO,Lakeview Energy,TRK-276,29700,4883618.8,4913315.3,10/07/2026 15:15
LD002441,Msa,AGO,Pioneer Fuels Kenya,TRK-950,26000,3725842.5,3751841.7,10/07/2026 21:02
LD002442,Msa,AGO,Nyanza Petroleum Co,TRK-303,35400,3155923.5,3191320.3,10/07/2026 21:31
LD002443,Mombasa,AGO,Crescent Oil Ltd,TRK-399,24600,1481083.9,1505688.7,10/07/2026 18:24
LD002444,Msa,IK,Equator Fuels,TRK-150,26000,4803765.4,4829772.2,10/07/2026 08:09
LD002445,MOMBASA,AGO,Tsavo Energy Group,TRK-547,20400,2214895.4,2235294.2,2026-07-10 12:14
LD002446,Mombasa,AGO,Pioneer Fuels Kenya,TRK-696,24000,3136881.6,3160884.3,10/07/2026 21:42
LD002447,MOMBASA,AGO,Aberdare Oil Traders,TRK-541,33200,1412587.0,1445789.9,2026-07-10 07:45
LD002448,MOMBASA,PMS,Kilele Fuels,TRK-653,26200,2609178.7,2635374.4,2026-07-10 06:32
LD002449,Mombasa,PMS,Tsavo Energy Group,TRK-775,32500,4851139.2,4883638.1,10/07/2026 06:53
LD002450,nrb,PMS,Lakeview Energy,TRK-800,35000,1365006.6,1400001.5,2026-07-10 22:51
LD002451,Nairobi Depot,AGO,Rift Valley Fuels Ltd,TRK-650,20300,4222819.2,4243126.9,2026-07-10 07:28
LD002452,NAIROBI,AGO,Summit Downstream Ltd,TRK-411,23200,1961249.2,1984455.3,2026-07-10 07:34
LD002453,NAIROBI,AGO,Zenith Petroleum,TRK-855,30500,4638907.4,4669405.4,10/07/2026 19:56
LD002454,Nairobi,IK,Rift Valley Fuels Ltd,TRK-163,20000,1895272.3,1915275.9,10/07/2026 16:28
LD002455,NAIROBI,AGO,Mara Fuels,TRK-195,25400,4963944.7,4989337.5,2026-07-10 18:30
LD002456,Nairobi,PMS,Crescent Oil Ltd,TRK-882,25400,2321230.8,2346631.4,2026-07-10 07:19
LD002457,nrb,AGO,Pioneer Fuels Kenya,TRK-269,20300,1540732.2,1561028.7,2026-07-10 20:43
LD002458,Nairobi Depot,AGO,Delta Oil Marketers,TRK-151,23700,2402949.2,2426651.0,2026-07-10 17:37
LD002459,Nairobi,AGO,Horizon Oil Marketers,TRK-909,32100,3329603.9,3361707.1,10/07/2026 12:45
LD002460,NAIROBI,PMS,Delta Oil Marketers,TRK-757,30900,1011368.6,1042277.6,2026-07-10 18:02
LD002461,Nairobi Depot,AGO,Nyanza Petroleum Co,TRK-486,34900,1443680.9,1478587.9,2026-07-10 22:35
LD002462,Nairobi,AGO,Summit Downstream Ltd,TRK-755,27000,4787370.2,4814367.8,10/07/2026 19:37
LD002463,NAIROBI,AGO,Crescent Oil Ltd,TRK-659,27500,4499757.6,4527253.7,10/07/2026 14:53
LD002464,Kisumu,IK,Aberdare Oil Traders,TRK-419,29000,2253470.8,2282477.7,2026-07-10 18:01
LD002465,Kisumu,PMS,Mara Fuels,TRK-245,24700,3933607.4,3958306.2,10/07/2026 09:35
LD002466,Kisumu,AGO,Uhuru Energy Partners,TRK-659,21600,4591183.2,4612784.7,2026-07-10 12:52
LD002467,Ksm,AGO,Highland Energy Co,TRK-813,25600,3205269.6,3230865.2,2026-07-10 12:17
LD002468,Ksm,AGO,Aberdare Oil Traders,TRK-254,29400,3100563.4,3129961.7,10/07/2026 18:08
LD002469,Kisumu,AGO,Rift Valley Fuels Ltd,TRK-164,23200,2807476.2,2830678.2,10/07/2026 07:27
LD002470,Ksm,PMS,Nyanza Petroleum Co,TRK-873,21600,3192086.0,3213692.6,2026-07-10 08:37
LD002471,KISUMU,IK,Uhuru Energy Partners,TRK-318,31200,4170813.6,4202008.5,10/07/2026 11:45
LD002472,KISUMU,AGO,Nyanza Petroleum Co,TRK-360,31400,3709367.4,3740769.3,2026-07-10 15:11
LD002473,KISUMU,PMS,Tsavo Energy Group,TRK-385,20400,2646990.7,2667396.8,10/07/2026 05:58
LD002474,Kisumu,PMS,Horizon Oil Marketers,TRK-765,23500,3363487.7,3386981.6,2026-07-10 08:39
LD002475,Kisumu,AGO,Pioneer Fuels Kenya,TRK-965,34600,4191209.5,4225814.8,10/07/2026 13:01
LD002476,Ksm,AGO,Lakeview Energy,TRK-229,24000,4924118.0,4948116.7,10/07/2026 20:57
LD002477,Kisumu,AGO,Savannah Petroleum,TRK-846,29800,4174149.6,4203943.5,10/07/2026 22:40
LD002478,KISUMU,AGO,Horizon Oil Marketers,TRK-553,29800,3784125.6,3813932.7,10/07/2026 22:09
LD002479,Eldoret,AGO,Nyanza Petroleum Co,TRK-737,33000,2979017.0,3012011.9,10/07/2026 08:50
LD002480,Eld,AGO,Uhuru Energy Partners,TRK-651,20500,1564438.6,1584940.8,2026-07-10 13:34
LD002481,Eld,AGO,Crescent Oil Ltd,TRK-419,29700,1717184.9,1746889.1,10/07/2026 17:44
LD002482,Eld,AGO,Mara Fuels,TRK-421,32700,1510272.6,1542975.6,2026-07-10 07:20
LD002483,Eld,PMS,Crescent Oil Ltd,TRK-159,34500,3689115.3,3723614.7,10/07/2026 09:46
LD002484,ELDORET,IK,Summit Downstream Ltd,TRK-145,27000,4138146.1,4165150.8,2026-07-10 12:44
LD002485,Eld,PMS,Savannah Petroleum,TRK-710,21500,3083496.1,3104997.8,10/07/2026 07:27
LD002486,Eldoret,PMS,Uhuru Energy Partners,TRK-763,35300,3793090.4,3828392.1,2026-07-10 15:15
LD002487,ELDORET,AGO,Zenith Petroleum,TRK-488,23300,1081121.3,1104430.9,2026-07-10 13:20
LD002488,ELDORET,PMS,Baraka Downstream,TRK-694,23800,1498789.8,1522575.4,2026-07-10 14:51
LD002489,Eld,PMS,Aberdare Oil Traders,TRK-858,29400,4057022.7,4086425.2,10/07/2026 17:24
LD002490,Nakuru,PMS,Mara Fuels,TRK-368,30200,4441013.1,4471219.4,2026-07-10 18:03
LD002491,NAKURU,AGO,Uhuru Energy Partners,TRK-601,35100,4719434.0,4754530.5,10/07/2026 14:20
LD002492,NAKURU,AGO,Kilele Fuels,TRK-415,22700,1236893.2,1259592.2,2026-07-10 05:36
LD002493,Nakuru,PMS,Crescent Oil Ltd,TRK-233,21700,1738605.0,1760307.8,10/07/2026 21:51
LD002494,Nku,PMS,Summit Downstream Ltd,TRK-974,31400,1843709.3,1875099.1,2026-07-10 17:56
LD002495,Nku,AGO,Coastline Energy Ltd,TRK-506,30800,3817036.3,3847840.8,10/07/2026 15:44
LD002496,NAKURU,AGO,,TRK-791,21800,1708485.8,1730286.4,2026-07-10 16:14
LD002497,KISII,AGO,Baraka Downstream,TRK-880,32800,2727220.4,2760019.4,10/07/2026 08:11
LD002498,KISII,IK,Delta Oil Marketers,TRK-237,35100,2945488.4,2980595.8,2026-07-10 20:44
LD002499,Kisii,PMS,Tsavo Energy Group,TRK-202,27400,4140287.4,4167688.5,10/07/2026 08:05
LD002500, Kisii ,IK,Aberdare Oil Traders,TRK-629,22900,2871032.9,2893939.3,10/07/2026 21:52
LD002501, Kisii ,IK,Highland Energy Co,TRK-585,35500,4011944.8,4047455.5,10/07/2026 05:48
LD002502,Kisii,AGO,Baraka Downstream,TRK-181,33300,1197094.6,1230392.3,10/07/2026 20:35
LD002503,KISII,PMS,Aberdare Oil Traders,TRK-835,33600,3193603.7,3227200.7,10/07/2026 05:59
LD002504,Kisii,AGO,Baraka Downstream,TRK-268,24500,3123436.1,3147931.1,2026-07-10 18:04
LD002505,KISII,AGO,Delta Oil Marketers,TRK-540,20800,1634144.6,1654943.2,10/07/2026 12:47
LD002506, Kisii ,AGO,Kilele Fuels,TRK-938,23700,2813482.4,2837183.6,2026-07-10 22:03
LD002507,MOMBASA,PMS,Tsavo Energy Group,TRK-226,31300,3603210.8,3634507.3,11/07/2026 13:32
LD002508,Msa,AGO,Aberdare Oil Traders,TRK-792,27600,3756976.1,3784575.7,11/07/2026 16:51
LD002509,MOMBASA,PMS,Kilele Fuels,TRK-249,29700,3152548.3,3182239.1,2026-07-11 16:18
LD002510,Msa,PMS,Kilele Fuels,TRK-650,24400,3000925.9,3025324.5,2026-07-11 11:09
LD002511,MOMBASA,AGO,Equator Fuels,TRK-400,22600,2362741.7,2385346.0,11/07/2026 17:48
LD002512,MOMBASA,PMS,Highland Energy Co,TRK-801,21100,4318674.7,4339766.0,2026-07-11 11:55
LD002513,Mombasa,AGO,Rift Valley Fuels Ltd,TRK-162,29000,3683306.7,3712301.4,11/07/2026 16:45
LD002514,Mombasa,IK,Mara Fuels,TRK-299,27500,4824983.8,4852488.9,11/07/2026 06:16
LD002515,mombasa,AGO,Highland Energy Co,TRK-248,32300,4878227.5,4910523.9,2026-07-11 12:20
LD002516,Mombasa,PMS,Coastline Energy Ltd,TRK-978,21000,3310645.7,3331648.4,2026-07-11 12:56
LD002517,Nairobi,AGO,Delta Oil Marketers,TRK-626,27200,4433493.5,4460693.5,11/07/2026 17:28
LD002518,Nairobi Depot,PMS,Aberdare Oil Traders,TRK-786,34900,3333331.6,3368234.6,11/07/2026 10:17
LD002519,Nairobi Depot,PMS,Highland Energy Co,TRK-647,28600,2817930.9,2846531.2,2026-07-11 06:52
LD002520,Nairobi Depot,AGO,Highland Energy Co,TRK-757,26100,2793940.9,2820032.8,2026-07-11 11:28
LD002521,Nairobi Depot,AGO,Highland Energy Co,TRK-614,35700,2401089.5,2436784.0,11/07/2026 08:09
LD002522,Nairobi,AGO,Amani Petroleum,TRK-258,20800,4101638.1,4122437.4,11/07/2026 18:37
LD002523,nrb,IK,Pioneer Fuels Kenya,TRK-957,29100,4042819.2,4071920.4,2026-07-11 15:30
LD002524,Nairobi,PMS,Baraka Downstream,TRK-338,24100,1912247.3,1936341.6,2026-07-11 19:43
LD002525,Nairobi Depot,AGO,Summit Downstream Ltd,TRK-279,20200,1521362.9,1541559.4,2026-07-11 22:47
LD002526,NAIROBI,IK,Nyanza Petroleum Co,TRK-266,35800,2234530.6,2270328.8,2026-07-11 22:41
LD002527,nrb,AGO,Horizon Oil Marketers,TRK-775,22100,1796329.3,1818425.9,2026-07-11 08:09
LD002528,Nairobi,PMS,Pioneer Fuels Kenya,TRK-276,33800,4845998.7,4879799.4,2026-07-11 10:56
LD002529,NAIROBI,PMS,Horizon Oil Marketers,TRK-335,23900,2800381.1,2824281.3,2026-07-11 08:02
LD002530,Kisumu,PMS,Kilele Fuels,TRK-217,20800,3171705.6,3192505.0,2026-07-11 21:24
LD002531,Kisumu,AGO,Delta Oil Marketers,TRK-224,24200,3350760.5,3374955.1,2026-07-11 22:58
LD002532,Kisumu,AGO,Summit Downstream Ltd,TRK-395,24500,4585891.4,4610387.4,2026-07-11 11:23
LD002533,Kisumu,AGO,Mara Fuels,TRK-756,30200,3922736.4,3952932.4,2026-07-11 14:59
LD002534,KISUMU,AGO,Highland Energy Co,TRK-299,33500,1815104.1,1848607.3,11/07/2026 13:26
LD002535,Ksm,PMS,Horizon Oil Marketers,TRK-303,31900,3742412.3,3774313.3,2026-07-11 15:53
LD002536,KISUMU,AGO,,TRK-936,30200,4813280.3,4843488.3,11/07/2026 17:58
LD002537,Kisumu,IK,Lakeview Energy,TRK-805,21600,2235389.1,2256991.2,11/07/2026 17:28
LD002538,Ksm,PMS,Aberdare Oil Traders,TRK-113,21500,1090196.9,1111697.4,11/07/2026 17:27
LD002539,Kisumu,IK,Lakeview Energy,TRK-820,20900,1209622.7,1230524.0,11/07/2026 14:55
LD002540,Eld,PMS,Mara Fuels,TRK-728,28400,4127810.5,4156212.9,11/07/2026 19:34
LD002541,Eld,AGO,Amani Petroleum,TRK-476,22500,2567764.8,2590259.8,2026-07-11 20:02
LD002542,Eld,PMS,Coastline Energy Ltd,TRK-486,26700,2266007.1,2292707.0,11/07/2026 22:12
LD002543,ELDORET,PMS,Rift Valley Fuels Ltd,TRK-652,20600,1546941.6,1567542.0,2026-07-11 19:50
LD002544,ELDORET,AGO,Crescent Oil Ltd,TRK-131,35100,4469908.1,4505008.4,11/07/2026 20:50
LD002545,Eldoret,PMS,Lakeview Energy,TRK-486,24600,2332348.5,2356943.1,2026-07-11 19:54
LD002546,ELDORET,PMS,Uhuru Energy Partners,TRK-882,20400,4476486.5,4496885.4,11/07/2026 07:08
LD002547,ELDORET,AGO,Highland Energy Co,TRK-291,28900,3434891.8,3463792.9,2026-07-11 21:36
LD002548,ELDORET,PMS,Rift Valley Fuels Ltd,TRK-685,31100,4147874.6,4178977.4,2026-07-11 07:35
LD002549,ELDORET,IK,Mara Fuels,TRK-220,21900,2440648.6,2462548.0,11/07/2026 19:23
LD002550,Eld,AGO,Baraka Downstream,TRK-494,33700,1193583.5,1227288.5,2026-07-11 07:42
LD002551,Eld,AGO,Highland Energy Co,TRK-194,22400,2655870.8,2678262.2,11/07/2026 08:34
LD002552,ELDORET,IK,Tsavo Energy Group,TRK-717,25700,1651104.4,1676803.8,11/07/2026 18:17
LD002553,Eld,AGO,Savannah Petroleum,TRK-370,27800,4175373.2,4203169.4,11/07/2026 07:28
LD002554,ELDORET,PMS,Highland Energy Co,TRK-400,27800,3790585.5,3818387.0,11/07/2026 09:06
LD002555,Nakuru,AGO,Uhuru Energy Partners,TRK-229,26300,3487657.7,3513950.5,2026-07-11 06:20
LD002556,Nku,PMS,Rift Valley Fuels Ltd,TRK-118,29200,1608698.4,1637889.9,2026-07-11 16:31
LD002557,NAKURU,PMS,Mara Fuels,TRK-154,22800,2141445.5,2164250.7,2026-07-11 17:14
LD002558,Nakuru,PMS,Delta Oil Marketers,TRK-615,22000,4437331.3,4459334.0,11/07/2026 09:17
LD002559,Nku,AGO,Savannah Petroleum,TRK-632,29500,2341316.0,2370818.5,2026-07-11 13:00
LD002560,NAKURU,PMS,Kilele Fuels,TRK-239,33500,1462071.6,1495574.2,2026-07-11 13:45
LD002561,Nakuru,PMS,,TRK-167,35500,4838504.6,4874001.7,11/07/2026 22:59
LD002562,Nku,IK,Horizon Oil Marketers,TRK-101,22700,4971323.3,4994022.4,2026-07-11 06:05
LD002563,Nakuru,AGO,Lakeview Energy,TRK-537,29000,2426487.2,2455482.2,2026-07-11 08:52
LD002564,Kisii,AGO,Kilele Fuels,TRK-683,22700,4589676.2,4612371.8,2026-07-11 12:52
LD002565,Kisii,PMS,Uhuru Energy Partners,TRK-796,30500,4527419.2,4557933.9,2026-07-11 19:04
LD002566,KISII,IK,Lakeview Energy,TRK-687,34700,4599638.2,4634333.1,11/07/2026 13:57
LD002567,KISII,AGO,Baraka Downstream,TRK-634,27200,2097650.5,2124842.7,11/07/2026 12:51
LD002568,KISII,AGO,Uhuru Energy Partners,TRK-709,24600,2074318.4,2098910.9,11/07/2026 11:55
LD002569, Kisii ,IK,Lakeview Energy,TRK-912,33800,1279447.7,1313242.9,2026-07-11 08:26
LD002570,Kisii,IK,Coastline Energy Ltd,TRK-184,25500,1246172.1,1271674.7,2026-07-11 11:51
LD002571, Kisii ,PMS,Baraka Downstream,TRK-674,24300,4073684.3,4097983.0,11/07/2026 15:02
LD002572, Kisii ,PMS,Kilele Fuels,TRK-318,27400,2881296.2,2908698.0,11/07/2026 10:04
LD002573,KISII,PMS,Nyanza Petroleum Co,TRK-255,34000,4051196.2,4085206.5,2026-07-11 21:48
LD002574,KISII,PMS,Uhuru Energy Partners,TRK-539,33600,1038155.8,1071756.6,2026-07-11 13:34
LD002575, Kisii ,AGO,Aberdare Oil Traders,TRK-654,26400,4628972.7,4655374.2,2026-07-11 12:45
LD002576, Kisii ,AGO,Nyanza Petroleum Co,TRK-916,28500,2391080.4,2419588.7,11/07/2026 10:20
LD002577,KISII,PMS,Savannah Petroleum,TRK-154,28300,3621532.8,3649841.1,11/07/2026 09:34
LD002578,mombasa,IK,Zenith Petroleum,TRK-443,33200,4517588.0,4550784.9,2026-07-12 06:25
LD002579,Mombasa,PMS,Equator Fuels,TRK-846,27800,3522544.8,3550344.7,2026-07-12 17:10
LD002580,mombasa,AGO,Mara Fuels,TRK-605,22500,2478572.5,2501068.3,2026-07-12 15:57
LD002581,Mombasa,AGO,Nyanza Petroleum Co,TRK-185,25300,2694162.3,2719466.7,12/07/2026 08:56
LD002582,MOMBASA,AGO,Crescent Oil Ltd,TRK-119,26300,4924524.8,4950825.6,12/07/2026 17:06
LD002583,MOMBASA,AGO,Summit Downstream Ltd,TRK-819,32100,3045924.2,3078020.4,2026-07-12 19:43
LD002584,mombasa,AGO,Crescent Oil Ltd,TRK-339,33500,3329429.8,3362931.2,12/07/2026 17:45
LD002585,MOMBASA,AGO,Tsavo Energy Group,TRK-184,35800,3545715.0,3581517.2,2026-07-12 07:43
LD002586,Mombasa,PMS,Pioneer Fuels Kenya,TRK-160,25500,2038442.5,2063944.9,2026-07-12 15:50
LD002587,MOMBASA,AGO,Mara Fuels,TRK-319,26900,2868965.4,2895867.4,12/07/2026 06:05
LD002588,mombasa,IK,Crescent Oil Ltd,TRK-548,28700,4913777.6,4942476.3,2026-07-12 13:28
LD002589,MOMBASA,IK,Kilele Fuels,TRK-964,33000,3222819.4,3255819.4,12/07/2026 20:06
LD002590,Nairobi Depot,AGO,Zenith Petroleum,TRK-704,33200,2700009.7,2733213.0,2026-07-12 06:59
LD002591,NAIROBI,IK,Rift Valley Fuels Ltd,TRK-394,24400,2060139.7,2084527.9,12/07/2026 07:03
LD002592,Nairobi Depot,AGO,Pioneer Fuels Kenya,TRK-384,27000,1364549.4,1391557.8,2026-07-12 05:13
LD002593,Nairobi Depot,IK,Savannah Petroleum,TRK-815,31500,1854946.8,1886444.9,2026-07-12 11:27
LD002594,Nairobi Depot,PMS,Crescent Oil Ltd,TRK-326,23600,3335433.1,3359026.6,2026-07-12 14:40
LD002595,Nairobi Depot,IK,Nyanza Petroleum Co,TRK-802,25900,2795646.9,2821539.8,2026-07-12 16:22
LD002596,Nairobi,PMS,Savannah Petroleum,TRK-598,22500,4521687.6,4544188.5,2026-07-12 17:04
LD002597,nrb,PMS,Highland Energy Co,TRK-659,26900,2648374.4,2675274.4,12/07/2026 18:58
LD002598,Nairobi Depot,AGO,Nyanza Petroleum Co,TRK-612,28900,3235363.5,3264260.8,2026-07-12 06:49
LD002599,Nairobi Depot,AGO,Equator Fuels,TRK-395,31300,1709927.3,1741231.0,12/07/2026 11:42
LD002600,NAIROBI,AGO,Summit Downstream Ltd,TRK-486,35200,1543731.0,1578928.0,12/07/2026 05:00
LD002601,nrb,PMS,Zenith Petroleum,TRK-174,28000,1856705.0,1884704.1,2026-07-12 11:10
LD002602,Nairobi Depot,IK,Baraka Downstream,TRK-288,22300,3839732.3,3862030.1,2026-07-12 15:16
LD002603,NAIROBI,AGO,Pioneer Fuels Kenya,TRK-291,28500,1575337.9,1603839.8,2026-07-12 13:11
LD002604,Nairobi,AGO,Horizon Oil Marketers,TRK-854,25400,3341943.8,3367337.9,2026-07-12 14:21
LD002605,Ksm,AGO,Savannah Petroleum,TRK-105,30400,2237729.9,2268132.6,12/07/2026 18:53
LD002606,Kisumu,AGO,Baraka Downstream,TRK-219,20400,4162811.6,4183223.7,12/07/2026 12:00
LD002607,KISUMU,PMS,Baraka Downstream,TRK-106,20200,2172623.8,2192818.2,12/07/2026 12:50
LD002608,KISUMU,IK,Pioneer Fuels Kenya,TRK-656,25600,3510024.6,3535612.9,12/07/2026 19:21
LD002609,KISUMU,AGO,Tsavo Energy Group,TRK-707,32600,3592587.0,3625188.9,12/07/2026 10:05
LD002610,Kisumu,PMS,Nyanza Petroleum Co,TRK-923,33800,3696233.8,3730035.0,2026-07-12 06:14
LD002611,Kisumu,AGO,Zenith Petroleum,TRK-291,23400,3550811.4,3574220.5,12/07/2026 09:29
LD002612,Kisumu,AGO,Rift Valley Fuels Ltd,TRK-229,33300,3970886.0,4004186.3,12/07/2026 19:56
LD002613,Ksm,PMS,Tsavo Energy Group,TRK-869,33500,1255465.5,1288971.3,2026-07-12 16:53
LD002614,Eld,PMS,Tsavo Energy Group,TRK-914,35100,4328764.6,4363869.9,2026-07-12 18:44
LD002615,Eld,PMS,Horizon Oil Marketers,TRK-600,30000,3662861.7,3692864.8,2026-07-12 21:50
LD002616,ELDORET,AGO,Horizon Oil Marketers,TRK-615,26800,1611847.5,1638641.8,2026-07-12 08:27
LD002617,ELDORET,AGO,Highland Energy Co,TRK-702,32900,3040988.4,3073874.5,12/07/2026 15:35
LD002618,Eldoret,AGO,Horizon Oil Marketers,TRK-629,21900,2704461.1,2726355.9,2026-07-12 20:10
LD002619,Eld,AGO,Nyanza Petroleum Co,TRK-883,24600,1641281.9,1665877.2,2026-07-12 15:58
LD002620,NAKURU,PMS,Baraka Downstream,TRK-695,20500,3469851.0,3490347.1,2026-07-12 17:38
LD002621,Nakuru,AGO,Coastline Energy Ltd,TRK-773,32200,2922893.8,2955094.7,2026-07-12 13:21
LD002622,Nakuru,PMS,Rift Valley Fuels Ltd,TRK-664,32000,1787733.9,1819735.8,12/07/2026 20:10
LD002623,NAKURU,AGO,Baraka Downstream,TRK-190,32400,4328378.9,4360772.9,12/07/2026 12:08
LD002624,Nku,AGO,Equator Fuels,TRK-867,26200,3958431.9,3984629.0,2026-07-12 13:41
LD002625,Nakuru,PMS,Crescent Oil Ltd,TRK-817,26700,3946607.5,3973308.2,2026-07-12 16:36
LD002626,NAKURU,AGO,Savannah Petroleum,TRK-151,24100,1995716.0,2019815.1,2026-07-12 05:08
LD002627,Nakuru,PMS,Kilele Fuels,TRK-970,29400,1280472.2,1309876.7,2026-07-12 09:08
LD002628,KISII,PMS,Baraka Downstream,TRK-527,27800,1148208.0,1176008.4,2026-07-12 11:02
LD002629,Kisii,PMS,Rift Valley Fuels Ltd,TRK-944,28600,3819182.4,3847778.6,12/07/2026 17:12
LD002630,KISII,AGO,Kilele Fuels,TRK-464,24500,4086355.5,4110853.9,2026-07-12 12:59
LD002631,Kisii,AGO,Lakeview Energy,TRK-767,25600,4247926.0,4273521.4,2026-07-12 12:08
LD002632,Kisii,PMS,Coastline Energy Ltd,TRK-722,27000,2809098.0,2836095.5,2026-07-12 07:30
LD002633,KISII,AGO,Horizon Oil Marketers,TRK-129,20300,1468180.3,1488479.9,2026-07-12 21:13
LD002634,KISII,AGO,Aberdare Oil Traders,TRK-496,25500,4858491.4,4883991.1,2026-07-12 22:52
LD002635,KISII,PMS,Equator Fuels,TRK-529,28100,3510224.1,3538317.2,2026-07-12 07:51
LD002636,KISII,AGO,Highland Energy Co,TRK-961,20400,3001334.6,3021729.0,12/07/2026 16:25
LD002637,Kisii,AGO,Nyanza Petroleum Co,TRK-256,27700,1631322.9,1659022.7,12/07/2026 06:24
LD002638,KISII,PMS,Pioneer Fuels Kenya,TRK-881,25400,1587635.6,1613043.6,12/07/2026 06:19
LD002639,KISII,AGO,Summit Downstream Ltd,TRK-801,28800,4011268.1,4040063.5,2026-07-12 19:27
LD002640,Msa,AGO,Rift Valley Fuels Ltd,TRK-719,20600,1491644.7,1512241.1,2026-07-13 18:22
LD002641,Mombasa,AGO,Tsavo Energy Group,TRK-544,23200,2607807.7,2631005.6,2026-07-13 09:54
LD002642,MOMBASA,PMS,Equator Fuels,TRK-781,30500,3837257.2,3867762.0,13/07/2026 09:16
LD002643,Mombasa,IK,Mara Fuels,TRK-254,29400,2428967.9,2458358.7,2026-07-13 22:44
LD002644,Msa,AGO,Crescent Oil Ltd,TRK-737,21300,4971215.9,4992520.4,2026-07-13 20:38
LD002645,Msa,AGO,Lakeview Energy,TRK-684,22000,1289393.5,1311391.7,13/07/2026 14:58
LD002646,mombasa,PMS,Nyanza Petroleum Co,TRK-837,30400,2316022.9,2346426.4,13/07/2026 22:21
LD002647,MOMBASA,IK,Zenith Petroleum,TRK-473,26300,2048451.9,2074746.9,2026-07-13 10:56
LD002648,Mombasa,PMS,Savannah Petroleum,TRK-346,31500,3046144.8,3077636.0,2026-07-13 11:52
LD002649,mombasa,AGO,Amani Petroleum,TRK-128,35100,1167521.6,1202634.9,13/07/2026 16:54
LD002650,mombasa,PMS,Summit Downstream Ltd,TRK-677,34700,1196634.1,1231334.6,13/07/2026 19:49
LD002651,mombasa,PMS,Pioneer Fuels Kenya,TRK-837,29200,4414519.7,4443722.2,13/07/2026 19:25
LD002652,mombasa,IK,Uhuru Energy Partners,TRK-583,20300,3929818.5,3950116.8,13/07/2026 16:15
LD002653,MOMBASA,PMS,Lakeview Energy,TRK-387,34900,3628790.6,3663687.7,2026-07-13 21:24
LD002654,Nairobi Depot,PMS,Rift Valley Fuels Ltd,TRK-108,28400,2986580.8,3014980.4,13/07/2026 14:23
LD002655,Nairobi Depot,AGO,Summit Downstream Ltd,TRK-430,22300,4681089.5,4703390.1,13/07/2026 15:11
LD002656,Nairobi,PMS,Horizon Oil Marketers,TRK-345,26700,3431830.8,3458530.7,13/07/2026 19:11
LD002657,Nairobi,AGO,Nyanza Petroleum Co,TRK-834,21700,2816911.3,2838614.5,13/07/2026 13:08
LD002658,Nairobi Depot,PMS,Coastline Energy Ltd,TRK-783,32500,4296720.0,4329217.5,2026-07-13 08:59
LD002659,Nairobi Depot,PMS,Horizon Oil Marketers,TRK-424,31600,4330732.9,4362331.8,2026-07-13 10:26
LD002660,nrb,AGO,Pioneer Fuels Kenya,TRK-773,31100,3549570.0,3580663.0,2026-07-13 06:28
LD002661,Nairobi,PMS,Highland Energy Co,TRK-848,31500,1897033.5,1928527.6,13/07/2026 05:01
LD002662,Nairobi,IK,Tsavo Energy Group,TRK-223,32700,4659719.7,4692420.7,13/07/2026 16:58
LD002663,NAIROBI,AGO,Highland Energy Co,TRK-260,22700,4269649.8,4292350.3,13/07/2026 19:05
LD002664,KISUMU,AGO,Tsavo Energy Group,TRK-617,20100,1243648.9,1263753.1,13/07/2026 13:47
LD002665,Kisumu,PMS,Horizon Oil Marketers,TRK-758,26900,2597304.6,2624202.6,2026-07-13 20:03
LD002666,Kisumu,AGO,Mara Fuels,TRK-940,22800,4395165.0,4417958.9,2026-07-13 18:50
LD002667,Ksm,IK,Baraka Downstream,TRK-509,24800,3394257.4,3419054.1,13/07/2026 19:28
LD002668,Ksm,PMS,Rift Valley Fuels Ltd,TRK-163,35100,3108903.9,3144003.9,2026-07-13 11:29
LD002669,Kisumu,IK,Baraka Downstream,TRK-649,25200,1632506.3,1657708.8,2026-07-13 16:52
LD002670,Kisumu,IK,Amani Petroleum,TRK-146,33900,3749497.7,3783386.7,2026-07-13 16:20
LD002671,KISUMU,IK,Tsavo Energy Group,TRK-167,21800,1590985.3,1612778.6,2026-07-13 20:54
LD002672,Kisumu,PMS,Uhuru Energy Partners,TRK-408,20400,4220059.5,4240457.9,2026-07-13 11:07
LD002673,Ksm,AGO,Summit Downstream Ltd,TRK-742,20300,4322758.4,4343065.9,2026-07-13 11:48
LD002674,KISUMU,AGO,Savannah Petroleum,TRK-302,21800,4448416.3,4470219.6,13/07/2026 10:58
LD002675,Kisumu,PMS,Summit Downstream Ltd,TRK-838,33400,3611970.9,3645379.9,2026-07-13 09:33
LD002676,KISUMU,AGO,Nyanza Petroleum Co,TRK-836,20100,3369763.0,3389863.1,13/07/2026 20:50
LD002677,Ksm,AGO,Nyanza Petroleum Co,TRK-254,33600,2427599.5,2461198.6,13/07/2026 11:58
LD002678,Kisumu,PMS,Amani Petroleum,TRK-278,31600,1429204.8,1460800.2,13/07/2026 11:57
LD002679,Eldoret,PMS,Nyanza Petroleum Co,TRK-330,29800,3574208.5,3604000.6,2026-07-13 20:44
LD002680,ELDORET,PMS,Zenith Petroleum,TRK-580,27400,2560264.3,2587659.6,2026-07-13 07:32
LD002681,Eld,IK,Savannah Petroleum,TRK-498,33800,4717043.9,4750847.7,13/07/2026 22:29
LD002682,Eldoret,AGO,Amani Petroleum,TRK-949,32500,4723230.7,4755728.6,13/07/2026 08:48
LD002683,ELDORET,PMS,Horizon Oil Marketers,TRK-202,23900,3307836.6,3331740.6,2026-07-13 05:31
LD002684,Eld,AGO,Highland Energy Co,TRK-287,20100,3259276.7,3279373.9,2026-07-13 22:43
LD002685,ELDORET,IK,Uhuru Energy Partners,TRK-880,25400,2290734.8,2316139.6,13/07/2026 20:42
LD002686,Eldoret,AGO,Mara Fuels,TRK-368,29700,4412691.9,4442393.9,2026-07-13 20:12
LD002687,Eld,PMS,Baraka Downstream,TRK-265,24200,3078007.4,3102206.0,2026-07-13 11:44
LD002688,Eld,AGO,Baraka Downstream,TRK-786,28900,3646097.3,3674997.2,2026-07-13 14:16
LD002689,Eldoret,AGO,Zenith Petroleum,TRK-486,29500,3945119.6,3974616.0,13/07/2026 10:11
LD002690,Nku,PMS,Summit Downstream Ltd,TRK-750,30900,3430836.4,3461737.0,13/07/2026 06:57
LD002691,NAKURU,AGO,Horizon Oil Marketers,TRK-378,26300,2061252.4,2087555.0,13/07/2026 12:04
LD002692,Nku,PMS,Delta Oil Marketers,TRK-334,30300,3749489.9,3779785.5,13/07/2026 12:00
LD002693,Nakuru,AGO,Baraka Downstream,TRK-775,26000,2049631.3,2075635.1,2026-07-13 22:20
LD002694,Nku,AGO,Savannah Petroleum,TRK-393,27300,3447616.3,3474920.0,13/07/2026 10:25
LD002695,Nku,PMS,Zenith Petroleum,TRK-421,26000,3807788.8,3833791.3,13/07/2026 20:42
LD002696,Kisii,AGO,Mara Fuels,TRK-174,29400,2008727.9,2038132.4,2026-07-13 06:23
LD002697, Kisii ,PMS,Aberdare Oil Traders,TRK-679,23300,2361539.4,2384830.0,13/07/2026 18:46
LD002698, Kisii ,PMS,Pioneer Fuels Kenya,TRK-193,28200,1661481.7,1689680.6,13/07/2026 13:01
LD002699,KISII,AGO,Mara Fuels,TRK-608,35600,1431698.2,1467307.0,2026-07-13 11:37
LD002700,KISII,PMS,Baraka Downstream,TRK-272,27000,3520138.3,3547139.3,2026-07-13 05:51
LD002701, Kisii ,AGO,Delta Oil Marketers,TRK-846,25400,2204636.1,2230035.8,2026-07-13 07:39
LD002702,KISII,PMS,Pioneer Fuels Kenya,TRK-833,29300,2146642.3,2175955.9,13/07/2026 07:12
LD002703,KISII,AGO,Savannah Petroleum,TRK-635,25900,1335591.8,1361485.5,2026-07-13 19:25
LD002704, Kisii ,PMS,Delta Oil Marketers,TRK-917,33900,2939969.1,2973873.5,2026-07-13 18:31
LD002705, Kisii ,PMS,Rift Valley Fuels Ltd,TRK-447,24900,3070555.7,3095461.2,13/07/2026 17:43
LD002706,mombasa,AGO,Nyanza Petroleum Co,TRK-312,25900,1500312.9,1526202.8,2026-07-14 18:22
LD002707,Mombasa,PMS,Summit Downstream Ltd,TRK-292,20700,2126038.5,2146740.3,14/07/2026 07:40
LD002708,Mombasa,PMS,Savannah Petroleum,TRK-700,20300,3082282.2,3102574.4,14/07/2026 08:09
LD002709,Msa,AGO,Summit Downstream Ltd,TRK-389,26300,3308489.1,3334793.8,14/07/2026 16:31
LD002710,Msa,AGO,Baraka Downstream,TRK-674,35800,1553061.4,1588868.5,14/07/2026 06:00
LD002711,Msa,PMS,Uhuru Energy Partners,TRK-404,26900,2699322.9,2726231.8,14/07/2026 22:42
LD002712,Msa,IK,Equator Fuels,TRK-455,27800,3069730.2,3097525.7,2026-07-14 07:26
LD002713,mombasa,PMS,Rift Valley Fuels Ltd,TRK-461,26900,4966797.8,4993696.8,2026-07-14 15:02
LD002714,Msa,AGO,Summit Downstream Ltd,TRK-678,21800,4359058.9,4380861.2,2026-07-14 06:37
LD002715,mombasa,IK,Horizon Oil Marketers,TRK-679,36000,2170435.6,2206438.2,2026-07-14 19:05
LD002716,mombasa,AGO,Mara Fuels,TRK-811,31400,2182553.3,2213952.5,14/07/2026 17:14
LD002717,NAIROBI,AGO,Zenith Petroleum,TRK-641,34800,4410664.6,4445462.0,14/07/2026 10:23
LD002718,Nairobi Depot,PMS,Coastline Energy Ltd,TRK-180,28100,2857327.0,2885433.8,14/07/2026 11:27
LD002719,nrb,IK,Pioneer Fuels Kenya,TRK-726,24100,3020112.2,3044213.7,14/07/2026 22:53
LD002720,Nairobi Depot,IK,Uhuru Energy Partners,TRK-438,26800,3068601.4,3095403.8,14/07/2026 18:42
LD002721,Nairobi Depot,AGO,Aberdare Oil Traders,TRK-910,25900,3963119.5,3989022.9,2026-07-14 14:45
LD002722,Nairobi Depot,PMS,Crescent Oil Ltd,TRK-822,31600,1818017.4,1849621.1,14/07/2026 12:48
LD002723,nrb,AGO,Pioneer Fuels Kenya,TRK-998,25400,2879381.7,2904787.5,14/07/2026 14:14
LD002724,Nairobi Depot,PMS,Baraka Downstream,TRK-707,25300,1552928.3,1578224.4,14/07/2026 22:10
LD002725,Ksm,PMS,Equator Fuels,TRK-785,35700,1903525.7,1939219.8,14/07/2026 20:46
LD002726,Ksm,PMS,Rift Valley Fuels Ltd,TRK-878,21100,2951506.4,2972616.3,14/07/2026 10:06
LD002727,KISUMU,PMS,Delta Oil Marketers,TRK-590,31200,3052879.9,3084078.0,14/07/2026 10:07
LD002728,KISUMU,AGO,Equator Fuels,TRK-826,21400,4746262.4,4767665.8,14/07/2026 21:22
LD002729,Kisumu,PMS,Baraka Downstream,TRK-110,26100,3305622.2,3331719.0,14/07/2026 09:54
LD002730,Kisumu,PMS,Coastline Energy Ltd,TRK-165,31500,1541675.4,1573180.7,2026-07-14 18:54
LD002731,Kisumu,AGO,Zenith Petroleum,TRK-897,24700,1578842.5,1603539.7,2026-07-14 05:09
LD002732,Ksm,AGO,Summit Downstream Ltd,TRK-641,31500,4773193.6,4804696.8,14/07/2026 19:21
LD002733,KISUMU,PMS,Delta Oil Marketers,TRK-668,28400,3160116.8,3188506.9,2026-07-14 15:40
LD002734,KISUMU,IK,Aberdare Oil Traders,TRK-665,27600,3411230.1,3438827.9,2026-07-14 11:04
LD002735,Kisumu,PMS,Summit Downstream Ltd,TRK-174,35800,4751058.2,4786868.6,14/07/2026 15:25
LD002736,Eldoret,PMS,Tsavo Energy Group,TRK-517,34300,3876712.1,3911010.0,2026-07-14 11:18
LD002737,ELDORET,PMS,Coastline Energy Ltd,TRK-287,29400,3757046.5,3786456.1,14/07/2026 12:12
LD002738,Eld,PMS,Coastline Energy Ltd,TRK-561,30900,2009115.8,2040017.6,14/07/2026 08:01
LD002739,Eld,AGO,Highland Energy Co,TRK-133,29400,4183652.6,4213059.9,14/07/2026 17:50
LD002740,Eldoret,AGO,Aberdare Oil Traders,TRK-696,25800,4755040.5,4780839.9,2026-07-14 09:36
LD002741,Eldoret,AGO,Delta Oil Marketers,TRK-392,28500,3383791.8,3412286.2,14/07/2026 07:41
LD002742,Nakuru,PMS,Equator Fuels,TRK-159,21000,4336541.0,4357550.3,2026-07-14 06:19
LD002743,Nku,AGO,Tsavo Energy Group,TRK-672,32600,1741415.9,1774021.5,14/07/2026 16:03
LD002744,Nakuru,PMS,Kilele Fuels,TRK-847,30300,2241592.4,2271894.8,2026-07-14 15:11
LD002745,Nakuru,PMS,Crescent Oil Ltd,TRK-109,30500,1841847.0,1872341.5,2026-07-14 21:09
LD002746,Nakuru,PMS,Horizon Oil Marketers,TRK-998,28900,1432906.6,1461802.7,2026-07-14 17:36
LD002747,Nku,PMS,Uhuru Energy Partners,TRK-169,34900,2334049.4,2368949.3,2026-07-14 11:16
LD002748,Nakuru,AGO,Kilele Fuels,TRK-935,24400,3139616.3,3164008.7,14/07/2026 18:50
LD002749,NAKURU,AGO,Delta Oil Marketers,TRK-455,25600,1528267.2,1553865.0,2026-07-14 09:49
LD002750,Nakuru,AGO,Aberdare Oil Traders,TRK-315,20500,4082570.1,4103061.9,2026-07-14 06:11
LD002751,NAKURU,IK,Nyanza Petroleum Co,TRK-669,29900,3405438.4,3435349.7,14/07/2026 10:58
LD002752,Nakuru,PMS,Aberdare Oil Traders,TRK-911,35000,1034276.8,1069282.5,2026-07-14 05:13
LD002753,Nku,PMS,Lakeview Energy,TRK-918,20800,1765973.6,1786771.6,2026-07-14 14:29
LD002754,Nakuru,PMS,Baraka Downstream,TRK-482,30800,2837933.2,2868731.1,14/07/2026 10:10
LD002755,NAKURU,AGO,Aberdare Oil Traders,TRK-659,35900,1907543.7,1943443.1,2026-07-14 18:58
LD002756,KISII,AGO,Delta Oil Marketers,TRK-366,33500,2923921.0,2957427.3,2026-07-14 20:41
LD002757, Kisii ,AGO,Aberdare Oil Traders,TRK-468,23300,4313778.2,4337072.2,2026-07-14 10:59
LD002758, Kisii ,AGO,Delta Oil Marketers,TRK-447,28100,2652813.5,2680914.1,2026-07-14 19:09
LD002759, Kisii ,PMS,Savannah Petroleum,TRK-698,34000,1504221.7,1538221.9,14/07/2026 15:38
LD002760, Kisii ,PMS,Aberdare Oil Traders,TRK-842,26500,1647868.7,1674374.1,2026-07-14 22:18
LD002761,Kisii,IK,Equator Fuels,TRK-887,31200,4707226.8,4738420.1,2026-07-14 20:15
LD002762, Kisii ,PMS,Savannah Petroleum,TRK-568,28900,4184743.8,4213640.6,2026-07-14 07:05
LD002763, Kisii ,PMS,Highland Energy Co,TRK-860,20100,3525509.7,3545601.4,2026-07-14 16:44
LD002764,KISII,AGO,Savannah Petroleum,TRK-596,27200,1987852.9,2015057.3,2026-07-14 07:29
LD002765,mombasa,AGO,Baraka Downstream,TRK-701,22000,1372121.5,1394125.9,15/07/2026 12:38
LD002766,MOMBASA,PMS,Horizon Oil Marketers,TRK-276,24300,4597812.3,4622124.4,2026-07-15 15:47
LD002767,Msa,IK,Aberdare Oil Traders,TRK-670,34800,2610445.8,2645244.5,2026-07-15 17:47
LD002768,Msa,PMS,Coastline Energy Ltd,TRK-215,31800,2903768.9,2935573.2,2026-07-15 16:54
LD002769,Msa,PMS,Aberdare Oil Traders,TRK-761,22000,4711736.8,4733745.2,2026-07-15 15:43
LD002770,mombasa,IK,Highland Energy Co,TRK-307,25900,1075523.5,1101421.8,15/07/2026 05:44
LD002771,mombasa,PMS,Amani Petroleum,TRK-611,21600,2984877.9,3006472.5,2026-07-15 05:19
LD002772,Msa,PMS,Tsavo Energy Group,TRK-483,31100,3794542.4,3825648.6,15/07/2026 05:51
LD002773,MOMBASA,PMS,Kilele Fuels,TRK-738,31300,2970087.4,3001387.3,15/07/2026 15:12
LD002774,MOMBASA,PMS,Crescent Oil Ltd,TRK-524,27200,1797523.3,1824727.6,15/07/2026 11:10
LD002775,mombasa,PMS,Mara Fuels,TRK-263,24900,1169338.0,1194231.4,2026-07-15 20:30
LD002776,NAIROBI,PMS,Summit Downstream Ltd,TRK-185,32100,2427749.2,2459852.7,2026-07-15 07:56
LD002777,Nairobi,PMS,Tsavo Energy Group,TRK-392,35800,2050289.5,2086093.6,2026-07-15 16:36
LD002778,Nairobi Depot,PMS,Savannah Petroleum,TRK-425,27000,2323180.0,2350176.3,15/07/2026 18:13
LD002779,Nairobi Depot,PMS,Baraka Downstream,TRK-276,22900,4061329.7,4084231.4,2026-07-15 12:29
LD002780,Nairobi,PMS,Mara Fuels,TRK-738,35300,2272653.1,2307960.2,15/07/2026 17:04
LD002781,Nairobi,PMS,Horizon Oil Marketers,TRK-651,23500,3709867.1,3733363.2,2026-07-15 11:46
LD002782,Nairobi,PMS,Nyanza Petroleum Co,TRK-260,21200,4242065.9,4263269.5,2026-07-15 22:54
LD002783,Nairobi Depot,PMS,Tsavo Energy Group,TRK-481,35600,3578689.1,3614289.3,2026-07-15 09:06
LD002784,KISUMU,AGO,Uhuru Energy Partners,TRK-648,31500,1352506.3,1384011.2,15/07/2026 22:09
LD002785,KISUMU,PMS,Pioneer Fuels Kenya,TRK-434,33500,3929203.1,3962709.0,2026-07-15 05:06
LD002786,Kisumu,PMS,Baraka Downstream,TRK-789,26500,1886004.2,1912506.2,2026-07-15 14:48
LD002787,KISUMU,AGO,Amani Petroleum,TRK-609,28200,3195367.0,3223578.8,15/07/2026 10:36
LD002788,Ksm,PMS,Mara Fuels,TRK-497,35200,4608982.5,4644189.5,15/07/2026 15:33
LD002789,Ksm,PMS,Coastline Energy Ltd,TRK-221,34000,4205667.2,4239667.0,15/07/2026 17:47
LD002790,Ksm,AGO,Tsavo Energy Group,TRK-244,33500,3020662.8,3054154.1,15/07/2026 11:18
LD002791,Ksm,AGO,Equator Fuels,TRK-412,32000,1555839.6,1587843.9,2026-07-15 10:04
LD002792,Kisumu,PMS,Aberdare Oil Traders,TRK-914,22600,2405423.7,2428019.2,15/07/2026 10:39
LD002793,Kisumu,AGO,Pioneer Fuels Kenya,TRK-816,24200,2399446.8,2423642.3,2026-07-15 21:58
LD002794,Eld,AGO,Uhuru Energy Partners,TRK-708,29600,2972072.8,3001679.9,15/07/2026 19:09
LD002795,Eldoret,AGO,Tsavo Energy Group,TRK-303,32600,4790135.4,4822729.0,2026-07-15 21:06
LD002796,Eld,PMS,Uhuru Energy Partners,TRK-804,29900,2995491.3,3025387.6,2026-07-15 18:27
LD002797,Eldoret,AGO,Zenith Petroleum,TRK-865,35800,2849447.1,2885245.4,15/07/2026 06:00
LD002798,Eldoret,PMS,,TRK-746,34500,2362667.3,2397169.1,15/07/2026 17:12
LD002799,Eld,AGO,Amani Petroleum,TRK-663,26000,4625565.9,4651560.3,2026-07-15 13:15
LD002800,Eld,IK,Tsavo Energy Group,TRK-962,25900,3888389.8,3914290.3,2026-07-15 22:44
LD002801,ELDORET,AGO,Kilele Fuels,TRK-814,22800,3360924.8,3383719.6,2026-07-15 06:03
LD002802,Eld,AGO,Nyanza Petroleum Co,TRK-281,31100,4536829.4,4567935.9,2026-07-15 18:59
LD002803,Nakuru,AGO,Summit Downstream Ltd,TRK-308,32200,1233188.8,1265390.7,15/07/2026 21:39
LD002804,Nku,PMS,Mara Fuels,TRK-746,33700,1449531.9,1483236.4,15/07/2026 07:32
LD002805,Nakuru,PMS,Nyanza Petroleum Co,TRK-412,25600,4505683.8,4531286.5,2026-07-15 19:06
LD002806,Nakuru,IK,Amani Petroleum,TRK-305,22600,4417383.9,4439986.2,2026-07-15 11:09
LD002807,NAKURU,PMS,Amani Petroleum,TRK-329,31000,3080330.7,3111329.2,2026-07-15 22:54
LD002808,Nku,AGO,Delta Oil Marketers,TRK-882,23100,2139410.7,2162516.7,2026-07-15 07:33
LD002809,NAKURU,PMS,Summit Downstream Ltd,TRK-144,28100,3125323.2,3153426.0,15/07/2026 20:31
LD002810,Nku,AGO,Highland Energy Co,TRK-976,29300,4123141.9,4152444.9,15/07/2026 10:00
LD002811,NAKURU,PMS,Baraka Downstream,TRK-555,23100,1200258.1,1223362.2,2026-07-15 07:39
LD002812,NAKURU,AGO,Horizon Oil Marketers,TRK-707,26600,4505255.9,4531850.6,2026-07-15 21:44
LD002813,Nakuru,AGO,Delta Oil Marketers,TRK-791,24800,1047485.4,1072288.8,2026-07-15 14:22
LD002814,Nakuru,AGO,Summit Downstream Ltd,TRK-882,26000,3139491.0,3165482.4,15/07/2026 17:23
LD002815,Nku,AGO,Mara Fuels,TRK-415,34000,4649940.2,4683938.8,2026-07-15 08:08
LD002816,Nku,PMS,Aberdare Oil Traders,TRK-743,28800,4796449.8,4825241.3,2026-07-15 12:38
LD002817,Kisii,AGO,Baraka Downstream,TRK-722,31500,1376961.4,1408454.4,15/07/2026 14:56
LD002818,KISII,PMS,Crescent Oil Ltd,TRK-704,32200,3158463.4,3190667.8,2026-07-15 20:09
LD002819, Kisii ,AGO,Rift Valley Fuels Ltd,TRK-666,22100,3106077.8,3128171.8,15/07/2026 17:31
LD002820, Kisii ,PMS,Highland Energy Co,TRK-732,33500,1044113.8,1077611.8,15/07/2026 20:16
LD002821, Kisii ,PMS,Equator Fuels,TRK-921,25000,1050380.2,1075378.8,15/07/2026 07:32
LD002822, Kisii ,PMS,Coastline Energy Ltd,TRK-631,20900,3386522.1,3407419.3,15/07/2026 19:15
LD002823,KISII,PMS,Highland Energy Co,TRK-489,21400,3806854.5,3828257.7,2026-07-15 22:51
LD002824, Kisii ,PMS,Crescent Oil Ltd,TRK-755,30300,4080525.2,4110823.6,15/07/2026 15:00
LD002825,Kisii,AGO,Horizon Oil Marketers,TRK-132,22300,4336501.7,4358794.1,15/07/2026 15:10
LD002826, Kisii ,PMS,Summit Downstream Ltd,TRK-666,35700,1121357.0,1157064.1,2026-07-15 19:02
