payment_id,invoice_id,amount_paid_kes,payment_date,payment_method
PMT000001,INV000001,5026533.24,15/06/2026 08:36,Bank Transfer
PMT000002,INV000002,4176933.52,2026-07-02 05:06,RTGS
PMT000003,INV000003,3271109.84,2026-06-08 18:48,RTGS
PMT000004,INV000004,5823850.74,01/08/2026 14:38,Cheque
PMT000005,INV000005,4160039.86,06/06/2026 00:29,RTGS
PMT000006,INV000006,"4,286,588.59",2026-06-04 22:38,Mobile Money
PMT000007,INV000007,4214332.19,17/07/2026 10:39,Cheque
PMT000008,INV000009,4566670.23,07/08/2026 18:13,Cheque
PMT000009,INV000010,"4,523,222.41",2026-06-12 02:51,RTGS
PMT000010,INV000011,5261505.15,06/06/2026 00:42,Cheque
PMT000011,INV000012,4719872.06,2026-06-23 09:17,RTGS
PMT000012,INV000013,3828695.26,17/07/2026 04:12,RTGS
PMT000013,INV000014,5361068.95,2026-06-16 01:29,Mobile Money
PMT000014,INV000015,3795879.56,2026-06-19 00:53,RTGS
PMT000015,INV000016,3765960.62,2026-06-22 15:32,Bank Transfer
PMT000016,INV000017,3923541.09,2026-06-08 04:56,RTGS
PMT000017,INV000018,4658603.18,01/08/2026 00:33,Cheque
PMT000018,INV000019,4106604.69,08/06/2026 09:20,Bank Transfer
PMT000019,INV000020,"4,563,614.32",17/06/2026 10:53,Mobile Money
PMT000020,INV000021,5313841.13,2026-06-11 03:25,Mobile Money
PMT000021,INV000022,4373815.92,11/06/2026 16:14,RTGS
PMT000022,INV000023,4760524.25,2026-06-22 12:04,Mobile Money
PMT000023,INV000024,4054202.93,10/08/2026 21:41,Bank Transfer
PMT000024,INV000025,4564868.43,16/06/2026 15:45,RTGS
PMT000025,INV000026,5176764.24,25/06/2026 08:42,RTGS
PMT000026,INV000027,"3,809,140.77",2026-06-03 03:05,Mobile Money
PMT000027,INV000028,3477666.13,04/07/2026 16:57,Bank Transfer
PMT000028,INV000029,"5,536,660.87",2026-06-05 23:51,Bank Transfer
PMT000029,INV000030,5628651.69,2026-06-05 04:16,Bank Transfer
PMT000030,INV000031,3886705.77,2026-06-04 15:36,Cheque
PMT000031,INV000032,5114293.01,2026-06-15 21:45,Bank Transfer
PMT000032,INV000033,"4,212,376.04",2026-08-02 19:00,Bank Transfer
PMT000033,INV000034,"3,368,104.61",2026-06-15 09:28,Mobile Money
PMT000034,INV000035,4440161.82,2026-06-06 00:00,Cheque
PMT000035,INV000036,"4,268,362.06",06/06/2026 23:28,Cheque
PMT000036,INV000037,3798194.84,10/06/2026 03:44,Cheque
PMT000037,INV000038,4595071.16,03/06/2026 04:40,Cheque
PMT000038,INV000039,3625469.15,2026-06-11 14:11,RTGS
PMT000039,INV000040,3671714.68,2026-06-16 23:54,Cheque
PMT000040,INV000041,4950938.40,2026-08-02 01:55,Cheque
PMT000041,INV000042,4642118.10,2026-06-09 01:23,Mobile Money
PMT000042,INV000043,5518091.25,06/06/2026 10:21,Mobile Money
PMT000043,INV000044,3794854.93,2026-07-04 03:37,Mobile Money
PMT000044,INV000045,3158658.16,23/06/2026 14:28,Cheque
PMT000045,INV000046,3644787.23,2026-07-08 14:49,Cheque
PMT000046,INV000047,4098195.87,2026-06-04 22:23,Bank Transfer
PMT000047,INV000048,"3,707,650.73",08/06/2026 19:36,Mobile Money
PMT000048,INV000049,4792703.98,01/08/2026 04:03,Mobile Money
PMT000049,INV000050,4851776.27,2026-06-04 15:59,Bank Transfer
PMT000050,INV000051,5663361.21,2026-06-17 02:53,Cheque
PMT000051,INV000052,3924857.19,04/06/2026 16:19,Cheque
PMT000052,INV000053,5654644.72,10/06/2026 08:33,Bank Transfer
PMT000053,INV000054,4697816.51,02/07/2026 02:33,Bank Transfer
PMT000054,INV000055,3286000.41,2026-06-08 22:10,Cheque
PMT000055,INV000056,"4,804,952.63",01/07/2026 17:02,Cheque
PMT000056,INV000057,5129102.55,15/06/2026 16:34,RTGS
PMT000057,INV000058,3837366.14,2026-08-02 22:20,Mobile Money
PMT000058,INV000059,"5,052,576.83",2026-06-08 19:55,Mobile Money
PMT000059,INV000060,3347118.62,02/06/2026 14:13,Bank Transfer
PMT000060,INV000061,5640244.54,2026-06-12 11:26,Cheque
PMT000061,INV000062,5307072.71,2026-06-23 10:51,Cheque
PMT000062,INV000063,3881246.64,2026-07-09 19:30,Bank Transfer
PMT000063,INV000064,"3,384,035.25",2026-06-10 12:44,Cheque
PMT000064,INV000065,4488018.72,2026-06-16 18:14,RTGS
PMT000065,INV000066,"5,925,352.43",2026-07-06 02:01,Mobile Money
PMT000066,INV000067,4537204.49,2026-07-02 20:53,Mobile Money
PMT000067,INV000068,3696668.22,2026-06-17 06:09,RTGS
PMT000068,INV000069,"4,307,970.64",2026-07-04 11:29,RTGS
PMT000069,INV000070,3695528.60,2026-06-16 15:26,RTGS
PMT000070,INV000071,5021723.26,2026-06-10 18:28,RTGS
PMT000071,INV000072,4006646.00,06/06/2026 01:32,Bank Transfer
PMT000072,INV000073,"5,049,771.34",2026-08-04 03:00,Mobile Money
PMT000073,INV000074,4250061.70,2026-06-10 13:19,RTGS
PMT000074,INV000075,5022946.54,2026-06-09 22:14,Cheque
PMT000075,INV000076,3983745.16,19/07/2026 14:31,Cheque
PMT000076,INV000077,3013682.45,05/06/2026 13:30,Mobile Money
PMT000077,INV000078,3927933.26,2026-07-04 13:26,Cheque
PMT000078,INV000079,4653923.78,2026-07-04 21:06,Bank Transfer
PMT000079,INV000080,4320248.47,2026-08-01 18:44,Mobile Money
PMT000080,INV000081,3843837.98,2026-06-05 22:11,Mobile Money
PMT000081,INV000082,4744014.83,07/06/2026 02:38,RTGS
PMT000082,INV000083,5446684.65,18/07/2026 14:01,Bank Transfer
PMT000083,INV000084,"4,053,387.49",07/06/2026 01:17,Mobile Money
PMT000084,INV000085,3485135.95,16/06/2026 16:34,Cheque
PMT000085,INV000086,5446934.95,2026-06-25 03:15,RTGS
PMT000086,INV000087,3900502.61,06/06/2026 13:21,RTGS
PMT000087,INV000088,4777222.67,2026-07-17 22:36,Mobile Money
PMT000088,INV000089,5355879.12,17/06/2026 00:00,Bank Transfer
PMT000089,INV000090,3604424.61,06/06/2026 04:03,Cheque
PMT000090,INV000091,3276584.00,2026-06-05 03:30,Cheque
PMT000091,INV000092,4248402.91,2026-06-05 16:56,Mobile Money
PMT000092,INV000093,4214892.87,07/06/2026 02:11,Cheque
PMT000093,INV000094,4128331.88,25/06/2026 22:24,Cheque
PMT000094,INV000095,5071299.66,04/06/2026 23:41,Bank Transfer
PMT000095,INV000096,3501148.00,2026-06-09 20:52,Cheque
PMT000096,INV000097,5168180.48,18/07/2026 15:51,Cheque
PMT000097,INV000098,3804087.52,17/06/2026 10:24,RTGS
PMT000098,INV000099,3521349.28,2026-06-05 16:58,Cheque
PMT000099,INV000100,3684240.71,21/07/2026 06:40,Mobile Money
PMT000100,INV000101,4982915.59,05/06/2026 20:58,Bank Transfer
PMT000101,INV000102,3896364.00,23/06/2026 20:01,Mobile Money
PMT000102,INV000103,"3,643,979.44",24/06/2026 17:58,Bank Transfer
PMT000103,INV000104,"3,603,624.53",2026-06-23 15:03,RTGS
PMT000104,INV000105,5265429.18,2026-06-11 19:45,Mobile Money
PMT000105,INV000106,3528615.08,04/07/2026 18:25,Cheque
PMT000106,INV000107,4199417.01,2026-07-03 22:12,Cheque
PMT000107,INV000108,4400467.06,2026-06-10 17:32,Cheque
PMT000108,INV000110,3595563.94,2026-06-10 18:23,RTGS
PMT000109,INV000111,5847669.08,2026-07-04 18:07,Bank Transfer
PMT000110,INV000112,3359704.09,2026-06-11 16:02,RTGS
PMT000111,INV000113,5893400.11,2026-07-03 07:12,RTGS
PMT000112,INV000115,3639696.76,2026-06-17 03:40,Cheque
PMT000113,INV000116,5410531.27,2026-06-17 20:47,Cheque
PMT000114,INV000117,4813565.09,2026-06-06 20:59,RTGS
PMT000115,INV000118,4742703.85,2026-06-05 12:07,Bank Transfer
PMT000116,INV000119,2333675.10,2026-06-17 00:43,RTGS
PMT000117,INV000120,5308213.87,2026-06-16 10:59,Mobile Money
PMT000118,INV000121,3385021.15,2026-06-24 00:42,Cheque
PMT000119,INV000122,2888392.74,2026-06-18 14:10,Bank Transfer
PMT000120,INV000123,5039275.10,03/07/2026 01:19,Bank Transfer
PMT000121,INV000124,"5,889,150.38",05/06/2026 15:13,Bank Transfer
PMT000122,INV000125,3671432.44,16/06/2026 14:57,Bank Transfer
PMT000123,INV000126,1074323.53,2026-06-10 05:47,Mobile Money
PMT000124,INV000127,2945149.84,07/06/2026 17:34,Bank Transfer
PMT000125,INV000128,4991670.89,2026-06-12 06:34,RTGS
PMT000126,INV000129,4390760.57,2026-06-11 20:30,Bank Transfer
PMT000127,INV000130,3329050.56,04/06/2026 19:29,RTGS
PMT000128,INV000131,"3,525,040.96",12/06/2026 17:57,Bank Transfer
PMT000129,INV000132,3525040.96,2026-08-04 18:57,Cheque
PMT000130,INV000133,"3,781,399.85",2026-06-06 16:18,Mobile Money
PMT000131,INV000134,3705574.21,24/06/2026 13:24,Cheque
PMT000132,INV000135,3811128.34,2026-06-17 21:29,RTGS
PMT000133,INV000136,3255573.37,07/06/2026 11:16,RTGS
PMT000134,INV000137,4452148.81,2026-06-04 21:03,RTGS
PMT000135,INV000138,5224905.82,07/06/2026 01:03,Mobile Money
PMT000136,INV000139,5143021.21,2026-06-25 03:04,Bank Transfer
PMT000137,INV000140,3111900.77,06/06/2026 19:19,Cheque
PMT000138,INV000141,5227828.64,08/06/2026 07:32,Bank Transfer
PMT000139,INV000142,"4,316,842.61",07/06/2026 02:17,Mobile Money
PMT000140,INV000143,4707730.31,2026-06-17 23:56,Bank Transfer
PMT000141,INV000144,5894462.80,2026-06-25 19:43,RTGS
PMT000142,INV000145,"5,496,191.58",10/06/2026 21:09,RTGS
PMT000143,INV000146,"3,737,858.65",17/06/2026 21:18,Cheque
PMT000144,INV000147,4730461.18,10/06/2026 13:55,Bank Transfer
PMT000145,INV000148,3919614.40,04/06/2026 19:38,Bank Transfer
PMT000146,INV000149,"5,147,002.30",2026-06-11 19:09,Mobile Money
PMT000147,INV000150,"4,582,905.59",2026-06-17 09:48,Cheque
PMT000148,INV000151,4228720.63,2026-06-18 02:40,Cheque
PMT000149,INV000152,5768344.43,25/06/2026 05:37,Mobile Money
PMT000150,INV000153,5608187.17,21/06/2026 01:41,RTGS
PMT000151,INV000154,3627200.18,2026-06-06 22:12,Bank Transfer
PMT000152,INV000155,4689812.59,2026-06-06 22:44,Mobile Money
PMT000153,INV000156,4649818.33,2026-06-10 16:43,Bank Transfer
PMT000154,INV000157,"5,028,119.97",25/06/2026 03:35,Bank Transfer
PMT000155,INV000158,3307368.88,04/06/2026 08:38,RTGS
PMT000156,INV000159,4947534.98,19/07/2026 05:26,Mobile Money
PMT000157,INV000160,"4,250,574.68",2026-06-20 19:31,Cheque
PMT000158,INV000161,3867850.10,07/06/2026 16:39,Mobile Money
PMT000159,INV000162,3932339.59,2026-06-17 13:18,Bank Transfer
PMT000160,INV000163,4515791.12,2026-06-07 23:04,RTGS
PMT000161,INV000164,5580347.83,11/06/2026 10:59,RTGS
PMT000162,INV000165,"3,508,810.43",13/06/2026 12:51,RTGS
PMT000163,INV000166,5087002.08,2026-06-06 17:36,Bank Transfer
PMT000164,INV000167,2390696.89,24/06/2026 21:32,Bank Transfer
PMT000165,INV000168,3551781.88,2026-06-08 15:21,Bank Transfer
PMT000166,INV000169,"5,424,927.60",11/06/2026 03:12,RTGS
PMT000167,INV000170,4986525.57,06/06/2026 19:57,RTGS
PMT000168,INV000171,3541631.74,11/07/2026 00:51,RTGS
PMT000169,INV000172,5037611.43,2026-06-07 18:09,Cheque
PMT000170,INV000173,4162210.19,2026-06-11 14:07,Mobile Money
PMT000171,INV000174,"5,012,336.67",2026-06-06 11:03,Mobile Money
PMT000172,INV000175,3329192.59,2026-06-06 22:34,Mobile Money
PMT000173,INV000176,5350007.31,2026-06-25 21:31,Cheque
PMT000174,INV000177,4312369.39,27/06/2026 13:11,Cheque
PMT000175,INV000178,4471348.50,11/06/2026 06:16,Cheque
PMT000176,INV000179,3648852.16,2026-06-18 00:40,RTGS
PMT000177,INV000180,3542190.06,10/06/2026 16:10,Mobile Money
PMT000178,INV000181,5638116.08,05/06/2026 19:52,RTGS
PMT000179,INV000182,3633879.75,04/06/2026 10:00,Bank Transfer
PMT000180,INV000183,"3,745,523.21",10/06/2026 18:06,Bank Transfer
PMT000181,INV000184,3416090.36,2026-06-24 21:02,RTGS
PMT000182,INV000185,5614427.37,2026-07-20 17:07,Bank Transfer
PMT000183,INV000186,1305783.24,11/06/2026 04:15,Bank Transfer
PMT000184,INV000187,3953038.37,2026-06-10 03:57,RTGS
PMT000185,INV000188,4805025.86,03/07/2026 11:46,Bank Transfer
PMT000186,INV000189,3812963.27,2026-07-03 13:05,Bank Transfer
PMT000187,INV000190,5496915.71,08/06/2026 10:28,Mobile Money
PMT000188,INV000191,4484892.65,25/06/2026 20:06,Cheque
PMT000189,INV000192,"4,993,796.24",2026-06-25 00:34,Bank Transfer
PMT000190,INV000193,3579964.41,09/06/2026 18:18,Cheque
PMT000191,INV000194,4101930.30,13/06/2026 00:40,Bank Transfer
PMT000192,INV000195,3790203.50,17/06/2026 13:39,Cheque
PMT000193,INV000196,"2,921,810.68",04/06/2026 14:28,Cheque
PMT000194,INV000197,5651119.48,2026-06-12 12:15,Bank Transfer
PMT000195,INV000198,"5,028,633.77",2026-06-09 02:43,Cheque
PMT000196,INV000199,3606357.85,10/06/2026 11:02,Cheque
PMT000197,INV000200,"3,850,415.97",2026-07-04 17:17,Cheque
PMT000198,INV000201,3818205.32,12/06/2026 04:08,RTGS
PMT000199,INV000202,4176747.09,2026-06-08 15:51,RTGS
PMT000200,INV000203,4118505.64,05/06/2026 21:27,Mobile Money
PMT000201,INV000204,4302611.98,18/06/2026 08:19,RTGS
PMT000202,INV000205,"4,926,546.26",09/06/2026 00:25,RTGS
PMT000203,INV000206,"4,300,188.99",20/06/2026 02:36,Mobile Money
PMT000204,INV000207,"5,239,580.05",2026-06-10 17:37,Bank Transfer
PMT000205,INV000208,3460153.91,28/06/2026 23:38,Bank Transfer
PMT000206,INV000209,4841562.34,2026-07-06 16:24,Mobile Money
PMT000207,INV000210,5347629.89,2026-07-06 02:47,Mobile Money
PMT000208,INV000211,5102775.32,09/06/2026 02:58,RTGS
PMT000209,INV000212,4683405.14,2026-06-19 12:14,Mobile Money
PMT000210,INV000213,3628102.02,08/06/2026 00:05,RTGS
PMT000211,INV000215,4754865.43,26/06/2026 02:21,Mobile Money
PMT000212,INV000216,3283122.80,2026-06-06 16:16,Bank Transfer
PMT000213,INV000217,"4,469,373.12",26/06/2026 11:50,Mobile Money
PMT000214,INV000218,5001682.63,14/06/2026 08:21,Cheque
PMT000215,INV000219,"3,705,992.85",2026-07-07 00:29,Bank Transfer
PMT000216,INV000220,5694451.74,2026-06-27 10:09,RTGS
PMT000217,INV000221,4618564.28,2026-06-11 16:35,Cheque
PMT000218,INV000222,2797015.36,14/06/2026 16:00,Mobile Money
PMT000219,INV000224,5444327.80,2026-08-04 03:16,Cheque
PMT000220,INV000225,4334792.90,2026-06-26 03:02,Cheque
PMT000221,INV000226,3989685.23,04/08/2026 16:58,Mobile Money
PMT000222,INV000227,4232634.65,06/06/2026 15:20,Bank Transfer
PMT000223,INV000228,5307882.74,09/06/2026 04:13,RTGS
PMT000224,INV000229,3435577.23,28/06/2026 20:37,Bank Transfer
PMT000225,INV000230,4378045.40,26/07/2026 10:28,Mobile Money
PMT000226,INV000231,4556789.16,2026-06-08 02:33,RTGS
PMT000227,INV000232,"3,071,687.70",2026-06-05 17:52,RTGS
PMT000228,INV000233,3324922.12,2026-06-09 12:45,Bank Transfer
PMT000229,INV000234,4319401.68,06/07/2026 18:25,Cheque
PMT000230,INV000235,3835787.86,26/06/2026 00:01,Bank Transfer
PMT000231,INV000236,3816306.49,2026-06-09 18:50,Bank Transfer
PMT000232,INV000237,4789742.28,2026-06-07 13:13,RTGS
PMT000233,INV000238,4173364.35,21/06/2026 00:07,Bank Transfer
PMT000234,INV000239,4852364.58,07/06/2026 22:00,Cheque
PMT000235,INV000240,3745876.25,26/06/2026 17:02,Mobile Money
PMT000236,INV000241,3721892.23,2026-06-14 08:44,RTGS
PMT000237,INV000242,4077383.66,2026-06-18 20:37,Bank Transfer
PMT000238,INV000243,4717612.73,05/07/2026 09:35,Cheque
PMT000239,INV000244,3884449.80,13/06/2026 15:04,Bank Transfer
PMT000240,INV000245,3527927.97,2026-06-09 17:04,Cheque
PMT000241,INV000246,"3,264,650.62",2026-06-25 18:14,Bank Transfer
PMT000242,INV000247,"5,533,445.74",08/06/2026 21:10,RTGS
PMT000243,INV000248,4828676.93,2026-07-06 06:40,Mobile Money
PMT000244,INV000249,3286453.97,06/06/2026 15:12,RTGS
PMT000245,INV000250,3629706.48,2026-07-04 14:13,Mobile Money
PMT000246,INV000251,"4,326,779.77",2026-06-06 20:19,Bank Transfer
PMT000247,INV000252,5197916.93,2026-06-08 00:52,RTGS
PMT000248,INV000253,4582835.06,11/06/2026 09:11,RTGS
PMT000249,INV000254,4580877.20,2026-07-19 19:00,Mobile Money
PMT000250,INV000255,3210229.00,2026-06-09 16:34,Bank Transfer
PMT000251,INV000256,"5,285,258.01",2026-06-05 18:39,RTGS
PMT000252,INV000257,"2,749,324.17",07/06/2026 21:07,Bank Transfer
PMT000253,INV000258,3993374.44,2026-06-26 16:02,Bank Transfer
PMT000254,INV000259,5634129.57,14/06/2026 07:16,Bank Transfer
PMT000255,INV000260,4018134.91,27/06/2026 04:47,Mobile Money
PMT000256,INV000261,"5,658,632.30",27/06/2026 09:49,Bank Transfer
PMT000257,INV000262,"4,490,151.92",2026-06-22 16:52,RTGS
PMT000258,INV000263,5242640.03,2026-07-05 15:31,RTGS
PMT000259,INV000264,5242640.03,08/06/2026 16:31,RTGS
PMT000260,INV000265,4383388.38,08/06/2026 13:21,Bank Transfer
PMT000261,INV000266,5730429.26,29/06/2026 17:43,Mobile Money
PMT000262,INV000267,3203975.66,09/06/2026 03:35,Cheque
PMT000263,INV000268,4872255.73,2026-06-06 12:23,RTGS
PMT000264,INV000269,4149762.71,2026-07-21 23:20,RTGS
PMT000265,INV000270,4297827.72,2026-06-19 15:03,Cheque
PMT000266,INV000271,4634348.58,2026-06-13 14:06,Cheque
PMT000267,INV000272,"5,398,071.32",26/06/2026 14:48,Mobile Money
PMT000268,INV000273,4376915.39,2026-06-10 19:11,Mobile Money
PMT000269,INV000274,3962635.76,23/07/2026 21:42,RTGS
PMT000270,INV000275,4840698.40,06/06/2026 12:43,Cheque
PMT000271,INV000276,3958553.52,20/06/2026 00:14,Cheque
PMT000272,INV000277,4066314.96,28/06/2026 00:47,Cheque
PMT000273,INV000278,4033060.88,20/06/2026 02:57,Cheque
PMT000274,INV000279,4915138.70,27/06/2026 04:52,Bank Transfer
PMT000275,INV000280,"4,919,781.07",2026-07-23 09:07,Mobile Money
PMT000276,INV000281,4765569.46,2026-06-26 10:30,Bank Transfer
PMT000277,INV000282,4771894.89,2026-06-10 00:05,Cheque
PMT000278,INV000283,4666633.54,27/06/2026 02:37,RTGS
PMT000279,INV000284,4263203.75,2026-07-27 22:29,Cheque
PMT000280,INV000285,5024851.03,19/06/2026 17:12,Bank Transfer
PMT000281,INV000286,3648565.85,26/06/2026 21:04,Bank Transfer
PMT000282,INV000287,"3,406,522.67",14/06/2026 14:07,RTGS
PMT000283,INV000288,4322722.91,2026-06-09 10:36,RTGS
PMT000284,INV000289,4598876.21,06/06/2026 21:04,Mobile Money
PMT000285,INV000290,5583277.68,2026-07-20 17:47,RTGS
PMT000286,INV000291,4616912.24,2026-06-26 08:35,RTGS
PMT000287,INV000292,5498880.46,2026-06-06 19:39,Bank Transfer
PMT000288,INV000293,"4,919,368.01",2026-07-05 13:40,Cheque
PMT000289,INV000294,3103544.70,12/06/2026 18:24,Cheque
PMT000290,INV000295,"4,484,325.03",2026-06-26 21:50,Cheque
PMT000291,INV000296,4260042.86,2026-06-09 10:33,Bank Transfer
PMT000292,INV000297,4671576.93,23/07/2026 23:33,Cheque
PMT000293,INV000298,5627544.56,20/06/2026 02:13,Mobile Money
PMT000294,INV000299,4432598.60,2026-06-30 07:15,Mobile Money
PMT000295,INV000300,3621011.35,07/06/2026 02:43,Bank Transfer
PMT000296,INV000301,3261742.79,11/06/2026 00:34,Cheque
PMT000297,INV000302,5477600.80,08/06/2026 06:06,Cheque
PMT000298,INV000303,"3,904,956.39",21/07/2026 15:53,Bank Transfer
PMT000299,INV000304,5031396.70,09/06/2026 01:31,RTGS
PMT000300,INV000305,5504688.09,2026-06-27 19:37,Cheque
PMT000301,INV000306,"4,628,341.27",06/06/2026 15:33,RTGS
PMT000302,INV000307,"5,004,592.12",2026-06-10 09:31,RTGS
PMT000303,INV000308,"3,637,295.19",2026-06-08 12:53,RTGS
PMT000304,INV000309,3711408.70,2026-07-03 17:51,RTGS
PMT000305,INV000310,3514852.47,22/07/2026 18:42,Bank Transfer
PMT000306,INV000311,3328520.58,20/07/2026 15:01,Mobile Money
PMT000307,INV000312,1679303.99,2026-07-06 21:44,Mobile Money
PMT000308,INV000313,5738284.50,13/06/2026 05:07,RTGS
PMT000309,INV000314,4765632.70,2026-07-05 22:39,Mobile Money
PMT000310,INV000315,4390441.64,09/06/2026 21:31,Mobile Money
PMT000311,INV000316,4075573.42,08/07/2026 16:27,Cheque
PMT000312,INV000317,3416171.96,2026-06-09 16:25,Cheque
PMT000313,INV000318,5614913.74,2026-06-09 14:34,RTGS
PMT000314,INV000319,5132295.14,10/06/2026 20:36,RTGS
PMT000315,INV000320,4592921.41,15/06/2026 01:53,RTGS
PMT000316,INV000321,3906848.75,13/06/2026 23:55,RTGS
PMT000317,INV000322,3950450.27,07/07/2026 22:40,Cheque
PMT000318,INV000323,3542078.29,28/06/2026 05:29,RTGS
PMT000319,INV000324,"5,884,592.55",10/06/2026 14:05,RTGS
PMT000320,INV000325,5752342.38,10/06/2026 02:02,Cheque
PMT000321,INV000326,5415956.52,2026-06-13 16:31,Cheque
PMT000322,INV000327,4805792.20,09/07/2026 15:37,Mobile Money
PMT000323,INV000328,2857965.89,2026-06-07 23:41,Cheque
PMT000324,INV000329,4785229.91,2026-06-16 22:08,Cheque
PMT000325,INV000330,4136781.07,2026-06-09 13:57,RTGS
PMT000326,INV000331,5865717.30,24/06/2026 02:15,RTGS
PMT000327,INV000332,3656882.74,2026-06-09 19:52,RTGS
PMT000328,INV000333,4750183.04,2026-06-08 05:34,Mobile Money
PMT000329,INV000334,3223398.69,09/06/2026 16:25,Mobile Money
PMT000330,INV000335,4213802.08,12/06/2026 17:39,RTGS
PMT000331,INV000336,"5,020,605.05",2026-06-13 05:48,RTGS
PMT000332,INV000337,"3,410,576.78",21/06/2026 14:47,Mobile Money
PMT000333,INV000338,4399511.92,2026-06-07 17:30,Bank Transfer
PMT000334,INV000339,3780379.11,2026-06-08 04:31,Bank Transfer
PMT000335,INV000340,3819181.16,2026-06-10 00:27,Cheque
PMT000336,INV000341,"4,011,234.71",23/06/2026 12:03,Cheque
PMT000337,INV000342,4781650.67,28/06/2026 17:35,Bank Transfer
PMT000338,INV000343,5771601.17,13/06/2026 09:19,RTGS
PMT000339,INV000344,"3,697,178.62",10/06/2026 19:56,Bank Transfer
PMT000340,INV000345,5318953.28,2026-06-08 18:22,Bank Transfer
PMT000341,INV000346,5152521.47,13/06/2026 19:04,Cheque
PMT000342,INV000347,3783903.99,2026-06-20 13:10,Mobile Money
PMT000343,INV000348,4581384.08,2026-07-07 20:37,Cheque
PMT000344,INV000349,3449793.28,14/07/2026 04:25,Mobile Money
PMT000345,INV000350,3131362.32,16/06/2026 23:46,Bank Transfer
PMT000346,INV000351,"4,110,912.42",2026-06-15 00:04,RTGS
PMT000347,INV000352,4010993.77,2026-06-10 16:36,RTGS
PMT000348,INV000353,3641763.32,10/06/2026 01:02,Mobile Money
PMT000349,INV000354,4512713.86,24/07/2026 10:11,Cheque
PMT000350,INV000355,"5,806,205.86",08/06/2026 01:11,RTGS
PMT000351,INV000356,4290112.12,05/08/2026 15:10,Bank Transfer
PMT000352,INV000357,3457882.76,15/06/2026 01:49,RTGS
PMT000353,INV000358,3222114.25,15/06/2026 10:47,Mobile Money
PMT000354,INV000359,3651169.92,19/06/2026 14:19,Mobile Money
PMT000355,INV000360,4880838.73,23/06/2026 12:59,Mobile Money
PMT000356,INV000361,3082649.10,15/06/2026 00:56,Mobile Money
PMT000357,INV000362,3895537.98,2026-06-15 02:03,Cheque
PMT000358,INV000363,"4,260,179.97",12/06/2026 17:28,Bank Transfer
PMT000359,INV000364,2851733.28,09/06/2026 00:11,Cheque
PMT000360,INV000365,5420689.52,14/06/2026 16:10,RTGS
PMT000361,INV000366,4626178.62,2026-06-09 20:56,Mobile Money
PMT000362,INV000367,4104711.29,2026-06-27 19:58,RTGS
PMT000363,INV000368,"5,111,754.39",2026-06-28 12:29,Bank Transfer
PMT000364,INV000369,2067742.56,21/06/2026 00:45,RTGS
PMT000365,INV000370,5081714.31,2026-06-19 19:24,Bank Transfer
PMT000366,INV000371,"3,188,065.64",2026-06-28 15:23,RTGS
PMT000367,INV000372,4987954.16,2026-06-09 12:56,Cheque
PMT000368,INV000373,4685152.82,2026-06-09 20:41,Mobile Money
PMT000369,INV000374,5701971.83,2026-06-09 12:09,Cheque
PMT000370,INV000375,3448778.61,2026-06-27 11:57,Bank Transfer
PMT000371,INV000376,4313390.33,2026-06-10 04:27,Cheque
PMT000372,INV000377,3780118.20,2026-06-13 02:09,Mobile Money
PMT000373,INV000378,5273961.91,14/06/2026 12:02,Bank Transfer
PMT000374,INV000379,5586867.22,2026-06-07 18:34,Cheque
PMT000375,INV000380,5214839.91,27/06/2026 18:38,Cheque
PMT000376,INV000381,4313792.62,2026-06-20 09:56,Cheque
PMT000377,INV000382,3446821.38,2026-07-21 21:13,Mobile Money
PMT000378,INV000383,4546176.89,10/06/2026 17:58,Cheque
PMT000379,INV000384,4641392.25,2026-06-11 02:32,RTGS
PMT000380,INV000385,3826203.54,2026-06-28 23:03,RTGS
PMT000381,INV000386,3624904.77,22/06/2026 19:46,RTGS
PMT000382,INV000387,5760501.52,2026-06-10 09:41,Mobile Money
PMT000383,INV000388,4255547.81,22/06/2026 23:46,Cheque
PMT000384,INV000389,5602006.39,2026-07-01 17:41,Mobile Money
PMT000385,INV000390,4834377.96,08/06/2026 08:35,Bank Transfer
PMT000386,INV000391,4834377.96,28/06/2026 09:35,Bank Transfer
PMT000387,INV000392,4363619.08,2026-06-11 01:45,RTGS
PMT000388,INV000393,5359978.13,22/07/2026 15:22,RTGS
PMT000389,INV000394,"5,359,978.13",14/06/2026 16:22,Cheque
PMT000390,INV000395,5930753.60,08/06/2026 15:55,Mobile Money
PMT000391,INV000396,"4,220,981.85",2026-06-16 17:01,Cheque
PMT000392,INV000397,4538772.52,2026-08-07 13:28,RTGS
PMT000393,INV000398,"3,255,401.78",2026-06-29 08:16,Mobile Money
PMT000394,INV000399,"5,111,459.69",2026-06-14 01:54,RTGS
PMT000395,INV000401,5636208.23,22/06/2026 15:27,Mobile Money
PMT000396,INV000402,3854877.07,21/06/2026 20:55,RTGS
PMT000397,INV000403,3500266.51,2026-06-16 06:34,Cheque
PMT000398,INV000404,"3,579,206.29",2026-06-11 00:28,RTGS
PMT000399,INV000405,5007303.88,23/06/2026 11:13,Bank Transfer
PMT000400,INV000406,5740942.91,2026-06-21 21:01,RTGS
PMT000401,INV000407,4638405.64,10/06/2026 18:06,RTGS
PMT000402,INV000408,4773124.37,02/07/2026 04:54,Cheque
PMT000403,INV000409,4821645.53,2026-06-14 20:11,Mobile Money
PMT000404,INV000410,3539649.96,10/06/2026 14:26,Bank Transfer
PMT000405,INV000411,3741599.66,2026-06-13 13:54,RTGS
PMT000406,INV000412,"4,946,635.90",21/06/2026 14:58,RTGS
PMT000407,INV000413,"5,283,683.66",21/06/2026 20:31,Mobile Money
PMT000408,INV000414,5366992.05,22/06/2026 19:02,Bank Transfer
PMT000409,INV000415,5079771.90,2026-06-13 15:25,Bank Transfer
PMT000410,INV000416,4801735.17,2026-06-21 12:55,Cheque
PMT000411,INV000417,4149446.88,24/07/2026 19:54,Cheque
PMT000412,INV000418,5091337.92,2026-06-16 21:38,Cheque
PMT000413,INV000419,3632559.38,14/06/2026 00:41,Bank Transfer
PMT000414,INV000420,5074456.64,2026-06-28 19:05,Cheque
PMT000415,INV000421,5763941.10,2026-06-17 18:40,Mobile Money
PMT000416,INV000422,5276387.92,2026-06-11 03:20,Cheque
PMT000417,INV000423,4136062.67,2026-06-09 05:02,Mobile Money
PMT000418,INV000424,4169555.25,2026-06-13 04:07,Bank Transfer
PMT000419,INV000425,3971648.69,2026-06-15 19:50,Bank Transfer
PMT000420,INV000427,4626517.10,09/06/2026 17:47,Mobile Money
PMT000421,INV000428,4255125.24,10/07/2026 18:49,Mobile Money
PMT000422,INV000429,2853722.25,14/06/2026 19:31,Cheque
PMT000423,INV000430,4410819.68,21/06/2026 15:14,Bank Transfer
PMT000424,INV000431,4878988.20,15/06/2026 15:20,RTGS
PMT000425,INV000432,5423874.16,2026-06-23 11:37,RTGS
PMT000426,INV000433,3883950.81,2026-06-16 22:59,Cheque
PMT000427,INV000434,4710828.63,28/06/2026 10:58,Cheque
PMT000428,INV000435,3802190.82,2026-07-09 23:01,Bank Transfer
PMT000429,INV000436,3954909.02,2026-06-22 11:21,Bank Transfer
PMT000430,INV000437,5119502.07,2026-06-14 17:49,Mobile Money
PMT000431,INV000438,5018001.57,30/06/2026 22:45,Cheque
PMT000432,INV000439,4460790.48,2026-06-15 09:11,Mobile Money
PMT000433,INV000440,3801079.51,09/06/2026 22:40,RTGS
PMT000434,INV000441,4311258.74,2026-06-10 10:15,Bank Transfer
PMT000435,INV000442,4956336.36,25/07/2026 00:44,Mobile Money
PMT000436,INV000443,3818665.73,11/06/2026 15:11,Mobile Money
PMT000437,INV000444,"4,359,068.04",10/07/2026 16:49,Cheque
PMT000438,INV000445,4005188.92,11/06/2026 11:15,Cheque
PMT000439,INV000446,3999576.68,25/06/2026 20:22,Bank Transfer
PMT000440,INV000447,3363061.59,23/06/2026 05:16,Mobile Money
PMT000441,INV000448,4448750.05,2026-06-13 19:00,Bank Transfer
PMT000442,INV000449,4638576.14,2026-06-29 23:34,RTGS
PMT000443,INV000450,3599810.78,2026-06-26 00:55,Bank Transfer
PMT000444,INV000451,4210943.90,2026-06-15 22:54,Mobile Money
PMT000445,INV000452,4085756.88,2026-06-24 01:49,Cheque
PMT000446,INV000453,4456599.34,2026-06-09 12:09,RTGS
PMT000447,INV000454,4932375.83,2026-06-16 15:22,RTGS
PMT000448,INV000455,5075451.00,2026-06-11 09:15,Cheque
PMT000449,INV000456,4461089.03,2026-06-14 19:31,RTGS
PMT000450,INV000457,3931972.67,2026-07-23 23:46,Cheque
PMT000451,INV000458,4667197.17,2026-06-23 22:08,Cheque
PMT000452,INV000459,4928776.27,02/07/2026 21:18,Mobile Money
PMT000453,INV000460,3233542.50,2026-06-22 20:21,RTGS
PMT000454,INV000461,5604854.77,2026-06-12 10:18,Mobile Money
PMT000455,INV000462,3900883.25,24/06/2026 02:37,RTGS
PMT000456,INV000463,3586896.76,30/06/2026 01:08,Bank Transfer
PMT000457,INV000464,4124612.46,09/06/2026 17:43,Cheque
PMT000458,INV000465,4000252.63,2026-07-08 20:04,RTGS
PMT000459,INV000466,3719844.16,23/06/2026 22:17,Mobile Money
PMT000460,INV000467,"5,607,333.49",11/06/2026 18:42,Mobile Money
PMT000461,INV000468,4629071.75,15/06/2026 22:06,Mobile Money
PMT000462,INV000469,5058734.90,2026-06-15 23:40,Cheque
PMT000463,INV000470,"4,810,218.65",11/06/2026 10:02,Bank Transfer
PMT000464,INV000471,4285489.54,2026-06-30 22:08,RTGS
PMT000465,INV000472,5489738.82,2026-07-11 22:21,Mobile Money
PMT000466,INV000473,4134529.77,2026-06-29 15:32,Bank Transfer
PMT000467,INV000474,3494479.66,2026-07-08 21:36,Cheque
PMT000468,INV000476,3720248.36,2026-07-24 19:49,Mobile Money
PMT000469,INV000477,4708320.54,25/07/2026 15:11,Cheque
PMT000470,INV000478,3474712.82,2026-06-10 21:14,RTGS
PMT000471,INV000479,3117361.83,2026-06-17 04:30,Bank Transfer
PMT000472,INV000480,3901207.77,2026-06-11 18:20,Mobile Money
PMT000473,INV000481,4436532.63,16/06/2026 04:45,Mobile Money
PMT000474,INV000482,"3,882,899.98",23/07/2026 16:19,Mobile Money
PMT000475,INV000483,5378766.08,13/06/2026 13:15,Cheque
PMT000476,INV000484,5021542.90,29/06/2026 14:37,Cheque
PMT000477,INV000485,3663991.98,2026-06-22 12:22,Mobile Money
PMT000478,INV000486,4215120.17,13/06/2026 13:05,RTGS
PMT000479,INV000487,"4,268,238.85",11/06/2026 20:48,Mobile Money
PMT000480,INV000488,3422414.40,2026-06-18 06:16,Mobile Money
PMT000481,INV000489,3403974.32,2026-06-13 22:35,Mobile Money
PMT000482,INV000490,3387484.97,2026-06-23 13:53,Bank Transfer
PMT000483,INV000491,"5,101,974.37",2026-06-16 16:57,Bank Transfer
PMT000484,INV000492,2707813.88,12/06/2026 15:41,Mobile Money
PMT000485,INV000493,4091569.71,2026-06-16 11:28,Bank Transfer
PMT000486,INV000494,4451100.78,12/06/2026 11:06,RTGS
PMT000487,INV000495,4487754.01,2026-07-09 18:27,Mobile Money
PMT000488,INV000496,3569111.61,2026-06-12 12:35,RTGS
PMT000489,INV000497,5282758.41,2026-07-11 09:02,Bank Transfer
PMT000490,INV000498,5087721.21,08/07/2026 03:18,RTGS
PMT000491,INV000499,5614474.49,30/06/2026 07:33,Cheque
PMT000492,INV000500,3202295.46,15/06/2026 00:47,Cheque
PMT000493,INV000501,3414903.52,12/06/2026 20:15,Mobile Money
PMT000494,INV000502,4414170.36,16/06/2026 19:58,RTGS
PMT000495,INV000503,5003354.29,2026-06-12 12:24,Mobile Money
PMT000496,INV000504,4941293.13,24/07/2026 22:28,Bank Transfer
PMT000497,INV000505,3466142.66,16/06/2026 23:15,Mobile Money
PMT000498,INV000506,5055018.23,15/08/2026 08:30,Bank Transfer
PMT000499,INV000507,4485396.54,2026-06-30 21:16,Mobile Money
PMT000500,INV000508,"4,287,733.64",2026-06-11 14:26,Mobile Money
PMT000501,INV000509,3437344.13,25/06/2026 01:27,RTGS
PMT000502,INV000510,3703911.11,2026-06-15 19:01,Mobile Money
PMT000503,INV000511,3249946.96,2026-06-15 01:57,Bank Transfer
PMT000504,INV000512,4864840.90,2026-06-13 15:52,Mobile Money
PMT000505,INV000513,"3,911,015.05",2026-07-26 08:30,Mobile Money
PMT000506,INV000514,4994750.17,19/06/2026 00:30,Mobile Money
PMT000507,INV000515,3938340.63,2026-06-24 02:35,Bank Transfer
PMT000508,INV000516,4656815.14,14/06/2026 21:07,RTGS
PMT000509,INV000517,3886313.07,2026-06-17 21:49,Mobile Money
PMT000510,INV000518,"4,637,574.24",2026-06-18 11:30,Cheque
PMT000511,INV000519,4313516.84,2026-06-13 18:56,Cheque
PMT000512,INV000520,4322375.92,2026-06-13 05:34,Cheque
PMT000513,INV000521,3283867.00,2026-06-16 10:16,Bank Transfer
PMT000514,INV000522,3283867.00,23/06/2026 11:16,Mobile Money
PMT000515,INV000523,4385076.08,12/06/2026 14:32,Mobile Money
PMT000516,INV000524,5352593.35,2026-08-09 21:22,Bank Transfer
PMT000517,INV000525,"4,699,823.76",2026-06-10 22:40,Cheque
PMT000518,INV000526,4401091.55,2026-06-18 07:58,Mobile Money
PMT000519,INV000527,3830574.65,11/06/2026 23:18,Cheque
PMT000520,INV000528,3488558.35,11/06/2026 00:05,Bank Transfer
PMT000521,INV000529,3910161.77,01/08/2026 05:58,Bank Transfer
PMT000522,INV000530,"5,326,187.05",11/07/2026 14:35,RTGS
PMT000523,INV000531,4892671.07,30/06/2026 17:43,Mobile Money
PMT000524,INV000532,"3,668,044.60",11/07/2026 05:12,Cheque
PMT000525,INV000533,4135201.65,2026-07-10 08:17,Cheque
PMT000526,INV000534,3406957.48,2026-06-24 11:59,Bank Transfer
PMT000527,INV000535,2321752.64,2026-06-16 09:26,Mobile Money
PMT000528,INV000536,3141470.03,25/06/2026 01:38,Mobile Money
PMT000529,INV000537,"5,477,889.11",2026-07-01 14:22,Cheque
PMT000530,INV000538,3817982.34,2026-06-12 01:01,RTGS
PMT000531,INV000539,5073427.43,2026-07-10 03:05,RTGS
PMT000532,INV000540,3966168.64,13/06/2026 23:19,Cheque
PMT000533,INV000541,4415432.46,2026-07-10 19:50,Bank Transfer
PMT000534,INV000542,5801464.03,12/06/2026 14:59,Cheque
PMT000535,INV000543,5606168.71,12/06/2026 21:20,Mobile Money
PMT000536,INV000544,4424556.45,13/06/2026 18:29,Mobile Money
PMT000537,INV000545,3550115.97,09/07/2026 13:52,Bank Transfer
PMT000538,INV000546,4077014.55,2026-06-12 19:35,Mobile Money
PMT000539,INV000547,5326639.99,25/06/2026 09:50,RTGS
PMT000540,INV000548,"3,500,307.32",2026-06-24 03:05,Cheque
PMT000541,INV000549,3181874.16,2026-06-12 09:18,Mobile Money
PMT000542,INV000550,4245307.20,09/08/2026 17:55,Bank Transfer
PMT000543,INV000551,5865460.37,10/06/2026 12:25,RTGS
PMT000544,INV000552,5126450.36,2026-06-25 08:15,Cheque
PMT000545,INV000553,4459698.33,16/06/2026 13:21,RTGS
PMT000546,INV000554,4051127.29,13/06/2026 10:55,Bank Transfer
PMT000547,INV000555,5332992.58,2026-06-12 22:14,Cheque
PMT000548,INV000556,3672627.40,2026-06-30 14:48,Cheque
PMT000549,INV000557,5653127.84,2026-07-26 16:06,Cheque
PMT000550,INV000558,5203272.21,2026-06-11 20:51,RTGS
PMT000551,INV000559,"5,479,991.29",13/06/2026 23:55,Bank Transfer
PMT000552,INV000560,4088086.09,2026-08-10 17:04,Mobile Money
PMT000553,INV000561,5323108.10,12/06/2026 11:57,Bank Transfer
PMT000554,INV000562,3221033.94,20/06/2026 05:52,Bank Transfer
PMT000555,INV000563,4248036.48,2026-06-17 14:29,Bank Transfer
PMT000556,INV000564,4179604.57,2026-06-15 03:53,RTGS
PMT000557,INV000565,2859539.22,26/06/2026 06:19,Bank Transfer
PMT000558,INV000566,5719432.66,2026-08-01 13:44,RTGS
PMT000559,INV000567,4111157.09,17/06/2026 14:19,Cheque
PMT000560,INV000568,5366028.54,2026-07-02 13:33,RTGS
PMT000561,INV000569,3328449.27,24/06/2026 13:07,Mobile Money
PMT000562,INV000570,5704808.78,19/06/2026 14:10,Cheque
PMT000563,INV000571,3728881.74,2026-06-12 00:57,Mobile Money
PMT000564,INV000572,3477686.49,2026-07-02 22:14,Mobile Money
PMT000565,INV000573,"4,302,446.49",19/06/2026 21:17,Cheque
PMT000566,INV000574,3143047.47,2026-06-13 12:18,Cheque
PMT000567,INV000575,5875960.82,25/07/2026 17:19,Bank Transfer
PMT000568,INV000576,4398479.81,02/07/2026 02:22,Cheque
PMT000569,INV000577,3503797.24,11/08/2026 23:32,Mobile Money
PMT000570,INV000578,1885884.37,10/07/2026 14:29,Bank Transfer
PMT000571,INV000579,3355428.15,25/06/2026 01:10,RTGS
PMT000572,INV000580,3879428.98,2026-08-11 05:06,Cheque
PMT000573,INV000581,4456202.50,25/07/2026 16:57,Mobile Money
PMT000574,INV000582,4152474.93,09/08/2026 13:18,Bank Transfer
PMT000575,INV000583,4633634.49,2026-07-26 01:23,RTGS
PMT000576,INV000584,5100084.32,11/06/2026 10:07,Cheque
PMT000577,INV000585,3631172.63,2026-07-02 02:09,Mobile Money
PMT000578,INV000586,"5,170,820.93",2026-06-14 19:05,Cheque
PMT000579,INV000587,3457671.37,2026-08-16 19:03,Cheque
PMT000580,INV000588,5595371.43,12/06/2026 11:13,Mobile Money
PMT000581,INV000589,"5,338,029.33",25/06/2026 21:08,Mobile Money
PMT000582,INV000590,3685785.41,2026-07-02 16:00,RTGS
PMT000583,INV000591,4114640.00,2026-06-14 03:40,Cheque
PMT000584,INV000592,3514717.18,2026-06-14 04:37,RTGS
PMT000585,INV000593,3770814.81,2026-06-11 23:42,Bank Transfer
PMT000586,INV000594,3603551.83,11/06/2026 07:23,Cheque
PMT000587,INV000595,3562276.48,2026-06-26 18:22,RTGS
PMT000588,INV000596,4478471.27,17/06/2026 23:01,Mobile Money
PMT000589,INV000597,3594657.58,2026-06-13 02:12,Mobile Money
PMT000590,INV000598,"3,853,119.91",2026-06-25 03:56,Bank Transfer
PMT000591,INV000601,3489770.02,2026-06-18 00:20,Mobile Money
PMT000592,INV000602,3650105.09,14/06/2026 07:04,Bank Transfer
PMT000593,INV000603,5538400.30,2026-06-24 18:50,Cheque
PMT000594,INV000604,5573765.34,20/06/2026 04:21,RTGS
PMT000595,INV000605,"3,449,715.58",02/07/2026 18:04,Cheque
PMT000596,INV000606,3328812.34,2026-06-26 05:56,RTGS
PMT000597,INV000607,5608340.23,2026-06-12 14:37,Bank Transfer
PMT000598,INV000608,4723304.22,2026-07-26 07:16,Mobile Money
PMT000599,INV000609,5159242.55,17/06/2026 16:27,Bank Transfer
PMT000600,INV000610,4457517.68,17/06/2026 22:59,Mobile Money
PMT000601,INV000611,4401438.15,2026-07-27 19:53,RTGS
PMT000602,INV000612,"5,309,602.88",2026-06-19 14:40,Bank Transfer
PMT000603,INV000613,3317309.28,2026-07-02 05:18,Mobile Money
PMT000604,INV000614,4274799.10,26/06/2026 05:43,Mobile Money
PMT000605,INV000615,4836928.97,13/06/2026 21:25,Bank Transfer
PMT000606,INV000616,4365265.93,2026-08-10 15:40,Mobile Money
PMT000607,INV000617,"4,364,953.11",2026-06-17 22:11,Cheque
PMT000608,INV000618,4867843.65,2026-06-19 17:28,RTGS
PMT000609,INV000619,3585660.54,2026-07-25 14:12,Cheque
PMT000610,INV000620,3976770.03,2026-06-20 12:04,Mobile Money
PMT000611,INV000621,"4,810,914.42",2026-07-01 21:50,Cheque
PMT000612,INV000622,5054589.71,2026-07-12 21:10,RTGS
PMT000613,INV000623,5328017.82,15/06/2026 09:43,Mobile Money
PMT000614,INV000624,3413907.31,2026-06-15 19:38,RTGS
PMT000615,INV000625,4968420.99,2026-06-14 07:34,Mobile Money
PMT000616,INV000626,3698183.90,11/07/2026 14:33,RTGS
PMT000617,INV000627,1489047.11,22/06/2026 03:24,Cheque
PMT000618,INV000628,3134944.28,14/06/2026 18:04,Cheque
PMT000619,INV000629,"3,136,785.41",2026-06-14 13:28,Bank Transfer
PMT000620,INV000630,5038390.58,28/06/2026 00:06,Bank Transfer
PMT000621,INV000631,5449153.37,02/08/2026 12:20,RTGS
PMT000622,INV000632,5033404.95,2026-06-17 15:57,RTGS
PMT000623,INV000633,4609653.85,20/06/2026 06:42,Mobile Money
PMT000624,INV000634,3311849.18,03/07/2026 20:20,Cheque
PMT000625,INV000635,3278898.47,2026-06-22 02:55,Bank Transfer
PMT000626,INV000636,"4,987,200.04",2026-07-27 00:17,Bank Transfer
PMT000627,INV000637,5325691.02,29/06/2026 02:16,RTGS
PMT000628,INV000639,4616143.90,15/06/2026 23:44,RTGS
PMT000629,INV000640,4659712.44,2026-06-21 03:22,Cheque
PMT000630,INV000641,4409009.91,2026-06-15 22:43,Bank Transfer
PMT000631,INV000642,2117376.24,10/08/2026 16:53,Mobile Money
PMT000632,INV000643,"4,906,043.33",2026-07-04 17:33,Bank Transfer
PMT000633,INV000644,3989412.97,2026-06-18 17:02,Mobile Money
PMT000634,INV000645,4293682.55,14/07/2026 10:41,Cheque
PMT000635,INV000646,3847256.28,2026-06-18 17:31,RTGS
PMT000636,INV000647,3065810.69,17/06/2026 13:58,Cheque
PMT000637,INV000648,"4,890,968.42",02/07/2026 17:12,Mobile Money
PMT000638,INV000649,4445109.38,2026-07-03 13:47,Mobile Money
PMT000639,INV000650,4445109.38,2026-06-19 14:47,Mobile Money
PMT000640,INV000651,4693281.90,13/06/2026 13:35,Bank Transfer
PMT000641,INV000652,"4,894,646.52",2026-06-12 18:17,Mobile Money
PMT000642,INV000653,4682975.40,10/07/2026 05:34,RTGS
PMT000643,INV000654,4906926.29,2026-07-11 13:18,Cheque
PMT000644,INV000655,"4,420,491.66",26/06/2026 03:43,Mobile Money
PMT000645,INV000656,4890892.09,11/07/2026 22:03,Bank Transfer
PMT000646,INV000657,5293808.81,2026-07-06 05:33,Mobile Money
PMT000647,INV000658,5106369.02,14/07/2026 04:47,RTGS
PMT000648,INV000659,4143211.13,2026-06-15 00:17,Cheque
PMT000649,INV000660,5284349.94,2026-06-18 09:22,Mobile Money
PMT000650,INV000661,"3,810,070.55",2026-06-19 03:43,Cheque
PMT000651,INV000662,5551008.54,2026-06-16 21:06,RTGS
PMT000652,INV000663,3430004.45,2026-07-03 15:37,RTGS
PMT000653,INV000664,3999140.49,28/07/2026 01:44,Mobile Money
PMT000654,INV000665,3602067.28,2026-06-21 18:55,Bank Transfer
PMT000655,INV000666,5546980.92,2026-07-27 22:57,Cheque
PMT000656,INV000667,"4,273,823.70",20/06/2026 06:51,RTGS
PMT000657,INV000668,5063692.93,2026-06-20 17:14,Bank Transfer
PMT000658,INV000669,4591975.06,27/06/2026 18:40,Bank Transfer
PMT000659,INV000670,5385230.18,2026-06-23 05:34,Bank Transfer
PMT000660,INV000671,3575230.95,2026-06-22 07:51,Bank Transfer
PMT000661,INV000672,3788448.37,27/06/2026 02:26,Bank Transfer
PMT000662,INV000673,4020477.93,27/07/2026 23:44,Bank Transfer
PMT000663,INV000674,4485870.64,27/06/2026 17:51,Mobile Money
PMT000664,INV000675,5112220.56,17/06/2026 20:34,Cheque
PMT000665,INV000676,3984185.55,13/06/2026 22:59,Mobile Money
PMT000666,INV000677,5361738.83,11/08/2026 23:28,Cheque
PMT000667,INV000678,5314788.52,20/06/2026 13:15,RTGS
PMT000668,INV000679,"4,208,323.04",2026-07-29 22:55,Bank Transfer
PMT000669,INV000680,"4,920,770.13",22/06/2026 14:39,Cheque
PMT000670,INV000681,5133965.09,2026-06-29 07:14,Cheque
PMT000671,INV000682,"3,733,417.62",04/07/2026 18:44,RTGS
PMT000672,INV000683,4243882.86,2026-06-15 20:04,Cheque
PMT000673,INV000684,"5,037,700.75",04/07/2026 04:27,Mobile Money
PMT000674,INV000685,3248685.66,2026-06-20 02:20,Bank Transfer
PMT000675,INV000686,4780860.39,29/06/2026 04:55,Mobile Money
PMT000676,INV000687,3963802.67,2026-07-12 19:02,Bank Transfer
PMT000677,INV000688,3840247.75,2026-06-19 02:39,RTGS
PMT000678,INV000689,4328457.89,28/06/2026 16:28,RTGS
PMT000679,INV000690,3201480.90,14/06/2026 18:26,Cheque
PMT000680,INV000691,3519007.00,14/06/2026 18:48,Cheque
PMT000681,INV000692,"3,892,825.04",26/06/2026 14:11,RTGS
PMT000682,INV000693,3661979.82,15/06/2026 11:51,Cheque
PMT000683,INV000694,4502395.72,27/06/2026 12:29,Mobile Money
PMT000684,INV000695,3358446.61,2026-06-16 13:09,Mobile Money
PMT000685,INV000696,4072729.86,2026-06-15 22:48,Mobile Money
PMT000686,INV000697,3735404.61,15/06/2026 13:43,Mobile Money
PMT000687,INV000698,5210970.15,16/06/2026 15:50,Bank Transfer
PMT000688,INV000699,4614904.89,2026-07-15 06:13,RTGS
PMT000689,INV000700,4033048.08,2026-06-28 19:34,Mobile Money
PMT000690,INV000701,6006106.32,2026-07-29 21:43,Bank Transfer
PMT000691,INV000702,5271767.03,13/06/2026 13:26,Cheque
PMT000692,INV000703,"4,076,370.13",05/07/2026 20:24,Bank Transfer
PMT000693,INV000704,4930906.29,27/06/2026 23:45,Bank Transfer
PMT000694,INV000705,5448471.53,2026-06-16 08:18,Mobile Money
PMT000695,INV000706,"4,005,196.01",2026-07-05 21:55,Bank Transfer
PMT000696,INV000707,3474950.43,04/07/2026 14:41,Mobile Money
PMT000697,INV000708,4744487.60,19/06/2026 18:10,Bank Transfer
PMT000698,INV000709,3236711.84,29/06/2026 06:08,Bank Transfer
PMT000699,INV000710,3622437.76,20/06/2026 00:42,Cheque
PMT000700,INV000711,2192097.44,26/06/2026 15:28,Bank Transfer
PMT000701,INV000712,4538958.44,2026-07-12 11:15,Mobile Money
PMT000702,INV000713,4536837.33,2026-06-19 20:14,RTGS
PMT000703,INV000714,5546531.10,2026-06-22 00:25,RTGS
PMT000704,INV000715,5076045.24,2026-06-27 21:27,Cheque
PMT000705,INV000716,3235437.96,2026-07-04 15:44,Bank Transfer
PMT000706,INV000717,"5,536,466.74",04/07/2026 04:04,Bank Transfer
PMT000707,INV000718,5072270.15,14/06/2026 12:45,RTGS
PMT000708,INV000719,"3,343,290.62",2026-06-30 04:58,RTGS
PMT000709,INV000720,4847541.76,2026-06-22 01:51,Bank Transfer
PMT000710,INV000721,4847541.76,22/06/2026 02:51,Bank Transfer
PMT000711,INV000722,3865457.46,2026-06-28 16:05,RTGS
PMT000712,INV000723,3905208.60,04/07/2026 03:23,Bank Transfer
PMT000713,INV000724,3269540.48,2026-07-12 19:34,Mobile Money
PMT000714,INV000725,3375367.72,28/06/2026 11:33,Mobile Money
PMT000715,INV000726,3974126.03,27/06/2026 11:59,Bank Transfer
PMT000716,INV000727,4938863.16,21/06/2026 06:17,RTGS
PMT000717,INV000728,4042129.06,2026-06-15 22:06,Cheque
PMT000718,INV000729,3139110.22,2026-07-28 22:16,Bank Transfer
PMT000719,INV000730,4667859.33,2026-06-20 23:19,Cheque
PMT000720,INV000731,2793089.49,2026-06-28 14:33,Mobile Money
PMT000721,INV000732,4343005.88,06/07/2026 22:48,Bank Transfer
PMT000722,INV000733,3439484.85,15/06/2026 14:29,Mobile Money
PMT000723,INV000734,"5,093,437.01",13/07/2026 19:23,Mobile Money
PMT000724,INV000735,4144622.49,2026-07-05 05:05,Cheque
PMT000725,INV000736,3768442.83,2026-07-05 22:34,Cheque
PMT000726,INV000737,4640113.62,2026-06-14 21:07,Cheque
PMT000727,INV000738,4181997.42,21/06/2026 10:54,RTGS
PMT000728,INV000739,5215281.26,14/06/2026 20:38,Cheque
PMT000729,INV000740,4210327.75,27/06/2026 16:03,Cheque
PMT000730,INV000741,5100104.23,04/07/2026 20:26,RTGS
PMT000731,INV000742,"5,217,101.06",2026-06-15 00:07,Bank Transfer
PMT000732,INV000743,3475936.93,2026-06-28 01:52,Mobile Money
PMT000733,INV000744,3724471.44,20/06/2026 22:31,Mobile Money
PMT000734,INV000745,4653771.65,2026-07-13 23:26,Cheque
PMT000735,INV000746,4999725.14,20/06/2026 16:17,Bank Transfer
PMT000736,INV000747,"5,127,744.99",2026-06-19 22:08,RTGS
PMT000737,INV000748,"3,869,885.53",2026-06-18 12:07,RTGS
PMT000738,INV000749,4351126.82,14/07/2026 06:58,Cheque
PMT000739,INV000750,5180755.34,23/06/2026 00:29,Cheque
PMT000740,INV000751,5277507.69,2026-06-21 06:09,Cheque
PMT000741,INV000752,4338346.19,15/06/2026 16:39,Mobile Money
PMT000742,INV000753,4955661.87,20/06/2026 21:39,Cheque
PMT000743,INV000754,4731274.20,15/07/2026 03:11,Cheque
PMT000744,INV000755,5333740.23,06/07/2026 04:04,RTGS
PMT000745,INV000756,3680886.56,2026-06-16 19:12,RTGS
PMT000746,INV000757,4603617.49,20/06/2026 12:53,RTGS
PMT000747,INV000758,4748675.34,2026-06-19 13:14,Mobile Money
PMT000748,INV000759,4756946.10,2026-07-30 21:12,Cheque
PMT000749,INV000760,3815809.72,29/06/2026 03:09,Mobile Money
PMT000750,INV000761,4334523.66,04/07/2026 20:16,Mobile Money
PMT000751,INV000762,4510092.63,2026-07-06 00:24,RTGS
PMT000752,INV000763,3401914.63,2026-07-15 05:33,RTGS
PMT000753,INV000764,"3,443,159.48",2026-06-15 19:51,Cheque
PMT000754,INV000765,"3,252,571.56",2026-08-14 10:38,Cheque
PMT000755,INV000766,4769028.79,13/07/2026 17:13,Mobile Money
PMT000756,INV000767,5507994.11,2026-06-21 22:10,RTGS
PMT000757,INV000768,"3,372,636.08",13/07/2026 11:21,RTGS
PMT000758,INV000769,4451262.40,14/07/2026 10:46,RTGS
PMT000759,INV000770,4509933.65,06/07/2026 21:52,RTGS
PMT000760,INV000771,4220362.59,16/06/2026 16:48,Cheque
PMT000761,INV000772,4092090.61,2026-06-28 03:45,Cheque
PMT000762,INV000773,4548177.64,14/06/2026 22:49,Cheque
PMT000763,INV000774,3771827.43,14/07/2026 00:03,RTGS
PMT000764,INV000775,4125969.83,04/08/2026 23:00,RTGS
PMT000765,INV000776,4050568.44,2026-06-30 00:24,RTGS
PMT000766,INV000777,"4,606,148.01",21/06/2026 18:32,Mobile Money
PMT000767,INV000778,5348594.10,2026-07-05 18:50,RTGS
PMT000768,INV000779,4171818.02,2026-06-18 10:40,Bank Transfer
PMT000769,INV000780,4867334.79,2026-07-05 23:57,Bank Transfer
PMT000770,INV000781,3427160.77,15/07/2026 23:24,Mobile Money
PMT000771,INV000782,5809265.72,2026-06-18 04:35,Cheque
PMT000772,INV000783,4251264.62,15/06/2026 22:27,Cheque
PMT000773,INV000784,4601090.56,09/07/2026 08:22,Cheque
PMT000774,INV000785,4601078.90,21/06/2026 23:30,RTGS
PMT000775,INV000786,4266645.81,2026-07-21 22:47,Cheque
PMT000776,INV000787,3884084.10,2026-06-20 03:52,RTGS
PMT000777,INV000788,5631644.08,16/06/2026 09:03,Cheque
PMT000778,INV000789,3493923.83,29/06/2026 22:26,RTGS
PMT000779,INV000790,"5,499,106.97",2026-06-29 21:31,Cheque
PMT000780,INV000791,3953608.59,01/07/2026 04:33,RTGS
PMT000781,INV000792,3804125.41,29/06/2026 04:47,Bank Transfer
PMT000782,INV000793,4462616.95,24/06/2026 01:42,Cheque
PMT000783,INV000794,5173630.39,2026-06-30 06:15,Cheque
PMT000784,INV000795,5643919.26,17/06/2026 02:27,Cheque
PMT000785,INV000796,5071960.40,2026-06-24 23:45,Mobile Money
PMT000786,INV000797,4208177.92,2026-06-17 21:02,RTGS
PMT000787,INV000798,4673376.18,2026-06-17 16:43,Bank Transfer
PMT000788,INV000799,4251778.64,2026-06-18 21:23,RTGS
PMT000789,INV000800,"5,429,612.75",2026-06-19 16:43,RTGS
PMT000790,INV000801,5532707.57,14/08/2026 19:13,Mobile Money
PMT000791,INV000802,4524745.25,24/06/2026 14:45,Cheque
PMT000792,INV000803,4608274.91,27/06/2026 16:46,Mobile Money
PMT000793,INV000804,4759541.88,2026-07-14 12:07,Bank Transfer
PMT000794,INV000805,4787555.10,21/06/2026 17:58,Mobile Money
PMT000795,INV000806,2860906.97,22/06/2026 19:46,RTGS
PMT000796,INV000807,5463883.25,24/06/2026 03:36,Bank Transfer
PMT000797,INV000808,3881710.32,21/06/2026 14:46,Bank Transfer
PMT000798,INV000809,3764250.98,17/06/2026 09:31,Bank Transfer
PMT000799,INV000810,2898519.52,17/06/2026 22:09,Bank Transfer
PMT000800,INV000811,3438344.10,2026-07-16 23:14,Cheque
PMT000801,INV000812,4654625.22,18/06/2026 03:51,Mobile Money
PMT000802,INV000813,"4,637,218.68",17/06/2026 11:08,RTGS
PMT000803,INV000814,4598974.22,2026-06-28 21:08,Cheque
PMT000804,INV000815,4277828.25,2026-06-18 00:08,Cheque
PMT000805,INV000816,4277828.25,2026-06-22 01:08,Bank Transfer
PMT000806,INV000817,5344330.30,15/07/2026 00:45,Cheque
PMT000807,INV000818,5612073.17,2026-08-08 15:45,Bank Transfer
PMT000808,INV000819,4123776.75,2026-06-27 16:45,Cheque
PMT000809,INV000820,3300391.20,2026-08-13 12:38,Bank Transfer
PMT000810,INV000821,3654657.47,24/06/2026 18:17,RTGS
PMT000811,INV000822,4926711.28,19/06/2026 14:58,Mobile Money
PMT000812,INV000823,"4,227,436.99",28/06/2026 13:48,RTGS
PMT000813,INV000824,"5,377,737.78",06/07/2026 14:19,Bank Transfer
PMT000814,INV000825,5572679.49,2026-06-15 15:21,Bank Transfer
PMT000815,INV000826,4590776.17,29/06/2026 06:48,Cheque
PMT000816,INV000827,4564986.89,2026-07-15 00:53,RTGS
PMT000817,INV000828,3546926.03,2026-06-21 03:31,Mobile Money
PMT000818,INV000829,3505696.05,29/06/2026 00:38,Cheque
PMT000819,INV000830,5378049.10,2026-06-22 14:36,Mobile Money
PMT000820,INV000831,3931474.89,28/06/2026 19:20,Mobile Money
PMT000821,INV000832,"3,414,871.90",2026-06-18 12:38,RTGS
PMT000822,INV000833,"4,798,070.53",2026-06-29 09:23,Mobile Money
PMT000823,INV000834,3386518.99,2026-06-22 00:33,Bank Transfer
PMT000824,INV000835,3379385.52,14/07/2026 20:01,RTGS
PMT000825,INV000836,3904963.80,2026-08-14 10:26,RTGS
PMT000826,INV000837,"3,140,412.95",30/07/2026 22:56,Mobile Money
PMT000827,INV000838,4851910.94,20/06/2026 05:21,Mobile Money
PMT000828,INV000839,4398025.45,16/06/2026 22:06,Cheque
PMT000829,INV000840,5196150.12,22/06/2026 19:52,Bank Transfer
PMT000830,INV000841,3800413.39,06/07/2026 17:00,Cheque
PMT000831,INV000842,4923021.14,2026-08-14 20:23,Cheque
PMT000832,INV000843,3710783.34,07/07/2026 15:20,Mobile Money
PMT000833,INV000844,3372651.58,29/06/2026 19:48,Mobile Money
PMT000834,INV000845,4760518.28,17/06/2026 07:02,RTGS
PMT000835,INV000846,4202456.47,2026-07-16 01:06,RTGS
PMT000836,INV000847,4128017.24,2026-06-20 09:03,Mobile Money
PMT000837,INV000848,4840651.61,17/06/2026 03:48,Bank Transfer
PMT000838,INV000849,3419040.86,18/07/2026 16:05,Cheque
PMT000839,INV000850,3414621.25,2026-07-01 12:12,RTGS
PMT000840,INV000851,3215817.94,17/06/2026 12:51,Bank Transfer
PMT000841,INV000852,3653734.37,22/06/2026 17:33,Bank Transfer
PMT000842,INV000853,4186556.09,16/06/2026 23:33,Bank Transfer
PMT000843,INV000854,"4,168,919.66",02/07/2026 21:30,RTGS
PMT000844,INV000855,5269919.17,18/06/2026 14:45,Cheque
PMT000845,INV000856,5044390.25,2026-07-16 21:19,Mobile Money
PMT000846,INV000857,5473980.94,2026-06-23 00:01,Bank Transfer
PMT000847,INV000858,4433299.49,2026-07-03 06:49,RTGS
PMT000848,INV000859,4429255.14,2026-06-17 23:07,Cheque
PMT000849,INV000860,4085339.85,2026-06-18 15:38,RTGS
PMT000850,INV000861,5543295.10,03/07/2026 00:39,Cheque
PMT000851,INV000862,4221006.50,2026-07-06 10:18,RTGS
PMT000852,INV000863,5226765.47,2026-06-18 12:42,Bank Transfer
PMT000853,INV000864,3810145.25,2026-06-22 19:36,Mobile Money
PMT000854,INV000865,3145351.83,15/07/2026 14:43,Mobile Money
PMT000855,INV000866,5701928.01,2026-06-24 16:08,Bank Transfer
PMT000856,INV000867,5563056.86,2026-06-17 08:32,RTGS
PMT000857,INV000868,3492579.80,23/06/2026 14:35,RTGS
PMT000858,INV000869,4844270.58,2026-06-30 21:38,Mobile Money
PMT000859,INV000870,"5,411,801.09",16/06/2026 16:29,Cheque
PMT000860,INV000871,5012237.08,2026-06-19 22:54,Bank Transfer
PMT000861,INV000872,4836805.67,2026-07-07 01:02,RTGS
PMT000862,INV000873,3828939.21,30/07/2026 15:08,Mobile Money
PMT000863,INV000874,5901251.72,2026-06-25 02:56,RTGS
PMT000864,INV000875,4339167.58,2026-06-18 21:06,Bank Transfer
PMT000865,INV000876,4267397.27,22/06/2026 19:59,RTGS
PMT000866,INV000877,4026237.73,19/06/2026 01:49,RTGS
PMT000867,INV000878,3798315.34,19/06/2026 17:12,Bank Transfer
PMT000868,INV000879,5927366.17,29/06/2026 21:07,Cheque
PMT000869,INV000880,3523395.57,2026-07-30 20:42,Cheque
PMT000870,INV000881,5028112.13,16/07/2026 02:44,Bank Transfer
PMT000871,INV000882,4618901.78,2026-06-26 04:42,RTGS
PMT000872,INV000883,"3,415,718.94",09/07/2026 00:01,RTGS
PMT000873,INV000884,4944497.14,2026-06-19 19:02,Cheque
PMT000874,INV000885,"4,700,732.79",2026-06-18 19:34,RTGS
PMT000875,INV000886,4499388.82,06/08/2026 11:50,Bank Transfer
PMT000876,INV000887,3694637.42,2026-07-30 14:52,RTGS
PMT000877,INV000888,3846139.60,18/06/2026 20:15,Mobile Money
PMT000878,INV000889,"4,297,917.21",17/06/2026 14:23,Bank Transfer
PMT000879,INV000890,3472282.97,2026-06-20 02:23,Bank Transfer
PMT000880,INV000891,5573198.45,29/06/2026 23:04,Cheque
PMT000881,INV000892,"4,802,501.54",16/07/2026 19:20,Cheque
PMT000882,INV000893,5018727.23,23/06/2026 09:58,Mobile Money
PMT000883,INV000894,"3,564,241.13",2026-06-22 17:11,Mobile Money
PMT000884,INV000895,"5,258,679.65",2026-06-20 17:12,RTGS
PMT000885,INV000896,3720764.82,2026-06-16 18:24,Bank Transfer
PMT000886,INV000898,4843318.35,2026-07-07 14:49,Mobile Money
PMT000887,INV000899,4996745.81,2026-07-15 17:39,RTGS
PMT000888,INV000900,1639712.75,22/06/2026 22:48,RTGS
PMT000889,INV000901,5340287.81,24/06/2026 12:15,Bank Transfer
PMT000890,INV000902,3612366.10,2026-06-24 11:36,Bank Transfer
PMT000891,INV000903,4645536.11,2026-06-20 12:32,Cheque
PMT000892,INV000904,5633234.73,23/06/2026 13:32,Mobile Money
PMT000893,INV000905,"5,488,168.77",23/06/2026 11:57,Mobile Money
PMT000894,INV000906,5178503.71,21/06/2026 13:51,Mobile Money
PMT000895,INV000907,4547582.51,08/07/2026 04:28,Bank Transfer
PMT000896,INV000908,"4,504,758.03",2026-06-20 02:38,Bank Transfer
PMT000897,INV000909,"4,170,540.65",2026-07-07 23:20,Cheque
PMT000898,INV000910,5773099.70,2026-07-01 20:22,RTGS
PMT000899,INV000911,4984577.73,2026-07-18 22:40,Mobile Money
PMT000900,INV000912,3499538.44,18/06/2026 02:33,RTGS
PMT000901,INV000913,5356893.79,2026-07-15 02:00,Cheque
PMT000902,INV000914,5557160.79,18/06/2026 11:47,Cheque
PMT000903,INV000915,4812043.67,2026-08-03 05:58,Cheque
PMT000904,INV000916,3965909.95,09/07/2026 11:52,Bank Transfer
PMT000905,INV000917,5501735.69,2026-06-26 20:38,Bank Transfer
PMT000906,INV000918,3663285.97,20/06/2026 16:18,RTGS
PMT000907,INV000919,4660725.19,16/07/2026 12:54,Bank Transfer
PMT000908,INV000920,5635737.71,2026-08-07 08:07,Mobile Money
PMT000909,INV000921,4183223.24,17/07/2026 11:24,RTGS
PMT000910,INV000922,5067970.08,2026-07-17 02:42,RTGS
PMT000911,INV000923,3380822.53,2026-07-18 19:24,Bank Transfer
PMT000912,INV000924,3313089.02,2026-06-30 17:17,Mobile Money
PMT000913,INV000925,1202555.45,17/06/2026 22:40,RTGS
PMT000914,INV000926,3416553.57,2026-06-30 16:49,RTGS
PMT000915,INV000927,3927865.91,2026-06-23 18:34,Mobile Money
PMT000916,INV000928,3948611.20,2026-07-01 19:34,Cheque
PMT000917,INV000929,3418290.85,21/06/2026 03:52,RTGS
PMT000918,INV000930,"4,791,280.44",2026-07-01 02:39,Cheque
PMT000919,INV000931,4426144.57,2026-06-19 19:30,Cheque
PMT000920,INV000932,4266869.96,2026-06-25 03:26,Cheque
PMT000921,INV000933,5197850.63,23/06/2026 19:20,RTGS
PMT000922,INV000934,4911599.99,29/06/2026 14:59,Mobile Money
PMT000923,INV000935,3890292.10,2026-07-19 14:44,RTGS
PMT000924,INV000936,4026224.17,2026-06-25 13:28,Bank Transfer
PMT000925,INV000937,5107136.24,2026-07-17 12:08,Cheque
PMT000926,INV000938,5299029.59,21/06/2026 17:03,Cheque
PMT000927,INV000939,4070549.63,22/06/2026 04:48,Bank Transfer
PMT000928,INV000940,5292219.52,2026-06-19 00:12,RTGS
PMT000929,INV000941,4344871.71,20/06/2026 12:57,Cheque
PMT000930,INV000942,3857645.02,2026-06-24 12:36,Mobile Money
PMT000931,INV000943,3779395.50,2026-06-18 16:54,RTGS
PMT000932,INV000944,4406700.93,16/07/2026 14:03,Mobile Money
PMT000933,INV000945,3383524.17,2026-08-02 00:23,Cheque
PMT000934,INV000946,"3,219,982.54",2026-08-03 00:50,RTGS
PMT000935,INV000947,3219982.54,2026-08-03 01:50,Cheque
PMT000936,INV000948,"3,209,474.13",2026-06-26 19:22,Cheque
PMT000937,INV000949,5488577.28,2026-06-24 23:05,Cheque
PMT000938,INV000950,4201582.38,2026-06-18 00:55,Cheque
PMT000939,INV000951,3641396.11,2026-06-21 04:04,Bank Transfer
PMT000940,INV000952,"4,054,529.39",07/07/2026 10:03,Cheque
PMT000941,INV000953,4945937.65,2026-07-16 15:46,RTGS
PMT000942,INV000954,5125088.03,09/07/2026 14:16,Mobile Money
PMT000943,INV000955,4283117.65,2026-07-19 15:52,Bank Transfer
PMT000944,INV000956,5392656.46,21/06/2026 02:45,Mobile Money
PMT000945,INV000957,5418107.32,2026-06-23 08:47,Mobile Money
PMT000946,INV000958,4564513.18,2026-06-23 13:21,RTGS
PMT000947,INV000959,3621846.62,15/08/2026 19:46,Mobile Money
PMT000948,INV000960,4593180.52,2026-08-01 04:50,Mobile Money
PMT000949,INV000961,"4,505,391.22",2026-07-04 18:23,Mobile Money
PMT000950,INV000962,4554212.03,2026-06-18 16:29,RTGS
PMT000951,INV000963,"4,840,875.17",20/06/2026 16:40,Bank Transfer
PMT000952,INV000964,3672006.41,25/06/2026 02:27,Mobile Money
PMT000953,INV000965,3566077.35,20/07/2026 15:59,Bank Transfer
PMT000954,INV000966,1456247.46,22/06/2026 22:49,Bank Transfer
PMT000955,INV000967,"4,718,528.05",21/06/2026 01:39,Cheque
PMT000956,INV000968,4743269.97,02/08/2026 23:17,Mobile Money
PMT000957,INV000969,3708117.32,2026-06-24 21:29,RTGS
PMT000958,INV000970,4697083.99,08/07/2026 22:31,RTGS
PMT000959,INV000971,5220771.29,24/06/2026 15:27,Cheque
PMT000960,INV000972,4682846.55,20/06/2026 22:47,RTGS
PMT000961,INV000973,5016416.11,2026-06-20 17:58,Mobile Money
PMT000962,INV000974,4168576.67,2026-07-18 07:26,Mobile Money
PMT000963,INV000975,"3,705,314.56",20/07/2026 18:30,RTGS
PMT000964,INV000976,4483412.88,24/06/2026 13:08,Cheque
PMT000965,INV000978,4983326.12,2026-06-25 03:50,Cheque
PMT000966,INV000979,"3,574,024.40",2026-07-17 11:57,RTGS
PMT000967,INV000980,3304772.20,01/07/2026 20:05,Cheque
PMT000968,INV000981,3483673.37,19/06/2026 16:35,RTGS
PMT000969,INV000982,5585905.28,25/06/2026 19:24,RTGS
PMT000970,INV000983,"3,278,573.23",08/07/2026 12:52,RTGS
PMT000971,INV000984,"3,119,826.59",2026-07-04 15:19,Bank Transfer
PMT000972,INV000985,"4,074,361.26",2026-08-19 03:47,Bank Transfer
PMT000973,INV000986,4328364.84,2026-07-19 06:52,Bank Transfer
PMT000974,INV000987,"4,118,890.33",20/06/2026 03:55,Cheque
PMT000975,INV000988,3251683.02,09/07/2026 14:33,Mobile Money
PMT000976,INV000989,3693952.42,20/06/2026 17:49,Mobile Money
PMT000977,INV000990,4763261.98,2026-07-02 02:30,Cheque
PMT000978,INV000991,4892383.26,01/07/2026 17:55,Cheque
PMT000979,INV000992,"4,284,795.03",2026-06-25 11:35,Cheque
PMT000980,INV000993,4235411.36,2026-07-21 02:56,RTGS
PMT000981,INV000994,4379820.48,11/07/2026 12:43,Bank Transfer
PMT000982,INV000995,4093900.44,2026-07-20 18:52,Cheque
PMT000983,INV000996,3733251.89,2026-06-21 20:40,RTGS
PMT000984,INV000997,4657401.09,21/06/2026 01:40,RTGS
PMT000985,INV000998,3786492.89,09/07/2026 00:36,Cheque
PMT000986,INV000999,4461923.04,2026-08-18 23:25,Mobile Money
PMT000987,INV001000,4450398.64,2026-06-27 21:55,RTGS
PMT000988,INV001001,5078193.38,20/06/2026 04:53,RTGS
PMT000989,INV001002,4279760.15,2026-06-25 00:09,RTGS
PMT000990,INV001003,"4,882,467.83",25/06/2026 00:01,Cheque
PMT000991,INV001004,4942884.38,17/07/2026 16:48,Cheque
PMT000992,INV001005,4595389.61,2026-07-08 18:10,Bank Transfer
PMT000993,INV001006,4979047.92,18/08/2026 12:41,Bank Transfer
PMT000994,INV001007,5160521.34,2026-07-08 12:07,Bank Transfer
PMT000995,INV001008,4886340.14,20/06/2026 20:04,RTGS
PMT000996,INV001009,5351938.67,2026-07-02 20:06,Cheque
PMT000997,INV001010,3679309.19,03/07/2026 00:19,Cheque
PMT000998,INV001011,4296099.51,2026-08-18 03:36,Bank Transfer
PMT000999,INV001012,4296099.51,2026-06-20 04:36,Bank Transfer
PMT001000,INV001013,"4,269,363.66",2026-06-20 11:58,Mobile Money
PMT001001,INV001014,4798713.78,2026-06-23 00:54,Mobile Money
PMT001002,INV001015,5133719.17,01/07/2026 12:42,RTGS
PMT001003,INV001016,3630297.50,2026-06-19 22:43,Mobile Money
PMT001004,INV001017,5856725.10,01/07/2026 15:03,Bank Transfer
PMT001005,INV001018,5520070.60,2026-07-18 18:30,Mobile Money
PMT001006,INV001019,4200169.26,2026-06-26 00:37,Cheque
PMT001007,INV001020,3274630.30,04/07/2026 04:39,RTGS
PMT001008,INV001021,5182182.11,01/08/2026 21:52,RTGS
PMT001009,INV001022,"3,287,629.74",2026-07-02 10:47,Cheque
PMT001010,INV001023,5250904.73,21/06/2026 19:14,RTGS
PMT001011,INV001024,3315533.52,21/06/2026 02:13,Mobile Money
PMT001012,INV001025,5113034.15,2026-07-05 01:31,RTGS
PMT001013,INV001026,5441523.35,21/06/2026 19:28,RTGS
PMT001014,INV001027,4162042.29,2026-07-02 16:55,RTGS
PMT001015,INV001028,4026621.62,2026-08-20 17:54,RTGS
PMT001016,INV001029,3818607.50,06/07/2026 06:21,Mobile Money
PMT001017,INV001030,4739876.46,27/06/2026 15:25,Bank Transfer
PMT001018,INV001031,3447295.58,21/06/2026 11:28,Bank Transfer
PMT001019,INV001032,"4,542,597.70",2026-08-09 15:44,RTGS
PMT001020,INV001033,5148668.95,19/07/2026 11:20,Cheque
PMT001021,INV001034,5148668.95,2026-06-26 12:20,Cheque
PMT001022,INV001035,4723618.87,2026-06-26 01:46,Mobile Money
PMT001023,INV001036,3444583.48,10/07/2026 00:19,Bank Transfer
PMT001024,INV001037,1968315.84,2026-06-21 22:59,Mobile Money
PMT001025,INV001038,4416460.95,24/06/2026 13:34,RTGS
PMT001026,INV001039,4291273.12,25/06/2026 19:13,RTGS
PMT001027,INV001040,3991760.43,25/06/2026 00:25,RTGS
PMT001028,INV001041,"5,176,694.36",23/06/2026 02:09,Mobile Money
PMT001029,INV001042,4426815.09,2026-06-20 03:18,Bank Transfer
PMT001030,INV001043,"4,672,796.69",2026-07-02 18:02,Mobile Money
PMT001031,INV001044,5110578.58,03/07/2026 05:08,Bank Transfer
PMT001032,INV001045,"5,471,593.24",23/06/2026 20:49,RTGS
PMT001033,INV001046,4458536.19,05/08/2026 12:47,Mobile Money
PMT001034,INV001047,5443034.46,25/06/2026 09:56,Cheque
PMT001035,INV001048,5409077.25,22/06/2026 17:01,Bank Transfer
PMT001036,INV001049,4050638.16,22/06/2026 02:36,RTGS
PMT001037,INV001050,3726381.16,02/07/2026 21:06,Mobile Money
PMT001038,INV001051,"5,642,640.32",22/06/2026 16:12,Mobile Money
PMT001039,INV001052,4125428.68,20/06/2026 21:57,Cheque
PMT001040,INV001053,4526322.76,2026-07-05 02:02,Bank Transfer
PMT001041,INV001054,3118699.00,2026-07-10 18:27,Mobile Money
PMT001042,INV001055,4952561.04,2026-07-10 00:05,RTGS
PMT001043,INV001056,4433191.64,02/08/2026 11:09,Mobile Money
PMT001044,INV001057,3080898.17,2026-06-20 11:51,RTGS
PMT001045,INV001058,3831330.61,2026-06-19 11:47,Mobile Money
PMT001046,INV001059,3902938.08,18/08/2026 09:27,RTGS
PMT001047,INV001060,3902938.08,2026-07-03 10:27,Cheque
PMT001048,INV001061,3186680.23,10/07/2026 13:29,Cheque
PMT001049,INV001062,5258305.37,22/06/2026 00:18,Cheque
PMT001050,INV001063,"3,362,763.21",21/06/2026 05:31,Bank Transfer
PMT001051,INV001064,4568741.78,2026-06-22 09:05,Cheque
PMT001052,INV001065,4555460.72,2026-06-27 06:01,Mobile Money
PMT001053,INV001066,4650560.82,2026-06-21 01:12,Mobile Money
PMT001054,INV001067,4745953.05,25/06/2026 13:55,RTGS
PMT001055,INV001068,5068408.61,03/07/2026 08:28,Mobile Money
PMT001056,INV001069,3239200.66,20/06/2026 00:11,Mobile Money
PMT001057,INV001070,"3,910,238.38",2026-06-22 15:00,Cheque
PMT001058,INV001071,5719435.98,28/06/2026 13:46,Bank Transfer
PMT001059,INV001072,4077532.58,20/06/2026 23:48,Bank Transfer
PMT001060,INV001073,5856162.04,2026-06-19 16:36,RTGS
PMT001061,INV001074,"3,342,731.22",22/06/2026 15:35,Bank Transfer
PMT001062,INV001075,5973535.16,2026-06-25 12:06,RTGS
PMT001063,INV001077,4319247.09,17/07/2026 02:29,Mobile Money
PMT001064,INV001078,"5,890,294.14",2026-06-23 02:56,Mobile Money
PMT001065,INV001079,3547976.89,09/07/2026 06:27,Bank Transfer
PMT001066,INV001080,2988908.76,2026-07-02 12:14,RTGS
PMT001067,INV001081,"4,998,264.94",2026-06-22 02:17,Bank Transfer
PMT001068,INV001082,3788632.13,27/06/2026 03:30,Cheque
PMT001069,INV001083,4906203.69,03/07/2026 08:58,Mobile Money
PMT001070,INV001084,3894654.32,18/08/2026 02:36,Cheque
PMT001071,INV001085,5207776.80,04/08/2026 07:16,RTGS
PMT001072,INV001086,4178665.59,2026-06-25 13:27,Bank Transfer
PMT001073,INV001087,4546679.07,2026-07-02 11:43,RTGS
PMT001074,INV001088,"5,569,474.20",2026-07-18 14:17,Cheque
PMT001075,INV001089,3750012.06,2026-07-19 03:50,Mobile Money
PMT001076,INV001090,4099507.51,26/06/2026 22:55,Cheque
PMT001077,INV001091,4117470.73,2026-06-23 07:19,Cheque
PMT001078,INV001092,5792178.50,21/06/2026 11:26,Cheque
PMT001079,INV001093,2824432.40,2026-07-11 08:34,Cheque
PMT001080,INV001094,4463172.05,22/07/2026 01:48,RTGS
PMT001081,INV001095,3958391.36,26/06/2026 02:23,RTGS
PMT001082,INV001096,3614045.54,2026-07-10 12:34,Cheque
PMT001083,INV001097,4254022.29,23/06/2026 19:38,Bank Transfer
PMT001084,INV001098,5217634.26,2026-07-03 22:39,Mobile Money
PMT001085,INV001099,"4,662,850.05",2026-07-03 22:02,Bank Transfer
PMT001086,INV001100,5332045.23,25/06/2026 12:57,Mobile Money
PMT001087,INV001101,"5,502,801.18",2026-06-23 14:32,Bank Transfer
PMT001088,INV001103,3172700.05,20/06/2026 11:21,RTGS
PMT001089,INV001104,4645645.05,2026-06-22 01:54,RTGS
PMT001090,INV001105,4028643.79,2026-07-19 16:50,Cheque
PMT001091,INV001106,"1,389,219.53",21/06/2026 22:43,Cheque
PMT001092,INV001107,5078234.23,2026-06-23 00:36,Mobile Money
PMT001093,INV001108,5238646.45,27/07/2026 02:31,Bank Transfer
PMT001094,INV001109,4093468.24,2026-06-23 00:09,Bank Transfer
PMT001095,INV001110,4163284.04,22/06/2026 19:15,RTGS
PMT001096,INV001111,5832943.08,11/07/2026 11:39,Cheque
PMT001097,INV001112,4513400.95,2026-06-23 00:27,Mobile Money
PMT001098,INV001113,"4,516,345.92",2026-06-23 05:23,Cheque
PMT001099,INV001114,5863688.47,20/07/2026 12:57,Mobile Money
PMT001100,INV001115,4453030.09,2026-06-24 11:04,RTGS
PMT001101,INV001116,4844476.19,22/07/2026 18:45,RTGS
PMT001102,INV001117,4841551.19,03/07/2026 13:49,RTGS
PMT001103,INV001118,4129452.46,2026-06-28 01:05,Cheque
PMT001104,INV001119,5060920.47,2026-06-22 21:41,Bank Transfer
PMT001105,INV001120,"4,413,911.15",20/07/2026 16:27,Mobile Money
PMT001106,INV001121,4643692.29,2026-07-03 22:44,Bank Transfer
PMT001107,INV001122,3473114.91,2026-06-22 14:30,Mobile Money
PMT001108,INV001123,3135839.04,25/06/2026 06:39,Mobile Money
PMT001109,INV001124,4691160.36,2026-06-27 00:28,Bank Transfer
PMT001110,INV001125,3598055.44,10/07/2026 19:05,Mobile Money
PMT001111,INV001126,5491704.04,06/08/2026 05:56,Bank Transfer
PMT001112,INV001127,4983168.88,04/07/2026 22:22,Cheque
PMT001113,INV001128,4645092.50,2026-06-28 05:09,Mobile Money
PMT001114,INV001129,4389002.03,23/06/2026 01:43,Mobile Money
PMT001115,INV001130,5108722.71,03/07/2026 12:59,Bank Transfer
PMT001116,INV001131,5236748.81,2026-08-18 22:45,Cheque
PMT001117,INV001132,3686439.37,06/07/2026 21:50,Mobile Money
PMT001118,INV001133,4242206.73,23/06/2026 21:24,Bank Transfer
PMT001119,INV001134,3872459.46,2026-06-27 08:48,RTGS
PMT001120,INV001135,1796352.96,06/07/2026 19:02,Mobile Money
PMT001121,INV001136,3910520.13,05/08/2026 16:32,RTGS
PMT001122,INV001137,5041430.69,22/06/2026 18:12,Bank Transfer
PMT001123,INV001138,"2,887,303.18",23/06/2026 03:16,Bank Transfer
PMT001124,INV001139,4701090.39,27/06/2026 20:24,Cheque
PMT001125,INV001140,3671210.31,10/08/2026 16:24,Mobile Money
PMT001126,INV001141,"4,698,252.52",03/07/2026 09:19,Cheque
PMT001127,INV001142,4046818.64,2026-06-25 13:35,RTGS
PMT001128,INV001143,"5,333,896.89",23/06/2026 23:57,RTGS
PMT001129,INV001144,3379602.98,27/06/2026 13:28,RTGS
PMT001130,INV001145,5008069.93,19/07/2026 21:30,Mobile Money
PMT001131,INV001146,5698735.31,2026-06-29 09:26,RTGS
PMT001132,INV001147,4460762.17,03/07/2026 15:19,Bank Transfer
PMT001133,INV001148,"3,733,672.33",14/07/2026 00:57,Cheque
PMT001134,INV001149,3238247.70,26/06/2026 14:55,RTGS
PMT001135,INV001150,4443243.29,25/06/2026 16:03,Mobile Money
PMT001136,INV001151,5081234.73,2026-08-03 15:13,RTGS
PMT001137,INV001152,3723281.70,05/07/2026 14:38,Bank Transfer
PMT001138,INV001153,"3,812,902.42",2026-07-10 20:15,RTGS
PMT001139,INV001154,"2,615,849.81",2026-08-18 15:11,RTGS
PMT001140,INV001155,"4,102,446.83",26/06/2026 21:19,Mobile Money
PMT001141,INV001156,4233908.34,03/07/2026 14:22,Bank Transfer
PMT001142,INV001157,4716626.96,26/06/2026 15:02,Mobile Money
PMT001143,INV001158,"4,716,626.96",26/06/2026 16:02,Mobile Money
PMT001144,INV001159,5073473.28,2026-06-24 01:37,Cheque
PMT001145,INV001160,3949085.02,2026-08-20 01:25,Bank Transfer
PMT001146,INV001161,4430490.90,26/07/2026 20:25,Cheque
PMT001147,INV001162,"3,585,276.87",2026-06-22 20:45,RTGS
PMT001148,INV001163,5216614.42,24/06/2026 23:55,RTGS
PMT001149,INV001164,3690129.03,20/06/2026 14:58,Cheque
PMT001150,INV001165,5748381.02,2026-07-28 01:11,Cheque
PMT001151,INV001166,4469488.03,27/06/2026 18:05,Bank Transfer
PMT001152,INV001167,4709912.73,2026-07-05 16:07,Cheque
PMT001153,INV001168,"4,299,600.04",04/08/2026 22:16,Bank Transfer
PMT001154,INV001169,5273539.15,28/06/2026 00:17,Mobile Money
PMT001155,INV001170,3517298.10,20/07/2026 22:09,Mobile Money
PMT001156,INV001171,3687007.68,2026-06-29 05:21,Bank Transfer
PMT001157,INV001172,5232401.39,2026-07-13 20:57,RTGS
PMT001158,INV001174,4527328.03,28/06/2026 02:12,RTGS
PMT001159,INV001175,3296523.26,27/06/2026 19:32,Cheque
PMT001160,INV001176,4426790.42,21/08/2026 17:11,Cheque
PMT001161,INV001177,2100946.12,28/06/2026 18:21,Cheque
PMT001162,INV001178,3693970.56,2026-06-30 12:19,Bank Transfer
PMT001163,INV001179,3319653.02,24/06/2026 05:05,Mobile Money
PMT001164,INV001180,5170190.92,2026-07-13 00:51,Cheque
PMT001165,INV001181,4874203.69,2026-06-30 16:55,RTGS
PMT001166,INV001182,3775968.58,2026-07-22 03:19,Cheque
PMT001167,INV001183,"3,641,502.24",2026-06-27 22:57,RTGS
PMT001168,INV001184,5302693.54,27/06/2026 14:29,Bank Transfer
PMT001169,INV001185,"3,264,075.17",2026-07-11 18:55,RTGS
PMT001170,INV001186,3389056.54,2026-06-27 18:08,Bank Transfer
PMT001171,INV001187,3705971.23,22/07/2026 09:47,Mobile Money
PMT001172,INV001188,"3,161,173.40",04/07/2026 11:08,Cheque
PMT001173,INV001189,5136536.87,24/06/2026 17:43,Cheque
PMT001174,INV001190,4729912.55,04/07/2026 17:29,RTGS
PMT001175,INV001191,4391409.54,2026-06-24 11:47,Bank Transfer
PMT001176,INV001192,"5,110,750.40",23/06/2026 17:42,RTGS
PMT001177,INV001193,3479461.59,2026-06-23 13:14,Cheque
PMT001178,INV001194,4626150.40,04/07/2026 20:06,Bank Transfer
PMT001179,INV001195,"5,855,186.13",2026-06-22 02:58,RTGS
PMT001180,INV001196,3823339.03,25/06/2026 07:02,Cheque
PMT001181,INV001197,"5,054,128.71",25/06/2026 08:44,Cheque
PMT001182,INV001198,"4,050,368.58",2026-06-21 06:36,Bank Transfer
PMT001183,INV001199,4712310.13,21/06/2026 22:25,Bank Transfer
PMT001184,INV001200,4804193.60,23/06/2026 23:11,Mobile Money
PMT001185,INV001201,4848268.13,23/06/2026 23:10,Cheque
PMT001186,INV001202,"3,888,511.18",2026-06-21 17:57,Mobile Money
PMT001187,INV001203,"4,701,881.97",2026-06-30 12:54,RTGS
PMT001188,INV001204,3780139.50,21/07/2026 10:00,RTGS
PMT001189,INV001206,"5,767,575.44",2026-07-05 13:06,Bank Transfer
PMT001190,INV001207,5075913.94,2026-06-28 21:41,Cheque
PMT001191,INV001208,4772383.74,2026-08-05 16:16,Cheque
PMT001192,INV001209,4315278.50,2026-06-22 17:32,Cheque
PMT001193,INV001210,3314806.42,2026-06-24 22:24,Bank Transfer
PMT001194,INV001211,4921242.26,31/07/2026 00:54,Mobile Money
PMT001195,INV001212,4412328.90,04/07/2026 21:12,Mobile Money
PMT001196,INV001213,3687309.37,2026-08-19 14:01,RTGS
PMT001197,INV001214,"5,153,508.61",04/08/2026 10:07,RTGS
PMT001198,INV001215,3878166.93,25/06/2026 17:34,Bank Transfer
PMT001199,INV001216,4670046.85,21/08/2026 13:13,Bank Transfer
PMT001200,INV001217,"5,191,628.25",04/08/2026 16:54,Bank Transfer
PMT001201,INV001218,3379386.33,2026-06-30 23:17,Mobile Money
PMT001202,INV001219,3558217.79,2026-08-22 00:58,RTGS
PMT001203,INV001220,3401721.40,25/06/2026 11:34,RTGS
PMT001204,INV001221,"4,771,967.50",06/07/2026 14:25,RTGS
PMT001205,INV001222,3241592.81,2026-06-26 13:42,Cheque
PMT001206,INV001223,3637577.65,23/06/2026 08:45,Cheque
PMT001207,INV001224,5303530.13,06/07/2026 19:41,Mobile Money
PMT001208,INV001225,4290727.01,24/06/2026 19:33,Mobile Money
PMT001209,INV001226,3809990.11,2026-07-06 05:58,RTGS
PMT001210,INV001227,4312634.76,2026-06-28 13:20,RTGS
PMT001211,INV001228,3100561.75,2026-06-30 04:15,RTGS
PMT001212,INV001229,4780431.94,24/06/2026 14:31,Bank Transfer
PMT001213,INV001230,4995352.88,2026-07-07 17:25,Cheque
PMT001214,INV001231,3716917.86,2026-07-21 22:19,Cheque
PMT001215,INV001232,3775738.90,2026-07-08 16:28,Mobile Money
PMT001216,INV001233,3248574.66,2026-07-05 23:10,Mobile Money
PMT001217,INV001234,3488409.21,2026-06-28 20:00,RTGS
PMT001218,INV001235,3254238.77,2026-06-28 12:11,Cheque
PMT001219,INV001236,4847046.79,29/06/2026 02:55,Mobile Money
PMT001220,INV001237,"4,038,687.85",20/08/2026 17:04,Mobile Money
PMT001221,INV001238,3486351.97,12/07/2026 13:03,RTGS
PMT001222,INV001239,4413075.34,2026-06-30 03:00,Mobile Money
PMT001223,INV001240,"5,639,018.50",29/06/2026 07:17,Mobile Money
PMT001224,INV001241,5156193.37,2026-06-28 18:17,Bank Transfer
PMT001225,INV001242,3517475.83,06/07/2026 21:04,Cheque
PMT001226,INV001243,4738348.99,29/06/2026 18:03,Bank Transfer
PMT001227,INV001244,"5,337,464.45",2026-07-08 13:50,RTGS
PMT001228,INV001245,5324740.11,2026-06-28 02:12,Mobile Money
PMT001229,INV001246,4136088.45,2026-06-28 11:36,Mobile Money
PMT001230,INV001247,4976730.82,2026-07-29 01:24,Mobile Money
PMT001231,INV001248,5451405.10,2026-06-25 19:29,RTGS
PMT001232,INV001249,3427343.71,2026-08-21 23:59,Cheque
PMT001233,INV001250,4053771.51,2026-06-26 17:39,Mobile Money
PMT001234,INV001251,4664556.43,2026-07-01 09:15,RTGS
PMT001235,INV001252,5769437.31,28/06/2026 14:54,Mobile Money
PMT001236,INV001253,3641278.66,2026-07-23 01:50,Bank Transfer
PMT001237,INV001254,4629246.93,13/07/2026 15:29,Bank Transfer
PMT001238,INV001255,5282257.75,28/06/2026 06:12,Bank Transfer
PMT001239,INV001256,3840569.70,2026-06-24 23:44,Mobile Money
PMT001240,INV001257,4683278.66,08/07/2026 19:09,Mobile Money
PMT001241,INV001258,3869461.80,2026-06-26 13:42,Bank Transfer
PMT001242,INV001259,3177926.08,01/07/2026 14:54,Bank Transfer
PMT001243,INV001260,5714451.30,30/06/2026 14:24,Mobile Money
PMT001244,INV001261,4292557.42,2026-07-05 15:11,Bank Transfer
PMT001245,INV001262,5531744.63,2026-06-27 21:36,Bank Transfer
PMT001246,INV001263,4385294.63,25/06/2026 21:02,Mobile Money
PMT001247,INV001264,"4,353,224.66",30/06/2026 04:16,Mobile Money
PMT001248,INV001265,3940352.38,2026-06-25 16:49,Mobile Money
PMT001249,INV001266,3705558.75,2026-06-28 23:15,RTGS
PMT001250,INV001267,4494384.53,22/07/2026 20:48,Mobile Money
PMT001251,INV001268,3117164.81,2026-06-22 10:16,RTGS
PMT001252,INV001269,3752391.02,22/06/2026 10:04,Mobile Money
PMT001253,INV001270,3560089.23,22/06/2026 23:49,RTGS
PMT001254,INV001271,5764112.92,2026-07-22 18:25,RTGS
PMT001255,INV001272,4529110.71,23/06/2026 20:17,Bank Transfer
PMT001256,INV001273,5962636.77,20/08/2026 20:02,Cheque
PMT001257,INV001274,3745685.84,2026-06-30 01:00,Bank Transfer
PMT001258,INV001275,5120887.96,2026-06-25 04:45,Cheque
PMT001259,INV001276,4752094.81,2026-06-24 00:37,Mobile Money
PMT001260,INV001277,3886602.47,2026-07-10 07:10,Bank Transfer
PMT001261,INV001278,4860335.20,2026-07-06 07:41,RTGS
PMT001262,INV001279,5875066.40,03/07/2026 04:00,RTGS
PMT001263,INV001280,5783150.49,2026-06-26 14:46,Bank Transfer
PMT001264,INV001281,4625054.92,2026-06-30 20:48,Mobile Money
PMT001265,INV001282,3566984.83,2026-06-28 18:56,RTGS
PMT001266,INV001283,3416616.85,29/06/2026 07:57,Mobile Money
PMT001267,INV001284,4687746.97,25/06/2026 21:41,Bank Transfer
PMT001268,INV001285,5891693.39,2026-07-07 16:54,Cheque
PMT001269,INV001286,3628728.75,2026-06-27 16:08,Bank Transfer
PMT001270,INV001287,3761911.34,09/07/2026 22:59,RTGS
PMT001271,INV001288,4122462.05,2026-07-01 20:30,Cheque
PMT001272,INV001289,4474471.36,2026-06-27 03:29,Cheque
PMT001273,INV001290,5192862.30,29/06/2026 18:12,RTGS
PMT001274,INV001291,4904899.52,25/06/2026 14:18,Cheque
PMT001275,INV001292,"4,416,948.88",27/06/2026 01:56,Bank Transfer
PMT001276,INV001293,3469101.11,2026-08-08 09:31,Mobile Money
PMT001277,INV001294,3596685.55,25/06/2026 07:33,Bank Transfer
PMT001278,INV001295,3999037.03,29/06/2026 11:03,Bank Transfer
PMT001279,INV001296,"4,956,186.25",2026-07-26 07:06,Mobile Money
PMT001280,INV001297,4184000.47,25/06/2026 17:39,RTGS
PMT001281,INV001298,3499437.62,24/07/2026 03:27,Cheque
PMT001282,INV001299,2881277.77,2026-06-27 00:38,Mobile Money
PMT001283,INV001300,3979170.10,2026-07-13 12:58,Mobile Money
PMT001284,INV001301,4621635.04,2026-07-08 23:45,Mobile Money
PMT001285,INV001302,4154453.63,06/08/2026 18:39,Mobile Money
PMT001286,INV001303,3385947.49,2026-07-08 20:45,Cheque
PMT001287,INV001304,3487146.18,29/06/2026 18:35,Cheque
PMT001288,INV001305,5759170.80,08/07/2026 05:28,Cheque
PMT001289,INV001306,4599843.58,2026-06-27 19:28,Cheque
PMT001290,INV001307,"4,102,306.71",06/07/2026 13:04,Cheque
PMT001291,INV001308,5237912.73,26/06/2026 19:00,Cheque
PMT001292,INV001309,4572540.31,09/07/2026 14:41,Bank Transfer
PMT001293,INV001310,4417089.15,2026-07-06 19:53,Mobile Money
PMT001294,INV001311,"3,574,777.81",2026-07-29 08:24,Mobile Money
PMT001295,INV001312,3770689.23,01/07/2026 11:01,RTGS
PMT001296,INV001313,4547500.78,2026-07-16 11:36,Mobile Money
PMT001297,INV001314,5041125.40,26/06/2026 20:57,Cheque
PMT001298,INV001315,3815988.77,25/06/2026 21:19,Mobile Money
PMT001299,INV001316,5101641.63,29/06/2026 20:32,Mobile Money
PMT001300,INV001317,"5,195,400.90",2026-07-06 20:39,Mobile Money
PMT001301,INV001318,4083992.88,2026-07-06 18:44,Mobile Money
PMT001302,INV001319,"5,769,947.18",16/07/2026 11:58,Mobile Money
PMT001303,INV001320,"3,153,815.22",26/06/2026 22:27,Cheque
PMT001304,INV001321,4915938.61,06/07/2026 19:01,RTGS
PMT001305,INV001322,3396226.54,2026-06-26 15:40,Bank Transfer
PMT001306,INV001323,5610004.64,2026-06-25 15:20,Bank Transfer
PMT001307,INV001324,4661426.52,24/06/2026 16:25,Mobile Money
PMT001308,INV001325,5374170.81,13/07/2026 09:09,RTGS
PMT001309,INV001326,5070308.61,2026-06-30 18:12,RTGS
PMT001310,INV001327,5124030.97,2026-06-26 23:54,RTGS
PMT001311,INV001328,4475606.71,2026-07-06 14:32,Mobile Money
PMT001312,INV001329,3753311.22,2026-06-29 17:55,Mobile Money
PMT001313,INV001330,"4,403,582.55",25/07/2026 01:40,Bank Transfer
PMT001314,INV001331,3594994.03,30/06/2026 20:22,Mobile Money
PMT001315,INV001332,5754577.55,2026-07-03 14:56,Cheque
PMT001316,INV001333,5563358.93,2026-08-22 22:05,Mobile Money
PMT001317,INV001334,5563358.93,24/06/2026 23:05,RTGS
PMT001318,INV001335,"5,025,989.99",16/07/2026 17:47,Cheque
PMT001319,INV001336,4589843.67,2026-07-01 06:02,Bank Transfer
PMT001320,INV001337,3348275.24,27/06/2026 00:02,Bank Transfer
PMT001321,INV001338,4062143.94,2026-07-08 04:42,RTGS
PMT001322,INV001339,5234401.61,26/06/2026 16:49,Cheque
PMT001323,INV001340,5434851.46,25/07/2026 05:26,Mobile Money
PMT001324,INV001341,3857767.83,2026-06-29 06:34,RTGS
PMT001325,INV001342,"3,545,002.66",01/07/2026 13:52,Bank Transfer
PMT001326,INV001343,4849176.78,07/07/2026 22:58,Cheque
PMT001327,INV001344,5815605.42,24/06/2026 21:57,Cheque
PMT001328,INV001345,"4,662,863.30",2026-06-30 21:53,Bank Transfer
PMT001329,INV001346,4620311.07,2026-07-23 23:58,Cheque
PMT001330,INV001347,4968208.51,2026-07-07 10:05,Mobile Money
PMT001331,INV001348,"5,482,766.39",03/07/2026 10:05,Mobile Money
PMT001332,INV001349,3712282.05,2026-07-09 00:14,Mobile Money
PMT001333,INV001350,4753588.51,08/08/2026 03:43,Bank Transfer
PMT001334,INV001351,4634106.74,27/06/2026 16:18,Bank Transfer
PMT001335,INV001352,"5,123,592.88",01/07/2026 11:44,RTGS
PMT001336,INV001353,4260858.23,26/06/2026 15:20,RTGS
PMT001337,INV001354,5129439.19,2026-07-25 20:34,Bank Transfer
PMT001338,INV001355,3528648.59,2026-07-14 12:53,Mobile Money
PMT001339,INV001356,5025839.72,2026-07-31 03:34,Mobile Money
PMT001340,INV001357,3378133.58,2026-08-07 22:19,RTGS
PMT001341,INV001358,4387358.14,2026-06-27 01:35,Bank Transfer
PMT001342,INV001359,3115120.82,26/06/2026 08:51,Bank Transfer
PMT001343,INV001360,1550823.03,04/07/2026 00:51,Mobile Money
PMT001344,INV001361,4262676.44,2026-07-07 14:09,RTGS
PMT001345,INV001362,"2,986,534.50",2026-07-16 00:40,Mobile Money
PMT001346,INV001363,4536863.85,27/06/2026 02:10,Mobile Money
PMT001347,INV001364,4563287.02,02/07/2026 01:30,Cheque
PMT001348,INV001365,5565627.50,14/07/2026 17:48,Bank Transfer
PMT001349,INV001366,3619917.17,26/06/2026 19:59,Mobile Money
PMT001350,INV001367,3159773.06,2026-06-29 21:04,Mobile Money
PMT001351,INV001368,3880797.60,2026-07-07 20:07,RTGS
PMT001352,INV001369,"3,820,122.20",01/07/2026 00:27,Bank Transfer
PMT001353,INV001370,"4,613,668.01",2026-08-08 10:43,Bank Transfer
PMT001354,INV001371,3340235.83,2026-07-01 09:35,Bank Transfer
PMT001355,INV001372,4672783.77,15/07/2026 18:18,Mobile Money
PMT001356,INV001373,4886727.96,2026-07-09 21:23,Cheque
PMT001357,INV001374,3589222.56,2026-06-25 14:32,RTGS
PMT001358,INV001375,4001968.48,2026-06-25 13:06,Cheque
PMT001359,INV001376,3391652.25,2026-06-26 21:19,Mobile Money
PMT001360,INV001377,"5,931,145.23",2026-06-24 10:51,RTGS
PMT001361,INV001378,"5,008,003.07",27/06/2026 11:37,Bank Transfer
PMT001362,INV001379,4460136.60,2026-07-15 00:14,Cheque
PMT001363,INV001380,5013603.39,15/07/2026 00:40,Mobile Money
PMT001364,INV001381,4378499.85,2026-07-14 14:20,Mobile Money
PMT001365,INV001382,4885269.71,25/06/2026 12:53,RTGS
PMT001366,INV001383,5248286.40,08/07/2026 05:57,RTGS
PMT001367,INV001384,3798911.27,03/07/2026 00:31,Bank Transfer
PMT001368,INV001385,4636166.55,08/08/2026 18:34,RTGS
PMT001369,INV001386,4393146.69,09/08/2026 04:05,Cheque
PMT001370,INV001387,2664490.12,2026-07-22 01:48,Mobile Money
PMT001371,INV001388,5378028.85,2026-06-26 12:32,RTGS
PMT001372,INV001389,4735471.49,27/06/2026 14:51,Mobile Money
PMT001373,INV001390,"5,900,624.48",2026-07-26 17:53,Mobile Money
PMT001374,INV001391,4786945.85,02/07/2026 16:15,RTGS
PMT001375,INV001392,3624246.34,2026-06-30 12:28,Bank Transfer
PMT001376,INV001393,3487519.32,2026-07-24 05:31,Bank Transfer
PMT001377,INV001394,3719979.21,07/07/2026 17:10,Mobile Money
PMT001378,INV001395,"3,138,182.01",2026-06-27 07:33,RTGS
PMT001379,INV001396,5060719.70,27/06/2026 02:55,Bank Transfer
PMT001380,INV001397,3783241.54,2026-07-02 04:46,Bank Transfer
PMT001381,INV001398,4298115.77,14/07/2026 23:13,RTGS
PMT001382,INV001399,"4,858,916.29",02/07/2026 18:24,RTGS
PMT001383,INV001400,4102609.36,08/08/2026 13:52,Bank Transfer
PMT001384,INV001401,4998740.68,16/07/2026 17:22,RTGS
PMT001385,INV001402,4674498.27,24/06/2026 15:49,Cheque
PMT001386,INV001403,5471511.17,2026-06-27 22:11,Mobile Money
PMT001387,INV001404,4063724.48,2026-07-02 19:34,Cheque
PMT001388,INV001405,5341994.32,2026-08-08 21:48,Bank Transfer
PMT001389,INV001406,5186359.70,2026-06-28 16:58,RTGS
PMT001390,INV001407,4658435.92,2026-07-27 16:12,Bank Transfer
PMT001391,INV001408,4367924.51,27/06/2026 16:49,Mobile Money
PMT001392,INV001409,4270658.64,2026-06-28 13:06,RTGS
PMT001393,INV001410,4192012.59,2026-06-29 03:33,RTGS
PMT001394,INV001412,4398273.72,2026-07-09 12:39,RTGS
PMT001395,INV001413,5145671.55,2026-06-25 23:38,Bank Transfer
PMT001396,INV001414,3962325.77,27/07/2026 16:52,RTGS
PMT001397,INV001415,4961884.91,2026-07-24 16:47,Cheque
PMT001398,INV001416,5258397.32,2026-07-25 18:30,Bank Transfer
PMT001399,INV001417,4186759.72,2026-06-28 14:43,Mobile Money
PMT001400,INV001418,"3,816,896.76",26/06/2026 14:18,Mobile Money
PMT001401,INV001419,5142565.83,2026-07-01 16:07,Mobile Money
PMT001402,INV001420,4865421.87,2026-06-27 21:05,Bank Transfer
PMT001403,INV001421,3676474.41,2026-07-08 19:32,Mobile Money
PMT001404,INV001422,"3,322,743.72",04/07/2026 17:58,Bank Transfer
PMT001405,INV001423,5278157.38,25/06/2026 12:36,Mobile Money
PMT001406,INV001424,3669528.11,2026-07-16 22:11,Mobile Money
PMT001407,INV001425,4595511.30,26/07/2026 02:44,Mobile Money
PMT001408,INV001426,5160352.25,2026-08-25 00:11,RTGS
PMT001409,INV001427,3537296.10,2026-07-03 04:39,Cheque
PMT001410,INV001428,5172106.70,30/06/2026 03:32,Mobile Money
PMT001411,INV001429,5145906.09,2026-06-28 15:37,Cheque
PMT001412,INV001430,3080574.87,2026-07-04 17:32,Cheque
PMT001413,INV001431,2947217.34,2026-06-28 02:45,RTGS
PMT001414,INV001432,4302816.16,2026-08-25 18:40,Cheque
PMT001415,INV001434,4255538.95,2026-06-27 11:42,RTGS
PMT001416,INV001435,5212512.73,27/06/2026 14:05,Bank Transfer
PMT001417,INV001436,4139313.20,25/06/2026 17:27,Cheque
PMT001418,INV001437,5818966.49,27/06/2026 07:54,Mobile Money
PMT001419,INV001438,4401378.07,28/06/2026 22:34,Mobile Money
PMT001420,INV001439,3412246.05,03/07/2026 23:06,Mobile Money
PMT001421,INV001440,4118357.01,02/07/2026 12:52,Bank Transfer
PMT001422,INV001441,4252023.00,27/06/2026 19:57,Cheque
PMT001423,INV001442,3875060.98,2026-07-01 04:09,Bank Transfer
PMT001424,INV001444,3383793.40,2026-07-11 20:34,Bank Transfer
PMT001425,INV001445,4828160.60,02/07/2026 03:53,Mobile Money
PMT001426,INV001446,"5,097,364.41",2026-06-28 05:16,RTGS
PMT001427,INV001447,3840959.23,2026-08-08 14:01,Cheque
PMT001428,INV001448,3390162.09,2026-07-02 13:44,Bank Transfer
PMT001429,INV001449,5101080.24,08/07/2026 10:46,Cheque
PMT001430,INV001450,3455858.01,2026-07-25 05:46,Mobile Money
PMT001431,INV001451,5244055.61,03/07/2026 17:39,Bank Transfer
PMT001432,INV001452,"3,814,337.04",26/07/2026 10:24,Bank Transfer
PMT001433,INV001453,3741384.86,10/08/2026 01:00,Cheque
PMT001434,INV001454,5498898.36,28/06/2026 16:23,Mobile Money
PMT001435,INV001455,"4,466,327.32",04/08/2026 16:55,RTGS
PMT001436,INV001456,3845464.19,2026-07-04 03:07,Mobile Money
PMT001437,INV001457,5168352.86,28/06/2026 15:02,Mobile Money
PMT001438,INV001458,3454214.32,25/07/2026 18:34,RTGS
PMT001439,INV001459,3574325.82,16/08/2026 09:19,Cheque
PMT001440,INV001460,3149599.41,2026-07-10 05:51,Bank Transfer
PMT001441,INV001461,4373840.38,30/06/2026 05:29,Mobile Money
PMT001442,INV001462,"5,361,121.53",2026-07-03 21:36,RTGS
PMT001443,INV001463,3948240.94,2026-07-12 04:23,RTGS
PMT001444,INV001464,4952779.86,2026-06-28 18:24,Mobile Money
PMT001445,INV001465,4542060.56,24/08/2026 20:27,Mobile Money
PMT001446,INV001466,4086810.48,01/07/2026 13:06,RTGS
PMT001447,INV001467,4825575.19,28/06/2026 22:54,Mobile Money
PMT001448,INV001468,4755837.46,26/06/2026 15:11,Bank Transfer
PMT001449,INV001469,4699200.02,04/07/2026 00:06,Cheque
PMT001450,INV001470,4608191.12,2026-07-09 13:59,RTGS
PMT001451,INV001471,3339949.50,28/06/2026 13:09,Cheque
PMT001452,INV001472,4738123.65,17/07/2026 13:03,Cheque
PMT001453,INV001474,"3,995,066.13",2026-06-27 00:54,Cheque
PMT001454,INV001475,5226758.24,2026-07-03 17:28,RTGS
PMT001455,INV001477,"5,689,226.46",16/07/2026 23:38,Bank Transfer
PMT001456,INV001478,2960422.00,2026-06-26 14:49,RTGS
PMT001457,INV001479,"5,038,440.63",2026-07-10 13:43,RTGS
PMT001458,INV001480,4560008.05,16/07/2026 22:15,Mobile Money
PMT001459,INV001481,3477046.06,09/07/2026 20:19,RTGS
PMT001460,INV001482,3810759.67,2026-07-09 15:27,Mobile Money
PMT001461,INV001483,"4,504,854.52",2026-07-25 19:12,Mobile Money
PMT001462,INV001484,3164715.15,25/08/2026 22:21,RTGS
PMT001463,INV001485,4648542.03,28/06/2026 12:08,Bank Transfer
PMT001464,INV001486,5233181.92,09/07/2026 09:53,Bank Transfer
PMT001465,INV001487,4027920.67,27/06/2026 13:56,Bank Transfer
PMT001466,INV001488,1628851.40,2026-06-28 14:10,Mobile Money
PMT001467,INV001489,4606781.67,26/08/2026 00:14,RTGS
PMT001468,INV001490,"5,660,028.01",2026-07-09 15:29,Cheque
PMT001469,INV001491,4898111.59,2026-06-28 22:39,Cheque
PMT001470,INV001492,5173494.23,2026-06-26 10:52,RTGS
PMT001471,INV001493,3763904.62,2026-08-10 17:44,RTGS
PMT001472,INV001494,3316108.48,2026-07-02 19:20,Bank Transfer
PMT001473,INV001495,"3,599,987.21",2026-07-06 01:44,Bank Transfer
PMT001474,INV001496,3292091.79,27/07/2026 02:26,Bank Transfer
PMT001475,INV001497,3663374.47,2026-07-11 16:12,RTGS
PMT001476,INV001498,5620746.66,28/06/2026 11:06,Bank Transfer
PMT001477,INV001499,4268185.57,2026-07-04 00:19,Cheque
PMT001478,INV001500,"5,297,881.68",10/08/2026 22:48,RTGS
PMT001479,INV001501,3368695.88,14/08/2026 00:15,Mobile Money
PMT001480,INV001502,5226406.26,27/06/2026 20:37,RTGS
PMT001481,INV001503,5302674.23,2026-06-29 15:58,Cheque
PMT001482,INV001504,3763691.94,2026-07-06 22:22,Cheque
PMT001483,INV001505,4430331.25,2026-07-03 19:16,Mobile Money
PMT001484,INV001506,4101946.30,2026-07-27 14:34,Bank Transfer
PMT001485,INV001507,5141214.75,01/07/2026 17:29,Bank Transfer
PMT001486,INV001508,3919076.51,2026-07-17 22:38,RTGS
PMT001487,INV001509,5593362.65,2026-07-10 11:02,Bank Transfer
PMT001488,INV001510,5886792.59,2026-07-17 18:39,Bank Transfer
PMT001489,INV001511,"5,046,984.42",11/08/2026 15:25,Bank Transfer
PMT001490,INV001512,4682604.27,2026-07-04 22:59,Mobile Money
PMT001491,INV001513,"3,380,859.26",29/06/2026 18:55,Cheque
PMT001492,INV001514,4411004.52,13/07/2026 19:58,Mobile Money
PMT001493,INV001515,2605551.48,2026-06-29 17:07,Bank Transfer
PMT001494,INV001516,4827021.37,27/07/2026 15:03,Mobile Money
PMT001495,INV001517,3916806.23,27/06/2026 21:37,Bank Transfer
PMT001496,INV001518,3671116.18,29/06/2026 20:04,Cheque
PMT001497,INV001519,"3,825,311.32",29/06/2026 11:39,RTGS
PMT001498,INV001520,5540808.90,2026-08-27 11:45,Mobile Money
PMT001499,INV001521,5330956.72,2026-07-04 18:28,Cheque
PMT001500,INV001522,5549601.31,29/06/2026 02:48,Bank Transfer
PMT001501,INV001523,5549601.31,2026-08-27 03:48,RTGS
PMT001502,INV001524,"4,092,930.86",24/07/2026 21:22,Cheque
PMT001503,INV001525,"4,198,121.11",27/07/2026 15:15,Cheque
PMT001504,INV001526,3700313.26,2026-07-03 05:32,Mobile Money
PMT001505,INV001527,3813677.11,04/07/2026 16:19,Mobile Money
PMT001506,INV001528,4117926.73,03/07/2026 14:30,Cheque
PMT001507,INV001529,3687129.95,2026-07-19 02:42,Cheque
PMT001508,INV001530,"4,956,332.21",2026-07-10 19:02,Cheque
PMT001509,INV001531,"3,971,726.14",2026-07-13 02:24,Cheque
PMT001510,INV001532,3444468.78,20/07/2026 22:06,Bank Transfer
PMT001511,INV001533,1635837.34,12/07/2026 02:14,Mobile Money
PMT001512,INV001534,"5,180,782.50",2026-07-04 15:08,Bank Transfer
PMT001513,INV001535,"5,875,244.91",27/06/2026 20:28,RTGS
PMT001514,INV001536,5021764.58,2026-06-30 17:01,RTGS
PMT001515,INV001537,5863948.03,19/07/2026 23:12,Bank Transfer
PMT001516,INV001538,3912119.43,2026-07-26 16:30,Mobile Money
PMT001517,INV001539,3495425.19,2026-06-29 15:04,RTGS
PMT001518,INV001540,3943071.00,30/06/2026 15:35,Mobile Money
PMT001519,INV001541,4677974.68,2026-06-28 07:46,RTGS
PMT001520,INV001542,5483969.60,10/08/2026 09:10,Mobile Money
PMT001521,INV001543,3958393.77,10/07/2026 23:26,Cheque
PMT001522,INV001544,3945695.71,13/08/2026 12:11,RTGS
PMT001523,INV001545,5294368.84,28/07/2026 23:56,Cheque
PMT001524,INV001546,"5,294,368.84",02/07/2026 00:56,Cheque
PMT001525,INV001547,3411263.10,28/06/2026 00:52,Bank Transfer
PMT001526,INV001548,3168848.73,03/07/2026 12:15,Cheque
PMT001527,INV001549,3312012.04,28/06/2026 18:01,Mobile Money
PMT001528,INV001550,4525639.33,29/06/2026 15:31,Bank Transfer
PMT001529,INV001551,5091568.12,2026-06-29 16:03,RTGS
PMT001530,INV001552,4225454.89,2026-07-11 02:03,Mobile Money
PMT001531,INV001553,4337877.58,2026-07-13 23:12,Cheque
PMT001532,INV001554,5841429.49,2026-06-29 11:54,Cheque
PMT001533,INV001555,4135925.41,10/07/2026 11:54,RTGS
PMT001534,INV001556,"3,894,281.26",27/06/2026 17:35,Cheque
PMT001535,INV001557,4152793.63,17/07/2026 11:01,RTGS
PMT001536,INV001558,"3,341,598.07",18/07/2026 01:41,Mobile Money
PMT001537,INV001559,3458284.59,07/07/2026 15:45,Bank Transfer
PMT001538,INV001560,4386192.46,12/07/2026 14:45,Mobile Money
PMT001539,INV001561,4218683.37,2026-07-12 02:37,Bank Transfer
PMT001540,INV001562,4754813.31,30/06/2026 04:11,Bank Transfer
PMT001541,INV001563,4550460.27,2026-07-01 02:16,Mobile Money
PMT001542,INV001564,5364842.87,28/08/2026 09:00,RTGS
PMT001543,INV001565,1879887.60,2026-07-05 03:33,RTGS
PMT001544,INV001566,3571337.21,2026-07-28 13:18,RTGS
PMT001545,INV001567,"3,628,418.28",03/07/2026 23:08,Bank Transfer
PMT001546,INV001568,3754988.48,01/07/2026 00:39,Bank Transfer
PMT001547,INV001569,4872837.34,30/07/2026 08:10,Mobile Money
PMT001548,INV001570,"4,266,943.70",30/06/2026 23:06,RTGS
PMT001549,INV001571,4500610.66,2026-07-13 07:10,Mobile Money
PMT001550,INV001572,4617722.02,2026-07-19 17:39,Bank Transfer
PMT001551,INV001573,5511540.11,2026-07-21 01:42,Cheque
PMT001552,INV001574,3967731.76,27/08/2026 19:20,Bank Transfer
PMT001553,INV001575,4701623.60,2026-07-29 23:39,RTGS
PMT001554,INV001576,"4,739,434.05",2026-07-12 00:23,RTGS
PMT001555,INV001577,3689280.87,2026-07-28 21:10,RTGS
PMT001556,INV001578,4347597.53,2026-08-12 14:13,Bank Transfer
PMT001557,INV001579,3529835.44,2026-08-27 11:06,Mobile Money
PMT001558,INV001580,3949888.38,2026-07-19 15:54,Mobile Money
PMT001559,INV001581,5564334.36,03/07/2026 01:25,Mobile Money
PMT001560,INV001582,3936811.57,20/07/2026 22:35,Mobile Money
PMT001561,INV001583,3687482.30,2026-06-30 04:14,Cheque
PMT001562,INV001584,3669188.42,2026-07-01 13:46,Mobile Money
PMT001563,INV001585,3669188.42,29/06/2026 14:46,Bank Transfer
PMT001564,INV001586,5098206.04,2026-08-13 02:18,Cheque
PMT001565,INV001587,"2,777,759.61",03/07/2026 11:56,Cheque
PMT001566,INV001588,4715783.67,18/07/2026 10:12,RTGS
PMT001567,INV001589,5304065.81,13/07/2026 07:52,RTGS
PMT001568,INV001590,3261203.94,01/07/2026 21:15,Cheque
PMT001569,INV001591,3347709.38,2026-07-13 15:36,Cheque
PMT001570,INV001592,4087924.41,13/07/2026 05:19,Cheque
PMT001571,INV001593,3669756.12,2026-07-28 02:23,Mobile Money
PMT001572,INV001594,1639485.69,2026-07-01 13:07,RTGS
PMT001573,INV001595,3735234.14,2026-07-18 09:07,Bank Transfer
PMT001574,INV001596,"4,926,700.06",2026-06-28 19:59,Mobile Money
PMT001575,INV001597,3860067.39,30/06/2026 15:53,Cheque
PMT001576,INV001598,3940033.07,2026-06-30 18:13,Bank Transfer
PMT001577,INV001599,4225402.41,12/07/2026 01:33,Mobile Money
PMT001578,INV001600,4929606.59,30/06/2026 21:02,Bank Transfer
PMT001579,INV001601,5111204.19,2026-07-11 20:45,RTGS
PMT001580,INV001602,3617044.64,2026-09-02 22:45,Mobile Money
PMT001581,INV001603,"3,522,040.36",2026-07-20 04:35,Bank Transfer
PMT001582,INV001604,5403593.72,30/06/2026 10:35,RTGS
PMT001583,INV001605,3758058.13,07/07/2026 09:33,Bank Transfer
PMT001584,INV001606,4492442.99,30/06/2026 17:46,Mobile Money
PMT001585,INV001607,"4,514,682.10",2026-06-28 20:09,Cheque
PMT001586,INV001608,"4,529,025.37",02/07/2026 21:21,RTGS
PMT001587,INV001609,"3,654,455.49",2026-07-05 10:08,Bank Transfer
PMT001588,INV001610,4056596.26,11/07/2026 07:56,Cheque
PMT001589,INV001611,3764978.58,13/08/2026 10:29,RTGS
PMT001590,INV001612,3661122.97,2026-08-11 11:17,Cheque
PMT001591,INV001613,3371032.72,2026-06-30 16:57,Bank Transfer
PMT001592,INV001614,5378831.13,2026-07-11 22:50,RTGS
PMT001593,INV001615,5231153.27,28/06/2026 22:01,Bank Transfer
PMT001594,INV001616,5054601.38,13/07/2026 00:46,Bank Transfer
PMT001595,INV001617,5054601.38,30/06/2026 01:46,RTGS
PMT001596,INV001618,4792399.41,14/08/2026 14:14,Mobile Money
PMT001597,INV001619,"3,732,996.37",28/07/2026 03:49,Bank Transfer
PMT001598,INV001620,"5,033,950.37",2026-06-29 17:02,RTGS
PMT001599,INV001621,3427731.97,2026-07-20 23:47,Mobile Money
PMT001600,INV001622,"5,043,372.58",12/07/2026 15:29,Cheque
PMT001601,INV001623,5346304.10,2026-07-04 21:11,Mobile Money
PMT001602,INV001624,"4,687,202.00",2026-07-13 18:16,Mobile Money
PMT001603,INV001625,4613961.98,2026-07-12 02:41,Cheque
PMT001604,INV001626,3450250.97,2026-08-06 21:47,Mobile Money
PMT001605,INV001627,"5,923,783.40",22/07/2026 21:34,Cheque
PMT001606,INV001628,"5,340,212.19",14/07/2026 04:54,Cheque
PMT001607,INV001629,3193842.41,2026-07-28 21:46,RTGS
PMT001608,INV001630,"4,550,028.59",2026-08-30 17:46,Mobile Money
PMT001609,INV001631,5583702.84,01/07/2026 20:22,RTGS
PMT001610,INV001632,"3,992,529.84",29/06/2026 21:38,Mobile Money
PMT001611,INV001633,3037690.49,20/07/2026 01:17,RTGS
PMT001612,INV001634,5035346.09,28/08/2026 14:30,Mobile Money
PMT001613,INV001635,5467801.88,29/06/2026 22:57,Mobile Money
PMT001614,INV001636,5408002.95,2026-07-05 22:23,Bank Transfer
PMT001615,INV001638,"5,876,956.98",2026-06-30 13:44,Cheque
PMT001616,INV001639,4164421.55,20/07/2026 21:05,Bank Transfer
PMT001617,INV001640,3923569.73,13/08/2026 21:29,Bank Transfer
PMT001618,INV001641,5026808.12,2026-07-05 23:18,Mobile Money
PMT001619,INV001642,3113939.37,2026-07-12 20:15,RTGS
PMT001620,INV001643,4967202.99,2026-08-14 03:37,Cheque
PMT001621,INV001644,4857427.58,02/07/2026 02:39,Cheque
PMT001622,INV001645,4592997.95,29/07/2026 17:24,Bank Transfer
PMT001623,INV001646,"5,059,802.35",2026-07-07 16:32,Bank Transfer
PMT001624,INV001647,3771496.41,13/07/2026 00:10,RTGS
PMT001625,INV001648,4272963.79,2026-07-07 00:52,Mobile Money
PMT001626,INV001649,3398800.87,2026-07-20 01:11,Cheque
PMT001627,INV001650,3817721.92,12/08/2026 08:51,Mobile Money
PMT001628,INV001651,2975270.00,2026-08-14 19:34,Cheque
PMT001629,INV001652,5413716.21,2026-07-28 16:01,Mobile Money
PMT001630,INV001653,"3,558,665.90",04/07/2026 15:54,RTGS
PMT001631,INV001654,4531040.87,02/07/2026 20:19,Cheque
PMT001632,INV001655,5366907.25,05/07/2026 07:39,Mobile Money
PMT001633,INV001656,3880249.52,12/08/2026 14:09,Bank Transfer
PMT001634,INV001657,4598838.62,2026-07-05 15:40,Bank Transfer
PMT001635,INV001658,4245541.16,2026-08-28 04:07,Mobile Money
PMT001636,INV001659,"4,176,037.52",2026-08-27 17:14,Mobile Money
PMT001637,INV001660,5163739.07,14/07/2026 04:30,Bank Transfer
PMT001638,INV001661,4334760.46,2026-07-29 16:56,RTGS
PMT001639,INV001662,5846788.95,27/08/2026 13:30,RTGS
PMT001640,INV001663,5443480.80,29/07/2026 01:00,Bank Transfer
PMT001641,INV001664,3435991.83,2026-07-15 03:58,Cheque
PMT001642,INV001665,3749070.48,29/07/2026 14:23,Bank Transfer
PMT001643,INV001666,3715165.99,2026-06-29 23:53,Bank Transfer
PMT001644,INV001667,5012364.81,12/07/2026 09:21,Bank Transfer
PMT001645,INV001668,4237014.43,05/07/2026 01:21,Bank Transfer
PMT001646,INV001669,4875908.41,2026-06-30 08:33,Mobile Money
PMT001647,INV001670,5792180.72,31/07/2026 04:01,Mobile Money
PMT001648,INV001671,3778498.53,2026-07-14 01:42,Bank Transfer
PMT001649,INV001672,"4,323,083.08",03/07/2026 13:46,Mobile Money
PMT001650,INV001673,3592034.47,07/07/2026 17:08,Bank Transfer
PMT001651,INV001674,3367490.89,27/08/2026 20:35,Bank Transfer
PMT001652,INV001675,5099189.92,2026-07-31 05:35,Cheque
PMT001653,INV001676,3484167.25,29/06/2026 23:43,Mobile Money
PMT001654,INV001677,3965311.61,2026-08-29 05:48,Mobile Money
PMT001655,INV001678,"4,420,803.93",07/07/2026 09:43,Cheque
PMT001656,INV001679,4448129.73,2026-07-14 01:19,Cheque
PMT001657,INV001680,3590555.99,20/07/2026 13:02,Cheque
PMT001658,INV001681,4859999.77,2026-08-14 05:47,Bank Transfer
PMT001659,INV001682,"5,058,954.13",2026-07-30 04:11,Cheque
PMT001660,INV001683,4608975.21,03/07/2026 22:52,Mobile Money
PMT001661,INV001684,4608975.21,14/07/2026 23:52,Bank Transfer
PMT001662,INV001685,3617417.52,08/07/2026 18:41,Cheque
PMT001663,INV001686,5772992.24,2026-07-08 18:36,Mobile Money
PMT001664,INV001687,4286450.12,14/07/2026 14:48,Mobile Money
PMT001665,INV001688,"2,048,886.53",2026-07-06 19:24,RTGS
PMT001666,INV001689,3836498.45,03/07/2026 21:58,Cheque
PMT001667,INV001690,4793544.27,21/07/2026 05:50,Mobile Money
PMT001668,INV001691,3661912.00,21/07/2026 01:55,RTGS
PMT001669,INV001692,"4,362,084.66",16/07/2026 19:31,Bank Transfer
PMT001670,INV001693,5467552.13,30/08/2026 20:13,RTGS
PMT001671,INV001694,3924284.91,03/07/2026 17:08,Bank Transfer
PMT001672,INV001695,"5,328,988.00",2026-07-14 01:29,RTGS
PMT001673,INV001696,5143243.91,2026-07-14 19:05,Mobile Money
PMT001674,INV001697,3366664.31,2026-07-01 02:18,Mobile Money
PMT001675,INV001698,"5,234,774.04",2026-07-02 12:50,Mobile Money
PMT001676,INV001699,5887434.57,16/08/2026 01:16,Cheque
PMT001677,INV001700,4063325.53,06/07/2026 13:35,Bank Transfer
PMT001678,INV001701,"3,443,653.18",2026-07-07 15:00,Mobile Money
PMT001679,INV001702,4607824.48,06/07/2026 22:53,Bank Transfer
PMT001680,INV001703,3516417.35,2026-07-30 20:02,Cheque
PMT001681,INV001704,3516417.35,2026-07-07 21:02,Mobile Money
PMT001682,INV001705,5444374.87,29/07/2026 18:47,Cheque
PMT001683,INV001706,3429839.33,2026-07-02 18:40,Cheque
PMT001684,INV001707,"3,903,558.72",07/07/2026 12:01,RTGS
PMT001685,INV001708,3915358.85,2026-07-01 03:48,RTGS
PMT001686,INV001709,5670162.56,01/08/2026 18:04,Bank Transfer
PMT001687,INV001710,"5,277,696.20",2026-07-20 16:05,Cheque
PMT001688,INV001711,4714501.20,2026-07-08 15:20,Bank Transfer
PMT001689,INV001712,"4,205,441.68",30/06/2026 16:41,Bank Transfer
PMT001690,INV001713,3844481.10,2026-07-08 19:40,RTGS
PMT001691,INV001714,5148401.68,02/07/2026 20:14,Mobile Money
PMT001692,INV001716,4164401.95,2026-07-06 17:45,Mobile Money
PMT001693,INV001717,3666801.84,29/07/2026 17:46,RTGS
PMT001694,INV001718,5608069.62,2026-07-20 15:35,Cheque
PMT001695,INV001719,1775403.57,2026-08-28 21:45,RTGS
PMT001696,INV001720,"3,442,654.64",2026-08-16 09:36,Bank Transfer
PMT001697,INV001721,4816113.30,06/07/2026 18:08,Mobile Money
PMT001698,INV001722,3178826.82,07/07/2026 17:20,Bank Transfer
PMT001699,INV001723,"3,496,089.33",2026-08-15 04:44,Cheque
PMT001700,INV001724,"4,460,637.62",2026-07-14 08:36,RTGS
PMT001701,INV001725,4100523.54,07/07/2026 05:53,Bank Transfer
PMT001702,INV001726,"4,889,438.47",2026-07-21 13:28,Mobile Money
PMT001703,INV001727,3637378.52,04/07/2026 22:28,Cheque
PMT001704,INV001728,3849000.85,29/07/2026 21:24,RTGS
PMT001705,INV001729,4672696.83,2026-07-13 10:51,Mobile Money
PMT001706,INV001730,5368807.46,16/07/2026 23:30,Mobile Money
PMT001707,INV001731,5063888.38,2026-07-01 00:37,Mobile Money
PMT001708,INV001732,5328203.38,03/07/2026 00:04,RTGS
PMT001709,INV001733,4461241.34,06/07/2026 14:08,Cheque
PMT001710,INV001735,"5,907,483.26",06/07/2026 14:51,Mobile Money
PMT001711,INV001736,4845468.44,21/07/2026 06:23,Mobile Money
PMT001712,INV001737,4769188.55,2026-07-02 19:41,Mobile Money
PMT001713,INV001738,5940506.91,2026-07-03 02:00,Cheque
PMT001714,INV001739,5342437.46,2026-07-15 05:26,Bank Transfer
PMT001715,INV001740,4055376.26,2026-07-15 14:38,Cheque
PMT001716,INV001741,"3,992,061.93",03/07/2026 01:21,Bank Transfer
PMT001717,INV001742,3311837.12,2026-07-01 16:32,Mobile Money
PMT001718,INV001743,3821752.08,2026-06-30 11:47,Mobile Money
PMT001719,INV001744,"4,866,531.26",29/07/2026 17:50,RTGS
PMT001720,INV001745,5018762.37,07/07/2026 10:40,Bank Transfer
PMT001721,INV001746,"3,656,115.62",2026-07-13 20:36,Cheque
PMT001722,INV001747,3245823.76,2026-07-04 11:43,RTGS
PMT001723,INV001748,4263572.09,30/07/2026 21:37,Cheque
PMT001724,INV001750,3677910.70,02/07/2026 22:07,Mobile Money
PMT001725,INV001751,3788115.55,07/07/2026 03:32,Mobile Money
PMT001726,INV001752,3746472.06,06/07/2026 00:46,Cheque
PMT001727,INV001753,5798552.31,2026-07-29 12:05,RTGS
PMT001728,INV001754,"3,196,106.79",2026-07-29 22:12,Mobile Money
PMT001729,INV001755,"5,799,759.63",2026-07-06 22:51,Mobile Money
PMT001730,INV001756,4769212.20,02/07/2026 17:44,Cheque
PMT001731,INV001757,3664521.62,22/07/2026 00:46,Bank Transfer
PMT001732,INV001758,5240715.54,2026-07-29 15:31,RTGS
PMT001733,INV001759,"3,264,862.43",2026-07-16 01:26,Bank Transfer
PMT001734,INV001760,4905997.41,14/08/2026 17:04,Bank Transfer
PMT001735,INV001761,5422019.87,2026-07-09 21:23,Cheque
PMT001736,INV001762,4874931.27,2026-07-03 14:59,RTGS
PMT001737,INV001763,4704460.67,2026-07-06 18:15,Cheque
PMT001738,INV001764,3860040.33,2026-07-16 00:17,RTGS
PMT001739,INV001765,4253823.77,10/07/2026 06:44,Bank Transfer
PMT001740,INV001766,"3,105,911.43",2026-07-03 15:39,RTGS
PMT001741,INV001767,3977500.44,2026-07-06 05:02,Mobile Money
PMT001742,INV001768,"5,070,942.65",2026-07-07 19:12,Cheque
PMT001743,INV001769,3258242.34,03/07/2026 02:06,Cheque
PMT001744,INV001770,4291876.10,02/07/2026 18:15,RTGS
PMT001745,INV001771,4127538.98,2026-08-15 02:03,Mobile Money
PMT001746,INV001772,3738170.47,2026-07-03 18:18,Bank Transfer
PMT001747,INV001773,4161929.63,2026-07-03 16:45,RTGS
PMT001748,INV001774,4229999.35,14/07/2026 13:38,RTGS
PMT001749,INV001775,4695711.31,30/07/2026 21:44,Mobile Money
PMT001750,INV001776,5870262.17,15/07/2026 21:18,Mobile Money
PMT001751,INV001777,4533068.70,04/07/2026 00:13,Mobile Money
PMT001752,INV001778,5395142.86,2026-08-06 20:20,Cheque
PMT001753,INV001779,4447870.95,09/07/2026 00:53,Bank Transfer
PMT001754,INV001780,5083962.17,2026-07-08 10:52,RTGS
PMT001755,INV001781,3909410.86,16/07/2026 00:29,Mobile Money
PMT001756,INV001782,3498334.14,22/07/2026 23:50,RTGS
PMT001757,INV001783,4490291.14,2026-07-15 08:32,Cheque
PMT001758,INV001784,"4,975,656.51",2026-08-15 23:51,Mobile Money
PMT001759,INV001785,4916531.53,2026-07-16 01:09,RTGS
PMT001760,INV001786,5417799.17,2026-07-30 19:09,Cheque
PMT001761,INV001787,4840150.00,2026-07-16 03:55,RTGS
PMT001762,INV001788,5131496.18,04/07/2026 02:53,Mobile Money
PMT001763,INV001789,3755073.05,2026-07-07 09:09,Bank Transfer
PMT001764,INV001790,3839521.71,02/07/2026 03:55,Cheque
PMT001765,INV001791,"3,864,700.01",03/07/2026 20:08,Bank Transfer
PMT001766,INV001792,3257307.03,2026-07-21 21:19,RTGS
PMT001767,INV001794,"3,491,934.45",10/07/2026 16:41,Cheque
PMT001768,INV001795,4480357.92,10/07/2026 21:36,RTGS
PMT001769,INV001796,"5,141,838.16",03/07/2026 10:10,Cheque
PMT001770,INV001797,"5,164,606.91",01/08/2026 00:29,Bank Transfer
PMT001771,INV001798,4998988.78,2026-07-09 00:30,RTGS
PMT001772,INV001799,5864075.87,2026-07-14 14:34,Cheque
PMT001773,INV001800,"3,604,761.55",2026-07-14 18:58,Bank Transfer
PMT001774,INV001801,3837884.86,07/07/2026 18:21,Cheque
PMT001775,INV001802,4663970.96,2026-07-03 23:14,RTGS
PMT001776,INV001803,"4,764,740.13",09/07/2026 21:23,Mobile Money
PMT001777,INV001804,5431102.06,2026-07-30 13:01,RTGS
PMT001778,INV001805,"3,208,671.20",21/07/2026 17:51,Bank Transfer
PMT001779,INV001806,"3,658,082.56",2026-07-22 13:36,RTGS
PMT001780,INV001807,4190343.52,2026-07-23 16:37,RTGS
PMT001781,INV001808,"3,570,316.09",01/07/2026 18:10,Mobile Money
PMT001782,INV001809,3873468.51,2026-07-02 12:25,Bank Transfer
PMT001783,INV001810,3879591.87,02/08/2026 13:31,Mobile Money
PMT001784,INV001811,3354406.12,2026-07-30 23:51,Bank Transfer
PMT001785,INV001812,3348979.84,14/07/2026 23:54,Cheque
PMT001786,INV001813,3696317.44,2026-07-17 14:31,RTGS
PMT001787,INV001814,"5,494,995.24",2026-07-07 17:42,Mobile Money
PMT001788,INV001815,5207158.66,2026-07-05 22:22,Cheque
PMT001789,INV001816,4776608.25,2026-07-15 02:56,Mobile Money
PMT001790,INV001817,3680356.57,2026-08-15 20:21,Bank Transfer
PMT001791,INV001818,5098805.36,2026-07-10 13:33,Bank Transfer
PMT001792,INV001819,4656995.09,05/07/2026 09:32,Cheque
PMT001793,INV001820,"5,467,192.56",2026-07-06 10:29,Mobile Money
PMT001794,INV001821,5767523.87,2026-07-02 17:38,Mobile Money
PMT001795,INV001822,3784512.45,08/07/2026 20:55,Cheque
PMT001796,INV001824,4785553.60,30/08/2026 16:42,Bank Transfer
PMT001797,INV001825,5347176.82,2026-08-01 23:58,Bank Transfer
PMT001798,INV001826,4523057.81,07/08/2026 15:52,Cheque
PMT001799,INV001827,4909240.12,2026-07-16 11:50,Mobile Money
PMT001800,INV001828,"2,972,854.84",10/07/2026 06:44,Bank Transfer
PMT001801,INV001829,3798338.23,2026-09-09 18:53,RTGS
PMT001802,INV001830,4394351.77,2026-07-08 18:26,RTGS
PMT001803,INV001831,"4,609,052.55",15/08/2026 11:29,Cheque
PMT001804,INV001832,5511934.12,22/07/2026 14:18,Bank Transfer
PMT001805,INV001833,4466620.58,2026-07-06 00:14,Mobile Money
PMT001806,INV001834,5814434.17,2026-07-09 03:36,Cheque
PMT001807,INV001835,"4,293,250.19",2026-07-12 02:57,Mobile Money
PMT001808,INV001836,4620258.20,02/07/2026 09:26,Cheque
PMT001809,INV001837,"4,738,950.39",2026-07-08 20:23,Cheque
PMT001810,INV001838,2898692.28,2026-07-22 20:30,Bank Transfer
PMT001811,INV001839,3131708.81,2026-07-06 01:32,Cheque
PMT001812,INV001840,4177589.78,2026-07-08 16:32,Mobile Money
PMT001813,INV001841,4876186.59,15/07/2026 16:06,RTGS
PMT001814,INV001842,4875194.63,08/07/2026 16:14,Mobile Money
PMT001815,INV001843,"3,177,964.98",2026-07-09 04:52,Mobile Money
PMT001816,INV001844,3126296.01,18/07/2026 22:35,Cheque
PMT001817,INV001845,4602465.28,2026-07-09 19:23,RTGS
PMT001818,INV001846,5129013.80,2026-07-04 16:16,RTGS
PMT001819,INV001847,4885190.42,2026-07-15 12:00,RTGS
PMT001820,INV001848,4437841.22,10/07/2026 14:08,Mobile Money
PMT001821,INV001850,3576455.21,06/07/2026 13:11,Mobile Money
PMT001822,INV001851,3872783.74,2026-07-04 15:42,Bank Transfer
PMT001823,INV001852,5649481.80,2026-07-09 18:00,Cheque
PMT001824,INV001853,3290874.14,04/08/2026 02:12,RTGS
PMT001825,INV001854,4381813.37,2026-07-22 15:23,RTGS
PMT001826,INV001855,4757247.37,2026-07-19 00:45,Cheque
PMT001827,INV001856,5144541.50,09/07/2026 08:59,RTGS
PMT001828,INV001857,1678672.01,2026-07-05 23:47,RTGS
PMT001829,INV001858,4220033.52,2026-07-31 23:18,RTGS
PMT001830,INV001859,4824863.79,09/07/2026 13:05,Cheque
PMT001831,INV001860,5963514.67,15/07/2026 22:30,Cheque
PMT001832,INV001861,4330628.47,2026-07-06 13:42,Bank Transfer
PMT001833,INV001862,4260847.16,18/08/2026 03:23,Mobile Money
PMT001834,INV001863,4642474.16,17/08/2026 00:19,RTGS
PMT001835,INV001864,4280800.06,2026-07-04 23:57,Bank Transfer
PMT001836,INV001865,4930244.31,24/07/2026 04:17,Mobile Money
PMT001837,INV001866,4085645.87,2026-07-04 20:30,RTGS
PMT001838,INV001867,4101001.71,2026-07-16 11:13,Cheque
PMT001839,INV001868,"5,384,138.75",2026-07-06 01:05,Cheque
PMT001840,INV001869,5506658.82,04/07/2026 16:35,Cheque
PMT001841,INV001870,"4,194,847.87",04/07/2026 23:47,Bank Transfer
PMT001842,INV001871,4846266.16,2026-08-26 00:59,Bank Transfer
PMT001843,INV001872,3454470.02,2026-07-31 15:12,Mobile Money
PMT001844,INV001873,"4,250,304.31",03/07/2026 18:55,RTGS
PMT001845,INV001874,3218084.05,2026-07-17 20:10,RTGS
PMT001846,INV001875,4370356.89,2026-07-05 06:43,Cheque
PMT001847,INV001876,5327556.13,2026-07-04 23:29,Bank Transfer
PMT001848,INV001877,3880411.19,2026-07-31 21:45,Cheque
PMT001849,INV001878,"3,942,450.28",2026-07-02 18:37,Cheque
PMT001850,INV001879,3125627.96,18/07/2026 20:34,Mobile Money
PMT001851,INV001880,4513556.71,2026-07-09 03:33,Cheque
PMT001852,INV001881,4888643.37,2026-07-05 10:49,Bank Transfer
PMT001853,INV001882,"4,497,432.66",08/07/2026 17:16,Mobile Money
PMT001854,INV001883,2732988.92,24/07/2026 23:09,RTGS
PMT001855,INV001884,3154058.39,03/07/2026 15:06,RTGS
PMT001856,INV001885,"3,214,944.44",2026-07-31 20:19,RTGS
PMT001857,INV001887,4966271.61,2026-08-17 04:41,Cheque
PMT001858,INV001888,3224526.89,06/07/2026 14:35,Mobile Money
PMT001859,INV001889,3721357.21,05/07/2026 13:39,Mobile Money
PMT001860,INV001890,"3,749,878.09",05/07/2026 14:34,Cheque
PMT001861,INV001891,4528535.29,05/07/2026 21:09,Mobile Money
PMT001862,INV001892,4423555.80,19/07/2026 20:39,Cheque
PMT001863,INV001893,4415805.01,07/07/2026 14:02,RTGS
PMT001864,INV001894,5239401.54,06/07/2026 01:43,Bank Transfer
PMT001865,INV001895,5936665.12,05/07/2026 16:44,Cheque
PMT001866,INV001896,3773057.91,12/07/2026 21:42,Bank Transfer
PMT001867,INV001897,4550950.41,17/07/2026 21:48,Bank Transfer
PMT001868,INV001898,3765536.07,2026-07-16 11:29,RTGS
PMT001869,INV001899,3329450.53,2026-07-03 09:09,Mobile Money
PMT001870,INV001900,3679695.08,09/07/2026 23:26,Bank Transfer
PMT001871,INV001901,3493317.92,06/07/2026 06:17,Cheque
PMT001872,INV001902,5434646.30,2026-08-17 01:21,Mobile Money
PMT001873,INV001903,3554784.69,2026-07-10 04:26,Cheque
PMT001874,INV001904,"2,900,338.45",06/07/2026 15:45,Mobile Money
PMT001875,INV001905,5201561.49,05/07/2026 13:17,Mobile Money
PMT001876,INV001906,4772319.03,2026-07-06 00:00,Cheque
PMT001877,INV001907,5776922.12,06/07/2026 23:42,Bank Transfer
PMT001878,INV001908,5807061.13,2026-07-16 18:54,Mobile Money
PMT001879,INV001909,4034732.81,01/08/2026 18:38,Mobile Money
PMT001880,INV001910,5464072.10,2026-07-06 15:43,Cheque
PMT001881,INV001911,4608360.57,17/07/2026 21:34,Bank Transfer
PMT001882,INV001912,5019435.22,23/07/2026 21:49,Cheque
PMT001883,INV001913,3986671.80,09/07/2026 21:49,Bank Transfer
PMT001884,INV001914,"4,225,992.51",2026-07-04 16:02,Mobile Money
PMT001885,INV001915,"4,355,530.35",05/07/2026 14:06,Bank Transfer
PMT001886,INV001916,3191422.02,03/08/2026 21:06,RTGS
PMT001887,INV001917,4476105.82,10/07/2026 16:24,RTGS
PMT001888,INV001918,3922547.54,06/07/2026 02:20,Cheque
PMT001889,INV001919,4479399.54,2026-07-23 15:06,Bank Transfer
PMT001890,INV001920,3127993.61,10/07/2026 03:14,Bank Transfer
PMT001891,INV001921,3959512.89,2026-07-26 01:59,Mobile Money
PMT001892,INV001922,4200562.29,06/07/2026 01:55,Cheque
PMT001893,INV001923,"4,423,312.58",16/08/2026 23:11,Bank Transfer
PMT001894,INV001924,3447828.70,26/07/2026 19:48,RTGS
PMT001895,INV001925,3807213.15,2026-07-06 21:17,RTGS
PMT001896,INV001926,3655281.22,2026-07-16 11:00,Cheque
PMT001897,INV001927,4433959.07,2026-07-05 00:36,Bank Transfer
PMT001898,INV001928,"3,929,812.22",09/07/2026 16:07,RTGS
PMT001899,INV001929,5337201.12,2026-07-16 15:17,Cheque
PMT001900,INV001930,"4,995,709.07",2026-07-06 23:20,RTGS
PMT001901,INV001931,5068829.02,17/07/2026 19:03,Bank Transfer
PMT001902,INV001932,1818788.92,2026-07-24 21:07,Mobile Money
PMT001903,INV001933,4261830.02,09/07/2026 13:30,Mobile Money
PMT001904,INV001935,4847792.35,2026-07-25 04:35,Bank Transfer
PMT001905,INV001936,5075466.26,2026-07-05 16:16,Cheque
PMT001906,INV001937,"4,991,644.41",2026-07-10 21:42,Cheque
PMT001907,INV001938,3533295.91,10/07/2026 10:40,RTGS
PMT001908,INV001939,2637386.99,12/07/2026 01:00,Bank Transfer
PMT001909,INV001940,2084943.65,2026-08-31 15:05,Bank Transfer
PMT001910,INV001941,5789640.44,2026-07-06 12:05,Bank Transfer
PMT001911,INV001942,"3,281,570.34",24/07/2026 01:34,Mobile Money
PMT001912,INV001943,3948307.16,2026-07-16 15:20,Cheque
PMT001913,INV001944,"3,528,775.49",2026-07-10 18:39,Cheque
PMT001914,INV001945,5337790.83,17/07/2026 15:24,RTGS
PMT001915,INV001946,4433906.11,2026-08-04 09:07,RTGS
PMT001916,INV001947,3887996.69,10/07/2026 16:14,RTGS
PMT001917,INV001948,5356722.69,02/08/2026 22:11,Cheque
PMT001918,INV001949,4739395.90,05/07/2026 00:16,Cheque
PMT001919,INV001950,4802391.75,2026-07-17 23:29,Cheque
PMT001920,INV001951,2895106.03,06/07/2026 15:24,Cheque
PMT001921,INV001952,3178808.66,2026-07-10 17:49,Bank Transfer
PMT001922,INV001953,4516646.03,17/07/2026 23:25,Cheque
PMT001923,INV001954,3927346.77,11/07/2026 22:54,Bank Transfer
PMT001924,INV001955,5404768.99,2026-07-11 03:16,Cheque
PMT001925,INV001956,4302105.67,2026-07-07 17:35,RTGS
PMT001926,INV001957,"3,224,291.27",17/07/2026 15:39,Mobile Money
PMT001927,INV001958,4136802.44,2026-07-10 20:03,Cheque
PMT001928,INV001959,3879508.09,2026-07-07 00:00,RTGS
PMT001929,INV001960,3996834.12,06/07/2026 15:47,Bank Transfer
PMT001930,INV001961,"3,295,911.85",2026-08-03 20:22,Bank Transfer
PMT001931,INV001962,3484498.71,2026-07-28 04:26,Bank Transfer
PMT001932,INV001963,"4,489,807.92",2026-07-08 20:56,Bank Transfer
PMT001933,INV001964,5570590.36,07/07/2026 11:56,Bank Transfer
PMT001934,INV001965,5059659.07,2026-07-06 15:58,Cheque
PMT001935,INV001966,4781327.80,04/08/2026 08:41,RTGS
PMT001936,INV001967,3176155.96,31/07/2026 08:23,Bank Transfer
PMT001937,INV001968,"3,700,290.24",05/07/2026 05:31,Bank Transfer
PMT001938,INV001969,5396655.68,2026-08-03 20:44,RTGS
PMT001939,INV001970,3718966.90,14/07/2026 19:24,Cheque
PMT001940,INV001971,5305876.24,2026-07-07 12:26,RTGS
PMT001941,INV001972,4757861.73,17/08/2026 22:59,Bank Transfer
PMT001942,INV001973,3909672.39,2026-08-03 21:31,Cheque
PMT001943,INV001974,3085533.82,2026-07-31 13:24,Mobile Money
PMT001944,INV001975,6044965.54,13/07/2026 00:34,Cheque
PMT001945,INV001976,"3,753,767.45",08/07/2026 04:07,RTGS
PMT001946,INV001977,5112583.14,2026-08-04 03:04,Cheque
PMT001947,INV001978,5534947.40,18/07/2026 09:57,Mobile Money
PMT001948,INV001979,3582661.77,2026-07-08 22:25,Bank Transfer
PMT001949,INV001980,5027250.80,2026-07-10 11:42,Mobile Money
PMT001950,INV001981,5012830.30,03/08/2026 01:10,RTGS
PMT001951,INV001982,5912082.00,17/08/2026 23:31,RTGS
PMT001952,INV001983,4299766.55,21/07/2026 05:16,RTGS
PMT001953,INV001984,5257434.08,26/07/2026 13:11,Cheque
PMT001954,INV001985,5254133.65,05/07/2026 02:40,Bank Transfer
PMT001955,INV001986,4366891.56,17/07/2026 17:01,Mobile Money
PMT001956,INV001987,4065557.65,2026-07-17 05:47,Mobile Money
PMT001957,INV001988,"4,763,725.37",2026-07-07 10:38,RTGS
PMT001958,INV001989,4280768.90,03/08/2026 01:48,Bank Transfer
PMT001959,INV001990,5497698.96,2026-08-19 15:53,Mobile Money
PMT001960,INV001991,3962661.78,07/07/2026 10:27,Cheque
PMT001961,INV001992,2935335.34,03/08/2026 15:07,Mobile Money
PMT001962,INV001993,"3,609,094.10",24/07/2026 19:15,RTGS
PMT001963,INV001994,4943981.55,17/07/2026 23:20,Mobile Money
PMT001964,INV001995,4701766.52,03/08/2026 04:59,RTGS
PMT001965,INV001996,5840778.60,2026-07-08 05:59,Mobile Money
PMT001966,INV001997,3824726.34,2026-07-25 04:46,Cheque
PMT001967,INV001998,3734123.84,06/07/2026 23:29,Mobile Money
PMT001968,INV001999,5548332.41,2026-07-24 18:26,Mobile Money
PMT001969,INV002000,4408236.77,2026-07-10 15:33,Cheque
PMT001970,INV002001,4916536.82,04/07/2026 20:10,Cheque
PMT001971,INV002002,4940071.72,2026-07-11 23:06,Cheque
PMT001972,INV002003,4978518.26,07/07/2026 19:37,Mobile Money
PMT001973,INV002004,4704664.32,2026-07-06 00:54,RTGS
PMT001974,INV002005,3795121.59,2026-07-07 14:42,RTGS
PMT001975,INV002006,"4,871,174.65",25/07/2026 21:56,Cheque
PMT001976,INV002007,5953867.52,05/08/2026 17:06,RTGS
PMT001977,INV002008,4232691.76,18/08/2026 21:33,Cheque
PMT001978,INV002009,3574742.08,04/08/2026 02:20,RTGS
PMT001979,INV002010,4865110.30,2026-08-04 02:23,Cheque
PMT001980,INV002011,"3,979,864.09",04/07/2026 08:18,RTGS
PMT001981,INV002012,4153231.36,26/07/2026 12:55,Cheque
PMT001982,INV002013,3794086.68,25/07/2026 18:55,Bank Transfer
PMT001983,INV002014,4762962.00,11/07/2026 21:37,Cheque
PMT001984,INV002015,"3,124,160.04",2026-07-17 20:42,RTGS
PMT001985,INV002016,"3,303,576.84",2026-07-11 09:55,Mobile Money
PMT001986,INV002017,4662640.20,2026-08-19 20:58,Cheque
PMT001987,INV002018,5155518.44,2026-07-17 15:47,Bank Transfer
PMT001988,INV002019,3352589.78,2026-08-21 01:54,Bank Transfer
PMT001989,INV002020,4388102.03,2026-07-04 22:42,Bank Transfer
PMT001990,INV002022,3881898.48,2026-07-05 23:31,Mobile Money
PMT001991,INV002023,4467686.47,02/09/2026 11:52,Mobile Money
PMT001992,INV002024,3899056.19,05/07/2026 23:48,RTGS
PMT001993,INV002025,3584826.70,2026-07-11 17:58,Mobile Money
PMT001994,INV002026,"4,684,969.78",19/07/2026 01:53,Bank Transfer
PMT001995,INV002027,5006191.65,2026-08-04 22:08,Cheque
PMT001996,INV002028,4329946.39,07/07/2026 22:53,Mobile Money
PMT001997,INV002029,4159506.87,2026-07-06 16:20,RTGS
PMT001998,INV002030,"4,406,376.18",2026-07-12 17:28,Cheque
PMT001999,INV002031,3830988.56,11/07/2026 15:03,Mobile Money
PMT002000,INV002032,"4,359,740.19",2026-07-08 13:53,Mobile Money
PMT002001,INV002033,3474349.93,05/08/2026 13:54,Mobile Money
PMT002002,INV002034,"5,267,417.56",2026-07-28 03:15,Mobile Money
PMT002003,INV002035,5446634.51,03/08/2026 19:47,Cheque
PMT002004,INV002036,4603767.71,2026-07-08 19:54,Bank Transfer
PMT002005,INV002037,3829166.32,2026-07-19 14:42,RTGS
PMT002006,INV002038,4729504.78,04/09/2026 12:44,Mobile Money
PMT002007,INV002039,"5,243,408.09",2026-07-19 01:34,RTGS
PMT002008,INV002040,5497921.68,2026-07-09 13:54,Mobile Money
PMT002009,INV002041,3952196.24,03/09/2026 03:12,Bank Transfer
PMT002010,INV002042,5280526.83,2026-07-12 08:25,Bank Transfer
PMT002011,INV002043,3866766.93,2026-08-04 12:01,Bank Transfer
PMT002012,INV002044,4744604.86,2026-07-06 17:54,Bank Transfer
PMT002013,INV002045,4029131.88,19/07/2026 00:51,Mobile Money
PMT002014,INV002046,5059786.08,2026-08-21 00:14,Bank Transfer
PMT002015,INV002047,3585836.82,11/07/2026 19:00,Bank Transfer
PMT002016,INV002048,5201031.61,09/07/2026 20:46,RTGS
PMT002017,INV002049,4182427.16,2026-07-07 00:44,RTGS
PMT002018,INV002050,3767620.43,08/07/2026 02:00,Bank Transfer
PMT002019,INV002051,"3,546,826.46",2026-07-12 05:24,Bank Transfer
PMT002020,INV002052,"3,439,855.63",2026-07-25 20:24,RTGS
PMT002021,INV002053,5104739.83,2026-07-07 13:59,RTGS
PMT002022,INV002054,"4,905,650.93",06/07/2026 07:10,RTGS
PMT002023,INV002055,2626860.90,18/07/2026 21:56,RTGS
PMT002024,INV002056,4485384.01,2026-07-20 03:01,Cheque
PMT002025,INV002057,3910899.19,27/07/2026 02:47,Mobile Money
PMT002026,INV002058,5048294.93,14/08/2026 05:21,Bank Transfer
PMT002027,INV002059,4731166.90,08/07/2026 05:39,Bank Transfer
PMT002028,INV002060,4825564.68,2026-07-11 22:29,Cheque
PMT002029,INV002061,3206786.09,2026-07-15 02:30,Cheque
PMT002030,INV002062,5537237.96,06/07/2026 23:46,RTGS
PMT002031,INV002063,3820045.11,2026-07-19 02:52,Cheque
PMT002032,INV002064,4301218.27,03/08/2026 17:58,Cheque
PMT002033,INV002065,2865207.91,2026-07-05 14:56,RTGS
PMT002034,INV002066,3837445.25,2026-07-07 22:41,RTGS
PMT002035,INV002067,4093812.40,26/07/2026 04:26,Cheque
PMT002036,INV002068,3323992.38,2026-07-19 18:54,RTGS
PMT002037,INV002069,"5,438,302.85",11/07/2026 13:01,RTGS
PMT002038,INV002070,"3,384,449.27",2026-07-25 10:02,RTGS
PMT002039,INV002071,4262041.88,2026-08-20 17:41,RTGS
PMT002040,INV002072,3894694.40,2026-07-08 16:29,Mobile Money
PMT002041,INV002073,3245335.72,08/07/2026 23:56,Bank Transfer
PMT002042,INV002074,3490608.09,2026-07-07 19:11,RTGS
PMT002043,INV002075,"4,530,226.87",2026-07-26 05:26,Bank Transfer
PMT002044,INV002076,3545848.78,2026-07-12 21:07,RTGS
PMT002045,INV002077,3371757.51,2026-09-03 19:09,RTGS
PMT002046,INV002078,4005979.02,2026-07-13 01:13,Bank Transfer
PMT002047,INV002079,3737881.35,2026-07-06 05:44,Mobile Money
PMT002048,INV002080,5288682.38,20/07/2026 01:03,RTGS
PMT002049,INV002081,4432507.78,08/07/2026 10:32,Bank Transfer
PMT002050,INV002082,3424218.95,20/08/2026 23:10,Cheque
PMT002051,INV002083,4124439.65,12/07/2026 21:40,RTGS
PMT002052,INV002084,4661245.38,08/07/2026 11:19,Bank Transfer
PMT002053,INV002085,4585791.17,20/07/2026 11:00,Mobile Money
PMT002054,INV002086,5118549.83,2026-07-07 08:29,Mobile Money
PMT002055,INV002087,5737530.77,2026-07-20 05:06,Mobile Money
PMT002056,INV002088,4800584.24,07/07/2026 06:22,Cheque
PMT002057,INV002089,"4,671,139.82",2026-07-22 03:22,Cheque
PMT002058,INV002090,"5,413,423.72",2026-07-13 00:13,Mobile Money
PMT002059,INV002091,4917125.37,14/07/2026 18:43,Mobile Money
PMT002060,INV002092,4152663.57,19/07/2026 15:45,RTGS
PMT002061,INV002093,"4,975,675.53",09/07/2026 23:57,Bank Transfer
PMT002062,INV002094,5163515.01,2026-07-13 00:24,RTGS
PMT002063,INV002095,5362397.61,12/07/2026 15:42,Bank Transfer
PMT002064,INV002096,4233078.92,2026-07-13 19:11,Mobile Money
PMT002065,INV002097,4234846.95,03/09/2026 23:47,RTGS
PMT002066,INV002098,6029936.49,08/07/2026 18:40,Cheque
PMT002067,INV002099,5350878.87,2026-07-19 10:47,RTGS
PMT002068,INV002100,3593910.67,19/07/2026 22:40,RTGS
PMT002069,INV002101,4312964.10,2026-07-13 05:03,Bank Transfer
PMT002070,INV002102,3559331.41,26/07/2026 22:19,Mobile Money
PMT002071,INV002103,4826606.52,15/07/2026 12:48,Bank Transfer
PMT002072,INV002104,3651585.98,26/07/2026 20:13,Mobile Money
PMT002073,INV002105,4653524.01,09/07/2026 01:40,Bank Transfer
PMT002074,INV002106,2921694.52,12/07/2026 21:04,Bank Transfer
PMT002075,INV002107,4149881.03,2026-07-28 22:42,Cheque
PMT002076,INV002108,4411879.50,08/07/2026 20:43,RTGS
PMT002077,INV002109,"3,427,161.74",26/07/2026 12:47,Mobile Money
PMT002078,INV002110,5287668.19,10/07/2026 02:45,Cheque
PMT002079,INV002111,3049539.65,13/07/2026 08:00,Cheque
PMT002080,INV002113,3945653.41,20/07/2026 08:24,Cheque
PMT002081,INV002114,4732549.49,26/08/2026 10:57,Bank Transfer
PMT002082,INV002115,5673141.72,12/07/2026 08:53,Mobile Money
PMT002083,INV002116,4192681.64,2026-07-10 11:47,RTGS
PMT002084,INV002117,3209590.35,06/08/2026 02:35,Bank Transfer
PMT002085,INV002118,5502239.60,2026-07-09 23:46,RTGS
PMT002086,INV002119,5321599.08,2026-07-20 18:56,Cheque
PMT002087,INV002120,5823633.62,19/08/2026 22:51,Cheque
PMT002088,INV002121,3377084.64,19/07/2026 23:33,Cheque
PMT002089,INV002122,3734529.53,2026-07-08 10:14,Cheque
PMT002090,INV002123,3818214.84,09/07/2026 07:20,RTGS
PMT002091,INV002124,3870485.17,08/07/2026 20:25,RTGS
PMT002092,INV002125,4113779.63,12/07/2026 17:20,Mobile Money
PMT002093,INV002126,4044168.08,08/07/2026 17:17,Bank Transfer
PMT002094,INV002127,"4,143,538.58",2026-07-27 01:05,Cheque
PMT002095,INV002128,3409962.03,2026-07-15 15:14,Bank Transfer
PMT002096,INV002129,4439031.11,2026-08-19 15:25,Cheque
PMT002097,INV002130,5588467.44,2026-08-05 14:10,RTGS
PMT002098,INV002131,2890112.91,09/07/2026 00:55,Cheque
PMT002099,INV002132,3746686.66,22/07/2026 22:37,Bank Transfer
PMT002100,INV002133,"3,963,990.76",08/07/2026 19:49,Bank Transfer
PMT002101,INV002134,3359495.10,08/07/2026 17:33,RTGS
PMT002102,INV002135,"3,385,583.41",2026-07-21 10:48,Cheque
PMT002103,INV002136,4922566.90,04/08/2026 16:17,Mobile Money
PMT002104,INV002137,4157225.68,2026-07-06 23:53,Bank Transfer
PMT002105,INV002138,3968446.60,08/07/2026 21:41,RTGS
PMT002106,INV002139,4186759.31,2026-07-08 13:55,Bank Transfer
PMT002107,INV002140,3916459.14,2026-07-26 23:11,RTGS
PMT002108,INV002141,5235335.46,19/08/2026 11:46,RTGS
PMT002109,INV002142,5146808.25,2026-07-07 17:20,Cheque
PMT002110,INV002143,4557045.17,2026-07-13 01:52,Mobile Money
PMT002111,INV002144,4430162.33,2026-08-23 13:28,Cheque
PMT002112,INV002145,4659531.08,2026-07-09 15:38,Cheque
PMT002113,INV002146,4291862.37,27/07/2026 17:54,Mobile Money
PMT002114,INV002147,3794426.24,2026-07-09 13:49,Mobile Money
PMT002115,INV002148,4502982.21,2026-07-14 10:01,Bank Transfer
PMT002116,INV002149,3176923.69,2026-07-13 14:14,Mobile Money
PMT002117,INV002150,4804665.70,27/07/2026 18:44,Bank Transfer
PMT002118,INV002151,3861677.36,10/07/2026 01:54,RTGS
PMT002119,INV002152,3639921.29,2026-07-11 03:23,Mobile Money
PMT002120,INV002153,4368036.70,09/07/2026 14:34,Bank Transfer
PMT002121,INV002154,"5,120,838.21",21/07/2026 04:29,Mobile Money
PMT002122,INV002155,3890588.17,2026-08-06 19:27,RTGS
PMT002123,INV002156,3118770.67,05/08/2026 11:42,RTGS
PMT002124,INV002157,5008236.00,08/07/2026 17:31,Cheque
PMT002125,INV002158,3021906.18,2026-07-08 23:01,Bank Transfer
PMT002126,INV002159,3386804.16,14/07/2026 17:53,Mobile Money
PMT002127,INV002160,"3,846,362.58",28/07/2026 19:36,Bank Transfer
PMT002128,INV002161,3206430.08,2026-07-08 17:46,Mobile Money
PMT002129,INV002162,3824288.13,2026-07-07 13:46,RTGS
PMT002130,INV002163,5147966.39,10/07/2026 04:16,Bank Transfer
PMT002131,INV002164,3916001.76,30/07/2026 00:26,Bank Transfer
PMT002132,INV002165,5425786.95,13/07/2026 11:33,RTGS
PMT002133,INV002166,4176335.35,2026-07-14 03:43,RTGS
PMT002134,INV002167,"5,181,775.38",2026-08-13 02:27,Bank Transfer
PMT002135,INV002168,3774630.48,2026-07-30 04:39,RTGS
PMT002136,INV002169,5133779.72,2026-07-27 17:53,Cheque
PMT002137,INV002170,4140717.92,13/07/2026 16:53,Mobile Money
PMT002138,INV002171,4671834.53,09/07/2026 00:36,Cheque
PMT002139,INV002172,3846065.70,2026-07-10 13:52,RTGS
PMT002140,INV002173,"5,468,060.24",27/07/2026 12:46,Cheque
PMT002141,INV002174,2791646.07,27/07/2026 10:52,Mobile Money
PMT002142,INV002175,5392997.67,04/09/2026 22:11,Bank Transfer
PMT002143,INV002176,5369739.24,2026-07-09 21:34,Cheque
PMT002144,INV002178,3811953.90,2026-07-08 02:25,RTGS
PMT002145,INV002179,4551752.93,2026-07-07 21:38,Bank Transfer
PMT002146,INV002180,4861000.61,2026-07-11 03:48,Cheque
PMT002147,INV002181,3966675.87,13/07/2026 12:44,RTGS
PMT002148,INV002182,5840274.99,2026-09-04 14:22,RTGS
PMT002149,INV002183,4089744.19,20/07/2026 14:14,Cheque
PMT002150,INV002184,4655421.18,2026-07-20 10:19,Mobile Money
PMT002151,INV002185,5497465.16,20/07/2026 14:09,Cheque
PMT002152,INV002186,4103083.48,2026-07-08 16:49,Bank Transfer
PMT002153,INV002188,3881066.28,2026-08-05 22:14,Cheque
PMT002154,INV002189,4408664.22,2026-07-21 07:39,Bank Transfer
PMT002155,INV002190,4219617.48,2026-07-11 21:26,Mobile Money
PMT002156,INV002191,4923033.33,2026-07-28 00:17,Bank Transfer
PMT002157,INV002192,"4,472,817.32",21/07/2026 09:49,Bank Transfer
PMT002158,INV002194,4780030.08,2026-07-07 22:38,Cheque
PMT002159,INV002195,5118771.51,10/07/2026 01:17,RTGS
PMT002160,INV002196,5378698.99,2026-07-15 12:07,Bank Transfer
PMT002161,INV002197,"3,831,150.43",2026-07-09 20:18,Bank Transfer
PMT002162,INV002198,5137489.80,2026-07-11 21:54,Cheque
PMT002163,INV002199,3889636.79,2026-07-21 13:26,Mobile Money
PMT002164,INV002200,4399432.57,14/07/2026 14:38,Cheque
PMT002165,INV002201,5242547.45,20/07/2026 23:55,Bank Transfer
PMT002166,INV002202,4484076.54,2026-08-21 15:29,Mobile Money
PMT002167,INV002203,3939613.50,2026-07-21 23:11,Bank Transfer
PMT002168,INV002204,5058221.51,2026-07-23 06:29,RTGS
PMT002169,INV002205,3284200.03,07/08/2026 13:37,RTGS
PMT002170,INV002206,"4,603,688.97",2026-07-23 11:56,Bank Transfer
PMT002171,INV002207,5082177.49,2026-07-12 21:07,RTGS
PMT002172,INV002208,4913519.29,12/07/2026 20:06,RTGS
PMT002173,INV002209,4420914.61,2026-07-28 15:12,Bank Transfer
PMT002174,INV002210,"4,289,651.16",2026-07-28 14:29,Cheque
PMT002175,INV002211,4671589.66,2026-09-05 23:50,Cheque
PMT002176,INV002212,"5,181,307.98",2026-07-24 03:47,Bank Transfer
PMT002177,INV002213,4086458.39,2026-08-07 00:48,Cheque
PMT002178,INV002214,5024574.47,08/07/2026 21:12,Bank Transfer
PMT002179,INV002215,4825830.94,2026-07-22 13:02,Cheque
PMT002180,INV002216,4290566.26,2026-08-21 11:48,Bank Transfer
PMT002181,INV002217,5020641.67,11/07/2026 02:06,Bank Transfer
PMT002182,INV002218,4845125.52,10/07/2026 19:02,Bank Transfer
PMT002183,INV002219,5888472.16,2026-07-15 11:09,Bank Transfer
PMT002184,INV002220,3728684.51,2026-07-11 02:33,Bank Transfer
PMT002185,INV002221,4069340.43,2026-07-24 07:57,Cheque
PMT002186,INV002222,5389852.97,2026-07-11 07:27,Mobile Money
PMT002187,INV002223,"5,548,990.91",2026-07-15 15:38,Cheque
PMT002188,INV002224,5548990.91,2026-09-06 16:38,Cheque
PMT002189,INV002225,4528139.86,12/07/2026 04:07,Mobile Money
PMT002190,INV002226,4159343.14,2026-07-09 09:14,RTGS
PMT002191,INV002227,4877844.74,14/07/2026 18:01,RTGS
PMT002192,INV002228,"3,493,596.36",2026-07-21 19:05,Cheque
PMT002193,INV002229,4643574.70,2026-07-18 03:44,RTGS
PMT002194,INV002230,5351807.24,15/07/2026 20:32,Cheque
PMT002195,INV002231,3923917.90,2026-08-22 18:54,Mobile Money
PMT002196,INV002232,3970808.59,2026-07-11 02:48,Mobile Money
PMT002197,INV002233,2932208.82,10/07/2026 22:41,RTGS
PMT002198,INV002234,"4,147,549.33",2026-07-15 21:34,Bank Transfer
PMT002199,INV002235,"3,749,925.17",2026-07-14 20:32,Mobile Money
PMT002200,INV002236,3879188.61,08/07/2026 20:18,RTGS
PMT002201,INV002237,2894152.10,2026-07-22 02:20,Mobile Money
PMT002202,INV002238,4818813.57,05/09/2026 20:42,Mobile Money
PMT002203,INV002239,3430649.79,2026-07-11 00:32,Mobile Money
PMT002204,INV002240,4868210.19,2026-07-23 15:53,Bank Transfer
PMT002205,INV002241,3782632.86,09/07/2026 15:41,RTGS
PMT002206,INV002242,"5,104,457.68",24/07/2026 00:56,Cheque
PMT002207,INV002243,4134188.35,16/07/2026 15:52,Mobile Money
PMT002208,INV002244,"5,052,163.94",15/07/2026 00:30,Bank Transfer
PMT002209,INV002245,4645002.61,24/07/2026 14:42,RTGS
PMT002210,INV002246,3442971.28,13/07/2026 02:13,Bank Transfer
PMT002211,INV002247,3598853.15,2026-07-30 11:56,RTGS
PMT002212,INV002248,4377749.96,22/07/2026 20:13,Mobile Money
PMT002213,INV002249,3764027.46,12/07/2026 21:56,Mobile Money
PMT002214,INV002250,"3,669,629.21",2026-08-22 13:15,Mobile Money
PMT002215,INV002251,4604212.29,2026-07-10 16:15,Bank Transfer
PMT002216,INV002252,5309123.29,29/07/2026 22:29,Cheque
PMT002217,INV002253,4791078.22,2026-07-14 18:31,Bank Transfer
PMT002218,INV002254,5123630.07,2026-07-15 19:24,Mobile Money
PMT002219,INV002255,4213358.93,2026-07-12 12:28,Bank Transfer
PMT002220,INV002256,3006455.97,2026-07-17 14:12,Bank Transfer
PMT002221,INV002257,1383363.58,28/07/2026 19:43,Cheque
PMT002222,INV002258,3444143.56,29/07/2026 21:38,Bank Transfer
PMT002223,INV002259,3620270.68,21/07/2026 12:21,Cheque
PMT002224,INV002260,"3,754,931.68",08/08/2026 11:53,Cheque
PMT002225,INV002261,3754931.68,23/08/2026 12:53,RTGS
PMT002226,INV002262,5138106.87,28/07/2026 08:37,Cheque
PMT002227,INV002263,5008798.86,2026-07-31 11:45,Cheque
PMT002228,INV002264,2972565.70,09/07/2026 15:38,Bank Transfer
PMT002229,INV002265,2972565.70,2026-08-07 16:38,Cheque
PMT002230,INV002266,"5,756,483.22",2026-08-10 16:51,RTGS
PMT002231,INV002267,4549833.54,10/07/2026 05:37,Cheque
PMT002232,INV002268,4974343.54,2026-07-16 01:56,RTGS
PMT002233,INV002269,3784783.35,22/08/2026 20:56,Cheque
PMT002234,INV002270,4151327.06,12/07/2026 14:05,Cheque
PMT002235,INV002271,3073106.39,17/07/2026 05:42,Bank Transfer
PMT002236,INV002272,"4,759,937.30",21/07/2026 15:44,Cheque
PMT002237,INV002273,4561009.25,2026-07-15 12:01,Mobile Money
PMT002238,INV002274,3287042.65,2026-07-09 21:26,RTGS
PMT002239,INV002275,"4,518,020.82",11/07/2026 14:16,Bank Transfer
PMT002240,INV002276,4926006.64,2026-07-12 04:10,RTGS
PMT002241,INV002277,3897658.20,2026-08-07 17:01,Cheque
PMT002242,INV002278,3188783.30,16/07/2026 20:21,Bank Transfer
PMT002243,INV002279,4461075.31,16/07/2026 18:35,Cheque
PMT002244,INV002280,"3,240,430.18",19/07/2026 03:57,Bank Transfer
PMT002245,INV002281,5682219.72,2026-07-11 22:24,RTGS
PMT002246,INV002282,4110565.23,2026-09-08 03:02,Mobile Money
PMT002247,INV002283,4687319.77,09/08/2026 03:27,Cheque
PMT002248,INV002284,2960522.77,15/07/2026 18:39,Cheque
PMT002249,INV002285,3426470.76,18/07/2026 08:39,Mobile Money
PMT002250,INV002286,5523877.76,2026-07-23 01:09,RTGS
PMT002251,INV002287,4634227.16,12/07/2026 16:30,Mobile Money
PMT002252,INV002288,4549627.38,2026-07-09 21:33,Mobile Money
PMT002253,INV002289,4541557.29,15/07/2026 19:22,Bank Transfer
PMT002254,INV002290,4639792.04,07/09/2026 19:49,Cheque
PMT002255,INV002291,5026091.33,2026-07-11 17:57,Mobile Money
PMT002256,INV002292,4447022.41,18/07/2026 03:37,RTGS
PMT002257,INV002293,4642435.80,2026-07-11 19:07,Bank Transfer
PMT002258,INV002294,4412574.80,13/07/2026 01:36,Mobile Money
PMT002259,INV002295,4598202.85,25/07/2026 06:06,RTGS
PMT002260,INV002296,3905047.64,2026-07-12 20:25,RTGS
PMT002261,INV002297,5502826.68,22/08/2026 17:34,RTGS
PMT002262,INV002298,3159216.65,2026-07-16 14:06,Mobile Money
PMT002263,INV002299,5125558.59,12/07/2026 02:32,Cheque
PMT002264,INV002300,5449001.74,2026-07-16 18:10,RTGS
PMT002265,INV002301,"3,617,094.31",30/07/2026 15:12,Bank Transfer
PMT002266,INV002302,5297225.78,2026-07-11 04:26,Mobile Money
PMT002267,INV002303,3589307.56,15/07/2026 13:51,Cheque
PMT002268,INV002304,3015723.94,2026-07-10 00:22,Cheque
PMT002269,INV002305,5802372.39,2026-08-23 17:03,Cheque
PMT002270,INV002306,"4,709,591.34",11/07/2026 13:04,Mobile Money
PMT002271,INV002307,5074936.06,11/07/2026 19:59,Mobile Money
PMT002272,INV002308,3488751.78,2026-07-22 11:51,Mobile Money
PMT002273,INV002309,3359468.55,2026-07-12 21:34,Mobile Money
PMT002274,INV002310,"3,924,033.76",24/07/2026 11:18,Cheque
PMT002275,INV002311,3150696.35,2026-07-22 14:17,RTGS
PMT002276,INV002312,5529095.12,09/07/2026 16:40,RTGS
PMT002277,INV002313,4944501.38,2026-08-23 00:08,Mobile Money
PMT002278,INV002314,3805761.52,2026-07-24 02:48,Bank Transfer
PMT002279,INV002315,3706085.29,2026-07-19 00:25,Mobile Money
PMT002280,INV002316,3379470.70,16/07/2026 15:55,Mobile Money
PMT002281,INV002317,3319209.80,10/07/2026 18:03,Mobile Money
PMT002282,INV002318,5102283.21,2026-07-30 12:37,Mobile Money
PMT002283,INV002319,4956912.37,2026-08-15 13:50,Bank Transfer
PMT002284,INV002320,4238959.04,10/07/2026 15:03,Cheque
PMT002285,INV002321,4525642.98,2026-07-19 16:12,Cheque
PMT002286,INV002322,3459960.40,2026-07-17 15:24,Cheque
PMT002287,INV002323,3414772.97,2026-07-12 15:33,Cheque
PMT002288,INV002324,5605284.48,2026-08-07 08:07,Cheque
PMT002289,INV002325,1362400.89,13/07/2026 06:59,Cheque
PMT002290,INV002326,3630358.69,2026-07-11 21:34,Bank Transfer
PMT002291,INV002327,5577628.78,2026-07-18 16:30,Bank Transfer
PMT002292,INV002328,2742074.39,13/07/2026 01:04,RTGS
PMT002293,INV002329,5226080.18,2026-08-11 02:24,Mobile Money
PMT002294,INV002330,3437710.90,2026-07-31 03:27,RTGS
PMT002295,INV002331,"4,588,087.23",2026-07-10 10:42,Cheque
PMT002296,INV002332,"3,428,699.88",31/07/2026 02:04,Mobile Money
PMT002297,INV002333,5768673.52,24/07/2026 12:36,Cheque
PMT002298,INV002334,"4,715,484.72",2026-07-13 16:40,Bank Transfer
PMT002299,INV002336,4808407.91,11/07/2026 16:46,Mobile Money
PMT002300,INV002337,4840200.96,2026-07-12 00:01,Bank Transfer
PMT002301,INV002338,"4,141,650.73",13/07/2026 02:20,Cheque
PMT002302,INV002339,5504651.76,2026-08-09 21:28,Mobile Money
PMT002303,INV002340,5156578.43,16/07/2026 11:40,Bank Transfer
PMT002304,INV002341,5794080.96,26/08/2026 14:53,Cheque
PMT002305,INV002342,3763292.11,2026-07-30 15:00,Bank Transfer
PMT002306,INV002343,4166060.68,19/07/2026 16:33,Bank Transfer
PMT002307,INV002344,5501586.74,09/08/2026 01:08,Mobile Money
PMT002308,INV002345,5152824.65,2026-07-11 16:14,Bank Transfer
PMT002309,INV002346,5118035.13,2026-07-10 16:00,Bank Transfer
PMT002310,INV002347,4097034.31,23/07/2026 11:11,RTGS
PMT002311,INV002348,4369777.08,12/07/2026 22:24,Cheque
PMT002312,INV002349,3506325.43,16/07/2026 03:32,Bank Transfer
PMT002313,INV002350,4860708.41,2026-07-24 18:41,RTGS
PMT002314,INV002351,"3,336,078.50",2026-08-08 20:16,Cheque
PMT002315,INV002352,4484409.85,12/07/2026 13:44,Cheque
PMT002316,INV002353,5408863.39,15/07/2026 16:58,RTGS
PMT002317,INV002354,3465309.98,17/07/2026 01:19,Mobile Money
PMT002318,INV002355,"5,232,664.76",2026-07-23 20:16,Cheque
PMT002319,INV002356,5545923.43,12/07/2026 18:50,Mobile Money
PMT002320,INV002357,5982153.77,2026-08-24 23:28,Bank Transfer
PMT002321,INV002358,5099835.97,24/07/2026 02:18,RTGS
PMT002322,INV002359,4510719.45,23/07/2026 11:12,RTGS
PMT002323,INV002360,4872482.01,27/08/2026 00:27,Bank Transfer
PMT002324,INV002361,4442603.76,2026-08-26 18:35,RTGS
PMT002325,INV002362,3778037.21,2026-07-14 02:20,Mobile Money
PMT002326,INV002363,5426536.14,2026-07-13 18:00,Cheque
PMT002327,INV002364,4986384.17,2026-08-01 23:18,Cheque
PMT002328,INV002365,"4,321,439.07",2026-08-24 22:45,Mobile Money
PMT002329,INV002367,4153293.55,2026-07-23 10:45,Mobile Money
PMT002330,INV002368,3877115.20,19/07/2026 16:03,RTGS
PMT002331,INV002370,3889275.46,24/07/2026 18:23,Mobile Money
PMT002332,INV002371,1464192.57,07/09/2026 21:58,Cheque
PMT002333,INV002372,4705317.70,2026-07-23 19:12,Cheque
PMT002334,INV002373,5374932.39,2026-08-24 15:39,Bank Transfer
PMT002335,INV002374,4341983.45,17/07/2026 03:08,Bank Transfer
PMT002336,INV002375,2889151.21,12/07/2026 14:47,Mobile Money
PMT002337,INV002376,3192182.82,2026-08-03 02:31,Cheque
PMT002338,INV002377,3791507.56,26/08/2026 00:46,Mobile Money
PMT002339,INV002378,4749011.89,31/07/2026 23:58,Bank Transfer
PMT002340,INV002379,4623807.81,26/07/2026 01:51,Mobile Money
PMT002341,INV002381,"4,580,921.34",2026-07-18 18:37,Bank Transfer
PMT002342,INV002382,4064693.47,2026-07-18 04:03,RTGS
PMT002343,INV002383,5410999.63,11/08/2026 02:11,RTGS
PMT002344,INV002384,3905816.32,2026-07-13 22:53,Cheque
PMT002345,INV002385,3701017.95,2026-07-31 17:56,Mobile Money
PMT002346,INV002386,3146082.30,25/07/2026 15:02,Bank Transfer
PMT002347,INV002387,3769363.45,14/07/2026 01:27,Bank Transfer
PMT002348,INV002388,5105866.51,16/07/2026 14:28,Bank Transfer
PMT002349,INV002389,4270842.53,2026-07-17 09:28,Cheque
PMT002350,INV002390,5340346.96,2026-07-13 15:14,Mobile Money
PMT002351,INV002391,5750890.38,25/08/2026 01:34,Bank Transfer
PMT002352,INV002392,3193352.54,01/08/2026 08:39,Mobile Money
PMT002353,INV002393,3535904.15,18/07/2026 09:14,RTGS
PMT002354,INV002394,4698596.97,14/07/2026 00:56,Mobile Money
PMT002355,INV002395,"2,820,704.50",2026-07-24 19:20,RTGS
PMT002356,INV002396,3904989.45,2026-07-18 04:57,RTGS
PMT002357,INV002397,3904989.45,14/07/2026 05:57,Mobile Money
PMT002358,INV002398,3185657.08,19/07/2026 01:48,Cheque
PMT002359,INV002400,5050922.88,10/08/2026 20:09,RTGS
PMT002360,INV002401,1710810.42,19/07/2026 03:38,Cheque
PMT002361,INV002402,5502460.29,2026-09-09 03:00,Cheque
PMT002362,INV002403,4233605.57,2026-07-19 01:39,Mobile Money
PMT002363,INV002404,4225991.59,2026-08-11 15:32,Cheque
PMT002364,INV002405,4125949.58,18/07/2026 20:40,Cheque
PMT002365,INV002406,4046834.46,2026-07-16 12:09,Cheque
PMT002366,INV002408,3991895.09,2026-07-11 21:00,Mobile Money
PMT002367,INV002409,4621137.75,2026-07-12 01:17,Mobile Money
PMT002368,INV002410,3627615.52,15/07/2026 13:57,RTGS
PMT002369,INV002411,3566539.09,13/07/2026 11:11,Mobile Money
PMT002370,INV002412,4346657.37,15/07/2026 17:19,Bank Transfer
PMT002371,INV002413,4815439.97,2026-07-18 19:07,Bank Transfer
PMT002372,INV002414,3329822.28,27/07/2026 12:34,Mobile Money
PMT002373,INV002415,3883573.71,2026-08-09 12:59,Cheque
PMT002374,INV002416,5324112.82,10/08/2026 23:11,Bank Transfer
PMT002375,INV002417,3787798.79,19/07/2026 02:16,Mobile Money
PMT002376,INV002418,4659437.52,25/08/2026 06:42,Bank Transfer
PMT002377,INV002419,4620833.26,12/07/2026 03:58,Bank Transfer
PMT002378,INV002420,4831975.46,12/07/2026 14:16,Bank Transfer
PMT002379,INV002421,3216760.92,14/07/2026 23:23,RTGS
PMT002380,INV002422,4688182.35,03/08/2026 02:03,Cheque
PMT002381,INV002423,5012885.81,2026-08-09 12:19,Mobile Money
PMT002382,INV002424,"5,789,714.85",2026-07-25 16:13,RTGS
PMT002383,INV002425,3844806.45,17/07/2026 22:00,Mobile Money
PMT002384,INV002426,3528665.44,2026-07-24 09:37,Cheque
PMT002385,INV002427,5844478.97,13/07/2026 21:59,Cheque
PMT002386,INV002428,"3,581,506.14",2026-07-20 19:54,Mobile Money
PMT002387,INV002429,3900720.95,2026-07-18 18:47,Mobile Money
PMT002388,INV002430,1723577.29,2026-07-12 18:00,Mobile Money
PMT002389,INV002431,5018633.35,01/08/2026 19:32,RTGS
PMT002390,INV002432,5384525.29,18/07/2026 21:30,Bank Transfer
PMT002391,INV002433,3540473.34,13/07/2026 15:56,Mobile Money
PMT002392,INV002434,3665109.65,20/07/2026 01:00,RTGS
PMT002393,INV002435,5322701.50,26/08/2026 20:58,Mobile Money
PMT002394,INV002436,4735237.36,2026-07-17 18:07,Bank Transfer
PMT002395,INV002437,3383239.41,2026-07-11 23:14,Bank Transfer
PMT002396,INV002438,"4,602,867.85",18/07/2026 23:59,Mobile Money
PMT002397,INV002439,4544616.84,2026-07-24 12:19,Cheque
PMT002398,INV002440,"3,209,811.77",13/07/2026 00:30,Cheque
PMT002399,INV002441,5034425.66,13/07/2026 09:46,RTGS
PMT002400,INV002442,5238316.61,2026-07-18 01:20,Bank Transfer
PMT002401,INV002443,5525137.84,24/07/2026 13:14,Bank Transfer
PMT002402,INV002445,3167595.67,2026-07-14 20:46,RTGS
PMT002403,INV002446,3646383.51,28/07/2026 00:45,RTGS
PMT002404,INV002447,"5,185,380.93",2026-08-25 20:31,RTGS
PMT002405,INV002448,4219652.58,2026-08-26 00:22,Mobile Money
PMT002406,INV002449,4896234.29,26/07/2026 18:57,RTGS
PMT002407,INV002450,4107479.94,19/07/2026 15:40,Mobile Money
PMT002408,INV002451,3436315.81,13/08/2026 23:27,Cheque
PMT002409,INV002452,3499613.37,2026-08-10 17:23,Bank Transfer
PMT002410,INV002453,4571564.77,11/08/2026 23:44,RTGS
PMT002411,INV002454,3800867.33,15/07/2026 11:49,Mobile Money
PMT002412,INV002455,"5,080,416.39",2026-07-13 15:06,Bank Transfer
PMT002413,INV002456,3459068.22,12/09/2026 21:56,RTGS
PMT002414,INV002457,"4,149,457.56",2026-08-27 04:12,Cheque
PMT002415,INV002458,5693622.56,2026-07-26 20:44,Bank Transfer
PMT002416,INV002459,4724491.58,2026-09-16 09:22,Mobile Money
PMT002417,INV002460,"4,128,608.89",04/08/2026 18:03,Cheque
PMT002418,INV002461,5587577.28,2026-07-18 15:15,Cheque
PMT002419,INV002462,3230649.07,2026-07-21 22:57,Cheque
PMT002420,INV002463,3813895.71,26/07/2026 18:49,Mobile Money
PMT002421,INV002464,3984323.81,18/07/2026 22:22,Cheque
PMT002422,INV002465,3087467.82,10/09/2026 01:07,Bank Transfer
PMT002423,INV002466,4948144.29,2026-07-19 04:36,RTGS
PMT002424,INV002467,3369834.29,2026-08-11 14:56,Bank Transfer
PMT002425,INV002468,5675954.32,2026-08-10 14:17,RTGS
PMT002426,INV002469,4030923.54,2026-07-14 16:55,Mobile Money
PMT002427,INV002470,3379191.04,2026-07-16 00:52,Cheque
PMT002428,INV002471,"3,720,196.66",26/07/2026 06:28,RTGS
PMT002429,INV002472,3841003.95,2026-07-17 15:48,Mobile Money
PMT002430,INV002473,"4,618,277.15",25/07/2026 19:30,RTGS
PMT002431,INV002474,5112816.32,13/07/2026 23:24,Mobile Money
PMT002432,INV002475,5112816.32,20/07/2026 00:24,RTGS
PMT002433,INV002476,"5,383,359.91",13/07/2026 21:10,RTGS
PMT002434,INV002477,"4,568,701.85",2026-07-16 01:28,Mobile Money
PMT002435,INV002478,3066667.73,13/07/2026 23:16,Mobile Money
PMT002436,INV002479,3579092.57,2026-09-10 22:58,Cheque
PMT002437,INV002480,2978681.72,20/07/2026 18:50,RTGS
PMT002438,INV002481,4683997.22,26/08/2026 05:34,Cheque
PMT002439,INV002482,3549385.99,2026-09-10 00:25,RTGS
PMT002440,INV002483,4041423.64,02/09/2026 06:36,Bank Transfer
PMT002441,INV002484,3471970.55,19/07/2026 00:36,Mobile Money
PMT002442,INV002485,5407696.05,02/08/2026 04:53,Bank Transfer
PMT002443,INV002486,"4,037,215.57",2026-07-15 04:30,Mobile Money
PMT002444,INV002487,3374956.88,13/07/2026 15:55,Cheque
PMT002445,INV002488,4578609.00,2026-08-12 06:04,Cheque
PMT002446,INV002489,5084314.05,2026-07-12 12:55,Mobile Money
PMT002447,INV002490,3104237.57,2026-09-12 23:54,Bank Transfer
PMT002448,INV002491,3450188.83,25/07/2026 19:25,Cheque
PMT002449,INV002492,3618990.99,18/07/2026 20:52,Bank Transfer
PMT002450,INV002493,4305284.46,12/07/2026 14:10,Bank Transfer
PMT002451,INV002494,4136164.43,2026-08-01 12:20,Bank Transfer
PMT002452,INV002495,"4,823,681.12",2026-07-25 20:09,Mobile Money
PMT002453,INV002496,"3,563,984.71",01/08/2026 13:14,Cheque
PMT002454,INV002497,4433442.50,19/07/2026 21:02,Cheque
PMT002455,INV002498,5464384.91,2026-07-14 19:57,RTGS
PMT002456,INV002499,5806339.65,16/07/2026 03:00,Bank Transfer
PMT002457,INV002500,3207578.60,14/07/2026 15:37,Bank Transfer
PMT002458,INV002501,1387718.53,15/07/2026 12:32,Cheque
PMT002459,INV002502,4553277.62,2026-07-17 13:32,Bank Transfer
PMT002460,INV002503,3581484.02,03/08/2026 14:15,Bank Transfer
PMT002461,INV002504,5147569.23,25/07/2026 22:05,Bank Transfer
PMT002462,INV002505,4274963.76,2026-07-15 19:12,RTGS
PMT002463,INV002506,3820056.03,2026-07-26 17:03,Mobile Money
PMT002464,INV002507,4691028.89,27/07/2026 16:27,RTGS
PMT002465,INV002508,"3,508,998.57",21/07/2026 12:35,RTGS
PMT002466,INV002509,3949153.10,18/07/2026 20:27,Bank Transfer
PMT002467,INV002510,4491605.33,2026-07-18 12:26,Cheque
PMT002468,INV002511,5618034.35,2026-07-13 03:42,RTGS
PMT002469,INV002512,"5,455,162.34",2026-07-19 14:25,Mobile Money
PMT002470,INV002513,4173313.67,2026-07-14 17:50,RTGS
PMT002471,INV002514,4366989.81,2026-07-25 17:15,Mobile Money
PMT002472,INV002515,4618359.95,2026-08-10 17:03,Mobile Money
PMT002473,INV002516,4644943.50,20/07/2026 11:21,Bank Transfer
PMT002474,INV002517,4528141.15,2026-08-03 21:04,Cheque
PMT002475,INV002518,3525251.40,2026-08-12 23:53,Cheque
PMT002476,INV002519,3866980.86,15/07/2026 12:38,RTGS
PMT002477,INV002520,4116771.42,2026-08-26 23:46,RTGS
PMT002478,INV002521,4981639.14,2026-07-14 01:27,Mobile Money
PMT002479,INV002522,5462482.34,2026-08-26 11:06,Bank Transfer
PMT002480,INV002523,4196247.27,2026-07-15 18:29,RTGS
PMT002481,INV002524,4140481.54,15/07/2026 11:59,RTGS
PMT002482,INV002525,3971921.78,27/07/2026 20:04,Bank Transfer
PMT002483,INV002526,3734235.72,18/07/2026 04:06,Cheque
PMT002484,INV002527,3778961.22,03/08/2026 11:59,Cheque
PMT002485,INV002528,3382416.03,2026-07-15 10:37,RTGS
PMT002486,INV002529,4196955.57,2026-07-20 06:55,Mobile Money
PMT002487,INV002530,4328605.78,2026-07-20 14:04,Bank Transfer
PMT002488,INV002531,3968197.59,2026-07-16 20:43,Cheque
PMT002489,INV002532,"3,690,255.12",02/08/2026 23:57,Bank Transfer
PMT002490,INV002533,3680871.97,26/08/2026 19:41,Mobile Money
PMT002491,INV002534,4449004.82,02/08/2026 19:33,Mobile Money
PMT002492,INV002535,4476841.38,2026-09-11 10:58,Mobile Money
PMT002493,INV002536,4745793.86,14/07/2026 12:28,Cheque
PMT002494,INV002537,"5,427,526.07",13/07/2026 13:21,Cheque
PMT002495,INV002538,4610715.49,2026-08-21 19:52,RTGS
PMT002496,INV002539,3090392.32,2026-08-14 22:16,Cheque
PMT002497,INV002540,4387610.81,13/07/2026 16:28,Cheque
PMT002498,INV002541,4006103.60,2026-07-19 21:54,Bank Transfer
PMT002499,INV002542,4810284.05,12/08/2026 22:36,Cheque
PMT002500,INV002543,3176345.34,2026-07-15 20:47,RTGS
PMT002501,INV002544,"3,362,454.95",2026-07-16 17:06,Bank Transfer
PMT002502,INV002545,3542789.09,28/07/2026 02:13,Cheque
PMT002503,INV002546,5083715.79,2026-09-10 15:15,Cheque
PMT002504,INV002547,5579970.64,02/08/2026 07:41,Mobile Money
PMT002505,INV002548,"3,626,071.86",05/08/2026 12:01,Mobile Money
PMT002506,INV002549,"5,083,226.81",16/07/2026 23:53,Bank Transfer
PMT002507,INV002550,5500117.31,2026-07-28 18:29,Mobile Money
PMT002508,INV002551,5914488.30,21/07/2026 04:35,RTGS
PMT002509,INV002552,4887113.57,2026-09-14 03:12,Cheque
PMT002510,INV002553,"4,241,001.75",2026-07-19 16:45,RTGS
PMT002511,INV002554,5180596.29,28/07/2026 21:55,Cheque
PMT002512,INV002555,"3,394,509.09",13/08/2026 03:40,Cheque
PMT002513,INV002556,3889269.13,2026-07-13 22:44,Cheque
PMT002514,INV002557,3334185.78,13/09/2026 01:03,Bank Transfer
PMT002515,INV002558,5000800.76,2026-07-19 17:41,RTGS
PMT002516,INV002559,"5,192,984.75",17/07/2026 05:14,Bank Transfer
PMT002517,INV002560,1881465.07,2026-08-11 14:01,Bank Transfer
PMT002518,INV002561,4123622.00,2026-08-11 23:14,Cheque
PMT002519,INV002562,4487156.61,15/07/2026 17:13,Bank Transfer
PMT002520,INV002564,4959655.98,15/07/2026 11:31,Cheque
PMT002521,INV002565,"4,590,692.99",2026-08-27 19:52,RTGS
PMT002522,INV002566,4825157.82,2026-07-15 22:07,Cheque
PMT002523,INV002567,3766856.00,2026-07-26 20:47,RTGS
PMT002524,INV002568,4037876.64,29/07/2026 23:03,RTGS
PMT002525,INV002569,4438337.77,12/08/2026 12:24,Bank Transfer
PMT002526,INV002570,2896630.91,2026-07-26 23:54,Mobile Money
PMT002527,INV002571,3949085.83,20/07/2026 09:51,Mobile Money
PMT002528,INV002572,4607348.76,2026-09-13 14:51,Mobile Money
PMT002529,INV002573,3145720.49,17/07/2026 20:26,Mobile Money
PMT002530,INV002574,4396623.42,2026-07-17 09:31,Mobile Money
PMT002531,INV002575,"4,235,217.69",2026-07-13 16:12,Cheque
PMT002532,INV002576,3259310.93,2026-09-22 01:31,Bank Transfer
PMT002533,INV002577,"3,599,830.13",03/08/2026 17:41,RTGS
PMT002534,INV002578,5021204.54,14/07/2026 18:48,Bank Transfer
PMT002535,INV002579,4067385.00,2026-08-05 08:52,RTGS
PMT002536,INV002580,3306053.76,2026-07-23 05:03,Cheque
PMT002537,INV002581,3450061.60,2026-09-14 19:25,RTGS
PMT002538,INV002582,5051901.70,17/07/2026 06:21,Bank Transfer
PMT002539,INV002583,3321362.45,2026-08-05 19:28,RTGS
PMT002540,INV002584,"5,182,031.71",2026-07-30 15:29,Cheque
PMT002541,INV002585,5532912.49,2026-07-17 23:33,Mobile Money
PMT002542,INV002586,5802265.02,2026-08-14 05:23,Mobile Money
PMT002543,INV002587,4908568.84,14/07/2026 20:17,RTGS
PMT002544,INV002588,2797664.60,29/07/2026 19:10,RTGS
PMT002545,INV002589,5819445.66,2026-08-05 01:21,RTGS
PMT002546,INV002590,"4,802,573.23",2026-07-27 15:58,Bank Transfer
PMT002547,INV002591,3469883.89,2026-07-14 17:02,Bank Transfer
PMT002548,INV002592,4452751.45,2026-09-12 03:48,Mobile Money
PMT002549,INV002593,3391713.79,2026-07-18 20:46,Bank Transfer
PMT002550,INV002594,5448516.47,29/07/2026 13:21,Cheque
PMT002551,INV002595,5181046.49,2026-08-03 17:28,RTGS
PMT002552,INV002596,4741633.95,27/08/2026 12:07,Bank Transfer
PMT002553,INV002597,5290871.16,2026-07-27 08:04,Bank Transfer
PMT002554,INV002598,"1,833,117.70",22/08/2026 21:43,Bank Transfer
PMT002555,INV002599,3545762.45,17/07/2026 01:40,Bank Transfer
PMT002556,INV002600,3148530.94,2026-07-15 20:46,Bank Transfer
PMT002557,INV002601,"4,477,709.11",28/08/2026 21:28,Cheque
PMT002558,INV002602,3475778.72,27/07/2026 23:21,RTGS
PMT002559,INV002603,"3,468,229.62",2026-07-15 04:08,Bank Transfer
PMT002560,INV002604,5757397.12,30/07/2026 18:34,Mobile Money
PMT002561,INV002605,3607345.24,2026-07-14 19:13,RTGS
PMT002562,INV002606,4680025.03,2026-07-14 21:29,Bank Transfer
PMT002563,INV002607,3071869.89,2026-07-18 06:27,Mobile Money
PMT002564,INV002608,3420977.46,2026-08-03 15:18,RTGS
PMT002565,INV002609,3087569.95,2026-08-05 22:03,Bank Transfer
PMT002566,INV002610,3396806.20,2026-07-28 16:05,Cheque
PMT002567,INV002611,5643012.40,2026-07-23 16:59,Cheque
PMT002568,INV002612,2221330.72,21/07/2026 06:21,Cheque
PMT002569,INV002613,5117577.31,2026-07-20 13:29,RTGS
PMT002570,INV002614,4973861.60,2026-08-12 23:32,Mobile Money
PMT002571,INV002615,4509893.10,21/07/2026 13:58,RTGS
PMT002572,INV002616,4810251.39,2026-07-30 02:32,Bank Transfer
PMT002573,INV002617,4945235.50,2026-09-13 10:17,Cheque
PMT002574,INV002618,4014237.56,2026-07-22 11:30,Bank Transfer
PMT002575,INV002619,3123791.56,28/07/2026 03:27,Mobile Money
PMT002576,INV002620,3572364.63,07/08/2026 00:39,Cheque
PMT002577,INV002621,4576471.48,2026-07-18 06:23,Cheque
PMT002578,INV002622,3992692.94,04/08/2026 13:38,Cheque
PMT002579,INV002623,4512666.21,03/08/2026 22:03,Bank Transfer
PMT002580,INV002624,4629100.94,16/07/2026 11:59,Mobile Money
PMT002581,INV002625,"5,096,155.84",21/07/2026 08:23,Mobile Money
PMT002582,INV002626,4061049.29,2026-09-12 19:31,Bank Transfer
PMT002583,INV002627,4093125.57,28/07/2026 06:24,Mobile Money
PMT002584,INV002628,4219045.66,2026-07-17 06:24,Mobile Money
PMT002585,INV002629,4582820.53,2026-07-17 09:47,Mobile Money
PMT002586,INV002630,3568114.41,27/07/2026 21:18,Mobile Money
PMT002587,INV002631,4574396.76,14/07/2026 16:18,Bank Transfer
PMT002588,INV002632,5475843.63,2026-07-14 17:04,Mobile Money
PMT002589,INV002633,4509076.73,2026-08-04 12:39,Cheque
PMT002590,INV002634,3902651.81,05/08/2026 17:02,Cheque
PMT002591,INV002635,4739737.42,2026-07-16 15:42,RTGS
PMT002592,INV002636,3962617.36,15/07/2026 00:12,RTGS
PMT002593,INV002637,5528000.37,2026-07-21 05:31,Bank Transfer
PMT002594,INV002638,4091570.47,17/07/2026 21:31,RTGS
PMT002595,INV002639,4006362.22,2026-07-21 21:59,Cheque
PMT002596,INV002640,3452374.04,17/07/2026 14:21,RTGS
PMT002597,INV002641,"3,287,414.95",17/07/2026 13:09,Mobile Money
PMT002598,INV002642,"4,036,452.16",22/07/2026 00:35,Mobile Money
PMT002599,INV002643,4706403.26,2026-07-19 10:31,Bank Transfer
PMT002600,INV002644,4480618.91,2026-07-18 07:34,Mobile Money
PMT002601,INV002645,3809365.59,17/07/2026 16:24,Mobile Money
PMT002602,INV002646,4502325.12,2026-07-21 18:10,RTGS
PMT002603,INV002647,3455669.99,13/08/2026 16:58,Bank Transfer
PMT002604,INV002648,4427698.93,21/07/2026 21:10,RTGS
PMT002605,INV002649,4077952.27,2026-07-17 11:43,Bank Transfer
PMT002606,INV002650,4683962.46,2026-08-15 19:12,RTGS
PMT002607,INV002651,3310821.66,18/07/2026 07:28,Cheque
PMT002608,INV002652,3749046.56,2026-07-16 00:42,Bank Transfer
PMT002609,INV002653,3749046.56,2026-07-18 01:42,Bank Transfer
PMT002610,INV002654,4071483.61,24/07/2026 22:40,Cheque
PMT002611,INV002655,"5,186,328.15",2026-07-23 17:25,Cheque
PMT002612,INV002656,3991043.01,2026-07-22 21:16,Bank Transfer
PMT002613,INV002657,4194717.07,2026-08-06 00:22,Bank Transfer
PMT002614,INV002658,5885680.12,18/07/2026 01:50,RTGS
PMT002615,INV002659,3488683.39,2026-07-31 20:51,Mobile Money
PMT002616,INV002660,5141933.19,2026-07-17 19:43,Bank Transfer
PMT002617,INV002661,3328950.90,2026-07-29 03:06,RTGS
PMT002618,INV002662,4404710.87,15/07/2026 16:45,RTGS
PMT002619,INV002663,5116615.64,18/07/2026 21:19,Bank Transfer
PMT002620,INV002664,"3,836,900.09",2026-07-21 13:14,Cheque
PMT002621,INV002665,4837087.98,16/08/2026 01:09,Mobile Money
PMT002622,INV002666,"4,729,485.99",28/07/2026 20:10,Mobile Money
PMT002623,INV002667,"3,855,667.03",16/07/2026 11:54,Cheque
PMT002624,INV002668,"6,003,564.07",19/07/2026 18:44,Bank Transfer
PMT002625,INV002669,5703327.99,2026-07-17 16:16,RTGS
PMT002626,INV002670,4808117.34,2026-07-21 16:43,RTGS
PMT002627,INV002671,5081948.95,2026-07-28 10:53,RTGS
PMT002628,INV002672,4582094.88,2026-07-20 03:35,RTGS
PMT002629,INV002673,1998207.11,28/07/2026 15:06,Mobile Money
PMT002630,INV002674,4342021.89,22/07/2026 10:24,Mobile Money
PMT002631,INV002675,3458870.07,15/07/2026 14:58,Mobile Money
PMT002632,INV002676,4982977.08,24/07/2026 20:03,Bank Transfer
PMT002633,INV002677,4922050.01,19/07/2026 02:07,Mobile Money
PMT002634,INV002678,5045716.84,15/08/2026 00:00,Mobile Money
PMT002635,INV002679,4810881.27,2026-08-06 21:08,RTGS
PMT002636,INV002680,"5,705,213.68",2026-07-17 20:38,Cheque
PMT002637,INV002681,3806731.96,2026-07-17 23:23,Bank Transfer
PMT002638,INV002682,3976860.89,20/07/2026 19:43,RTGS
PMT002639,INV002683,3149482.18,2026-07-23 13:58,Bank Transfer
PMT002640,INV002684,4155241.38,2026-08-28 17:36,Mobile Money
PMT002641,INV002685,5751492.80,2026-07-17 11:51,Mobile Money
PMT002642,INV002686,3430245.74,15/08/2026 16:08,RTGS
PMT002643,INV002687,"5,150,632.30",22/07/2026 14:15,Mobile Money
PMT002644,INV002688,5646937.91,2026-08-13 22:33,Cheque
PMT002645,INV002689,5162002.43,2026-08-05 01:08,Cheque
PMT002646,INV002690,3573978.91,2026-08-04 19:11,Mobile Money
PMT002647,INV002691,4409175.87,2026-07-24 02:06,Mobile Money
PMT002648,INV002692,5549107.54,13/08/2026 19:12,RTGS
PMT002649,INV002693,"4,413,607.69",18/07/2026 03:17,Cheque
PMT002650,INV002694,4351763.38,2026-08-28 21:45,Cheque
PMT002651,INV002695,4769892.44,30/07/2026 11:21,Mobile Money
PMT002652,INV002696,3303440.46,2026-07-31 20:53,Mobile Money
PMT002653,INV002697,4166846.97,2026-09-19 13:21,Bank Transfer
PMT002654,INV002698,3446619.60,2026-08-14 22:31,RTGS
PMT002655,INV002699,4064501.49,07/08/2026 20:51,RTGS
PMT002656,INV002700,4962079.53,2026-07-19 02:58,Cheque
PMT002657,INV002701,5166126.89,2026-09-13 19:36,RTGS
PMT002658,INV002702,3538376.32,2026-08-05 22:12,Mobile Money
PMT002659,INV002703,3608115.04,2026-07-29 06:57,Mobile Money
PMT002660,INV002704,5103401.02,29/08/2026 12:42,Mobile Money
PMT002661,INV002705,"2,014,713.25",18/07/2026 01:20,RTGS
PMT002662,INV002706,4575749.18,2026-07-30 13:46,Cheque
PMT002663,INV002707,"4,575,749.18",2026-07-17 14:46,Mobile Money
PMT002664,INV002708,"4,106,632.71",29/07/2026 23:03,Cheque
PMT002665,INV002709,5080091.10,19/07/2026 11:53,Bank Transfer
PMT002666,INV002710,5921400.29,19/07/2026 22:40,Mobile Money
PMT002667,INV002711,"4,385,920.65",2026-07-22 20:43,Cheque
PMT002668,INV002712,3810310.27,2026-07-24 19:41,Bank Transfer
PMT002669,INV002713,5729155.75,18/07/2026 23:55,Cheque
PMT002670,INV002714,3907371.72,17/07/2026 14:05,Cheque
PMT002671,INV002715,3510022.72,2026-07-23 02:27,RTGS
PMT002672,INV002716,5995803.64,05/08/2026 17:26,Mobile Money
PMT002673,INV002717,4937077.62,2026-08-15 04:04,Cheque
PMT002674,INV002718,5464965.68,2026-07-17 14:00,RTGS
PMT002675,INV002719,4326559.10,23/07/2026 20:47,Bank Transfer
PMT002676,INV002720,4077451.14,2026-07-19 16:46,RTGS
PMT002677,INV002721,5676288.43,23/07/2026 00:28,RTGS
PMT002678,INV002722,5174064.49,2026-08-29 18:16,RTGS
PMT002679,INV002723,4705624.68,2026-07-22 18:13,Bank Transfer
PMT002680,INV002724,"3,776,989.05",2026-07-23 18:16,Cheque
PMT002681,INV002725,3681450.90,19/07/2026 02:37,Mobile Money
PMT002682,INV002726,4566855.91,13/09/2026 22:47,Cheque
PMT002683,INV002727,5039116.64,23/07/2026 23:52,Mobile Money
PMT002684,INV002728,4981453.51,30/07/2026 02:28,RTGS
PMT002685,INV002729,5465551.74,22/07/2026 09:56,Bank Transfer
PMT002686,INV002730,5747418.00,21/07/2026 22:09,Cheque
PMT002687,INV002731,4015175.60,15/08/2026 21:23,Mobile Money
PMT002688,INV002732,3563636.98,2026-07-17 05:39,Bank Transfer
PMT002689,INV002733,3554448.03,2026-08-01 10:04,Bank Transfer
PMT002690,INV002734,4864307.94,30/07/2026 01:29,Mobile Money
PMT002691,INV002735,5075371.60,2026-07-17 01:46,RTGS
PMT002692,INV002736,5483581.27,2026-07-18 12:42,RTGS
PMT002693,INV002737,3877648.89,29/07/2026 22:16,Bank Transfer
PMT002694,INV002738,3172373.37,20/07/2026 12:43,Cheque
PMT002695,INV002739,5213513.89,2026-07-20 02:18,Mobile Money
PMT002696,INV002740,1216657.89,2026-08-05 09:53,Mobile Money
PMT002697,INV002741,4635679.83,18/08/2026 01:50,Bank Transfer
PMT002698,INV002742,4583245.36,2026-08-14 13:48,RTGS
PMT002699,INV002743,3883891.74,22/07/2026 09:43,Mobile Money
PMT002700,INV002744,4116347.25,2026-07-23 07:28,Cheque
PMT002701,INV002745,3788035.93,19/07/2026 17:01,Mobile Money
PMT002702,INV002746,3959324.10,19/07/2026 02:59,Bank Transfer
PMT002703,INV002747,5353897.41,15/08/2026 14:13,Cheque
PMT002704,INV002748,4825092.94,2026-08-05 14:24,Cheque
PMT002705,INV002749,4931994.65,05/08/2026 22:30,Bank Transfer
PMT002706,INV002750,5307836.91,25/07/2026 23:00,Bank Transfer
PMT002707,INV002751,3428024.76,17/08/2026 18:44,Mobile Money
PMT002708,INV002752,"5,628,989.26",30/08/2026 03:35,Bank Transfer
PMT002709,INV002753,4065719.76,18/07/2026 15:51,Bank Transfer
PMT002710,INV002754,"3,509,385.85",2026-07-19 22:44,Cheque
PMT002711,INV002755,3468618.85,25/07/2026 06:55,Bank Transfer
PMT002712,INV002756,2017153.02,21/08/2026 22:58,Cheque
PMT002713,INV002757,3433292.95,25/07/2026 23:59,Bank Transfer
